PERMNO,date,NAMEENDT,SHRCD,EXCHCD,SICCD,NCUSIP,TICKER,COMNAM,SHRCLS,TSYMBOL,NAICS,PRIMEXCH,TRDSTAT,SECSTAT,PERMCO,ISSUNO,HEXCD,HSICCD,CUSIP,DCLRDT,DLAMT,DLPDT,DLSTCD,NEXTDT,PAYDT,RCRDDT,SHRFLG,HSICMG,HSICIG,DISTCD,DIVAMT,FACPR,FACSHR,ACPERM,ACCOMP,NWPERM,DLRETX,DLPRC,DLRET,TRTSCD,NMSIND,MMCNT,NSDINX,BIDLO,ASKHI,PRC,VOL,RET,BID,ASK,SHROUT,CFACPR,CFACSHR,OPENPRC,NUMTRD,RETX,vwretd,vwretx,ewretd,ewretx,sprtrn
79915,2001/01/02,,11,1,1311,65129010,NFX,NEWFIELD EXPLORATION CO,,,,N,A,R,30044,0,1,1382,65129010,,,,,,,,,,,,,,,,,,,,,,,,,45.750,47.750,45.812,258500.000,-0.034256,45.500,46.062,42529.000,2.000,2.000,47.250,,-0.034256,-0.034,-0.034,-0.001,-0.001,-0.028
79915,2001/01/03,,11,1,1311,65129010,NFX,NEWFIELD EXPLORATION CO,,,,N,A,R,30044,0,1,1382,65129010,,,,,,,,,,,,,,,,,,,,,,,,,43.188,45.812,43.875,246900.000,-0.042292,43.625,44.062,42529.000,2.000,2.000,45.812,,-0.042292,0.053,0.053,0.046,0.046,0.050
79915,2001/01/04,,11,1,1311,65129010,NFX,NEWFIELD EXPLORATION CO,,,,N,A,R,30044,0,1,1382,65129010,,,,,,,,,,,,,,,,,,,,,,,,,40.500,45.125,40.500,259100.000,-0.076923,40.312,40.750,42529.000,2.000,2.000,44.125,,-0.076923,-0.012,-0.012,0.011,0.011,-0.011
79915,2001/01/05,,11,1,1311,65129010,NFX,NEWFIELD EXPLORATION CO,,,,N,A,R,30044,0,1,1382,65129010,,,,,,,,,,,,,,,,,,,,,,,,,40.312,42.250,41.000,805300.000,0.012346,40.750,41.250,42529.000,2.000,2.000,40.750,,0.012346,-0.029,-0.029,-0.009,-0.009,-0.026
79915,2001/01/08,,11,1,1311,65129010,NFX,NEWFIELD EXPLORATION CO,,,,N,A,R,30044,0,1,1382,65129010,,,,,,,,,,,,,,,,,,,,,,,,,41.000,42.688,42.438,655900.000,0.035061,42.250,42.562,42529.000,2.000,2.000,41.250,,0.035061,-0.003,-0.004,-0.005,-0.005,-0.002
79915,2001/01/09,,11,1,1311,65129010,NFX,NEWFIELD EXPLORATION CO,,,,N,A,R,30044,0,1,1382,65129010,,,,,,,,,,,,,,,,,,,,,,,,,41.875,43.438,42.750,317500.000,0.007364,42.625,43.000,42529.000,2.000,2.000,42.688,,0.007364,0.005,0.005,0.012,0.012,0.004
79915,2001/01/10,,11,1,1311,65129010,NFX,NEWFIELD EXPLORATION CO,,,,N,A,R,30044,0,1,1382,65129010,,,,,,,,,,,,,,,,,,,,,,,,,42.375,43.250,43.000,267300.000,0.005848,43.000,45.188,42529.000,2.000,2.000,42.562,,0.005848,0.014,0.014,0.021,0.020,0.010
79915,2001/01/11,,11,1,1311,65129010,NFX,NEWFIELD EXPLORATION CO,,,,N,A,R,30044,0,1,1382,65129010,,,,,,,,,,,,,,,,,,,,,,,,,42.812,43.625,43.562,303200.000,0.013081,43.312,43.750,42529.000,2.000,2.000,43.250,,0.013081,0.015,0.015,0.027,0.027,0.010
79915,2001/01/12,,11,1,1311,65129010,NFX,NEWFIELD EXPLORATION CO,,,,N,A,R,30044,0,1,1382,65129010,,,,,,,,,,,,,,,,,,,,,,,,,42.750,43.438,43.062,205200.000,-0.011478,42.938,43.250,42529.000,2.000,2.000,43.375,,-0.011478,-0.004,-0.004,0.019,0.019,-0.006
79915,2001/01/16,,11,1,1311,65129010,NFX,NEWFIELD EXPLORATION CO,,,,N,A,R,30044,0,1,1382,65129010,,,,,,,,,,,,,,,,,,,,,,,,,41.688,43.062,41.688,389000.000,-0.031930,41.562,41.938,42529.000,2.000,2.000,43.062,,-0.031930,0.006,0.006,0.019,0.019,0.006
79915,2001/01/17,,11,1,1311,65129010,NFX,NEWFIELD EXPLORATION CO,,,,N,A,R,30044,0,1,1382,65129010,,,,,,,,,,,,,,,,,,,,,,,,,37.625,41.750,38.188,480400.000,-0.083958,37.750,38.375,42529.000,2.000,2.000,41.750,,-0.083958,0.004,0.004,0.013,0.013,0.002
79915,2001/01/18,,11,1,1311,65129010,NFX,NEWFIELD EXPLORATION CO,,,,N,A,R,30044,0,1,1382,65129010,,,,,,,,,,,,,,,,,,,,,,,,,34.375,38.562,35.438,1467400.000,-0.072013,34.375,36.000,42529.000,2.000,2.000,38.438,,-0.072013,0.012,0.012,0.009,0.008,0.014
79915,2001/01/19,,11,1,1311,65129010,NFX,NEWFIELD EXPLORATION CO,,,,N,A,R,30044,0,1,1382,65129010,,,,,,,,,,,,,,,,,,,,,,,,,34.750,36.438,35.688,586900.000,0.007055,35.562,35.875,42529.000,2.000,2.000,35.625,,0.007055,-0.004,-0.004,0.004,0.004,-0.004
79915,2001/01/22,,11,1,1311,65129010,NFX,NEWFIELD EXPLORATION CO,,,,N,A,R,30044,0,1,1382,65129010,,,,,,,,,,,,,,,,,,,,,,,,,35.500,36.250,35.750,677000.000,0.001751,35.562,35.875,42529.000,2.000,2.000,35.750,,0.001751,0.000,0.000,0.005,0.005,0.000
79915,2001/01/23,,11,1,1311,65129010,NFX,NEWFIELD EXPLORATION CO,,,,N,A,R,30044,0,1,1382,65129010,,,,,,,,,,,,,,,,,,,,,,,,,35.250,35.938,35.750,811900.000,0.000000,35.500,35.875,42529.000,2.000,2.000,35.750,,0.000000,0.016,0.016,0.015,0.015,0.013
79915,2001/01/24,,11,1,1311,65129010,NFX,NEWFIELD EXPLORATION CO,,,,N,A,R,30044,0,1,1382,65129010,,,,,,,,,,,,,,,,,,,,,,,,,35.562,36.625,36.125,900500.000,0.010490,35.500,37.125,42529.000,2.000,2.000,35.750,,0.010490,0.003,0.003,0.007,0.007,0.003
79915,2001/01/25,,11,1,1311,65129010,NFX,NEWFIELD EXPLORATION CO,,,,N,A,R,30044,0,1,1382,65129010,,,,,,,,,,,,,,,,,,,,,,,,,36.438,37.188,37.000,565400.000,0.024221,36.625,37.125,42529.000,2.000,2.000,36.438,,0.024221,-0.008,-0.008,-0.003,-0.003,-0.005
79915,2001/01/26,,11,1,1311,65129010,NFX,NEWFIELD EXPLORATION CO,,,,N,A,R,30044,0,1,1382,65129010,,,,,,,,,,,,,,,,,,,,,,,,,35.500,37.438,36.000,483800.000,-0.027027,35.875,36.250,42529.000,2.000,2.000,37.250,,-0.027027,-0.001,-0.001,0.002,0.002,-0.002
79915,2001/01/29,,11,1,1311,65129010,NFX,NEWFIELD EXPLORATION CO,,,,N,A,R,30044,0,1,1382,65129010,,,,,,,,,,,,,,,,,,,,,,,,,35.300,36.380,35.500,375500.000,-0.013889,35.200,35.690,42529.000,2.000,2.000,36.000,,-0.013889,0.009,0.009,0.010,0.010,0.007
79915,2001/01/30,,11,1,1311,65129010,NFX,NEWFIELD EXPLORATION CO,,,,N,A,R,30044,0,1,1382,65129010,,,,,,,,,,,,,,,,,,,,,,,,,33.950,34.900,34.390,415100.000,-0.031268,34.160,34.500,42529.000,2.000,2.000,34.000,,-0.031268,0.007,0.007,0.010,0.009,0.007
79915,2001/01/31,,11,1,1311,65129010,NFX,NEWFIELD EXPLORATION CO,,,,N,A,R,30044,0,1,1382,65129010,,,,,,,,0.000,,,,,,,,,,,,,,,,,32.500,34.600,33.490,1037500.000,-0.026170,33.280,33.600,42529.000,2.000,2.000,34.510,,-0.026170,-0.007,-0.007,-0.000,-0.000,-0.006
79915,2001/02/01,,11,1,1311,65129010,NFX,NEWFIELD EXPLORATION CO,,,,N,A,R,30044,0,1,1382,65129010,,,,,,,,,,,,,,,,,,,,,,,,,32.920,33.950,33.950,484700.000,0.013735,33.640,34.060,42529.000,2.000,2.000,33.510,,0.013735,0.004,0.004,0.002,0.002,0.005
79915,2001/02/02,,11,1,1311,65129010,NFX,NEWFIELD EXPLORATION CO,,,,N,A,R,30044,0,1,1382,65129010,,,,,,,,,,,,,,,,,,,,,,,,,33.710,36.000,35.950,490500.000,0.058910,35.800,36.090,42529.000,2.000,2.000,33.710,,0.058910,-0.019,-0.019,-0.009,-0.009,-0.017
79915,2001/02/05,,11,1,1311,65129010,NFX,NEWFIELD EXPLORATION CO,,,,N,A,R,30044,0,1,1382,65129010,,,,,,,,,,,,,,,,,,,,,,,,,35.990,37.100,36.030,525900.000,0.002225,35.920,36.220,42529.000,2.000,2.000,36.200,,0.002225,0.002,0.002,-0.004,-0.004,0.004
79915,2001/02/06,,11,1,1311,65129010,NFX,NEWFIELD EXPLORATION CO,,,,N,A,R,30044,0,1,1382,65129010,,,,,,,,,,,,,,,,,,,,,,,,,36.010,37.300,36.920,311700.000,0.024702,,,42529.000,2.000,2.000,36.470,,0.024702,0.000,0.000,0.002,0.002,-0.002
79915,2001/02/07,,11,1,1311,65129010,NFX,NEWFIELD EXPLORATION CO,,,,N,A,R,30044,0,1,1382,65129010,,,,,,,,,,,,,,,,,,,,,,,,,36.920,38.130,37.300,268000.000,0.010293,,,42529.000,2.000,2.000,36.920,,0.010293,-0.009,-0.009,-0.004,-0.004,-0.008
79915,2001/02/08,,11,1,1311,65129010,NFX,NEWFIELD EXPLORATION CO,,,,N,A,R,30044,0,1,1382,65129010,,,,,,,,,,,,,,,,,,,,,,,,,37.210,38.050,37.500,239600.000,0.005362,37.400,37.640,42529.000,2.000,2.000,37.300,,0.005362,-0.006,-0.007,-0.003,-0.003,-0.006
79915,2001/02/09,,11,1,1311,65129010,NFX,NEWFIELD EXPLORATION CO,,,,N,A,R,30044,0,1,1382,65129010,,,,,,,,,,,,,,,,,,,,,,,,,37.300,38.750,38.520,255700.000,0.027200,,,42529.000,2.000,2.000,37.300,,0.027200,-0.014,-0.014,-0.009,-0.009,-0.013
79915,2001/02/12,,11,1,1311,65129010,NFX,NEWFIELD EXPLORATION CO,,,,N,A,R,30044,0,1,1382,65129010,,,,,,,,,,,,,,,,,,,,,,,,,37.750,39.000,38.470,261400.000,-0.001298,,,42529.000,2.000,2.000,39.000,,-0.001298,0.010,0.010,0.005,0.005,0.012
79915,2001/02/13,,11,1,1311,65129010,NFX,NEWFIELD EXPLORATION CO,,,,N,A,R,30044,0,1,1382,65129010,,,,,,,,,,,,,,,,,,,,,,,,,38.300,39.600,39.280,206700.000,0.021055,,,42529.000,2.000,2.000,38.350,,0.021055,-0.009,-0.009,-0.003,-0.004,-0.009
79915,2001/02/14,,11,1,1311,65129010,NFX,NEWFIELD EXPLORATION CO,,,,N,A,R,30044,0,1,1382,65129010,,,,,,,,,,,,,,,,,,,,,,,,,38.510,39.700,38.510,296600.000,-0.019603,,,42529.000,2.000,2.000,39.500,,-0.019603,-0.000,-0.000,-0.000,-0.001,-0.002
79915,2001/02/15,,11,1,1311,65129010,NFX,NEWFIELD EXPLORATION CO,,,,N,A,R,30044,0,1,1382,65129010,,,,,,,,,,,,,,,,,,,,,,,,,36.000,38.550,36.700,783200.000,-0.047001,,,42529.000,2.000,2.000,38.400,,-0.047001,0.009,0.009,0.009,0.009,0.008
79915,2001/02/16,,11,1,1311,65129010,NFX,NEWFIELD EXPLORATION CO,,,,N,A,R,30044,0,1,1382,65129010,,,,,,,,,,,,,,,,,,,,,,,,,37.000,37.950,37.260,364300.000,0.015259,,,42529.000,2.000,2.000,37.000,,0.015259,-0.021,-0.021,-0.014,-0.014,-0.019
79915,2001/02/20,,11,1,1311,65129010,NFX,NEWFIELD EXPLORATION CO,,,,N,A,R,30044,0,1,1382,65129010,,,,,,,,,,,,,,,,,,,,,,,,,36.400,37.510,37.130,196400.000,-0.003489,,,42529.000,2.000,2.000,37.270,,-0.003489,-0.019,-0.019,-0.012,-0.012,-0.017
79915,2001/02/21,,11,1,1311,65129010,NFX,NEWFIELD EXPLORATION CO,,,,N,A,R,30044,0,1,1382,65129010,,,,,,,,,,,,,,,,,,,,,,,,,36.500,37.740,36.540,290300.000,-0.015890,,,42529.000,2.000,2.000,37.250,,-0.015890,-0.018,-0.018,-0.016,-0.016,-0.019
79915,2001/02/22,,11,1,1311,65129010,NFX,NEWFIELD EXPLORATION CO,,,,N,A,R,30044,0,1,1382,65129010,,,,,,,,,,,,,,,,,,,,,,,,,35.600,37.100,36.000,524600.000,-0.014778,,,42529.000,2.000,2.000,36.650,,-0.014778,-0.005,-0.005,-0.011,-0.011,-0.002
79915,2001/02/23,,11,1,1311,65129010,NFX,NEWFIELD EXPLORATION CO,,,,N,A,R,30044,0,1,1382,65129010,,,,,,,,,,,,,,,,,,,,,,,,,34.170,36.550,35.700,386900.000,-0.008333,,,42529.000,2.000,2.000,35.600,,-0.008333,-0.004,-0.004,-0.003,-0.003,-0.006
79915,2001/02/26,,11,1,1311,65129010,NFX,NEWFIELD EXPLORATION CO,,,,N,A,R,30044,0,1,1382,65129010,,,,,,,,,,,,,,,,,,,,,,,,,35.010,35.730,35.700,308400.000,0.000000,35.590,35.850,42529.000,2.000,2.000,35.450,,0.000000,0.019,0.019,0.016,0.016,0.017
79915,2001/02/27,,11,1,1311,65129010,NFX,NEWFIELD EXPLORATION CO,,,,N,A,R,30044,0,1,1382,65129010,,,,,,,,,,,,,,,,,,,,,,,,,34.800,35.900,35.900,359200.000,0.005602,,,42529.000,2.000,2.000,35.450,,0.005602,-0.012,-0.012,-0.012,-0.012,-0.008
79915,2001/02/28,,11,1,1311,65129010,NFX,NEWFIELD EXPLORATION CO,,,,N,A,R,30044,0,1,1382,65129010,,,,,,,,0.000,,,,,,,,,,,,,,,,,34.100,35.550,35.020,353300.000,-0.024513,34.910,35.140,44514.000,2.000,2.000,35.550,,-0.024513,-0.014,-0.014,-0.008,-0.008,-0.014
79915,2001/03/01,,11,1,1311,65129010,NFX,NEWFIELD EXPLORATION CO,,,,N,A,R,30044,0,1,1382,65129010,,,,,,,,,,,,,,,,,,,,,,,,,34.850,35.500,35.150,173200.000,0.003712,,,44514.000,2.000,2.000,35.250,,0.003712,0.000,0.000,-0.006,-0.006,0.001
79915,2001/03/02,,11,1,1311,65129010,NFX,NEWFIELD EXPLORATION CO,,,,N,A,R,30044,0,1,1382,65129010,,,,,,,,,,,,,,,,,,,,,,,,,33.750,35.600,35.150,556800.000,0.000000,35.000,35.410,44514.000,2.000,2.000,33.750,,0.000000,-0.005,-0.005,0.005,0.005,-0.006
79915,2001/03/05,,11,1,1311,65129010,NFX,NEWFIELD EXPLORATION CO,,,,N,A,R,30044,0,1,1382,65129010,,,,,,,,,,,,,,,,,,,,,,,,,35.400,37.580,36.460,344400.000,0.037269,,,44514.000,2.000,2.000,35.400,,0.037269,0.005,0.005,0.002,0.002,0.006
79915,2001/03/06,,11,1,1311,65129010,NFX,NEWFIELD EXPLORATION CO,,,,N,A,R,30044,0,1,1382,65129010,,,,,,,,,,,,,,,,,,,,,,,,,36.040,36.990,36.410,270300.000,-0.001371,,,44514.000,2.000,2.000,36.600,,-0.001371,0.011,0.011,0.010,0.010,0.010
79915,2001/03/07,,11,1,1311,65129010,NFX,NEWFIELD EXPLORATION CO,,,,N,A,R,30044,0,1,1382,65129010,,,,,,,,,,,,,,,,,,,,,,,,,37.300,40.200,39.400,784500.000,0.082120,39.050,39.520,44514.000,2.000,2.000,37.450,,0.082120,0.006,0.006,0.006,0.005,0.006
79915,2001/03/08,,11,1,1311,65129010,NFX,NEWFIELD EXPLORATION CO,,,,N,A,R,30044,0,1,1382,65129010,,,,,,,,,,,,,,,,,,,,,,,,,40.200,41.750,40.290,527600.000,0.022589,,,44514.000,2.000,2.000,40.600,,0.022589,-0.001,-0.001,-0.004,-0.004,0.002
79915,2001/03/09,,11,1,1311,65129010,NFX,NEWFIELD EXPLORATION CO,,,,N,A,R,30044,0,1,1382,65129010,,,,,,,,,,,,,,,,,,,,,,,,,39.000,40.500,39.190,275300.000,-0.027302,,,44514.000,2.000,2.000,40.290,,-0.027302,-0.024,-0.024,-0.015,-0.015,-0.025
79915,2001/03/12,,11,1,1311,65129010,NFX,NEWFIELD EXPLORATION CO,,,,N,A,R,30044,0,1,1382,65129010,,,,,,,,,,,,,,,,,,,,,,,,,37.510,39.100,38.300,202200.000,-0.022710,,,44514.000,2.000,2.000,39.000,,-0.022710,-0.042,-0.042,-0.031,-0.031,-0.043
79915,2001/03/13,,11,1,1311,65129010,NFX,NEWFIELD EXPLORATION CO,,,,N,A,R,30044,0,1,1382,65129010,,,,,,,,,,,,,,,,,,,,,,,,,36.970,38.250,37.050,215900.000,-0.032637,36.810,37.170,44514.000,2.000,2.000,38.250,,-0.032637,0.015,0.015,0.005,0.005,0.015
79915,2001/03/14,,11,1,1311,65129010,NFX,NEWFIELD EXPLORATION CO,,,,N,A,R,30044,0,1,1382,65129010,,,,,,,,,,,,,,,,,,,,,,,,,35.850,37.020,36.400,322500.000,-0.017544,,,44514.000,2.000,2.000,35.850,,-0.017544,-0.025,-0.025,-0.018,-0.018,-0.026
79915,2001/03/15,,11,1,1311,65129010,NFX,NEWFIELD EXPLORATION CO,,,,N,A,R,30044,0,1,1382,65129010,,,,,,,,,,,,,,,,,,,,,,,,,35.000,36.800,35.710,539400.000,-0.018956,,,44514.000,2.000,2.000,36.300,,-0.018956,0.003,0.003,-0.000,-0.000,0.006
79915,2001/03/16,,11,1,1311,65129010,NFX,NEWFIELD EXPLORATION CO,,,,N,A,R,30044,0,1,1382,65129010,,,,,,,,,,,,,,,,,,,,,,,,,35.550,36.490,36.050,278300.000,0.009521,,,44514.000,2.000,2.000,35.610,,0.009521,-0.021,-0.021,-0.018,-0.018,-0.020
79915,2001/03/19,,11,1,1311,65129010,NFX,NEWFIELD EXPLORATION CO,,,,N,A,R,30044,0,1,1382,65129010,,,,,,,,,,,,,,,,,,,,,,,,,35.540,37.100,37.070,320300.000,0.028294,,,44514.000,2.000,2.000,35.600,,0.028294,0.019,0.019,0.009,0.009,0.018
79915,2001/03/20,,11,1,1311,65129010,NFX,NEWFIELD EXPLORATION CO,,,,N,A,R,30044,0,1,1382,65129010,,,,,,,,,,,,,,,,,,,,,,,,,37.050,38.510,37.360,174400.000,0.007823,,,44514.000,2.000,2.000,37.100,,0.007823,-0.023,-0.023,-0.008,-0.009,-0.024
79915,2001/03/21,,11,1,1311,65129010,NFX,NEWFIELD EXPLORATION CO,,,,N,A,R,30044,0,1,1382,65129010,,,,,,,,,,,,,,,,,,,,,,,,,35.300,37.300,36.200,250500.000,-0.031049,35.900,36.360,44514.000,2.000,2.000,37.300,,-0.031049,-0.019,-0.019,-0.016,-0.016,-0.018
79915,2001/03/22,,11,1,1311,65129010,NFX,NEWFIELD EXPLORATION CO,,,,N,A,R,30044,0,1,1382,65129010,,,,,,,,,,,,,,,,,,,,,,,,,33.200,36.200,35.130,361700.000,-0.029558,,,44514.000,2.000,2.000,36.200,,-0.029558,-0.004,-0.005,-0.011,-0.011,-0.004
79915,2001/03/23,,11,1,1311,65129010,NFX,NEWFIELD EXPLORATION CO,,,,N,A,R,30044,0,1,1382,65129010,,,,,,,,,,,,,,,,,,,,,,,,,34.700,35.490,35.000,132500.000,-0.003701,,,44514.000,2.000,2.000,35.140,,-0.003701,0.020,0.020,0.021,0.021,0.020
79915,2001/03/26,,11,1,1311,65129010,NFX,NEWFIELD EXPLORATION CO,,,,N,A,R,30044,0,1,1382,65129010,,,,,,,,,,,,,,,,,,,,,,,,,35.000,35.600,35.280,304200.000,0.008000,,,44514.000,2.000,2.000,35.050,,0.008000,0.011,0.011,0.007,0.007,0.011
79915,2001/03/27,,11,1,1311,65129010,NFX,NEWFIELD EXPLORATION CO,,,,N,A,R,30044,0,1,1382,65129010,,,,,,,,,,,,,,,,,,,,,,,,,35.280,35.720,35.460,230700.000,0.005102,,,44514.000,2.000,2.000,35.530,,0.005102,0.023,0.023,0.009,0.009,0.026
79915,2001/03/28,,11,1,1311,65129010,NFX,NEWFIELD EXPLORATION CO,,,,N,A,R,30044,0,1,1382,65129010,,,,,,,,,,,,,,,,,,,,,,,,,35.240,36.000,35.400,291600.000,-0.001692,,,44514.000,2.000,2.000,35.330,,-0.001692,-0.026,-0.026,-0.018,-0.018,-0.024
79915,2001/03/29,,11,1,1311,65129010,NFX,NEWFIELD EXPLORATION CO,,,,N,A,R,30044,0,1,1382,65129010,,,,,,,,,,,,,,,,,,,,,,,,,34.200,35.600,34.510,460500.000,-0.025141,,,44514.000,2.000,2.000,35.400,,-0.025141,-0.005,-0.005,-0.007,-0.007,-0.005
79915,2001/03/30,,11,1,1311,65129010,NFX,NEWFIELD EXPLORATION CO,,,,N,A,R,30044,0,1,1382,65129010,,,,,,,,0.000,,,,,,,,,,,,,,,,,34.310,36.000,34.900,453100.000,0.011301,,,44682.000,2.000,2.000,34.500,,0.011301,0.012,0.012,0.016,0.016,0.011
79915,2001/04/02,,11,1,1311,65129010,NFX,NEWFIELD EXPLORATION CO,,,,N,A,R,30044,0,1,1382,65129010,,,,,,,,,,,,,,,,,,,,,,,,,33.600,35.250,33.640,328300.000,-0.036103,,,44682.000,2.000,2.000,34.890,,-0.036103,-0.016,-0.016,-0.021,-0.021,-0.012
79915,2001/04/03,,11,1,1311,65129010,NFX,NEWFIELD EXPLORATION CO,,,,N,A,R,30044,0,1,1382,65129010,,,,,,,,,,,,,,,,,,,,,,,,,32.770,34.050,33.300,418800.000,-0.010107,,,44682.000,2.000,2.000,33.840,,-0.010107,-0.036,-0.036,-0.034,-0.034,-0.034
79915,2001/04/04,,11,1,1311,65129010,NFX,NEWFIELD EXPLORATION CO,,,,N,A,R,30044,0,1,1382,65129010,,,,,,,,,,,,,,,,,,,,,,,,,33.020,34.410,33.510,245400.000,0.006306,,,44682.000,2.000,2.000,33.300,,0.006306,-0.003,-0.003,-0.008,-0.008,-0.003
79915,2001/04/05,,11,1,1311,65129010,NFX,NEWFIELD EXPLORATION CO,,,,N,A,R,30044,0,1,1382,65129010,,,,,,,,,,,,,,,,,,,,,,,,,33.660,34.880,34.400,388000.000,0.026559,,,44682.000,2.000,2.000,34.000,,0.026559,0.046,0.046,0.039,0.039,0.044
79915,2001/04/06,,11,1,1311,65129010,NFX,NEWFIELD EXPLORATION CO,,,,N,A,R,30044,0,1,1382,65129010,,,,,,,,,,,,,,,,,,,,,,,,,33.350,34.890,34.890,246100.000,0.014244,,,44682.000,2.000,2.000,34.300,,0.014244,-0.020,-0.020,-0.013,-0.013,-0.020
79915,2001/04/09,,11,1,1311,65129010,NFX,NEWFIELD EXPLORATION CO,,,,N,A,R,30044,0,1,1382,65129010,,,,,,,,,,,,,,,,,,,,,,,,,34.900,36.040,36.040,332000.000,0.032961,,,44682.000,2.000,2.000,35.120,,0.032961,0.009,0.009,0.006,0.006,0.008
79915,2001/04/10,,11,1,1311,65129010,NFX,NEWFIELD EXPLORATION CO,,,,N,A,R,30044,0,1,1382,65129010,,,,,,,,,,,,,,,,,,,,,,,,,36.100,37.220,37.120,255200.000,0.029967,37.000,37.240,44682.000,2.000,2.000,36.600,,0.029967,0.029,0.029,0.023,0.023,0.027
79915,2001/04/11,,11,1,1311,65129010,NFX,NEWFIELD EXPLORATION CO,,,,N,A,R,30044,0,1,1382,65129010,,,,,,,,,,,,,,,,,,,,,,,,,36.180,37.050,36.270,124900.000,-0.022899,,,44682.000,2.000,2.000,36.900,,-0.022899,-0.001,-0.001,0.007,0.007,-0.002
79915,2001/04/12,,11,1,1311,65129010,NFX,NEWFIELD EXPLORATION CO,,,,N,A,R,30044,0,1,1382,65129010,,,,,,,,,,,,,,,,,,,,,,,,,36.100,37.140,36.700,82000.000,0.011856,,,44682.000,2.000,2.000,36.270,,0.011856,0.016,0.016,0.015,0.015,0.015
79915,2001/04/16,,11,1,1311,65129010,NFX,NEWFIELD EXPLORATION CO,,,,N,A,R,30044,0,1,1382,65129010,,,,,,,,,,,,,,,,,,,,,,,,,36.700,37.250,37.200,102200.000,0.013624,,,44682.000,2.000,2.000,36.700,,0.013624,-0.005,-0.005,-0.004,-0.004,-0.003
79915,2001/04/17,,11,1,1311,65129010,NFX,NEWFIELD EXPLORATION CO,,,,N,A,R,30044,0,1,1382,65129010,,,,,,,,,,,,,,,,,,,,,,,,,37.120,37.800,37.630,112200.000,0.011559,,,44682.000,2.000,2.000,37.120,,0.011559,0.010,0.010,0.005,0.005,0.010
79915,2001/04/18,,11,1,1311,65129010,NFX,NEWFIELD EXPLORATION CO,,,,N,A,R,30044,0,1,1382,65129010,,,,,,,,,,,,,,,,,,,,,,,,,35.800,37.490,35.930,204300.000,-0.045177,,,44682.000,2.000,2.000,37.430,,-0.045177,0.040,0.040,0.029,0.029,0.039
79915,2001/04/19,,11,1,1311,65129010,NFX,NEWFIELD EXPLORATION CO,,,,N,A,R,30044,0,1,1382,65129010,,,,,,,,,,,,,,,,,,,,,,,,,33.940,35.920,33.980,622600.000,-0.054272,33.870,34.090,44682.000,2.000,2.000,35.920,,-0.054272,0.015,0.015,0.016,0.016,0.013
79915,2001/04/20,,11,1,1311,65129010,NFX,NEWFIELD EXPLORATION CO,,,,N,A,R,30044,0,1,1382,65129010,,,,,,,,,,,,,,,,,,,,,,,,,33.400,34.390,34.090,580200.000,0.003237,33.840,34.210,44682.000,2.000,2.000,34.150,,0.003237,-0.008,-0.008,0.001,0.001,-0.009
79915,2001/04/23,,11,1,1311,65129010,NFX,NEWFIELD EXPLORATION CO,,,,N,A,R,30044,0,1,1382,65129010,,,,,,,,,,,,,,,,,,,,,,,,,34.110,35.150,34.490,813700.000,0.011734,,,44682.000,2.000,2.000,34.440,,0.011734,-0.017,-0.017,-0.008,-0.008,-0.015
79915,2001/04/24,,11,1,1311,65129010,NFX,NEWFIELD EXPLORATION CO,,,,N,A,R,30044,0,1,1382,65129010,,,,,,,,,,,,,,,,,,,,,,,,,33.300,34.960,34.450,485600.000,-0.001160,,,44682.000,2.000,2.000,34.820,,-0.001160,-0.011,-0.011,0.002,0.002,-0.012
79915,2001/04/25,,11,1,1311,65129010,NFX,NEWFIELD EXPLORATION CO,,,,N,A,R,30044,0,1,1382,65129010,,,,,,,,,,,,,,,,,,,,,,,,,34.320,35.900,35.600,340300.000,0.033382,,,44682.000,2.000,2.000,34.600,,0.033382,0.016,0.016,0.012,0.011,0.016
79915,2001/04/26,,11,1,1311,65129010,NFX,NEWFIELD EXPLORATION CO,,,,N,A,R,30044,0,1,1382,65129010,,,,,,,,,,,,,,,,,,,,,,,,,35.900,37.000,36.610,405300.000,0.028371,,,44682.000,2.000,2.000,36.000,,0.028371,0.005,0.005,0.008,0.007,0.005
79915,2001/04/27,,11,1,1311,65129010,NFX,NEWFIELD EXPLORATION CO,,,,N,A,R,30044,0,1,1382,65129010,,,,,,,,,,,,,,,,,,,,,,,,,36.020,37.000,36.240,385900.000,-0.010106,,,44682.000,2.000,2.000,36.270,,-0.010106,0.014,0.014,0.011,0.011,0.015
79915,2001/04/30,,11,1,1311,65129010,NFX,NEWFIELD EXPLORATION CO,,,,N,A,R,30044,0,1,1382,65129010,,,,,,,,0.000,,,,,,,,,,,,,,,,,35.650,36.600,36.000,498400.000,-0.006623,,,44682.000,2.000,2.000,35.840,,-0.006623,0.001,0.001,0.010,0.010,-0.003
79915,2001/05/01,,11,1,1311,65129010,NFX,NEWFIELD EXPLORATION CO,,,,N,A,R,30044,0,1,1382,65129010,,,,,,,,,,,,,,,,,,,,,,,,,34.720,36.250,35.140,361500.000,-0.023889,,,44682.000,2.000,2.000,36.140,,-0.023889,0.013,0.013,0.010,0.010,0.014
79915,2001/05/02,,11,1,1311,65129010,NFX,NEWFIELD EXPLORATION CO,,,,N,A,R,30044,0,1,1382,65129010,,,,,,,,,,,,,,,,,,,,,,,,,33.010,34.890,33.270,609800.000,-0.053216,,,44682.000,2.000,2.000,34.890,,-0.053216,0.003,0.003,0.012,0.012,0.001
79915,2001/05/03,,11,1,1311,65129010,NFX,NEWFIELD EXPLORATION CO,,,,N,A,R,30044,0,1,1382,65129010,,,,,,,,,,,,,,,,,,,,,,,,,32.340,33.790,32.540,611600.000,-0.021942,,,44682.000,2.000,2.000,33.250,,-0.021942,-0.015,-0.015,-0.005,-0.006,-0.015
79915,2001/05/04,,11,1,1311,65129010,NFX,NEWFIELD EXPLORATION CO,,,,N,A,R,30044,0,1,1382,65129010,,,,,,,,,,,,,,,,,,,,,,,,,32.450,33.290,32.860,598200.000,0.009834,,,44682.000,2.000,2.000,32.690,,0.009834,0.014,0.014,0.011,0.011,0.014
79915,2001/05/07,,11,1,1311,65129010,NFX,NEWFIELD EXPLORATION CO,,,,N,A,R,30044,0,1,1382,65129010,,,,,,,,,,,,,,,,,,,,,,,,,32.400,33.900,33.240,650400.000,0.011564,,,44682.000,2.000,2.000,33.000,,0.011564,-0.003,-0.003,0.001,0.001,-0.002
79915,2001/05/08,,11,1,1311,65129010,NFX,NEWFIELD EXPLORATION CO,,,,N,A,R,30044,0,1,1382,65129010,,,,,,,,,,,,,,,,,,,,,,,,,33.400,34.290,34.010,501200.000,0.023165,,,44682.000,2.000,2.000,33.400,,0.023165,-0.001,-0.001,0.005,0.005,-0.002
79915,2001/05/09,,11,1,1311,65129010,NFX,NEWFIELD EXPLORATION CO,,,,N,A,R,30044,0,1,1382,65129010,,,,,,,,,,,,,,,,,,,,,,,,,33.850,34.950,34.950,205700.000,0.027639,,,44682.000,2.000,2.000,33.850,,0.027639,-0.004,-0.004,0.001,0.001,-0.004
79915,2001/05/10,,11,1,1311,65129010,NFX,NEWFIELD EXPLORATION CO,,,,N,A,R,30044,0,1,1382,65129010,,,,,,,,,,,,,,,,,,,,,,,,,34.600,35.800,35.500,641900.000,0.015737,,,44682.000,2.000,2.000,34.750,,0.015737,-0.000,-0.001,0.003,0.003,-0.000
79915,2001/05/11,,11,1,1311,65129010,NFX,NEWFIELD EXPLORATION CO,,,,N,A,R,30044,0,1,1382,65129010,,,,,,,,,,,,,,,,,,,,,,,,,34.430,35.400,34.700,155600.000,-0.022535,,,44682.000,2.000,2.000,35.300,,-0.022535,-0.008,-0.008,-0.002,-0.002,-0.008
79915,2001/05/14,,11,1,1311,65129010,NFX,NEWFIELD EXPLORATION CO,,,,N,A,R,30044,0,1,1382,65129010,,,,,,,,,,,,,,,,,,,,,,,,,34.950,35.800,35.790,222900.000,0.031412,,,44682.000,2.000,2.000,34.950,,0.031412,0.001,0.001,-0.003,-0.003,0.003
79915,2001/05/15,,11,1,1311,65129010,NFX,NEWFIELD EXPLORATION CO,,,,N,A,R,30044,0,1,1382,65129010,,,,,,,,,,,,,,,,,,,,,,,,,35.800,36.150,36.140,247200.000,0.009779,,,44682.000,2.000,2.000,35.800,,0.009779,0.001,0.001,0.004,0.004,0.000
79915,2001/05/16,,11,1,1311,65129010,NFX,NEWFIELD EXPLORATION CO,,,,N,A,R,30044,0,1,1382,65129010,,,,,,,,,,,,,,,,,,,,,,,,,35.430,36.750,35.480,246600.000,-0.018262,,,44682.000,2.000,2.000,36.000,,-0.018262,0.027,0.027,0.010,0.010,0.028
79915,2001/05/17,,11,1,1311,65129010,NFX,NEWFIELD EXPLORATION CO,,,,N,A,R,30044,0,1,1382,65129010,,,,,,,,,,,,,,,,,,,,,,,,,35.150,35.900,35.600,491300.000,0.003382,,,44682.000,2.000,2.000,35.740,,0.003382,0.006,0.006,0.011,0.010,0.003
79915,2001/05/18,,11,1,1311,65129010,NFX,NEWFIELD EXPLORATION CO,,,,N,A,R,30044,0,1,1382,65129010,,,,,,,,,,,,,,,,,,,,,,,,,35.600,36.930,36.850,596700.000,0.035112,,,44682.000,2.000,2.000,35.610,,0.035112,0.003,0.003,0.005,0.005,0.003
79915,2001/05/21,,11,1,1311,65129010,NFX,NEWFIELD EXPLORATION CO,,,,N,A,R,30044,0,1,1382,65129010,,,,,,,,,,,,,,,,,,,,,,,,,36.530,37.370,37.150,370700.000,0.008141,36.960,37.230,44682.000,2.000,2.000,36.800,,0.008141,0.019,0.019,0.016,0.016,0.016
79915,2001/05/22,,11,1,1311,65129010,NFX,NEWFIELD EXPLORATION CO,,,,N,A,R,30044,0,1,1382,65129010,,,,,,,,,,,,,,,,,,,,,,,,,37.050,37.730,37.600,312200.000,0.012113,37.410,37.630,44682.000,2.000,2.000,37.300,,0.012113,-0.002,-0.002,0.007,0.007,-0.003
79915,2001/05/23,,11,1,1311,65129010,NFX,NEWFIELD EXPLORATION CO,,,,N,A,R,30044,0,1,1382,65129010,,,,,,,,,,,,,,,,,,,,,,,,,35.900,37.600,36.000,391300.000,-0.042553,35.900,36.280,44682.000,2.000,2.000,37.590,,-0.042553,-0.017,-0.017,-0.007,-0.007,-0.016
79915,2001/05/24,,11,1,1311,65129010,NFX,NEWFIELD EXPLORATION CO,,,,N,A,R,30044,0,1,1382,65129010,,,,,,,,,,,,,,,,,,,,,,,,,35.510,36.000,35.650,213900.000,-0.009722,35.250,35.690,44682.000,2.000,2.000,36.000,,-0.009722,0.004,0.004,0.006,0.005,0.003
79915,2001/05/25,,11,1,1311,65129010,NFX,NEWFIELD EXPLORATION CO,,,,N,A,R,30044,0,1,1382,65129010,,,,,,,,,,,,,,,,,,,,,,,,,35.300,35.700,35.620,200200.000,-0.000842,35.510,35.670,44682.000,2.000,2.000,35.300,,-0.000842,-0.010,-0.010,0.003,0.003,-0.012
79915,2001/05/29,,11,1,1311,65129010,NFX,NEWFIELD EXPLORATION CO,,,,N,A,R,30044,0,1,1382,65129010,,,,,,,,,,,,,,,,,,,,,,,,,35.300,37.100,35.300,220600.000,-0.008984,35.190,35.340,44682.000,2.000,2.000,35.620,,-0.008984,-0.010,-0.010,-0.008,-0.008,-0.008
79915,2001/05/30,,11,1,1311,65129010,NFX,NEWFIELD EXPLORATION CO,,,,N,A,R,30044,0,1,1382,65129010,,,,,,,,,,,,,,,,,,,,,,,,,33.880,35.200,34.500,526500.000,-0.022663,34.100,34.500,44682.000,2.000,2.000,35.100,,-0.022663,-0.018,-0.018,-0.016,-0.016,-0.016
79915,2001/05/31,,11,1,1311,65129010,NFX,NEWFIELD EXPLORATION CO,,,,N,A,R,30044,0,1,1382,65129010,,,,,,,,0.000,,,,,,,,,,,,,,,,,34.000,35.300,35.180,182400.000,0.019710,35.100,35.190,44670.000,2.000,2.000,34.000,,0.019710,0.008,0.008,0.007,0.007,0.006
79915,2001/06/01,,11,1,1311,65129010,NFX,NEWFIELD EXPLORATION CO,,,,N,A,R,30044,0,1,1382,65129010,,,,,,,,,,,,,,,,,,,,,,,,,34.440,35.050,34.860,75300.000,-0.009096,34.800,34.860,44670.000,2.000,2.000,35.050,,-0.009096,0.005,0.005,0.006,0.006,0.004
79915,2001/06/04,,11,1,1311,65129010,NFX,NEWFIELD EXPLORATION CO,,,,N,A,R,30044,0,1,1382,65129010,,,,,,,,,,,,,,,,,,,,,,,,,35.100,35.900,35.650,144600.000,0.022662,35.500,35.700,44670.000,2.000,2.000,35.100,,0.022662,0.005,0.005,0.005,0.005,0.005
79915,2001/06/05,,11,1,1311,65129010,NFX,NEWFIELD EXPLORATION CO,,,,N,A,R,30044,0,1,1382,65129010,,,,,,,,,,,,,,,,,,,,,,,,,35.300,35.950,35.310,376000.000,-0.009537,35.190,35.410,44670.000,2.000,2.000,35.850,,-0.009537,0.014,0.014,0.012,0.012,0.013
79915,2001/06/06,,11,1,1311,65129010,NFX,NEWFIELD EXPLORATION CO,,,,N,A,R,30044,0,1,1382,65129010,,,,,,,,,,,,,,,,,,,,,,,,,34.850,35.600,34.970,649900.000,-0.009629,34.950,34.970,44670.000,2.000,2.000,35.500,,-0.009629,-0.009,-0.010,-0.003,-0.003,-0.011
79915,2001/06/07,,11,1,1311,65129010,NFX,NEWFIELD EXPLORATION CO,,,,N,A,R,30044,0,1,1382,65129010,,,,,,,,,,,,,,,,,,,,,,,,,33.300,34.820,33.560,415400.000,-0.040320,33.460,33.690,44670.000,2.000,2.000,34.800,,-0.040320,0.005,0.005,0.005,0.005,0.005
79915,2001/06/08,,11,1,1311,65129010,NFX,NEWFIELD EXPLORATION CO,,,,N,A,R,30044,0,1,1382,65129010,,,,,,,,,,,,,,,,,,,,,,,,,33.350,34.000,33.860,299500.000,0.008939,33.750,34.060,44670.000,2.000,2.000,33.650,,0.008939,-0.010,-0.010,-0.002,-0.002,-0.009
79915,2001/06/11,,11,1,1311,65129010,NFX,NEWFIELD EXPLORATION CO,,,,N,A,R,30044,0,1,1382,65129010,,,,,,,,,,,,,,,,,,,,,,,,,33.510,34.200,33.830,350100.000,-0.000886,33.560,33.930,44670.000,2.000,2.000,34.060,,-0.000886,-0.010,-0.010,-0.006,-0.006,-0.008
79915,2001/06/12,,11,1,1311,65129010,NFX,NEWFIELD EXPLORATION CO,,,,N,A,R,30044,0,1,1382,65129010,,,,,,,,,,,,,,,,,,,,,,,,,33.930,34.490,34.340,249500.000,0.015075,34.260,34.350,44670.000,2.000,2.000,33.930,,0.015075,0.000,0.000,-0.001,-0.001,0.001
79915,2001/06/13,,11,1,1311,65129010,NFX,NEWFIELD EXPLORATION CO,,,,N,A,R,30044,0,1,1382,65129010,,,,,,,,,,,,,,,,,,,,,,,,,34.060,34.850,34.060,215200.000,-0.008154,34.050,34.070,44670.000,2.000,2.000,34.850,,-0.008154,-0.010,-0.010,-0.002,-0.003,-0.011
79915,2001/06/14,,11,1,1311,65129010,NFX,NEWFIELD EXPLORATION CO,,,,N,A,R,30044,0,1,1382,65129010,,,,,,,,,,,,,,,,,,,,,,,,,33.150,34.200,33.250,205100.000,-0.023782,33.130,33.600,44670.000,2.000,2.000,34.100,,-0.023782,-0.019,-0.019,-0.015,-0.015,-0.018
79915,2001/06/15,,11,1,1311,65129010,NFX,NEWFIELD EXPLORATION CO,,,,N,A,R,30044,0,1,1382,65129010,,,,,,,,,,,,,,,,,,,,,,,,,33.440,34.390,34.240,276100.000,0.029774,34.000,34.350,44670.000,2.000,2.000,33.440,,0.029774,-0.005,-0.005,-0.005,-0.005,-0.005
79915,2001/06/18,,11,1,1311,65129010,NFX,NEWFIELD EXPLORATION CO,,,,N,A,R,30044,0,1,1382,65129010,,,,,,,,,,,,,,,,,,,,,,,,,32.800,34.240,33.030,366400.000,-0.035339,32.900,33.200,44670.000,2.000,2.000,34.240,,-0.035339,-0.007,-0.007,-0.013,-0.013,-0.005
79915,2001/06/19,,11,1,1311,65129010,NFX,NEWFIELD EXPLORATION CO,,,,N,A,R,30044,0,1,1382,65129010,,,,,,,,,,,,,,,,,,,,,,,,,32.650,33.350,32.810,194800.000,-0.006661,32.660,32.910,44670.000,2.000,2.000,33.200,,-0.006661,0.002,0.002,-0.006,-0.006,0.003
79915,2001/06/20,,11,1,1311,65129010,NFX,NEWFIELD EXPLORATION CO,,,,N,A,R,30044,0,1,1382,65129010,,,,,,,,,,,,,,,,,,,,,,,,,32.650,33.400,32.950,283100.000,0.004267,32.750,33.050,44670.000,2.000,2.000,32.890,,0.004267,0.010,0.010,0.001,0.001,0.009
79915,2001/06/21,,11,1,1311,65129010,NFX,NEWFIELD EXPLORATION CO,,,,N,A,R,30044,0,1,1382,65129010,,,,,,,,,,,,,,,,,,,,,,,,,31.000,32.940,32.700,435800.000,-0.007587,31.800,33.010,44670.000,2.000,2.000,32.940,,-0.007587,0.010,0.010,0.004,0.004,0.011
79915,2001/06/22,,11,1,1311,65129010,NFX,NEWFIELD EXPLORATION CO,,,,N,A,R,30044,0,1,1382,65129010,,,,,,,,,,,,,,,,,,,,,,,,,31.200,32.680,32.140,653000.000,-0.017125,32.020,32.290,44670.000,2.000,2.000,32.400,,-0.017125,-0.009,-0.009,-0.002,-0.003,-0.009
79915,2001/06/25,,11,1,1311,65129010,NFX,NEWFIELD EXPLORATION CO,,,,N,A,R,30044,0,1,1382,65129010,,,,,,,,,,,,,,,,,,,,,,,,,31.330,32.400,31.980,466300.000,-0.004978,31.950,32.160,44670.000,2.000,2.000,32.200,,-0.004978,-0.005,-0.005,-0.000,-0.000,-0.006
79915,2001/06/26,,11,1,1311,65129010,NFX,NEWFIELD EXPLORATION CO,,,,N,A,R,30044,0,1,1382,65129010,,,,,,,,,,,,,,,,,,,,,,,,,31.760,32.860,32.420,429900.000,0.013759,32.320,32.530,44670.000,2.000,2.000,31.980,,0.013759,-0.000,-0.000,0.005,0.005,-0.002
79915,2001/06/27,,11,1,1311,65129010,NFX,NEWFIELD EXPLORATION CO,,,,N,A,R,30044,0,1,1382,65129010,,,,,,,,,,,,,,,,,,,,,,,,,31.900,32.260,32.250,411900.000,-0.005244,32.090,32.360,44670.000,2.000,2.000,32.250,,-0.005244,-0.002,-0.002,0.004,0.004,-0.005
79915,2001/06/28,,11,1,1311,65129010,NFX,NEWFIELD EXPLORATION CO,,,,N,A,R,30044,0,1,1382,65129010,,,,,,,,,,,,,,,,,,,,,,,,,31.220,32.300,31.400,398300.000,-0.026357,31.300,31.510,44670.000,2.000,2.000,32.150,,-0.026357,0.013,0.013,0.008,0.008,0.012
79915,2001/06/29,,11,1,1311,65129010,NFX,NEWFIELD EXPLORATION CO,,,,N,A,R,30044,0,1,1382,65129010,,,,,,,,0.000,,,,,,,,,,,,,,,,,31.410,32.500,32.060,321500.000,0.021019,32.060,32.080,44670.000,2.000,2.000,31.410,,0.021019,0.004,0.004,0.019,0.019,-0.001
79915,2001/07/02,,11,1,1311,65129010,NFX,NEWFIELD EXPLORATION CO,,,,N,A,R,30044,0,1,1382,65129010,,,,,,,,,,,,,,,,,,,,,,,,,32.000,32.400,32.200,487100.000,0.004367,32.080,32.310,44670.000,2.000,2.000,32.070,,0.004367,0.005,0.005,-0.006,-0.006,0.010
79915,2001/07/03,,11,1,1311,65129010,NFX,NEWFIELD EXPLORATION CO,,,,N,A,R,30044,0,1,1382,65129010,,,,,,,,,,,,,,,,,,,,,,,,,31.100,32.600,32.520,205300.000,0.009938,32.360,32.620,44670.000,2.000,2.000,32.200,,0.009938,-0.002,-0.002,-0.000,-0.000,-0.002
79915,2001/07/05,,11,1,1311,65129010,NFX,NEWFIELD EXPLORATION CO,,,,N,A,R,30044,0,1,1382,65129010,,,,,,,,,,,,,,,,,,,,,,,,,32.500,33.610,33.160,172500.000,0.019680,32.990,33.260,44670.000,2.000,2.000,32.520,,0.019680,-0.012,-0.012,-0.007,-0.007,-0.012
79915,2001/07/06,,11,1,1311,65129010,NFX,NEWFIELD EXPLORATION CO,,,,N,A,R,30044,0,1,1382,65129010,,,,,,,,,,,,,,,,,,,,,,,,,32.900,33.500,33.450,232600.000,0.008746,33.260,33.560,44670.000,2.000,2.000,33.160,,0.008746,-0.022,-0.022,-0.012,-0.012,-0.023
79915,2001/07/09,,11,1,1311,65129010,NFX,NEWFIELD EXPLORATION CO,,,,N,A,R,30044,0,1,1382,65129010,,,,,,,,,,,,,,,,,,,,,,,,,32.000,33.800,32.000,336700.000,-0.043348,31.900,32.230,44670.000,2.000,2.000,33.790,,-0.043348,0.006,0.006,0.002,0.002,0.007
79915,2001/07/10,,11,1,1311,65129010,NFX,NEWFIELD EXPLORATION CO,,,,N,A,R,30044,0,1,1382,65129010,,,,,,,,,,,,,,,,,,,,,,,,,32.400,33.400,32.800,534700.000,0.025000,32.720,32.960,44670.000,2.000,2.000,32.500,,0.025000,-0.014,-0.014,-0.009,-0.009,-0.014
79915,2001/07/11,,11,1,1311,65129010,NFX,NEWFIELD EXPLORATION CO,,,,N,A,R,30044,0,1,1382,65129010,,,,,,,,,,,,,,,,,,,,,,,,,31.650,32.810,31.710,462000.000,-0.033232,31.600,31.810,44670.000,2.000,2.000,32.810,,-0.033232,-0.002,-0.002,-0.005,-0.006,-0.001
79915,2001/07/12,,11,1,1311,65129010,NFX,NEWFIELD EXPLORATION CO,,,,N,A,R,30044,0,1,1382,65129010,,,,,,,,,,,,,,,,,,,,,,,,,31.060,32.000,31.130,459400.000,-0.018291,31.120,31.140,44670.000,2.000,2.000,31.900,,-0.018291,0.024,0.024,0.015,0.015,0.024
79915,2001/07/13,,11,1,1311,65129010,NFX,NEWFIELD EXPLORATION CO,,,,N,A,R,30044,0,1,1382,65129010,,,,,,,,,,,,,,,,,,,,,,,,,30.590,31.400,31.000,680500.000,-0.004176,30.990,31.050,44670.000,2.000,2.000,31.140,,-0.004176,0.005,0.005,0.004,0.004,0.006
79915,2001/07/16,,11,1,1311,65129010,NFX,NEWFIELD EXPLORATION CO,,,,N,A,R,30044,0,1,1382,65129010,,,,,,,,,,,,,,,,,,,,,,,,,30.050,31.500,30.240,259400.000,-0.024516,30.190,30.240,44670.000,2.000,2.000,31.500,,-0.024516,-0.012,-0.012,-0.007,-0.007,-0.011
79915,2001/07/17,,11,1,1311,65129010,NFX,NEWFIELD EXPLORATION CO,,,,N,A,R,30044,0,1,1382,65129010,,,,,,,,,,,,,,,,,,,,,,,,,29.880,30.500,30.310,398900.000,0.002315,30.100,30.420,44670.000,2.000,2.000,29.880,,0.002315,0.011,0.011,0.005,0.005,0.010
79915,2001/07/18,,11,1,1311,65129010,NFX,NEWFIELD EXPLORATION CO,,,,N,A,R,30044,0,1,1382,65129010,,,,,,,,,,,,,,,,,,,,,,,,,29.390,30.100,29.540,234400.000,-0.025404,29.510,29.550,44670.000,2.000,2.000,30.100,,-0.025404,-0.007,-0.007,-0.008,-0.008,-0.006
79915,2001/07/19,,11,1,1311,65129010,NFX,NEWFIELD EXPLORATION CO,,,,N,A,R,30044,0,1,1382,65129010,,,,,,,,,,,,,,,,,,,,,,,,,29.600,30.300,29.760,298200.000,0.007448,29.750,29.870,44670.000,2.000,2.000,29.700,,0.007448,0.005,0.005,0.005,0.005,0.006
79915,2001/07/20,,11,1,1311,65129010,NFX,NEWFIELD EXPLORATION CO,,,,N,A,R,30044,0,1,1382,65129010,,,,,,,,,,,,,,,,,,,,,,,,,30.100,31.100,30.960,140600.000,0.040323,30.850,31.070,44670.000,2.000,2.000,30.290,,0.040323,-0.003,-0.003,0.000,0.000,-0.003
79915,2001/07/23,,11,1,1311,65129010,NFX,NEWFIELD EXPLORATION CO,,,,N,A,R,30044,0,1,1382,65129010,,,,,,,,,,,,,,,,,,,,,,,,,30.800,31.660,31.160,209600.000,0.006460,31.000,31.260,44670.000,2.000,2.000,31.170,,0.006460,-0.015,-0.015,-0.006,-0.006,-0.016
79915,2001/07/24,,11,1,1311,65129010,NFX,NEWFIELD EXPLORATION CO,,,,N,A,R,30044,0,1,1382,65129010,,,,,,,,,,,,,,,,,,,,,,,,,30.200,31.350,30.470,138500.000,-0.022144,30.470,30.480,44670.000,2.000,2.000,31.260,,-0.022144,-0.016,-0.016,-0.011,-0.012,-0.016
79915,2001/07/25,,11,1,1311,65129010,NFX,NEWFIELD EXPLORATION CO,,,,N,A,R,30044,0,1,1382,65129010,,,,,,,,,,,,,,,,,,,,,,,,,30.250,32.600,31.600,373000.000,0.037086,31.360,31.600,44670.000,2.000,2.000,30.280,,0.037086,0.014,0.014,0.003,0.003,0.016
79915,2001/07/26,,11,1,1311,65129010,NFX,NEWFIELD EXPLORATION CO,,,,N,A,R,30044,0,1,1382,65129010,,,,,,,,,,,,,,,,,,,,,,,,,31.710,33.400,32.690,461700.000,0.034494,32.550,32.850,44670.000,2.000,2.000,31.750,,0.034494,0.012,0.011,0.008,0.008,0.010
79915,2001/07/27,,11,1,1311,65129010,NFX,NEWFIELD EXPLORATION CO,,,,N,A,R,30044,0,1,1382,65129010,,,,,,,,,,,,,,,,,,,,,,,,,31.800,33.310,33.250,337400.000,0.017131,33.110,33.340,44670.000,2.000,2.000,32.510,,0.017131,0.003,0.003,0.004,0.003,0.002
79915,2001/07/30,,11,1,1311,65129010,NFX,NEWFIELD EXPLORATION CO,,,,N,A,R,30044,0,1,1382,65129010,,,,,,,,,,,,,,,,,,,,,,,,,33.030,33.420,33.300,144900.000,0.001504,33.160,33.420,44670.000,2.000,2.000,33.250,,0.001504,-0.001,-0.001,-0.001,-0.001,-0.001
79915,2001/07/31,,11,1,1311,65129010,NFX,NEWFIELD EXPLORATION CO,,,,N,A,R,30044,0,1,1382,65129010,,,,,,,,0.000,,,,,,,,,,,,,,,,,33.220,33.720,33.390,273100.000,0.002703,33.350,33.630,44670.000,2.000,2.000,33.300,,0.002703,0.005,0.005,0.003,0.003,0.006
79915,2001/08/01,,11,1,1311,65129010,NFX,NEWFIELD EXPLORATION CO,,,,N,A,R,30044,0,1,1382,65129010,,,,,,,,,,,,,,,,,,,,,,,,,33.020,34.050,33.020,259800.000,-0.011081,32.980,33.130,44670.000,2.000,2.000,33.450,,-0.011081,0.005,0.005,0.006,0.006,0.004
79915,2001/08/02,,11,1,1311,65129010,NFX,NEWFIELD EXPLORATION CO,,,,N,A,R,30044,0,1,1382,65129010,,,,,,,,,,,,,,,,,,,,,,,,,33.020,33.990,33.590,222200.000,0.017262,33.480,33.850,44670.000,2.000,2.000,33.020,,0.017262,0.003,0.003,0.003,0.002,0.004
79915,2001/08/03,,11,1,1311,65129010,NFX,NEWFIELD EXPLORATION CO,,,,N,A,R,30044,0,1,1382,65129010,,,,,,,,,,,,,,,,,,,,,,,,,32.900,33.850,33.010,176200.000,-0.017267,32.890,33.110,44670.000,2.000,2.000,33.610,,-0.017267,-0.005,-0.005,0.001,0.000,-0.005
79915,2001/08/06,,11,1,1311,65129010,NFX,NEWFIELD EXPLORATION CO,,,,N,A,R,30044,0,1,1382,65129010,,,,,,,,,,,,,,,,,,,,,,,,,32.640,33.480,32.920,145300.000,-0.002726,32.750,33.030,44670.000,2.000,2.000,33.010,,-0.002726,-0.011,-0.011,-0.006,-0.006,-0.011
79915,2001/08/07,,11,1,1311,65129010,NFX,NEWFIELD EXPLORATION CO,,,,N,A,R,30044,0,1,1382,65129010,,,,,,,,,,,,,,,,,,,,,,,,,32.525,33.040,32.870,70000.000,-0.001519,32.760,32.980,44670.000,2.000,2.000,32.950,,-0.001519,0.002,0.002,-0.000,-0.000,0.003
79915,2001/08/08,,11,1,1311,65129010,NFX,NEWFIELD EXPLORATION CO,,,,N,A,R,30044,0,1,1382,65129010,,,,,,,,,,,,,,,,,,,,,,,,,31.740,33.000,31.750,170100.000,-0.034074,31.740,31.750,44670.000,2.000,2.000,33.000,,-0.034074,-0.017,-0.017,-0.010,-0.010,-0.017
79915,2001/08/09,,11,1,1311,65129010,NFX,NEWFIELD EXPLORATION CO,,,,N,A,R,30044,0,1,1382,65129010,,,,,,,,,,,,,,,,,,,,,,,,,31.440,32.100,31.720,204500.000,-0.000945,31.500,31.830,44670.000,2.000,2.000,31.750,,-0.000945,-0.000,-0.000,-0.001,-0.001,-0.000
79915,2001/08/10,,11,1,1311,65129010,NFX,NEWFIELD EXPLORATION CO,,,,N,A,R,30044,0,1,1382,65129010,,,,,,,,,,,,,,,,,,,,,,,,,31.800,32.400,31.990,231700.000,0.008512,31.810,32.100,44670.000,2.000,2.000,31.920,,0.008512,0.004,0.004,0.001,0.001,0.006
79915,2001/08/13,,11,1,1311,65129010,NFX,NEWFIELD EXPLORATION CO,,,,N,A,R,30044,0,1,1382,65129010,,,,,,,,,,,,,,,,,,,,,,,,,32.050,32.700,32.230,122300.000,0.007502,32.120,32.330,44670.000,2.000,2.000,32.050,,0.007502,0.002,0.002,0.003,0.002,0.001
79915,2001/08/14,,11,1,1311,65129010,NFX,NEWFIELD EXPLORATION CO,,,,N,A,R,30044,0,1,1382,65129010,,,,,,,,,,,,,,,,,,,,,,,,,32.430,33.360,33.300,164000.000,0.033199,33.120,33.400,44670.000,2.000,2.000,32.800,,0.033199,-0.002,-0.002,0.002,0.002,-0.004
79915,2001/08/15,,11,1,1311,65129010,NFX,NEWFIELD EXPLORATION CO,,,,N,A,R,30044,0,1,1382,65129010,,,,,,,,,,,,,,,,,,,,,,,,,33.460,36.110,35.740,405900.000,0.073273,35.620,35.840,44670.000,2.000,2.000,33.500,,0.073273,-0.007,-0.007,-0.005,-0.005,-0.007
79915,2001/08/16,,11,1,1311,65129010,NFX,NEWFIELD EXPLORATION CO,,,,N,A,R,30044,0,1,1382,65129010,,,,,,,,,,,,,,,,,,,,,,,,,34.890,35.840,35.260,242500.000,-0.013430,35.090,35.360,44670.000,2.000,2.000,35.740,,-0.013430,0.002,0.002,-0.002,-0.002,0.003
79915,2001/08/17,,11,1,1311,65129010,NFX,NEWFIELD EXPLORATION CO,,,,N,A,R,30044,0,1,1382,65129010,,,,,,,,,,,,,,,,,,,,,,,,,34.940,35.450,35.140,147100.000,-0.003403,34.900,35.240,44670.000,2.000,2.000,35.360,,-0.003403,-0.016,-0.016,-0.007,-0.007,-0.017
79915,2001/08/20,,11,1,1311,65129010,NFX,NEWFIELD EXPLORATION CO,,,,N,A,R,30044,0,1,1382,65129010,,,,,,,,,,,,,,,,,,,,,,,,,34.330,35.240,34.490,243000.000,-0.018497,34.430,34.500,44670.000,2.000,2.000,35.240,,-0.018497,0.007,0.007,-0.000,-0.000,0.008
79915,2001/08/21,,11,1,1311,65129010,NFX,NEWFIELD EXPLORATION CO,,,,N,A,R,30044,0,1,1382,65129010,,,,,,,,,,,,,,,,,,,,,,,,,34.330,34.920,34.490,241500.000,0.000000,34.330,34.590,44670.000,2.000,2.000,34.480,,0.000000,-0.011,-0.011,-0.008,-0.008,-0.012
79915,2001/08/22,,11,1,1311,65129010,NFX,NEWFIELD EXPLORATION CO,,,,N,A,R,30044,0,1,1382,65129010,,,,,,,,,,,,,,,,,,,,,,,,,34.500,35.850,34.770,361500.000,0.008118,34.660,34.880,44670.000,2.000,2.000,34.610,,0.008118,0.007,0.007,0.004,0.004,0.007
79915,2001/08/23,,11,1,1311,65129010,NFX,NEWFIELD EXPLORATION CO,,,,N,A,R,30044,0,1,1382,65129010,,,,,,,,,,,,,,,,,,,,,,,,,34.000,34.930,34.160,525000.000,-0.017544,34.050,34.260,44670.000,2.000,2.000,34.800,,-0.017544,-0.003,-0.003,-0.004,-0.004,-0.003
79915,2001/08/24,,11,1,1311,65129010,NFX,NEWFIELD EXPLORATION CO,,,,N,A,R,30044,0,1,1382,65129010,,,,,,,,,,,,,,,,,,,,,,,,,33.630,34.300,34.100,155000.000,-0.001756,33.860,34.200,44670.000,2.000,2.000,34.160,,-0.001756,0.018,0.018,0.011,0.011,0.020
79915,2001/08/27,,11,1,1311,65129010,NFX,NEWFIELD EXPLORATION CO,,,,N,A,R,30044,0,1,1382,65129010,,,,,,,,,,,,,,,,,,,,,,,,,33.260,34.420,33.800,159200.000,-0.008798,33.690,33.900,44670.000,2.000,2.000,33.850,,-0.008798,-0.004,-0.004,-0.002,-0.002,-0.005
79915,2001/08/28,,11,1,1311,65129010,NFX,NEWFIELD EXPLORATION CO,,,,N,A,R,30044,0,1,1382,65129010,,,,,,,,,,,,,,,,,,,,,,,,,33.300,34.250,33.610,142900.000,-0.005621,33.300,33.710,44670.000,2.000,2.000,33.900,,-0.005621,-0.014,-0.014,-0.007,-0.007,-0.015
79915,2001/08/29,,11,1,1311,65129010,NFX,NEWFIELD EXPLORATION CO,,,,N,A,R,30044,0,1,1382,65129010,,,,,,,,,,,,,,,,,,,,,,,,,33.600,34.630,34.630,359500.000,0.030348,34.350,34.480,44670.000,2.000,2.000,33.850,,0.030348,-0.010,-0.010,-0.003,-0.003,-0.011
79915,2001/08/30,,11,1,1311,65129010,NFX,NEWFIELD EXPLORATION CO,,,,N,A,R,30044,0,1,1382,65129010,,,,,,,,,,,,,,,,,,,,,,,,,33.200,34.690,33.550,99200.000,-0.031187,33.400,33.650,44670.000,2.000,2.000,34.630,,-0.031187,-0.016,-0.016,-0.009,-0.009,-0.017
79915,2001/08/31,,11,1,1311,65129010,NFX,NEWFIELD EXPLORATION CO,,,,N,A,R,30044,0,1,1382,65129010,,,,,,,,0.000,,,,,,,,,,,,,,,,,32.960,34.500,32.960,189000.000,-0.017586,33.100,33.310,44208.000,2.000,2.000,33.450,,-0.017586,0.004,0.004,0.006,0.006,0.004
79915,2001/09/04,,11,1,1311,65129010,NFX,NEWFIELD EXPLORATION CO,,,,N,A,R,30044,0,1,1382,65129010,,,,,,,,,,,,,,,,,,,,,,,,,32.900,34.300,33.800,196800.000,0.025485,33.780,33.800,44208.000,2.000,2.000,32.900,,0.025485,-0.002,-0.002,-0.006,-0.006,-0.001
79915,2001/09/05,,11,1,1311,65129010,NFX,NEWFIELD EXPLORATION CO,,,,N,A,R,30044,0,1,1382,65129010,,,,,,,,,,,,,,,,,,,,,,,,,33.500,34.800,34.510,264400.000,0.021006,34.300,34.610,44208.000,2.000,2.000,33.900,,0.021006,-0.003,-0.003,-0.009,-0.009,-0.001
79915,2001/09/06,,11,1,1311,65129010,NFX,NEWFIELD EXPLORATION CO,,,,N,A,R,30044,0,1,1382,65129010,,,,,,,,,,,,,,,,,,,,,,,,,34.310,34.960,34.580,138200.000,0.002028,34.360,34.680,44208.000,2.000,2.000,34.310,,0.002028,-0.021,-0.021,-0.014,-0.014,-0.022
79915,2001/09/07,,11,1,1311,65129010,NFX,NEWFIELD EXPLORATION CO,,,,N,A,R,30044,0,1,1382,65129010,,,,,,,,,,,,,,,,,,,,,,,,,34.430,34.850,34.670,96200.000,0.002603,34.510,34.670,44208.000,2.000,2.000,34.580,,0.002603,-0.018,-0.018,-0.012,-0.012,-0.019
79915,2001/09/10,,11,1,1311,65129010,NFX,NEWFIELD EXPLORATION CO,,,,N,A,R,30044,0,1,1382,65129010,,,,,,,,,,,,,,,,,,,,,,,,,34.070,35.170,34.380,194600.000,-0.008364,34.340,34.380,44208.000,2.000,2.000,34.730,,-0.008364,0.004,0.004,-0.007,-0.007,0.006
79915,2001/09/17,,11,1,1311,65129010,NFX,NEWFIELD EXPLORATION CO,,,,N,A,R,30044,0,1,1382,65129010,,,,,,,,,,,,,,,,,,,,,,,,,33.400,35.100,33.890,398000.000,-0.014253,33.790,34.000,44208.000,2.000,2.000,34.900,,-0.014253,-0.051,-0.051,-0.042,-0.043,-0.049
79915,2001/09/18,,11,1,1311,65129010,NFX,NEWFIELD EXPLORATION CO,,,,N,A,R,30044,0,1,1382,65129010,,,,,,,,,,,,,,,,,,,,,,,,,32.290,34.350,32.920,110100.000,-0.028622,32.810,32.930,44208.000,2.000,2.000,34.140,,-0.028622,-0.008,-0.008,-0.010,-0.010,-0.006
79915,2001/09/19,,11,1,1311,65129010,NFX,NEWFIELD EXPLORATION CO,,,,N,A,R,30044,0,1,1382,65129010,,,,,,,,,,,,,,,,,,,,,,,,,28.280,32.860,29.700,448600.000,-0.097813,29.680,29.750,44208.000,2.000,2.000,32.850,,-0.097813,-0.017,-0.017,-0.024,-0.024,-0.016
79915,2001/09/20,,11,1,1311,65129010,NFX,NEWFIELD EXPLORATION CO,,,,N,A,R,30044,0,1,1382,65129010,,,,,,,,,,,,,,,,,,,,,,,,,29.090,30.200,29.550,357700.000,-0.005051,29.180,29.530,44208.000,2.000,2.000,29.950,,-0.005051,-0.031,-0.031,-0.033,-0.033,-0.031
79915,2001/09/21,,11,1,1311,65129010,NFX,NEWFIELD EXPLORATION CO,,,,N,A,R,30044,0,1,1382,65129010,,,,,,,,,,,,,,,,,,,,,,,,,28.470,29.660,29.380,153400.000,-0.005753,29.270,29.490,44208.000,2.000,2.000,28.500,,-0.005753,-0.019,-0.019,-0.020,-0.020,-0.019
79915,2001/09/24,,11,1,1311,65129010,NFX,NEWFIELD EXPLORATION CO,,,,N,A,R,30044,0,1,1382,65129010,,,,,,,,,,,,,,,,,,,,,,,,,27.490,30.000,27.490,208400.000,-0.064329,27.480,27.490,44208.000,2.000,2.000,29.500,,-0.064329,0.038,0.038,0.033,0.033,0.039
79915,2001/09/25,,11,1,1311,65129010,NFX,NEWFIELD EXPLORATION CO,,,,N,A,R,30044,0,1,1382,65129010,,,,,,,,,,,,,,,,,,,,,,,,,26.250,27.990,26.850,356300.000,-0.023281,26.490,26.950,44208.000,2.000,2.000,27.590,,-0.023281,0.008,0.008,0.004,0.004,0.009
79915,2001/09/26,,11,1,1311,65129010,NFX,NEWFIELD EXPLORATION CO,,,,N,A,R,30044,0,1,1382,65129010,,,,,,,,,,,,,,,,,,,,,,,,,26.350,27.500,27.010,418100.000,0.005959,26.840,27.110,44208.000,2.000,2.000,26.900,,0.005959,-0.006,-0.006,-0.010,-0.010,-0.005
79915,2001/09/27,,11,1,1311,65129010,NFX,NEWFIELD EXPLORATION CO,,,,N,A,R,30044,0,1,1382,65129010,,,,,,,,,,,,,,,,,,,,,,,,,26.580,27.640,27.610,296500.000,0.022214,27.430,27.620,44208.000,2.000,2.000,27.000,,0.022214,0.011,0.011,-0.001,-0.001,0.011
79915,2001/09/28,,11,1,1311,65129010,NFX,NEWFIELD EXPLORATION CO,,,,N,A,R,30044,0,1,1382,65129010,,,,,,,,0.000,,,,,,,,,,,,,,,,,27.990,29.220,29.200,197600.000,0.057588,28.910,29.300,44208.000,2.000,2.000,27.990,,0.057588,0.023,0.023,0.025,0.025,0.022
79915,2001/10/01,,11,1,1311,65129010,NFX,NEWFIELD EXPLORATION CO,,,,N,A,R,30044,0,1,1382,65129010,,,,,,,,,,,,,,,,,,,,,,,,,28.050,29.300,28.650,521500.000,-0.018836,28.150,28.700,44208.000,2.000,2.000,29.200,,-0.018836,-0.004,-0.004,-0.010,-0.010,-0.002
79915,2001/10/02,,11,1,1311,65129010,NFX,NEWFIELD EXPLORATION CO,,,,N,A,R,30044,0,1,1382,65129010,,,,,,,,,,,,,,,,,,,,,,,,,27.630,28.650,28.190,588000.000,-0.016056,28.200,28.480,44208.000,2.000,2.000,28.650,,-0.016056,0.012,0.012,0.007,0.007,0.012
79915,2001/10/03,,11,1,1311,65129010,NFX,NEWFIELD EXPLORATION CO,,,,N,A,R,30044,0,1,1382,65129010,,,,,,,,,,,,,,,,,,,,,,,,,27.000,27.990,27.800,254200.000,-0.013835,27.690,27.900,44208.000,2.000,2.000,27.500,,-0.013835,0.022,0.022,0.021,0.021,0.020
79915,2001/10/04,,11,1,1311,65129010,NFX,NEWFIELD EXPLORATION CO,,,,N,A,R,30044,0,1,1382,65129010,,,,,,,,,,,,,,,,,,,,,,,,,27.870,29.530,29.530,397200.000,0.062230,29.400,29.640,44208.000,2.000,2.000,27.900,,0.062230,-0.000,-0.000,0.011,0.011,-0.002
79915,2001/10/05,,11,1,1311,65129010,NFX,NEWFIELD EXPLORATION CO,,,,N,A,R,30044,0,1,1382,65129010,,,,,,,,,,,,,,,,,,,,,,,,,28.900,30.190,30.020,164000.000,0.016593,29.990,30.210,44208.000,2.000,2.000,29.530,,0.016593,0.000,0.000,0.001,0.000,0.002
79915,2001/10/08,,11,1,1311,65129010,NFX,NEWFIELD EXPLORATION CO,,,,N,A,R,30044,0,1,1382,65129010,,,,,,,,,,,,,,,,,,,,,,,,,29.700,30.960,30.080,174800.000,0.001999,29.970,30.180,44208.000,2.000,2.000,30.030,,0.001999,-0.008,-0.008,-0.002,-0.002,-0.008
79915,2001/10/09,,11,1,1311,65129010,NFX,NEWFIELD EXPLORATION CO,,,,N,A,R,30044,0,1,1382,65129010,,,,,,,,,,,,,,,,,,,,,,,,,29.550,30.800,30.020,167900.000,-0.001995,30.010,30.120,44208.000,2.000,2.000,30.100,,-0.001995,-0.005,-0.005,-0.004,-0.004,-0.005
79915,2001/10/10,,11,1,1311,65129010,NFX,NEWFIELD EXPLORATION CO,,,,N,A,R,30044,0,1,1382,65129010,,,,,,,,,,,,,,,,,,,,,,,,,30.250,32.250,32.000,154800.000,0.065956,31.710,32.090,44208.000,2.000,2.000,30.250,,0.065956,0.023,0.023,0.019,0.019,0.023
79915,2001/10/11,,11,1,1311,65129010,NFX,NEWFIELD EXPLORATION CO,,,,N,A,R,30044,0,1,1382,65129010,,,,,,,,,,,,,,,,,,,,,,,,,31.850,33.820,32.300,290100.000,0.009375,32.150,32.440,44208.000,2.000,2.000,32.000,,0.009375,0.017,0.017,0.019,0.019,0.015
79915,2001/10/12,,11,1,1311,65129010,NFX,NEWFIELD EXPLORATION CO,,,,N,A,R,30044,0,1,1382,65129010,,,,,,,,,,,,,,,,,,,,,,,,,32.000,32.910,32.480,247000.000,0.005573,32.310,32.580,44208.000,2.000,2.000,32.100,,0.005573,-0.005,-0.005,0.000,0.000,-0.005
79915,2001/10/15,,11,1,1311,65129010,NFX,NEWFIELD EXPLORATION CO,,,,N,A,R,30044,0,1,1382,65129010,,,,,,,,,,,,,,,,,,,,,,,,,31.650,32.480,32.000,200100.000,-0.014778,32.000,32.020,44208.000,2.000,2.000,32.480,,-0.014778,-0.001,-0.001,0.003,0.003,-0.002
79915,2001/10/16,,11,1,1311,65129010,NFX,NEWFIELD EXPLORATION CO,,,,N,A,R,30044,0,1,1382,65129010,,,,,,,,,,,,,,,,,,,,,,,,,31.960,33.500,32.750,263700.000,0.023438,32.640,32.850,44208.000,2.000,2.000,32.000,,0.023438,0.008,0.008,0.011,0.011,0.007
79915,2001/10/17,,11,1,1311,65129010,NFX,NEWFIELD EXPLORATION CO,,,,N,A,R,30044,0,1,1382,65129010,,,,,,,,,,,,,,,,,,,,,,,,,32.600,33.600,32.900,387400.000,0.004580,32.700,33.000,44208.000,2.000,2.000,32.750,,0.004580,-0.019,-0.019,-0.006,-0.006,-0.019
79915,2001/10/18,,11,1,1311,65129010,NFX,NEWFIELD EXPLORATION CO,,,,N,A,R,30044,0,1,1382,65129010,,,,,,,,,,,,,,,,,,,,,,,,,31.580,32.700,31.710,253500.000,-0.036170,31.700,31.730,44208.000,2.000,2.000,32.700,,-0.036170,-0.007,-0.007,-0.005,-0.005,-0.008
79915,2001/10/19,,11,1,1311,65129010,NFX,NEWFIELD EXPLORATION CO,,,,N,A,R,30044,0,1,1382,65129010,,,,,,,,,,,,,,,,,,,,,,,,,31.150,33.160,32.680,286700.000,0.030590,32.580,32.810,44208.000,2.000,2.000,31.500,,0.030590,0.005,0.005,0.005,0.005,0.005
79915,2001/10/22,,11,1,1311,65129010,NFX,NEWFIELD EXPLORATION CO,,,,N,A,R,30044,0,1,1382,65129010,,,,,,,,,,,,,,,,,,,,,,,,,32.150,33.300,33.240,93900.000,0.017136,33.130,33.250,44208.000,2.000,2.000,32.750,,0.017136,0.015,0.015,0.008,0.008,0.015
79915,2001/10/23,,11,1,1311,65129010,NFX,NEWFIELD EXPLORATION CO,,,,N,A,R,30044,0,1,1382,65129010,,,,,,,,,,,,,,,,,,,,,,,,,33.080,34.110,33.300,222600.000,0.001805,33.290,33.330,44208.000,2.000,2.000,33.450,,0.001805,-0.004,-0.004,0.000,0.000,-0.005
79915,2001/10/24,,11,1,1311,65129010,NFX,NEWFIELD EXPLORATION CO,,,,N,A,R,30044,0,1,1382,65129010,,,,,,,,,,,,,,,,,,,,,,,,,32.760,34.310,34.080,251000.000,0.023424,33.830,34.180,44208.000,2.000,2.000,33.300,,0.023424,0.001,0.001,0.004,0.004,0.000
79915,2001/10/25,,11,1,1311,65129010,NFX,NEWFIELD EXPLORATION CO,,,,N,A,R,30044,0,1,1382,65129010,,,,,,,,,,,,,,,,,,,,,,,,,34.080,34.910,34.910,183600.000,0.024354,34.700,35.000,44208.000,2.000,2.000,34.080,,0.024354,0.014,0.014,0.011,0.011,0.014
79915,2001/10/26,,11,1,1311,65129010,NFX,NEWFIELD EXPLORATION CO,,,,N,A,R,30044,0,1,1382,65129010,,,,,,,,,,,,,,,,,,,,,,,,,35.000,36.090,36.090,243200.000,0.033801,35.900,36.190,44208.000,2.000,2.000,35.250,,0.033801,0.004,0.004,0.007,0.007,0.004
79915,2001/10/29,,11,1,1311,65129010,NFX,NEWFIELD EXPLORATION CO,,,,N,A,R,30044,0,1,1382,65129010,,,,,,,,,,,,,,,,,,,,,,,,,36.010,37.300,36.800,325200.000,0.019673,36.840,37.050,44208.000,2.000,2.000,36.090,,0.019673,-0.023,-0.023,-0.009,-0.009,-0.024
79915,2001/10/30,,11,1,1311,65129010,NFX,NEWFIELD EXPLORATION CO,,,,N,A,R,30044,0,1,1382,65129010,,,,,,,,,,,,,,,,,,,,,,,,,34.920,36.600,35.300,389500.000,-0.040761,35.190,35.400,44208.000,2.000,2.000,36.600,,-0.040761,-0.017,-0.017,-0.011,-0.012,-0.017
79915,2001/10/31,,11,1,1311,65129010,NFX,NEWFIELD EXPLORATION CO,,,,N,A,R,30044,0,1,1382,65129010,,,,,,,,0.000,,,,,,,,,,,,,,,,,34.000,35.890,34.810,282500.000,-0.013881,34.690,34.920,44208.000,2.000,2.000,35.200,,-0.013881,0.002,0.002,0.011,0.011,-0.000
79915,2001/11/01,,11,1,1311,65129010,NFX,NEWFIELD EXPLORATION CO,,,,N,A,R,30044,0,1,1382,65129010,,,,,,,,,,,,,,,,,,,,,,,,,34.250,35.230,35.020,211800.000,0.006033,34.910,35.130,44208.000,2.000,2.000,34.250,,0.006033,0.021,0.021,0.009,0.009,0.023
79915,2001/11/02,,11,1,1311,65129010,NFX,NEWFIELD EXPLORATION CO,,,,N,A,R,30044,0,1,1382,65129010,,,,,,,,,,,,,,,,,,,,,,,,,34.200,35.750,34.590,218600.000,-0.012279,34.460,34.700,44208.000,2.000,2.000,35.750,,-0.012279,0.002,0.002,-0.001,-0.001,0.003
79915,2001/11/05,,11,1,1311,65129010,NFX,NEWFIELD EXPLORATION CO,,,,N,A,R,30044,0,1,1382,65129010,,,,,,,,,,,,,,,,,,,,,,,,,32.750,35.150,33.100,780100.000,-0.043076,33.090,33.140,44208.000,2.000,2.000,34.700,,-0.043076,0.014,0.014,0.008,0.008,0.014
79915,2001/11/06,,11,1,1311,65129010,NFX,NEWFIELD EXPLORATION CO,,,,N,A,R,30044,0,1,1382,65129010,,,,,,,,,,,,,,,,,,,,,,,,,32.500,33.200,32.790,228900.000,-0.009365,32.770,32.800,44208.000,2.000,2.000,32.750,,-0.009365,0.014,0.014,0.007,0.007,0.015
79915,2001/11/07,,11,1,1311,65129010,NFX,NEWFIELD EXPLORATION CO,,,,N,A,R,30044,0,1,1382,65129010,,,,,,,,,,,,,,,,,,,,,,,,,32.730,32.960,32.750,373500.000,-0.001220,32.630,32.850,44208.000,2.000,2.000,32.790,,-0.001220,-0.002,-0.002,0.001,0.001,-0.003
79915,2001/11/08,,11,1,1311,65129010,NFX,NEWFIELD EXPLORATION CO,,,,N,A,R,30044,0,1,1382,65129010,,,,,,,,,,,,,,,,,,,,,,,,,32.400,32.980,32.730,305600.000,-0.000611,32.630,32.760,44208.000,2.000,2.000,32.790,,-0.000611,0.001,0.001,0.003,0.003,0.002
79915,2001/11/09,,11,1,1311,65129010,NFX,NEWFIELD EXPLORATION CO,,,,N,A,R,30044,0,1,1382,65129010,,,,,,,,,,,,,,,,,,,,,,,,,32.900,33.990,33.490,377600.000,0.023220,33.290,33.590,44208.000,2.000,2.000,32.950,,0.023220,0.001,0.001,0.003,0.003,0.002
79915,2001/11/12,,11,1,1311,65129010,NFX,NEWFIELD EXPLORATION CO,,,,N,A,R,30044,0,1,1382,65129010,,,,,,,,,,,,,,,,,,,,,,,,,32.300,33.250,33.020,234200.000,-0.014034,32.910,33.120,44208.000,2.000,2.000,33.250,,-0.014034,-0.001,-0.001,0.001,0.001,-0.002
79915,2001/11/13,,11,1,1311,65129010,NFX,NEWFIELD EXPLORATION CO,,,,N,A,R,30044,0,1,1382,65129010,,,,,,,,,,,,,,,,,,,,,,,,,32.240,33.100,32.860,214300.000,-0.004846,32.740,32.970,44208.000,2.000,2.000,33.020,,-0.004846,0.019,0.018,0.014,0.014,0.019
79915,2001/11/14,,11,1,1311,65129010,NFX,NEWFIELD EXPLORATION CO,,,,N,A,R,30044,0,1,1382,65129010,,,,,,,,,,,,,,,,,,,,,,,,,31.520,32.380,31.550,145700.000,-0.039866,31.430,31.650,44208.000,2.000,2.000,32.360,,-0.039866,0.003,0.003,0.008,0.007,0.002
79915,2001/11/15,,11,1,1311,65129010,NFX,NEWFIELD EXPLORATION CO,,,,N,A,R,30044,0,1,1382,65129010,,,,,,,,,,,,,,,,,,,,,,,,,27.830,30.800,28.710,648000.000,-0.090016,28.570,28.810,44208.000,2.000,2.000,30.450,,-0.090016,0.000,0.000,0.000,0.000,0.001
79915,2001/11/16,,11,1,1311,65129010,NFX,NEWFIELD EXPLORATION CO,,,,N,A,R,30044,0,1,1382,65129010,,,,,,,,,,,,,,,,,,,,,,,,,28.630,29.870,29.840,487400.000,0.039359,29.730,29.980,44208.000,2.000,2.000,28.800,,0.039359,-0.002,-0.002,0.006,0.006,-0.003
79915,2001/11/19,,11,1,1311,65129010,NFX,NEWFIELD EXPLORATION CO,,,,N,A,R,30044,0,1,1382,65129010,,,,,,,,,,,,,,,,,,,,,,,,,28.530,29.860,29.790,432900.000,-0.001676,29.420,29.900,44208.000,2.000,2.000,29.740,,-0.001676,0.012,0.012,0.012,0.012,0.011
79915,2001/11/20,,11,1,1311,65129010,NFX,NEWFIELD EXPLORATION CO,,,,N,A,R,30044,0,1,1382,65129010,,,,,,,,,,,,,,,,,,,,,,,,,29.700,31.200,31.010,490200.000,0.040953,30.890,31.110,44208.000,2.000,2.000,29.790,,0.040953,-0.008,-0.008,-0.005,-0.005,-0.007
79915,2001/11/21,,11,1,1311,65129010,NFX,NEWFIELD EXPLORATION CO,,,,N,A,R,30044,0,1,1382,65129010,,,,,,,,,,,,,,,,,,,,,,,,,30.630,31.240,30.780,293500.000,-0.007417,30.670,30.970,44208.000,2.000,2.000,30.920,,-0.007417,-0.004,-0.005,0.000,0.000,-0.005
79915,2001/11/23,,11,1,1311,65129010,NFX,NEWFIELD EXPLORATION CO,,,,N,A,R,30044,0,1,1382,65129010,,,,,,,,,,,,,,,,,,,,,,,,,30.100,31.470,31.450,53500.000,0.021767,31.440,31.460,44208.000,2.000,2.000,30.800,,0.021767,0.012,0.012,0.010,0.010,0.012
79915,2001/11/26,,11,1,1311,65129010,NFX,NEWFIELD EXPLORATION CO,,,,N,A,R,30044,0,1,1382,65129010,,,,,,,,,,,,,,,,,,,,,,,,,30.200,31.300,30.790,243600.000,-0.020986,30.660,30.940,44208.000,2.000,2.000,31.300,,-0.020986,0.007,0.007,0.006,0.006,0.006
79915,2001/11/27,,11,1,1311,65129010,NFX,NEWFIELD EXPLORATION CO,,,,N,A,R,30044,0,1,1382,65129010,,,,,,,,,,,,,,,,,,,,,,,,,30.000,31.400,30.580,234100.000,-0.006820,30.520,30.590,44208.000,2.000,2.000,30.700,,-0.006820,-0.005,-0.005,0.002,0.002,-0.007
79915,2001/11/28,,11,1,1311,65129010,NFX,NEWFIELD EXPLORATION CO,,,,N,A,R,30044,0,1,1382,65129010,,,,,,,,,,,,,,,,,,,,,,,,,30.500,31.700,31.250,655600.000,0.021910,31.140,31.260,44208.000,2.000,2.000,30.580,,0.021910,-0.017,-0.018,-0.010,-0.010,-0.018
79915,2001/11/29,,11,1,1311,65129010,NFX,NEWFIELD EXPLORATION CO,,,,N,A,R,30044,0,1,1382,65129010,,,,,,,,,,,,,,,,,,,,,,,,,30.810,31.700,31.290,139300.000,0.001280,31.240,31.300,44208.000,2.000,2.000,31.380,,0.001280,0.011,0.011,0.009,0.009,0.010
79915,2001/11/30,,11,1,1311,65129010,NFX,NEWFIELD EXPLORATION CO,,,,N,A,R,30044,0,1,1382,65129010,,,,,,,,0.000,,,,,,,,,,,,,,,,,30.300,31.440,30.900,159900.000,-0.012464,30.700,31.100,43990.000,2.000,2.000,31.300,,-0.012464,-0.001,-0.001,0.001,0.001,-0.001
79915,2001/12/03,,11,1,1311,65129010,NFX,NEWFIELD EXPLORATION CO,,,,N,A,R,30044,0,1,1382,65129010,,,,,,,,,,,,,,,,,,,,,,,,,30.520,31.540,31.540,258500.000,0.020712,31.380,31.650,43990.000,2.000,2.000,30.800,,0.020712,-0.008,-0.008,-0.007,-0.007,-0.008
79915,2001/12/04,,11,1,1311,65129010,NFX,NEWFIELD EXPLORATION CO,,,,N,A,R,30044,0,1,1382,65129010,,,,,,,,,,,,,,,,,,,,,,,,,31.350,32.290,32.130,120300.000,0.018706,32.010,32.230,43990.000,2.000,2.000,31.550,,0.018706,0.015,0.015,0.012,0.012,0.013
79915,2001/12/05,,11,1,1311,65129010,NFX,NEWFIELD EXPLORATION CO,,,,N,A,R,30044,0,1,1382,65129010,,,,,,,,,,,,,,,,,,,,,,,,,32.560,33.200,32.940,186700.000,0.025210,32.790,33.040,43990.000,2.000,2.000,32.700,,0.025210,0.023,0.023,0.017,0.017,0.022
79915,2001/12/06,,11,1,1311,65129010,NFX,NEWFIELD EXPLORATION CO,,,,N,A,R,30044,0,1,1382,65129010,,,,,,,,,,,,,,,,,,,,,,,,,31.920,32.990,32.440,228300.000,-0.015179,32.380,32.550,43990.000,2.000,2.000,32.990,,-0.015179,-0.001,-0.001,0.006,0.006,-0.003
79915,2001/12/07,,11,1,1311,65129010,NFX,NEWFIELD EXPLORATION CO,,,,N,A,R,30044,0,1,1382,65129010,,,,,,,,,,,,,,,,,,,,,,,,,31.900,33.480,32.760,140600.000,0.009864,32.660,33.030,43990.000,2.000,2.000,32.350,,0.009864,-0.007,-0.007,0.002,0.002,-0.008
79915,2001/12/10,,11,1,1311,65129010,NFX,NEWFIELD EXPLORATION CO,,,,N,A,R,30044,0,1,1382,65129010,,,,,,,,,,,,,,,,,,,,,,,,,32.100,32.770,32.360,89500.000,-0.012210,32.260,32.470,43990.000,2.000,2.000,32.770,,-0.012210,-0.015,-0.015,-0.007,-0.007,-0.016
79915,2001/12/11,,11,1,1311,65129010,NFX,NEWFIELD EXPLORATION CO,,,,N,A,R,30044,0,1,1382,65129010,,,,,,,,,,,,,,,,,,,,,,,,,32.000,32.450,32.110,83300.000,-0.007726,31.950,32.210,43990.000,2.000,2.000,32.370,,-0.007726,-0.002,-0.002,0.003,0.003,-0.003
79915,2001/12/12,,11,1,1311,65129010,NFX,NEWFIELD EXPLORATION CO,,,,N,A,R,30044,0,1,1382,65129010,,,,,,,,,,,,,,,,,,,,,,,,,31.230,32.060,31.910,147700.000,-0.006229,31.710,32.020,43990.000,2.000,2.000,32.060,,-0.006229,0.001,0.000,0.002,0.002,0.000
79915,2001/12/13,,11,1,1311,65129010,NFX,NEWFIELD EXPLORATION CO,,,,N,A,R,30044,0,1,1382,65129010,,,,,,,,,,,,,,,,,,,,,,,,,31.400,32.140,31.420,98400.000,-0.015356,30.760,31.740,43990.000,2.000,2.000,31.670,,-0.015356,-0.015,-0.015,-0.008,-0.008,-0.016
79915,2001/12/14,,11,1,1311,65129010,NFX,NEWFIELD EXPLORATION CO,,,,N,A,R,30044,0,1,1382,65129010,,,,,,,,,,,,,,,,,,,,,,,,,31.400,32.420,32.270,73300.000,0.027053,31.640,32.590,43990.000,2.000,2.000,31.580,,0.027053,0.003,0.003,0.002,0.002,0.003
79915,2001/12/17,,11,1,1311,65129010,NFX,NEWFIELD EXPLORATION CO,,,,N,A,R,30044,0,1,1382,65129010,,,,,,,,,,,,,,,,,,,,,,,,,32.050,32.500,32.180,71300.000,-0.002789,31.520,32.500,43990.000,2.000,2.000,32.250,,-0.002789,0.010,0.010,0.005,0.005,0.010
79915,2001/12/18,,11,1,1311,65129010,NFX,NEWFIELD EXPLORATION CO,,,,N,A,R,30044,0,1,1382,65129010,,,,,,,,,,,,,,,,,,,,,,,,,32.380,32.870,32.760,95400.000,0.018024,32.100,33.190,43990.000,2.000,2.000,32.380,,0.018024,0.008,0.008,0.007,0.007,0.008
79915,2001/12/19,,11,1,1311,65129010,NFX,NEWFIELD EXPLORATION CO,,,,N,A,R,30044,0,1,1382,65129010,,,,,,,,,,,,,,,,,,,,,,,,,32.650,33.590,33.590,278600.000,0.025336,33.570,33.590,43990.000,2.000,2.000,32.720,,0.025336,0.004,0.004,-0.003,-0.003,0.006
79915,2001/12/20,,11,1,1311,65129010,NFX,NEWFIELD EXPLORATION CO,,,,N,A,R,30044,0,1,1382,65129010,,,,,,,,,,,,,,,,,,,,,,,,,33.500,34.050,33.750,160900.000,0.004763,33.170,34.020,43990.000,2.000,2.000,33.590,,0.004763,-0.009,-0.009,-0.009,-0.009,-0.008
79915,2001/12/21,,11,1,1311,65129010,NFX,NEWFIELD EXPLORATION CO,,,,N,A,R,30044,0,1,1382,65129010,,,,,,,,,,,,,,,,,,,,,,,,,33.400,33.920,33.400,326100.000,-0.010370,33.400,33.550,43990.000,2.000,2.000,33.820,,-0.010370,0.006,0.006,0.010,0.010,0.004
79915,2001/12/24,,11,1,1311,65129010,NFX,NEWFIELD EXPLORATION CO,,,,N,A,R,30044,0,1,1382,65129010,,,,,,,,,,,,,,,,,,,,,,,,,33.450,33.980,33.980,51900.000,0.017365,33.910,33.990,43990.000,2.000,2.000,33.450,,0.017365,0.000,0.000,0.004,0.004,-0.000
79915,2001/12/26,,11,1,1311,65129010,NFX,NEWFIELD EXPLORATION CO,,,,N,A,R,30044,0,1,1382,65129010,,,,,,,,,,,,,,,,,,,,,,,,,34.070,35.200,35.200,299500.000,0.035904,34.470,35.400,43990.000,2.000,2.000,34.080,,0.035904,0.005,0.005,0.007,0.007,0.004
79915,2001/12/27,,11,1,1311,65129010,NFX,NEWFIELD EXPLORATION CO,,,,N,A,R,30044,0,1,1382,65129010,,,,,,,,,,,,,,,,,,,,,,,,,34.490,35.490,35.000,272200.000,-0.005682,34.400,35.380,43990.000,2.000,2.000,35.200,,-0.005682,0.007,0.007,0.008,0.008,0.007
79915,2001/12/28,,11,1,1311,65129010,NFX,NEWFIELD EXPLORATION CO,,,,N,A,R,30044,0,1,1382,65129010,,,,,,,,,,,,,,,,,,,,,,,,,35.000,36.150,35.520,165800.000,0.014857,35.520,35.530,43990.000,2.000,2.000,35.250,,0.014857,0.004,0.004,0.009,0.009,0.003
79915,2001/12/31,,11,1,1311,65129010,NFX,NEWFIELD EXPLORATION CO,,,,N,A,R,30044,0,1,1382,65129010,,,,,,,,0.000,,,,,,,,,,,,,,,,,35.100,36.080,35.510,203800.000,-0.000282,35.480,35.510,43990.000,2.000,2.000,35.500,,-0.000282,-0.010,-0.010,0.007,0.007,-0.011
79915,2002/01/02,2004/06/09,11,1,1311,65129010,NFX,NEWFIELD EXPLORATION CO,,NFX,,N,A,R,30044,0,1,1382,65129010,,,,,,,,2.000,13.000,138.000,,,,,,,,,,,,,,,33.260,35.510,34.000,484500.000,-0.042523,33.360,34.320,43990.000,2.000,2.000,35.500,,-0.042523,0.004,0.004,0.008,0.008,0.006
79915,2002/01/03,,11,1,1311,65129010,NFX,NEWFIELD EXPLORATION CO,,NFX,,N,A,R,30044,0,1,1382,65129010,,,,,,,,,13.000,138.000,,,,,,,,,,,,,,,33.800,34.400,33.940,317000.000,-0.001765,33.360,34.260,43990.000,2.000,2.000,33.900,,-0.001765,0.010,0.010,0.013,0.013,0.009
79915,2002/01/04,,11,1,1311,65129010,NFX,NEWFIELD EXPLORATION CO,,NFX,,N,A,R,30044,0,1,1382,65129010,,,,,,,,,13.000,138.000,,,,,,,,,,,,,,,33.940,34.340,34.210,224500.000,0.007955,34.060,34.310,43990.000,2.000,2.000,33.940,,0.007955,0.007,0.007,0.011,0.011,0.006
79915,2002/01/07,,11,1,1311,65129010,NFX,NEWFIELD EXPLORATION CO,,NFX,,N,A,R,30044,0,1,1382,65129010,,,,,,,,,13.000,138.000,,,,,,,,,,,,,,,34.010,34.420,34.170,213400.000,-0.001169,33.510,34.490,43990.000,2.000,2.000,34.260,,-0.001169,-0.007,-0.007,-0.000,-0.000,-0.006
79915,2002/01/08,,11,1,1311,65129010,NFX,NEWFIELD EXPLORATION CO,,NFX,,N,A,R,30044,0,1,1382,65129010,,,,,,,,,13.000,138.000,,,,,,,,,,,,,,,33.770,34.400,33.890,75700.000,-0.008194,33.190,34.220,43990.000,2.000,2.000,34.100,,-0.008194,-0.002,-0.003,0.005,0.005,-0.004
79915,2002/01/09,,11,1,1311,65129010,NFX,NEWFIELD EXPLORATION CO,,NFX,,N,A,R,30044,0,1,1382,65129010,,,,,,,,,13.000,138.000,,,,,,,,,,,,,,,33.650,34.050,33.880,249200.000,-0.000295,33.840,33.900,43990.000,2.000,2.000,33.900,,-0.000295,-0.004,-0.004,0.001,0.001,-0.005
79915,2002/01/10,,11,1,1311,65129010,NFX,NEWFIELD EXPLORATION CO,,NFX,,N,A,R,30044,0,1,1382,65129010,,,,,,,,,13.000,138.000,,,,,,,,,,,,,,,33.770,33.990,33.890,272500.000,0.000295,33.220,34.220,43990.000,2.000,2.000,33.880,,0.000295,0.001,0.001,0.000,0.000,0.001
79915,2002/01/11,,11,1,1311,65129010,NFX,NEWFIELD EXPLORATION CO,,NFX,,N,A,R,30044,0,1,1382,65129010,,,,,,,,,13.000,138.000,,,,,,,,,,,,,,,32.880,33.890,32.880,147200.000,-0.029802,32.400,33.230,43990.000,2.000,2.000,33.890,,-0.029802,-0.009,-0.009,-0.004,-0.004,-0.009
79915,2002/01/14,,11,1,1311,65129010,NFX,NEWFIELD EXPLORATION CO,,NFX,,N,A,R,30044,0,1,1382,65129010,,,,,,,,,13.000,138.000,,,,,,,,,,,,,,,31.600,32.490,31.600,121100.000,-0.038929,31.220,32.220,43990.000,2.000,2.000,32.200,,-0.038929,-0.008,-0.008,-0.010,-0.010,-0.006
79915,2002/01/15,,11,1,1311,65129010,NFX,NEWFIELD EXPLORATION CO,,NFX,,N,A,R,30044,0,1,1382,65129010,,,,,,,,,13.000,138.000,,,,,,,,,,,,,,,31.680,32.700,32.400,267600.000,0.025316,31.970,32.810,43990.000,2.000,2.000,31.680,,0.025316,0.006,0.006,0.001,0.001,0.007
79915,2002/01/16,,11,1,1311,65129010,NFX,NEWFIELD EXPLORATION CO,,NFX,,N,A,R,30044,0,1,1382,65129010,,,,,,,,,13.000,138.000,,,,,,,,,,,,,,,32.200,32.580,32.370,258700.000,-0.000926,31.710,32.690,43990.000,2.000,2.000,32.400,,-0.000926,-0.016,-0.016,-0.011,-0.011,-0.016
79915,2002/01/17,,11,1,1311,65129010,NFX,NEWFIELD EXPLORATION CO,,NFX,,N,A,R,30044,0,1,1382,65129010,,,,,,,,,13.000,138.000,,,,,,,,,,,,,,,31.560,32.500,31.920,137200.000,-0.013902,31.250,32.250,43990.000,2.000,2.000,32.450,,-0.013902,0.010,0.010,0.007,0.007,0.010
79915,2002/01/18,,11,1,1311,65129010,NFX,NEWFIELD EXPLORATION CO,,NFX,,N,A,R,30044,0,1,1382,65129010,,,,,,,,,13.000,138.000,,,,,,,,,,,,,,,31.400,32.310,31.450,101700.000,-0.014724,30.750,31.800,43990.000,2.000,2.000,31.930,,-0.014724,-0.010,-0.010,-0.006,-0.006,-0.010
79915,2002/01/22,,11,1,1311,65129010,NFX,NEWFIELD EXPLORATION CO,,NFX,,N,A,R,30044,0,1,1382,65129010,,,,,,,,,13.000,138.000,,,,,,,,,,,,,,,30.820,31.650,30.880,132400.000,-0.018124,30.220,31.510,43990.000,2.000,2.000,31.550,,-0.018124,-0.008,-0.008,-0.008,-0.008,-0.007
79915,2002/01/23,,11,1,1311,65129010,NFX,NEWFIELD EXPLORATION CO,,NFX,,N,A,R,30044,0,1,1382,65129010,,,,,,,,,13.000,138.000,,,,,,,,,,,,,,,31.000,31.560,31.530,115500.000,0.021049,31.430,31.700,43990.000,2.000,2.000,31.000,,0.021049,0.009,0.009,0.008,0.008,0.008
79915,2002/01/24,,11,1,1311,65129010,NFX,NEWFIELD EXPLORATION CO,,NFX,,N,A,R,30044,0,1,1382,65129010,,,,,,,,,13.000,138.000,,,,,,,,,,,,,,,31.400,33.040,32.980,166000.000,0.045988,32.270,33.320,43990.000,2.000,2.000,31.400,,0.045988,0.004,0.004,0.006,0.006,0.004
79915,2002/01/25,,11,1,1311,65129010,NFX,NEWFIELD EXPLORATION CO,,NFX,,N,A,R,30044,0,1,1382,65129010,,,,,,,,,13.000,138.000,,,,,,,,,,,,,,,32.640,33.350,33.160,102800.000,0.005458,32.450,33.480,43990.000,2.000,2.000,32.980,,0.005458,0.001,0.001,0.000,0.000,0.001
79915,2002/01/28,,11,1,1311,65129010,NFX,NEWFIELD EXPLORATION CO,,NFX,,N,A,R,30044,0,1,1382,65129010,,,,,,,,,13.000,138.000,,,,,,,,,,,,,,,31.900,33.840,32.000,287500.000,-0.034982,31.530,32.420,43990.000,2.000,2.000,33.160,,-0.034982,0.000,0.000,0.000,0.000,-0.000
79915,2002/01/29,,11,1,1311,65129010,NFX,NEWFIELD EXPLORATION CO,,NFX,,N,A,R,30044,0,1,1382,65129010,,,,,,,,,13.000,138.000,,,,,,,,,,,,,,,30.690,32.250,31.030,294600.000,-0.030312,30.290,31.350,43990.000,2.000,2.000,32.250,,-0.030312,-0.025,-0.025,-0.011,-0.012,-0.029
79915,2002/01/30,,11,1,1311,65129010,NFX,NEWFIELD EXPLORATION CO,,NFX,,N,A,R,30044,0,1,1382,65129010,,,,,,,,,13.000,138.000,,,,,,,,,,,,,,,30.340,31.550,31.550,233700.000,0.016758,30.980,31.870,43990.000,2.000,2.000,31.030,,0.016758,0.010,0.010,0.004,0.004,0.012
79915,2002/01/31,,11,1,1311,65129010,NFX,NEWFIELD EXPLORATION CO,,NFX,,N,A,R,30044,0,1,1382,65129010,,,,,,,,0.000,13.000,138.000,,,,,,,,,,,,,,,31.500,32.390,32.090,292900.000,0.017116,31.350,32.370,43990.000,2.000,2.000,31.500,,0.017116,0.013,0.013,0.010,0.009,0.015
79915,2002/02/01,,11,1,1311,65129010,NFX,NEWFIELD EXPLORATION CO,,NFX,,N,A,R,30044,0,1,1382,65129010,,,,,,,,,13.000,138.000,,,,,,,,,,,,,,,32.020,32.750,32.590,124900.000,0.015581,32.070,32.910,43990.000,2.000,2.000,32.290,,0.015581,-0.006,-0.006,-0.002,-0.002,-0.007
79915,2002/02/04,,11,1,1311,65129010,NFX,NEWFIELD EXPLORATION CO,,NFX,,N,A,R,30044,0,1,1382,65129010,,,,,,,,,13.000,138.000,,,,,,,,,,,,,,,32.450,33.200,32.690,373900.000,0.003068,32.010,32.990,43990.000,2.000,2.000,32.590,,0.003068,-0.024,-0.024,-0.016,-0.016,-0.025
79915,2002/02/05,,11,1,1311,65129010,NFX,NEWFIELD EXPLORATION CO,,NFX,,N,A,R,30044,0,1,1382,65129010,,,,,,,,,13.000,138.000,,,,,,,,,,,,,,,32.550,33.050,32.870,276400.000,0.005506,32.350,33.190,43990.000,2.000,2.000,32.690,,0.005506,-0.005,-0.005,-0.008,-0.008,-0.004
79915,2002/02/06,,11,1,1311,65129010,NFX,NEWFIELD EXPLORATION CO,,NFX,,N,A,R,30044,0,1,1382,65129010,,,,,,,,,13.000,138.000,,,,,,,,,,,,,,,32.870,33.600,33.360,201500.000,0.014907,32.660,33.640,43990.000,2.000,2.000,32.870,,0.014907,-0.007,-0.007,-0.010,-0.010,-0.006
79915,2002/02/07,,11,1,1311,65129010,NFX,NEWFIELD EXPLORATION CO,,NFX,,N,A,R,30044,0,1,1382,65129010,,,,,,,,,13.000,138.000,,,,,,,,,,,,,,,33.290,34.170,33.780,484700.000,0.012590,33.760,33.780,43990.000,2.000,2.000,33.360,,0.012590,-0.004,-0.004,-0.006,-0.006,-0.003
79915,2002/02/08,,11,1,1311,65129010,NFX,NEWFIELD EXPLORATION CO,,NFX,,N,A,R,30044,0,1,1382,65129010,,,,,,,,,13.000,138.000,,,,,,,,,,,,,,,32.800,34.000,33.800,138000.000,0.000592,33.120,34.120,43990.000,2.000,2.000,33.550,,0.000592,0.016,0.016,0.012,0.012,0.015
79915,2002/02/11,,11,1,1311,65129010,NFX,NEWFIELD EXPLORATION CO,,NFX,,N,A,R,30044,0,1,1382,65129010,,,,,,,,,13.000,138.000,,,,,,,,,,,,,,,33.400,34.430,34.200,221500.000,0.011834,33.460,34.530,43990.000,2.000,2.000,33.800,,0.011834,0.013,0.013,0.008,0.008,0.014
79915,2002/02/12,,11,1,1311,65129010,NFX,NEWFIELD EXPLORATION CO,,NFX,,N,A,R,30044,0,1,1382,65129010,,,,,,,,,13.000,138.000,,,,,,,,,,,,,,,33.670,34.300,34.130,100800.000,-0.002047,34.110,34.200,43990.000,2.000,2.000,34.200,,-0.002047,-0.003,-0.003,-0.000,-0.000,-0.004
79915,2002/02/13,,11,1,1311,65129010,NFX,NEWFIELD EXPLORATION CO,,NFX,,N,A,R,30044,0,1,1382,65129010,,,,,,,,,13.000,138.000,,,,,,,,,,,,,,,33.700,34.160,34.000,363000.000,-0.003809,33.970,34.000,43990.000,2.000,2.000,34.100,,-0.003809,0.010,0.009,0.006,0.006,0.010
79915,2002/02/14,,11,1,1311,65129010,NFX,NEWFIELD EXPLORATION CO,,NFX,,N,A,R,30044,0,1,1382,65129010,,,,,,,,,13.000,138.000,,,,,,,,,,,,,,,33.600,34.650,34.090,207900.000,0.002647,33.390,34.400,43990.000,2.000,2.000,33.750,,0.002647,-0.002,-0.003,-0.005,-0.005,-0.002
79915,2002/02/15,,11,1,1311,65129010,NFX,NEWFIELD EXPLORATION CO,,NFX,,N,A,R,30044,0,1,1382,65129010,,,,,,,,,13.000,138.000,,,,,,,,,,,,,,,33.450,34.100,33.930,191900.000,-0.004693,33.210,34.320,43990.000,2.000,2.000,34.090,,-0.004693,-0.010,-0.010,-0.004,-0.004,-0.011
79915,2002/02/19,,11,1,1311,65129010,NFX,NEWFIELD EXPLORATION CO,,NFX,,N,A,R,30044,0,1,1382,65129010,,,,,,,,,13.000,138.000,,,,,,,,,,,,,,,33.590,34.400,34.340,338200.000,0.012084,33.550,34.590,43990.000,2.000,2.000,33.930,,0.012084,-0.019,-0.019,-0.015,-0.015,-0.019
79915,2002/02/20,,11,1,1311,65129010,NFX,NEWFIELD EXPLORATION CO,,NFX,,N,A,R,30044,0,1,1382,65129010,,,,,,,,,13.000,138.000,,,,,,,,,,,,,,,33.400,34.340,33.810,418000.000,-0.015434,33.160,34.180,43990.000,2.000,2.000,34.340,,-0.015434,0.013,0.013,0.005,0.005,0.014
79915,2002/02/21,,11,1,1311,65129010,NFX,NEWFIELD EXPLORATION CO,,NFX,,N,A,R,30044,0,1,1382,65129010,,,,,,,,,13.000,138.000,,,,,,,,,,,,,,,33.810,35.250,34.650,914700.000,0.024845,34.000,35.070,43990.000,2.000,2.000,33.850,,0.024845,-0.015,-0.015,-0.009,-0.009,-0.016
79915,2002/02/22,,11,1,1311,65129010,NFX,NEWFIELD EXPLORATION CO,,NFX,,N,A,R,30044,0,1,1382,65129010,,,,,,,,,13.000,138.000,,,,,,,,,,,,,,,34.640,35.720,35.500,370300.000,0.024531,34.920,35.820,43990.000,2.000,2.000,34.650,,0.024531,0.007,0.007,0.004,0.004,0.008
79915,2002/02/25,,11,1,1311,65129010,NFX,NEWFIELD EXPLORATION CO,,NFX,,N,A,R,30044,0,1,1382,65129010,,,,,,,,,13.000,138.000,,,,,,,,,,,,,,,35.270,37.030,37.000,430300.000,0.042254,36.870,37.010,43990.000,2.000,2.000,35.400,,0.042254,0.016,0.016,0.005,0.005,0.018
79915,2002/02/26,,11,1,1311,65129010,NFX,NEWFIELD EXPLORATION CO,,NFX,,N,A,R,30044,0,1,1382,65129010,,,,,,,,,13.000,138.000,,,,,,,,,,,,,,,35.900,37.000,36.660,191100.000,-0.009189,36.050,37.050,43990.000,2.000,2.000,36.950,,-0.009189,0.001,0.001,0.003,0.003,-0.000
79915,2002/02/27,,11,1,1311,65129010,NFX,NEWFIELD EXPLORATION CO,,NFX,,N,A,R,30044,0,1,1382,65129010,,,,,,,,,13.000,138.000,,,,,,,,,,,,,,,35.850,36.800,36.150,277400.000,-0.013912,36.120,36.260,43990.000,2.000,2.000,36.500,,-0.013912,0.001,0.001,0.003,0.003,0.000
79915,2002/02/28,,11,1,1311,65129010,NFX,NEWFIELD EXPLORATION CO,,NFX,,N,A,R,30044,0,1,1382,65129010,,,,,,,,0.000,13.000,138.000,,,,,,,,,,,,,,,36.000,36.790,36.290,253000.000,0.003873,35.630,36.620,43990.000,2.000,2.000,36.750,,0.003873,-0.003,-0.003,-0.001,-0.001,-0.003
79915,2002/03/01,,11,1,1311,65129010,NFX,NEWFIELD EXPLORATION CO,,NFX,,N,A,R,30044,0,1,1382,65129010,,,,,,,,,13.000,138.000,,,,,,,,,,,,,,,36.100,36.490,36.300,122200.000,0.000276,36.290,36.300,43990.000,2.000,2.000,36.490,,0.000276,0.022,0.022,0.012,0.012,0.023
79915,2002/03/04,,11,1,1311,65129010,NFX,NEWFIELD EXPLORATION CO,,NFX,,N,A,R,30044,0,1,1382,65129010,,,,,,,,,13.000,138.000,,,,,,,,,,,,,,,36.080,36.600,36.490,160000.000,0.005234,36.400,36.500,43990.000,2.000,2.000,36.300,,0.005234,0.020,0.020,0.015,0.015,0.019
79915,2002/03/05,,11,1,1311,65129010,NFX,NEWFIELD EXPLORATION CO,,NFX,,N,A,R,30044,0,1,1382,65129010,,,,,,,,,13.000,138.000,,,,,,,,,,,,,,,35.800,36.650,36.100,257900.000,-0.010688,35.600,36.470,43990.000,2.000,2.000,36.600,,-0.010688,-0.005,-0.005,0.003,0.003,-0.007
79915,2002/03/06,,11,1,1311,65129010,NFX,NEWFIELD EXPLORATION CO,,NFX,,N,A,R,30044,0,1,1382,65129010,,,,,,,,,13.000,138.000,,,,,,,,,,,,,,,35.990,36.890,36.740,389900.000,0.017729,36.130,37.020,43990.000,2.000,2.000,36.110,,0.017729,0.014,0.014,0.013,0.012,0.015
79915,2002/03/07,,11,1,1311,65129010,NFX,NEWFIELD EXPLORATION CO,,NFX,,N,A,R,30044,0,1,1382,65129010,,,,,,,,,13.000,138.000,,,,,,,,,,,,,,,36.740,37.240,37.230,643400.000,0.013337,36.660,37.550,43990.000,2.000,2.000,36.990,,0.013337,-0.004,-0.004,0.004,0.004,-0.004
79915,2002/03/08,,11,1,1311,65129010,NFX,NEWFIELD EXPLORATION CO,,NFX,,N,A,R,30044,0,1,1382,65129010,,,,,,,,,13.000,138.000,,,,,,,,,,,,,,,36.020,37.400,36.220,401500.000,-0.027129,36.120,36.230,43990.000,2.000,2.000,37.400,,-0.027129,0.007,0.007,0.009,0.009,0.006
79915,2002/03/11,,11,1,1311,65129010,NFX,NEWFIELD EXPLORATION CO,,NFX,,N,A,R,30044,0,1,1382,65129010,,,,,,,,,13.000,138.000,,,,,,,,,,,,,,,36.300,37.150,36.350,492300.000,0.003589,36.370,36.390,43990.000,2.000,2.000,36.470,,0.003589,0.003,0.003,0.005,0.005,0.003
79915,2002/03/12,,11,1,1311,65129010,NFX,NEWFIELD EXPLORATION CO,,NFX,,N,A,R,30044,0,1,1382,65129010,,,,,,,,,13.000,138.000,,,,,,,,,,,,,,,36.000,36.580,36.470,277100.000,0.003301,35.890,36.870,43990.000,2.000,2.000,36.360,,0.003301,-0.003,-0.003,-0.003,-0.003,-0.002
79915,2002/03/13,,11,1,1311,65129010,NFX,NEWFIELD EXPLORATION CO,,NFX,,N,A,R,30044,0,1,1382,65129010,,,,,,,,,13.000,138.000,,,,,,,,,,,,,,,36.510,37.000,36.580,441400.000,0.003016,35.930,36.930,43990.000,2.000,2.000,36.700,,0.003016,-0.009,-0.009,-0.003,-0.004,-0.010
79915,2002/03/14,,11,1,1311,65129010,NFX,NEWFIELD EXPLORATION CO,,NFX,,N,A,R,30044,0,1,1382,65129010,,,,,,,,,13.000,138.000,,,,,,,,,,,,,,,36.280,36.800,36.650,254200.000,0.001914,35.950,36.930,43990.000,2.000,2.000,36.600,,0.001914,-0.000,-0.000,0.004,0.004,-0.001
79915,2002/03/15,,11,1,1311,65129010,NFX,NEWFIELD EXPLORATION CO,,NFX,,N,A,R,30044,0,1,1382,65129010,,,,,,,,,13.000,138.000,,,,,,,,,,,,,,,36.410,37.450,37.180,361700.000,0.014461,36.590,37.420,43990.000,2.000,2.000,36.800,,0.014461,0.010,0.010,0.005,0.005,0.011
79915,2002/03/18,,11,1,1311,65129010,NFX,NEWFIELD EXPLORATION CO,,NFX,,N,A,R,30044,0,1,1382,65129010,,,,,,,,,13.000,138.000,,,,,,,,,,,,,,,37.330,37.630,37.560,437800.000,0.010221,37.060,37.920,43990.000,2.000,2.000,37.360,,0.010221,0.001,0.001,0.005,0.005,-0.001
79915,2002/03/19,,11,1,1311,65129010,NFX,NEWFIELD EXPLORATION CO,,NFX,,N,A,R,30044,0,1,1382,65129010,,,,,,,,,13.000,138.000,,,,,,,,,,,,,,,37.660,37.990,37.950,319300.000,0.010383,37.410,38.270,43990.000,2.000,2.000,37.800,,0.010383,0.003,0.003,0.003,0.003,0.004
79915,2002/03/20,,11,1,1311,65129010,NFX,NEWFIELD EXPLORATION CO,,NFX,,N,A,R,30044,0,1,1382,65129010,,,,,,,,,13.000,138.000,,,,,,,,,,,,,,,37.100,37.960,37.380,222500.000,-0.015020,36.690,37.710,43990.000,2.000,2.000,37.950,,-0.015020,-0.014,-0.014,-0.006,-0.006,-0.016
79915,2002/03/21,,11,1,1311,65129010,NFX,NEWFIELD EXPLORATION CO,,NFX,,N,A,R,30044,0,1,1382,65129010,,,,,,,,,13.000,138.000,,,,,,,,,,,,,,,37.300,38.200,37.840,300400.000,0.012306,37.240,38.260,43990.000,2.000,2.000,37.380,,0.012306,0.003,0.003,0.006,0.006,0.002
79915,2002/03/22,,11,1,1311,65129010,NFX,NEWFIELD EXPLORATION CO,,NFX,,N,A,R,30044,0,1,1382,65129010,,,,,,,,,13.000,138.000,,,,,,,,,,,,,,,37.050,37.850,37.080,139700.000,-0.020085,36.420,37.400,43990.000,2.000,2.000,37.850,,-0.020085,-0.004,-0.004,-0.000,-0.000,-0.004
79915,2002/03/25,,11,1,1311,65129010,NFX,NEWFIELD EXPLORATION CO,,NFX,,N,A,R,30044,0,1,1382,65129010,,,,,,,,,13.000,138.000,,,,,,,,,,,,,,,36.300,37.300,36.300,168300.000,-0.021036,35.950,37.060,43990.000,2.000,2.000,37.080,,-0.021036,-0.014,-0.014,-0.007,-0.007,-0.015
79915,2002/03/26,,11,1,1311,65129010,NFX,NEWFIELD EXPLORATION CO,,NFX,,N,A,R,30044,0,1,1382,65129010,,,,,,,,,13.000,138.000,,,,,,,,,,,,,,,36.140,37.100,36.860,366200.000,0.015427,36.200,37.190,43990.000,2.000,2.000,36.250,,0.015427,0.006,0.006,0.005,0.004,0.006
79915,2002/03/27,,11,1,1311,65129010,NFX,NEWFIELD EXPLORATION CO,,NFX,,N,A,R,30044,0,1,1382,65129010,,,,,,,,,13.000,138.000,,,,,,,,,,,,,,,37.100,38.120,37.650,244700.000,0.021432,37.630,37.660,43990.000,2.000,2.000,37.100,,0.021432,0.006,0.005,0.006,0.006,0.005
79915,2002/03/28,,11,1,1311,65129010,NFX,NEWFIELD EXPLORATION CO,,NFX,,N,A,R,30044,0,1,1382,65129010,,,,,,,,0.000,13.000,138.000,,,,,,,,,,,,,,,36.960,37.650,36.990,218100.000,-0.017530,36.390,37.430,44276.000,2.000,2.000,37.650,,-0.017530,0.003,0.003,0.006,0.006,0.002
79915,2002/04/01,,11,1,1311,65129010,NFX,NEWFIELD EXPLORATION CO,,NFX,,N,A,R,30044,0,1,1382,65129010,,,,,,,,,13.000,138.000,,,,,,,,,,,,,,,36.800,37.450,36.990,256400.000,0.000000,36.400,37.430,44276.000,2.000,2.000,36.990,,0.000000,-0.001,-0.001,-0.001,-0.001,-0.001
79915,2002/04/02,,11,1,1311,65129010,NFX,NEWFIELD EXPLORATION CO,,NFX,,N,A,R,30044,0,1,1382,65129010,,,,,,,,,13.000,138.000,,,,,,,,,,,,,,,36.990,37.250,37.000,473300.000,0.000270,36.540,37.370,44276.000,2.000,2.000,37.200,,0.000270,-0.009,-0.009,-0.005,-0.005,-0.009
79915,2002/04/03,,11,1,1311,65129010,NFX,NEWFIELD EXPLORATION CO,,NFX,,N,A,R,30044,0,1,1382,65129010,,,,,,,,,13.000,138.000,,,,,,,,,,,,,,,36.350,37.140,36.950,435300.000,-0.001351,36.930,36.950,44276.000,2.000,2.000,36.800,,-0.001351,-0.009,-0.010,-0.006,-0.006,-0.010
79915,2002/04/04,,11,1,1311,65129010,NFX,NEWFIELD EXPLORATION CO,,NFX,,N,A,R,30044,0,1,1382,65129010,,,,,,,,,13.000,138.000,,,,,,,,,,,,,,,35.610,36.950,35.860,569400.000,-0.029499,35.750,35.990,44276.000,2.000,2.000,36.950,,-0.029499,0.001,0.001,0.001,0.001,0.001
79915,2002/04/05,,11,1,1311,65129010,NFX,NEWFIELD EXPLORATION CO,,NFX,,N,A,R,30044,0,1,1382,65129010,,,,,,,,,13.000,138.000,,,,,,,,,,,,,,,35.130,36.370,35.190,260600.000,-0.018684,35.080,35.330,44276.000,2.000,2.000,36.000,,-0.018684,-0.003,-0.003,-0.000,-0.000,-0.003
79915,2002/04/08,,11,1,1311,65129010,NFX,NEWFIELD EXPLORATION CO,,NFX,,N,A,R,30044,0,1,1382,65129010,,,,,,,,,13.000,138.000,,,,,,,,,,,,,,,35.400,36.200,35.990,180800.000,0.022734,35.950,36.000,44276.000,2.000,2.000,35.900,,0.022734,0.003,0.003,0.003,0.002,0.002
79915,2002/04/09,,11,1,1311,65129010,NFX,NEWFIELD EXPLORATION CO,,NFX,,N,A,R,30044,0,1,1382,65129010,,,,,,,,,13.000,138.000,,,,,,,,,,,,,,,35.350,35.990,35.400,148400.000,-0.016393,35.270,35.470,44276.000,2.000,2.000,35.990,,-0.016393,-0.006,-0.006,-0.002,-0.002,-0.007
79915,2002/04/10,,11,1,1311,65129010,NFX,NEWFIELD EXPLORATION CO,,NFX,,N,A,R,30044,0,1,1382,65129010,,,,,,,,,13.000,138.000,,,,,,,,,,,,,,,35.280,35.990,35.780,402500.000,0.010734,35.620,35.890,44276.000,2.000,2.000,35.400,,0.010734,0.011,0.011,0.009,0.008,0.011
79915,2002/04/11,,11,1,1311,65129010,NFX,NEWFIELD EXPLORATION CO,,NFX,,N,A,R,30044,0,1,1382,65129010,,,,,,,,,13.000,138.000,,,,,,,,,,,,,,,35.670,36.600,36.200,292900.000,0.011738,36.130,36.260,44276.000,2.000,2.000,35.790,,0.011738,-0.021,-0.021,-0.010,-0.010,-0.024
79915,2002/04/12,,11,1,1311,65129010,NFX,NEWFIELD EXPLORATION CO,,NFX,,N,A,R,30044,0,1,1382,65129010,,,,,,,,,13.000,138.000,,,,,,,,,,,,,,,34.300,36.300,34.490,290200.000,-0.047238,34.500,34.630,44276.000,2.000,2.000,36.200,,-0.047238,0.008,0.008,0.011,0.011,0.007
79915,2002/04/15,,11,1,1311,65129010,NFX,NEWFIELD EXPLORATION CO,,NFX,,N,A,R,30044,0,1,1382,65129010,,,,,,,,,13.000,138.000,,,,,,,,,,,,,,,34.980,36.170,35.990,235500.000,0.043491,35.830,36.010,44276.000,2.000,2.000,34.980,,0.043491,-0.006,-0.006,-0.001,-0.001,-0.008
79915,2002/04/16,,11,1,1311,65129010,NFX,NEWFIELD EXPLORATION CO,,NFX,,N,A,R,30044,0,1,1382,65129010,,,,,,,,,13.000,138.000,,,,,,,,,,,,,,,35.640,36.200,35.650,264300.000,-0.009447,35.650,35.670,44276.000,2.000,2.000,36.200,,-0.009447,0.022,0.022,0.016,0.016,0.023
79915,2002/04/17,,11,1,1311,65129010,NFX,NEWFIELD EXPLORATION CO,,NFX,,N,A,R,30044,0,1,1382,65129010,,,,,,,,,13.000,138.000,,,,,,,,,,,,,,,35.800,36.970,36.620,305200.000,0.027209,36.510,36.820,44276.000,2.000,2.000,35.850,,0.027209,-0.002,-0.002,0.001,0.001,-0.002
79915,2002/04/18,,11,1,1311,65129010,NFX,NEWFIELD EXPLORATION CO,,NFX,,N,A,R,30044,0,1,1382,65129010,,,,,,,,,13.000,138.000,,,,,,,,,,,,,,,36.500,37.130,36.730,246300.000,0.003004,36.630,36.880,44276.000,2.000,2.000,36.700,,0.003004,-0.002,-0.002,0.003,0.003,-0.001
79915,2002/04/19,,11,1,1311,65129010,NFX,NEWFIELD EXPLORATION CO,,NFX,,N,A,R,30044,0,1,1382,65129010,,,,,,,,,13.000,138.000,,,,,,,,,,,,,,,36.100,37.220,36.960,155200.000,0.006262,36.940,36.970,44276.000,2.000,2.000,36.730,,0.006262,0.001,0.001,0.002,0.002,0.001
79915,2002/04/22,,11,1,1311,65129010,NFX,NEWFIELD EXPLORATION CO,,NFX,,N,A,R,30044,0,1,1382,65129010,,,,,,,,,13.000,138.000,,,,,,,,,,,,,,,36.500,37.350,37.020,280600.000,0.001623,37.020,37.200,44276.000,2.000,2.000,36.530,,0.001623,-0.015,-0.015,-0.008,-0.008,-0.015
79915,2002/04/23,,11,1,1311,65129010,NFX,NEWFIELD EXPLORATION CO,,NFX,,N,A,R,30044,0,1,1382,65129010,,,,,,,,,13.000,138.000,,,,,,,,,,,,,,,36.600,38.680,38.130,454000.000,0.029984,38.030,38.260,44276.000,2.000,2.000,37.270,,0.029984,-0.005,-0.005,-0.001,-0.001,-0.006
79915,2002/04/24,,11,1,1311,65129010,NFX,NEWFIELD EXPLORATION CO,,NFX,,N,A,R,30044,0,1,1382,65129010,,,,,,,,,13.000,138.000,,,,,,,,,,,,,,,37.400,38.140,37.400,202800.000,-0.019145,37.400,37.440,44276.000,2.000,2.000,38.140,,-0.019145,-0.006,-0.006,-0.002,-0.002,-0.007
79915,2002/04/25,,11,1,1311,65129010,NFX,NEWFIELD EXPLORATION CO,,NFX,,N,A,R,30044,0,1,1382,65129010,,,,,,,,,13.000,138.000,,,,,,,,,,,,,,,37.230,38.140,37.620,218200.000,0.005882,37.890,37.900,44276.000,2.000,2.000,37.600,,0.005882,-0.002,-0.002,-0.002,-0.002,-0.002
79915,2002/04/26,,11,1,1311,65129010,NFX,NEWFIELD EXPLORATION CO,,NFX,,N,A,R,30044,0,1,1382,65129010,,,,,,,,,13.000,138.000,,,,,,,,,,,,,,,37.240,37.930,37.420,160200.000,-0.005316,37.490,37.640,44276.000,2.000,2.000,37.820,,-0.005316,-0.013,-0.014,-0.009,-0.009,-0.014
79915,2002/04/29,,11,1,1311,65129010,NFX,NEWFIELD EXPLORATION CO,,NFX,,N,A,R,30044,0,1,1382,65129010,,,,,,,,,13.000,138.000,,,,,,,,,,,,,,,37.310,37.690,37.470,219800.000,0.001336,37.340,37.480,44276.000,2.000,2.000,37.600,,0.001336,-0.009,-0.009,-0.006,-0.006,-0.010
79915,2002/04/30,,11,1,1311,65129010,NFX,NEWFIELD EXPLORATION CO,,NFX,,N,A,R,30044,0,1,1382,65129010,,,,,,,,0.000,13.000,138.000,,,,,,,,,,,,,,,37.250,37.960,37.850,269200.000,0.010141,37.750,37.960,44276.000,2.000,2.000,37.720,,0.010141,0.012,0.012,0.010,0.010,0.011
79915,2002/05/01,,11,1,1311,65129010,NFX,NEWFIELD EXPLORATION CO,,NFX,,N,A,R,30044,0,1,1382,65129010,,,,,,,,,13.000,138.000,,,,,,,,,,,,,,,37.400,38.300,38.300,243500.000,0.011889,38.210,38.320,44276.000,2.000,2.000,37.860,,0.011889,0.008,0.007,0.001,0.001,0.009
79915,2002/05/02,,11,1,1311,65129010,NFX,NEWFIELD EXPLORATION CO,,NFX,,N,A,R,30044,0,1,1382,65129010,,,,,,,,,13.000,138.000,,,,,,,,,,,,,,,38.000,38.810,38.100,198800.000,-0.005222,37.990,38.230,44276.000,2.000,2.000,38.300,,-0.005222,-0.002,-0.002,0.000,0.000,-0.002
79915,2002/05/03,,11,1,1311,65129010,NFX,NEWFIELD EXPLORATION CO,,NFX,,N,A,R,30044,0,1,1382,65129010,,,,,,,,,13.000,138.000,,,,,,,,,,,,,,,38.260,38.990,38.860,239100.000,0.019948,38.830,38.840,44276.000,2.000,2.000,38.350,,0.019948,-0.009,-0.009,-0.002,-0.002,-0.010
79915,2002/05/06,,11,1,1311,65129010,NFX,NEWFIELD EXPLORATION CO,,NFX,,N,A,R,30044,0,1,1382,65129010,,,,,,,,,13.000,138.000,,,,,,,,,,,,,,,37.300,38.630,37.610,151500.000,-0.032167,37.590,37.620,44276.000,2.000,2.000,38.610,,-0.032167,-0.018,-0.018,-0.011,-0.011,-0.019
79915,2002/05/07,,11,1,1311,65129010,NFX,NEWFIELD EXPLORATION CO,,NFX,,N,A,R,30044,0,1,1382,65129010,,,,,,,,,13.000,138.000,,,,,,,,,,,,,,,36.680,37.610,36.790,277300.000,-0.021803,36.790,36.930,44276.000,2.000,2.000,37.610,,-0.021803,-0.004,-0.004,-0.006,-0.006,-0.003
79915,2002/05/08,,11,1,1311,65129010,NFX,NEWFIELD EXPLORATION CO,,NFX,,N,A,R,30044,0,1,1382,65129010,,,,,,,,,13.000,138.000,,,,,,,,,,,,,,,37.420,37.970,37.880,200100.000,0.029628,37.870,37.890,44276.000,2.000,2.000,37.480,,0.029628,0.034,0.034,0.019,0.019,0.038
79915,2002/05/09,,11,1,1311,65129010,NFX,NEWFIELD EXPLORATION CO,,NFX,,N,A,R,30044,0,1,1382,65129010,,,,,,,,,13.000,138.000,,,,,,,,,,,,,,,37.350,38.150,37.740,183200.000,-0.003696,37.750,37.760,44276.000,2.000,2.000,37.950,,-0.003696,-0.014,-0.014,-0.008,-0.008,-0.015
79915,2002/05/10,,11,1,1311,65129010,NFX,NEWFIELD EXPLORATION CO,,NFX,,N,A,R,30044,0,1,1382,65129010,,,,,,,,,13.000,138.000,,,,,,,,,,,,,,,37.350,38.700,38.260,252800.000,0.013778,38.100,38.370,44276.000,2.000,2.000,37.750,,0.013778,-0.015,-0.015,-0.008,-0.008,-0.017
79915,2002/05/13,,11,1,1311,65129010,NFX,NEWFIELD EXPLORATION CO,,NFX,,N,A,R,30044,0,1,1382,65129010,,,,,,,,,13.000,138.000,,,,,,,,,,,,,,,37.650,38.590,38.500,136800.000,0.006273,38.430,38.480,44276.000,2.000,2.000,38.260,,0.006273,0.017,0.017,0.007,0.007,0.019
79915,2002/05/14,,11,1,1311,65129010,NFX,NEWFIELD EXPLORATION CO,,NFX,,N,A,R,30044,0,1,1382,65129010,,,,,,,,,13.000,138.000,,,,,,,,,,,,,,,38.600,39.150,39.150,142400.000,0.016883,39.020,39.160,44276.000,2.000,2.000,38.600,,0.016883,0.021,0.021,0.015,0.015,0.021
79915,2002/05/15,,11,1,1311,65129010,NFX,NEWFIELD EXPLORATION CO,,NFX,,N,A,R,30044,0,1,1382,65129010,,,,,,,,,13.000,138.000,,,,,,,,,,,,,,,37.900,39.150,38.000,193100.000,-0.029374,37.900,37.910,44276.000,2.000,2.000,39.150,,-0.029374,-0.003,-0.004,0.001,0.001,-0.006
79915,2002/05/16,,11,1,1311,65129010,NFX,NEWFIELD EXPLORATION CO,,NFX,,N,A,R,30044,0,1,1382,65129010,,,,,,,,,13.000,138.000,,,,,,,,,,,,,,,37.800,38.590,38.160,181000.000,0.004211,38.150,38.160,44276.000,2.000,2.000,38.250,,0.004211,0.004,0.003,-0.001,-0.001,0.007
79915,2002/05/17,,11,1,1311,65129010,NFX,NEWFIELD EXPLORATION CO,,NFX,,N,A,R,30044,0,1,1382,65129010,,,,,,,,,13.000,138.000,,,,,,,,,,,,,,,36.850,38.160,37.080,200100.000,-0.028302,36.850,37.180,44276.000,2.000,2.000,38.160,,-0.028302,0.007,0.007,0.004,0.004,0.008
79915,2002/05/20,,11,1,1311,65129010,NFX,NEWFIELD EXPLORATION CO,,NFX,,N,A,R,30044,0,1,1382,65129010,,,,,,,,,13.000,138.000,,,,,,,,,,,,,,,36.500,37.130,36.880,166700.000,-0.005394,36.850,37.090,44276.000,2.000,2.000,37.010,,-0.005394,-0.012,-0.012,-0.006,-0.006,-0.013
79915,2002/05/21,,11,1,1311,65129010,NFX,NEWFIELD EXPLORATION CO,,NFX,,N,A,R,30044,0,1,1382,65129010,,,,,,,,,13.000,138.000,,,,,,,,,,,,,,,36.690,37.300,36.850,129300.000,-0.000814,36.700,36.750,44276.000,2.000,2.000,36.890,,-0.000814,-0.011,-0.011,-0.009,-0.009,-0.011
79915,2002/05/22,,11,1,1311,65129010,NFX,NEWFIELD EXPLORATION CO,,NFX,,N,A,R,30044,0,1,1382,65129010,,,,,,,,,13.000,138.000,,,,,,,,,,,,,,,36.500,37.100,36.840,159900.000,-0.000271,36.830,36.840,44276.000,2.000,2.000,36.850,,-0.000271,0.004,0.004,-0.002,-0.002,0.006
79915,2002/05/23,,11,1,1311,65129010,NFX,NEWFIELD EXPLORATION CO,,NFX,,N,A,R,30044,0,1,1382,65129010,,,,,,,,,13.000,138.000,,,,,,,,,,,,,,,36.550,37.100,37.040,163500.000,0.005429,37.030,37.040,44276.000,2.000,2.000,36.860,,0.005429,0.010,0.010,0.007,0.007,0.010
79915,2002/05/24,,11,1,1311,65129010,NFX,NEWFIELD EXPLORATION CO,,NFX,,N,A,R,30044,0,1,1382,65129010,,,,,,,,,13.000,138.000,,,,,,,,,,,,,,,36.770,37.300,37.190,152300.000,0.004050,37.050,37.290,44276.000,2.000,2.000,37.100,,0.004050,-0.011,-0.011,-0.005,-0.005,-0.012
79915,2002/05/28,,11,1,1311,65129010,NFX,NEWFIELD EXPLORATION CO,,NFX,,N,A,R,30044,0,1,1382,65129010,,,,,,,,,13.000,138.000,,,,,,,,,,,,,,,36.500,37.580,36.630,190100.000,-0.015058,36.630,36.640,44276.000,2.000,2.000,37.210,,-0.015058,-0.007,-0.007,-0.002,-0.002,-0.009
79915,2002/05/29,,11,1,1311,65129010,NFX,NEWFIELD EXPLORATION CO,,NFX,,N,A,R,30044,0,1,1382,65129010,,,,,,,,,13.000,138.000,,,,,,,,,,,,,,,36.010,36.660,36.550,261700.000,-0.002184,36.540,36.550,44276.000,2.000,2.000,36.630,,-0.002184,-0.007,-0.007,-0.006,-0.006,-0.006
79915,2002/05/30,,11,1,1311,65129010,NFX,NEWFIELD EXPLORATION CO,,NFX,,N,A,R,30044,0,1,1382,65129010,,,,,,,,,13.000,138.000,,,,,,,,,,,,,,,35.050,36.500,35.310,368300.000,-0.033926,35.170,35.480,44276.000,2.000,2.000,36.490,,-0.033926,-0.002,-0.002,-0.001,-0.001,-0.003
79915,2002/05/31,,11,1,1311,65129010,NFX,NEWFIELD EXPLORATION CO,,NFX,,N,A,R,30044,0,1,1382,65129010,,,,,,,,0.000,13.000,138.000,,,,,,,,,,,,,,,35.550,36.450,36.060,488000.000,0.021240,35.960,36.190,44350.000,2.000,2.000,35.550,,0.021240,0.002,0.002,0.003,0.003,0.002
79915,2002/06/03,,11,1,1311,65129010,NFX,NEWFIELD EXPLORATION CO,,NFX,,N,A,R,30044,0,1,1382,65129010,,,,,,,,,13.000,138.000,,,,,,,,,,,,,,,35.250,36.100,35.260,239500.000,-0.022185,35.250,35.460,44350.000,2.000,2.000,36.100,,-0.022185,-0.024,-0.024,-0.018,-0.018,-0.025
79915,2002/06/04,,11,1,1311,65129010,NFX,NEWFIELD EXPLORATION CO,,NFX,,N,A,R,30044,0,1,1382,65129010,,,,,,,,,13.000,138.000,,,,,,,,,,,,,,,35.260,36.430,35.890,365200.000,0.017867,35.870,35.900,44350.000,2.000,2.000,35.260,,0.017867,-0.001,-0.001,-0.004,-0.004,0.000
79915,2002/06/05,,11,1,1311,65129010,NFX,NEWFIELD EXPLORATION CO,,NFX,,N,A,R,30044,0,1,1382,65129010,,,,,,,,,13.000,138.000,,,,,,,,,,,,,,,34.900,35.890,35.330,228500.000,-0.015603,35.330,35.370,44350.000,2.000,2.000,35.890,,-0.015603,0.008,0.007,0.000,0.000,0.009
79915,2002/06/06,,11,1,1311,65129010,NFX,NEWFIELD EXPLORATION CO,,NFX,,N,A,R,30044,0,1,1382,65129010,,,,,,,,,13.000,138.000,,,,,,,,,,,,,,,34.900,36.180,35.360,96700.000,0.000849,35.340,35.400,44350.000,2.000,2.000,35.510,,0.000849,-0.018,-0.018,-0.015,-0.015,-0.020
79915,2002/06/07,,11,1,1311,65129010,NFX,NEWFIELD EXPLORATION CO,,NFX,,N,A,R,30044,0,1,1382,65129010,,,,,,,,,13.000,138.000,,,,,,,,,,,,,,,35.000,35.930,35.490,124100.000,0.003677,35.400,35.510,44350.000,2.000,2.000,35.300,,0.003677,-0.000,-0.000,0.002,0.002,-0.002
79915,2002/06/10,,11,1,1311,65129010,NFX,NEWFIELD EXPLORATION CO,,NFX,,N,A,R,30044,0,1,1382,65129010,,,,,,,,,13.000,138.000,,,,,,,,,,,,,,,34.700,35.700,34.710,179700.000,-0.021978,34.590,34.810,44350.000,2.000,2.000,35.500,,-0.021978,0.002,0.002,-0.003,-0.003,0.003
79915,2002/06/11,,11,1,1311,65129010,NFX,NEWFIELD EXPLORATION CO,,NFX,,N,A,R,30044,0,1,1382,65129010,,,,,,,,,13.000,138.000,,,,,,,,,,,,,,,34.200,34.990,34.350,213100.000,-0.010372,34.280,34.290,44350.000,2.000,2.000,34.700,,-0.010372,-0.016,-0.016,-0.009,-0.009,-0.017
79915,2002/06/12,,11,1,1311,65129010,NFX,NEWFIELD EXPLORATION CO,,NFX,,N,A,R,30044,0,1,1382,65129010,,,,,,,,,13.000,138.000,,,,,,,,,,,,,,,34.100,34.910,34.330,185600.000,-0.000582,34.230,34.440,44350.000,2.000,2.000,34.100,,-0.000582,0.005,0.004,-0.004,-0.005,0.007
79915,2002/06/13,,11,1,1311,65129010,NFX,NEWFIELD EXPLORATION CO,,NFX,,N,A,R,30044,0,1,1382,65129010,,,,,,,,,13.000,138.000,,,,,,,,,,,,,,,34.290,35.240,35.170,244400.000,0.024468,35.120,35.130,44350.000,2.000,2.000,34.350,,0.024468,-0.010,-0.010,-0.007,-0.007,-0.010
79915,2002/06/14,,11,1,1311,65129010,NFX,NEWFIELD EXPLORATION CO,,NFX,,N,A,R,30044,0,1,1382,65129010,,,,,,,,,13.000,138.000,,,,,,,,,,,,,,,34.200,35.490,35.430,147000.000,0.007393,35.430,35.460,44350.000,2.000,2.000,35.000,,0.007393,-0.001,-0.001,0.000,0.000,-0.002
79915,2002/06/17,,11,1,1311,65129010,NFX,NEWFIELD EXPLORATION CO,,NFX,,N,A,R,30044,0,1,1382,65129010,,,,,,,,,13.000,138.000,,,,,,,,,,,,,,,36.340,37.150,37.150,444000.000,0.048546,36.940,37.180,44350.000,2.000,2.000,36.500,,0.048546,0.027,0.027,0.015,0.015,0.029
79915,2002/06/18,,11,1,1311,65129010,NFX,NEWFIELD EXPLORATION CO,,NFX,,N,A,R,30044,0,1,1382,65129010,,,,,,,,,13.000,138.000,,,,,,,,,,,,,,,36.550,37.400,36.610,306300.000,-0.014536,36.610,36.630,44350.000,2.000,2.000,37.150,,-0.014536,0.000,0.000,-0.000,-0.001,0.001
79915,2002/06/19,,11,1,1311,65129010,NFX,NEWFIELD EXPLORATION CO,,NFX,,N,A,R,30044,0,1,1382,65129010,,,,,,,,,13.000,138.000,,,,,,,,,,,,,,,35.900,36.730,35.930,196500.000,-0.018574,35.920,35.930,44350.000,2.000,2.000,36.500,,-0.018574,-0.016,-0.016,-0.014,-0.015,-0.017
79915,2002/06/20,,11,1,1311,65129010,NFX,NEWFIELD EXPLORATION CO,,NFX,,N,A,R,30044,0,1,1382,65129010,,,,,,,,,13.000,138.000,,,,,,,,,,,,,,,35.000,36.600,35.040,439200.000,-0.024770,34.910,35.140,44350.000,2.000,2.000,36.050,,-0.024770,-0.013,-0.013,-0.004,-0.004,-0.013
79915,2002/06/21,,11,1,1311,65129010,NFX,NEWFIELD EXPLORATION CO,,NFX,,N,A,R,30044,0,1,1382,65129010,,,,,,,,,13.000,138.000,,,,,,,,,,,,,,,34.500,35.150,35.000,326600.000,-0.001142,34.890,35.100,44350.000,2.000,2.000,35.000,,-0.001142,-0.014,-0.014,-0.002,-0.002,-0.017
79915,2002/06/24,,11,1,1311,65129010,NFX,NEWFIELD EXPLORATION CO,,NFX,,N,A,R,30044,0,1,1382,65129010,,,,,,,,,13.000,138.000,,,,,,,,,,,,,,,34.700,35.190,34.990,870100.000,-0.000286,34.970,34.990,44350.000,2.000,2.000,35.000,,-0.000286,0.001,0.001,-0.005,-0.005,0.004
79915,2002/06/25,,11,1,1311,65129010,NFX,NEWFIELD EXPLORATION CO,,NFX,,N,A,R,30044,0,1,1382,65129010,,,,,,,,,13.000,138.000,,,,,,,,,,,,,,,35.080,35.900,35.700,413700.000,0.020291,35.470,35.680,44350.000,2.000,2.000,35.130,,0.020291,-0.015,-0.015,-0.008,-0.008,-0.017
79915,2002/06/26,,11,1,1311,65129010,NFX,NEWFIELD EXPLORATION CO,,NFX,,N,A,R,30044,0,1,1382,65129010,,,,,,,,,13.000,138.000,,,,,,,,,,,,,,,34.750,36.990,36.890,551100.000,0.033333,36.920,37.000,44350.000,2.000,2.000,35.690,,0.033333,-0.003,-0.004,-0.008,-0.009,-0.003
79915,2002/06/27,,11,1,1311,65129010,NFX,NEWFIELD EXPLORATION CO,,NFX,,N,A,R,30044,0,1,1382,65129010,,,,,,,,,13.000,138.000,,,,,,,,,,,,,,,36.020,37.250,36.800,342800.000,-0.002440,36.460,36.500,44350.000,2.000,2.000,36.900,,-0.002440,0.016,0.016,0.012,0.011,0.018
79915,2002/06/28,,11,1,1311,65129010,NFX,NEWFIELD EXPLORATION CO,,NFX,,N,A,R,30044,0,1,1382,65129010,,,,,,,,0.000,13.000,138.000,,,,,,,,,,,,,,,36.990,38.000,37.170,353300.000,0.010054,37.150,37.190,44350.000,2.000,2.000,37.430,,0.010054,0.002,0.002,0.012,0.012,-0.001
79915,2002/07/01,,11,1,1311,65129010,NFX,NEWFIELD EXPLORATION CO,,NFX,,N,A,R,30044,0,1,1382,65129010,,,,,,,,,13.000,138.000,,,,,,,,,,,,,,,36.460,37.490,36.780,214900.000,-0.010492,36.470,36.720,44350.000,2.000,2.000,37.250,,-0.010492,-0.022,-0.022,-0.019,-0.019,-0.021
79915,2002/07/02,,11,1,1311,65129010,NFX,NEWFIELD EXPLORATION CO,,NFX,,N,A,R,30044,0,1,1382,65129010,,,,,,,,,13.000,138.000,,,,,,,,,,,,,,,34.800,36.750,35.370,184300.000,-0.038336,35.270,35.480,44350.000,2.000,2.000,36.750,,-0.038336,-0.022,-0.023,-0.023,-0.023,-0.021
79915,2002/07/03,,11,1,1311,65129010,NFX,NEWFIELD EXPLORATION CO,,NFX,,N,A,R,30044,0,1,1382,65129010,,,,,,,,,13.000,138.000,,,,,,,,,,,,,,,34.350,35.750,35.190,257800.000,-0.005089,34.850,35.100,44350.000,2.000,2.000,35.380,,-0.005089,0.004,0.004,-0.005,-0.005,0.006
79915,2002/07/05,,11,1,1311,65129010,NFX,NEWFIELD EXPLORATION CO,,NFX,,N,A,R,30044,0,1,1382,65129010,,,,,,,,,13.000,138.000,,,,,,,,,,,,,,,35.220,36.000,35.950,84900.000,0.021597,35.910,35.960,44350.000,2.000,2.000,35.420,,0.021597,0.034,0.034,0.022,0.022,0.037
79915,2002/07/08,,11,1,1311,65129010,NFX,NEWFIELD EXPLORATION CO,,NFX,,N,A,R,30044,0,1,1382,65129010,,,,,,,,,13.000,138.000,,,,,,,,,,,,,,,34.790,36.300,35.130,229900.000,-0.022809,35.030,35.220,44350.000,2.000,2.000,35.950,,-0.022809,-0.011,-0.012,-0.008,-0.008,-0.012
79915,2002/07/09,,11,1,1311,65129010,NFX,NEWFIELD EXPLORATION CO,,NFX,,N,A,R,30044,0,1,1382,65129010,,,,,,,,,13.000,138.000,,,,,,,,,,,,,,,34.300,35.350,34.300,173800.000,-0.023627,34.520,34.600,44350.000,2.000,2.000,35.130,,-0.023627,-0.022,-0.022,-0.007,-0.007,-0.025
79915,2002/07/10,,11,1,1311,65129010,NFX,NEWFIELD EXPLORATION CO,,NFX,,N,A,R,30044,0,1,1382,65129010,,,,,,,,,13.000,138.000,,,,,,,,,,,,,,,33.700,34.500,33.860,203200.000,-0.012828,33.790,33.800,44350.000,2.000,2.000,34.410,,-0.012828,-0.030,-0.030,-0.016,-0.016,-0.034
79915,2002/07/11,,11,1,1311,65129010,NFX,NEWFIELD EXPLORATION CO,,NFX,,N,A,R,30044,0,1,1382,65129010,,,,,,,,,13.000,138.000,,,,,,,,,,,,,,,33.150,33.860,33.300,230700.000,-0.016539,33.190,33.400,44350.000,2.000,2.000,33.860,,-0.016539,0.005,0.005,-0.004,-0.004,0.007
79915,2002/07/12,,11,1,1311,65129010,NFX,NEWFIELD EXPLORATION CO,,NFX,,N,A,R,30044,0,1,1382,65129010,,,,,,,,,13.000,138.000,,,,,,,,,,,,,,,32.110,33.850,32.450,218600.000,-0.025525,32.340,32.550,44350.000,2.000,2.000,33.470,,-0.025525,-0.006,-0.006,-0.002,-0.002,-0.006
79915,2002/07/15,,11,1,1311,65129010,NFX,NEWFIELD EXPLORATION CO,,NFX,,N,A,R,30044,0,1,1382,65129010,,,,,,,,,13.000,138.000,,,,,,,,,,,,,,,31.140,32.450,32.040,153500.000,-0.012635,31.920,32.240,44350.000,2.000,2.000,32.450,,-0.012635,-0.005,-0.005,-0.010,-0.010,-0.004
79915,2002/07/16,,11,1,1311,65129010,NFX,NEWFIELD EXPLORATION CO,,NFX,,N,A,R,30044,0,1,1382,65129010,,,,,,,,,13.000,138.000,,,,,,,,,,,,,,,31.340,32.120,31.800,232700.000,-0.007491,31.470,31.850,44350.000,2.000,2.000,32.040,,-0.007491,-0.014,-0.014,-0.000,-0.000,-0.018
79915,2002/07/17,,11,1,1311,65129010,NFX,NEWFIELD EXPLORATION CO,,NFX,,N,A,R,30044,0,1,1382,65129010,,,,,,,,,13.000,138.000,,,,,,,,,,,,,,,31.610,33.000,32.500,222700.000,0.022013,32.460,32.500,44350.000,2.000,2.000,32.300,,0.022013,0.006,0.006,0.005,0.005,0.006
79915,2002/07/18,,11,1,1311,65129010,NFX,NEWFIELD EXPLORATION CO,,NFX,,N,A,R,30044,0,1,1382,65129010,,,,,,,,,13.000,138.000,,,,,,,,,,,,,,,31.900,33.250,32.100,265500.000,-0.012308,31.900,31.910,44350.000,2.000,2.000,32.350,,-0.012308,-0.025,-0.025,-0.014,-0.014,-0.027
79915,2002/07/19,,11,1,1311,65129010,NFX,NEWFIELD EXPLORATION CO,,NFX,,N,A,R,30044,0,1,1382,65129010,,,,,,,,,13.000,138.000,,,,,,,,,,,,,,,30.920,32.100,31.370,253500.000,-0.022741,30.980,31.070,44350.000,2.000,2.000,31.850,,-0.022741,-0.033,-0.033,-0.019,-0.019,-0.038
79915,2002/07/22,,11,1,1311,65129010,NFX,NEWFIELD EXPLORATION CO,,NFX,,N,A,R,30044,0,1,1382,65129010,,,,,,,,,13.000,138.000,,,,,,,,,,,,,,,28.620,31.210,29.150,241300.000,-0.070768,29.000,29.180,44350.000,2.000,2.000,31.200,,-0.070768,-0.032,-0.032,-0.021,-0.021,-0.033
79915,2002/07/23,,11,1,1311,65129010,NFX,NEWFIELD EXPLORATION CO,,NFX,,N,A,R,30044,0,1,1382,65129010,,,,,,,,,13.000,138.000,,,,,,,,,,,,,,,28.100,30.450,28.200,431000.000,-0.032590,28.190,28.260,44350.000,2.000,2.000,29.390,,-0.032590,-0.030,-0.030,-0.031,-0.031,-0.027
79915,2002/07/24,,11,1,1311,65129010,NFX,NEWFIELD EXPLORATION CO,,NFX,,N,A,R,30044,0,1,1382,65129010,,,,,,,,,13.000,138.000,,,,,,,,,,,,,,,27.160,29.050,28.950,811300.000,0.026596,28.880,29.120,44350.000,2.000,2.000,28.210,,0.026596,0.052,0.052,0.018,0.018,0.057
79915,2002/07/25,,11,1,1311,65129010,NFX,NEWFIELD EXPLORATION CO,,NFX,,N,A,R,30044,0,1,1382,65129010,,,,,,,,,13.000,138.000,,,,,,,,,,,,,,,28.490,29.470,29.100,523600.000,0.005181,29.030,29.100,44350.000,2.000,2.000,28.950,,0.005181,-0.006,-0.006,-0.003,-0.003,-0.006
79915,2002/07/26,,11,1,1311,65129010,NFX,NEWFIELD EXPLORATION CO,,NFX,,N,A,R,30044,0,1,1382,65129010,,,,,,,,,13.000,138.000,,,,,,,,,,,,,,,28.600,29.480,29.250,382300.000,0.005155,29.210,29.260,44350.000,2.000,2.000,29.310,,0.005155,0.015,0.015,0.007,0.007,0.017
79915,2002/07/29,,11,1,1311,65129010,NFX,NEWFIELD EXPLORATION CO,,NFX,,N,A,R,30044,0,1,1382,65129010,,,,,,,,,13.000,138.000,,,,,,,,,,,,,,,29.050,31.150,30.850,410600.000,0.054701,30.760,31.260,44350.000,2.000,2.000,29.050,,0.054701,0.053,0.053,0.035,0.035,0.054
79915,2002/07/30,,11,1,1311,65129010,NFX,NEWFIELD EXPLORATION CO,,NFX,,N,A,R,30044,0,1,1382,65129010,,,,,,,,,13.000,138.000,,,,,,,,,,,,,,,30.070,30.970,30.750,360200.000,-0.003242,30.650,30.930,44350.000,2.000,2.000,30.860,,-0.003242,0.005,0.005,0.005,0.005,0.004
79915,2002/07/31,,11,1,1311,65129010,NFX,NEWFIELD EXPLORATION CO,,NFX,,N,A,R,30044,0,1,1382,65129010,,,,,,,,0.000,13.000,138.000,,,,,,,,,,,,,,,30.570,32.000,31.540,311300.000,0.025691,31.820,31.890,44393.000,2.000,2.000,30.740,,0.025691,0.006,0.005,-0.004,-0.004,0.010
79915,2002/08/01,,11,1,1311,65129010,NFX,NEWFIELD EXPLORATION CO,,NFX,,N,A,R,30044,0,1,1382,65129010,,,,,,,,,13.000,138.000,,,,,,,,,,,,,,,30.500,31.620,30.580,390200.000,-0.030438,30.470,30.690,44393.000,2.000,2.000,31.550,,-0.030438,-0.026,-0.026,-0.009,-0.009,-0.030
79915,2002/08/02,,11,1,1311,65129010,NFX,NEWFIELD EXPLORATION CO,,NFX,,N,A,R,30044,0,1,1382,65129010,,,,,,,,,13.000,138.000,,,,,,,,,,,,,,,30.220,31.360,30.360,257400.000,-0.007194,30.260,30.610,44393.000,2.000,2.000,30.650,,-0.007194,-0.023,-0.023,-0.018,-0.018,-0.023
79915,2002/08/05,,11,1,1311,65129010,NFX,NEWFIELD EXPLORATION CO,,NFX,,N,A,R,30044,0,1,1382,65129010,,,,,,,,,13.000,138.000,,,,,,,,,,,,,,,29.110,30.790,29.500,417400.000,-0.028327,29.210,29.440,44393.000,2.000,2.000,30.000,,-0.028327,-0.033,-0.033,-0.021,-0.021,-0.034
79915,2002/08/06,,11,1,1311,65129010,NFX,NEWFIELD EXPLORATION CO,,NFX,,N,A,R,30044,0,1,1382,65129010,,,,,,,,,13.000,138.000,,,,,,,,,,,,,,,29.500,30.710,30.380,151100.000,0.029830,30.280,30.480,44393.000,2.000,2.000,29.500,,0.029830,0.030,0.030,0.022,0.022,0.030
79915,2002/08/07,,11,1,1311,65129010,NFX,NEWFIELD EXPLORATION CO,,NFX,,N,A,R,30044,0,1,1382,65129010,,,,,,,,,13.000,138.000,,,,,,,,,,,,,,,29.990,31.100,30.570,186500.000,0.006254,30.560,30.570,44393.000,2.000,2.000,30.590,,0.006254,0.017,0.017,0.004,0.004,0.020
79915,2002/08/08,,11,1,1311,65129010,NFX,NEWFIELD EXPLORATION CO,,NFX,,N,A,R,30044,0,1,1382,65129010,,,,,,,,,13.000,138.000,,,,,,,,,,,,,,,30.600,31.650,31.590,138000.000,0.033366,31.590,31.640,44393.000,2.000,2.000,30.600,,0.033366,0.029,0.029,0.011,0.011,0.033
79915,2002/08/09,,11,1,1311,65129010,NFX,NEWFIELD EXPLORATION CO,,NFX,,N,A,R,30044,0,1,1382,65129010,,,,,,,,,13.000,138.000,,,,,,,,,,,,,,,31.160,32.600,32.500,179800.000,0.028807,32.500,32.680,44393.000,2.000,2.000,31.600,,0.028807,0.003,0.003,0.002,0.002,0.004
79915,2002/08/12,,11,1,1311,65129010,NFX,NEWFIELD EXPLORATION CO,,NFX,,N,A,R,30044,0,1,1382,65129010,,,,,,,,,13.000,138.000,,,,,,,,,,,,,,,31.550,33.320,32.950,392700.000,0.013846,33.020,33.050,44393.000,2.000,2.000,32.500,,0.013846,-0.004,-0.004,0.000,0.000,-0.005
79915,2002/08/13,,11,1,1311,65129010,NFX,NEWFIELD EXPLORATION CO,,NFX,,N,A,R,30044,0,1,1382,65129010,,,,,,,,,13.000,138.000,,,,,,,,,,,,,,,32.370,33.070,32.370,103400.000,-0.017602,32.270,32.480,44393.000,2.000,2.000,32.950,,-0.017602,-0.020,-0.020,-0.012,-0.012,-0.022
79915,2002/08/14,,11,1,1311,65129010,NFX,NEWFIELD EXPLORATION CO,,NFX,,N,A,R,30044,0,1,1382,65129010,,,,,,,,,13.000,138.000,,,,,,,,,,,,,,,32.130,32.860,32.390,510200.000,0.000618,32.280,32.570,44393.000,2.000,2.000,32.620,,0.000618,0.035,0.035,0.016,0.016,0.040
79915,2002/08/15,,11,1,1311,65129010,NFX,NEWFIELD EXPLORATION CO,,NFX,,N,A,R,30044,0,1,1382,65129010,,,,,,,,,13.000,138.000,,,,,,,,,,,,,,,32.400,33.500,33.440,321600.000,0.032417,33.310,33.550,44393.000,2.000,2.000,32.400,,0.032417,0.012,0.012,0.005,0.005,0.012
79915,2002/08/16,,11,1,1311,65129010,NFX,NEWFIELD EXPLORATION CO,,NFX,,N,A,R,30044,0,1,1382,65129010,,,,,,,,,13.000,138.000,,,,,,,,,,,,,,,33.000,33.600,33.590,213400.000,0.004486,33.470,33.690,44393.000,2.000,2.000,33.450,,0.004486,0.001,0.001,0.007,0.007,-0.002
79915,2002/08/19,,11,1,1311,65129010,NFX,NEWFIELD EXPLORATION CO,,NFX,,N,A,R,30044,0,1,1382,65129010,,,,,,,,,13.000,138.000,,,,,,,,,,,,,,,32.500,34.050,32.860,388100.000,-0.021733,32.760,32.980,44393.000,2.000,2.000,33.590,,-0.021733,0.021,0.021,0.012,0.012,0.024
79915,2002/08/20,,11,1,1311,65129010,NFX,NEWFIELD EXPLORATION CO,,NFX,,N,A,R,30044,0,1,1382,65129010,,,,,,,,,13.000,138.000,,,,,,,,,,,,,,,32.390,32.900,32.600,194600.000,-0.007912,32.550,32.610,44393.000,2.000,2.000,32.900,,-0.007912,-0.012,-0.012,-0.004,-0.004,-0.014
79915,2002/08/21,,11,1,1311,65129010,NFX,NEWFIELD EXPLORATION CO,,NFX,,N,A,R,30044,0,1,1382,65129010,,,,,,,,,13.000,138.000,,,,,,,,,,,,,,,32.200,32.940,32.880,236300.000,0.008589,32.730,32.980,44393.000,2.000,2.000,32.630,,0.008589,0.014,0.013,0.017,0.017,0.013
79915,2002/08/22,,11,1,1311,65129010,NFX,NEWFIELD EXPLORATION CO,,NFX,,N,A,R,30044,0,1,1382,65129010,,,,,,,,,13.000,138.000,,,,,,,,,,,,,,,32.810,33.510,33.260,386400.000,0.011557,33.160,33.430,44393.000,2.000,2.000,32.910,,0.011557,0.013,0.013,0.012,0.012,0.014
79915,2002/08/23,,11,1,1311,65129010,NFX,NEWFIELD EXPLORATION CO,,NFX,,N,A,R,30044,0,1,1382,65129010,,,,,,,,,13.000,138.000,,,,,,,,,,,,,,,33.000,33.920,33.820,500600.000,0.016837,33.820,33.930,44393.000,2.000,2.000,33.210,,0.016837,-0.022,-0.022,-0.009,-0.009,-0.023
79915,2002/08/26,,11,1,1311,65129010,NFX,NEWFIELD EXPLORATION CO,,NFX,,N,A,R,30044,0,1,1382,65129010,,,,,,,,,13.000,138.000,,,,,,,,,,,,,,,33.610,34.400,34.220,206500.000,0.011827,34.210,34.220,44393.000,2.000,2.000,34.070,,0.011827,0.008,0.008,0.011,0.011,0.008
79915,2002/08/27,,11,1,1311,65129010,NFX,NEWFIELD EXPLORATION CO,,NFX,,N,A,R,30044,0,1,1382,65129010,,,,,,,,,13.000,138.000,,,,,,,,,,,,,,,34.230,34.670,34.510,199800.000,0.008474,34.300,34.520,44393.000,2.000,2.000,34.470,,0.008474,-0.014,-0.014,-0.011,-0.011,-0.014
79915,2002/08/28,,11,1,1311,65129010,NFX,NEWFIELD EXPLORATION CO,,NFX,,N,A,R,30044,0,1,1382,65129010,,,,,,,,,13.000,138.000,,,,,,,,,,,,,,,33.430,34.510,33.690,139300.000,-0.023761,33.660,33.700,44393.000,2.000,2.000,34.510,,-0.023761,-0.018,-0.018,-0.013,-0.013,-0.018
79915,2002/08/29,,11,1,1311,65129010,NFX,NEWFIELD EXPLORATION CO,,NFX,,N,A,R,30044,0,1,1382,65129010,,,,,,,,,13.000,138.000,,,,,,,,,,,,,,,32.910,33.690,33.160,113900.000,-0.015732,33.220,33.440,44393.000,2.000,2.000,33.690,,-0.015732,0.002,0.002,0.004,0.003,-0.000
79915,2002/08/30,,11,1,1311,65129010,NFX,NEWFIELD EXPLORATION CO,,NFX,,N,A,R,30044,0,1,1382,65129010,,,,,,,,0.000,13.000,138.000,,,,,,,,,,,,,,,33.200,34.200,33.900,146000.000,0.022316,34.030,34.040,44412.000,2.000,2.000,33.200,,0.022316,-0.002,-0.002,0.003,0.003,-0.002
79915,2002/09/03,,11,1,1311,65129010,NFX,NEWFIELD EXPLORATION CO,,NFX,,N,A,R,30044,0,1,1382,65129010,,,,,,,,,13.000,138.000,,,,,,,,,,,,,,,32.500,33.700,32.560,165100.000,-0.039528,32.460,32.720,44412.000,2.000,2.000,33.700,,-0.039528,-0.038,-0.038,-0.023,-0.024,-0.042
79915,2002/09/04,,11,1,1311,65129010,NFX,NEWFIELD EXPLORATION CO,,NFX,,N,A,R,30044,0,1,1382,65129010,,,,,,,,,13.000,138.000,,,,,,,,,,,,,,,31.330,32.800,32.120,421000.000,-0.013514,32.020,32.240,44412.000,2.000,2.000,32.800,,-0.013514,0.017,0.017,0.012,0.012,0.018
79915,2002/09/05,,11,1,1311,65129010,NFX,NEWFIELD EXPLORATION CO,,NFX,,N,A,R,30044,0,1,1382,65129010,,,,,,,,,13.000,138.000,,,,,,,,,,,,,,,31.600,32.260,32.030,236200.000,-0.002802,32.020,32.110,44412.000,2.000,2.000,31.990,,-0.002802,-0.015,-0.015,-0.013,-0.013,-0.016
79915,2002/09/06,,11,1,1311,65129010,NFX,NEWFIELD EXPLORATION CO,,NFX,,N,A,R,30044,0,1,1382,65129010,,,,,,,,,13.000,138.000,,,,,,,,,,,,,,,32.150,32.630,32.600,68000.000,0.017796,32.580,32.600,44412.000,2.000,2.000,32.390,,0.017796,0.018,0.018,0.015,0.015,0.017
79915,2002/09/09,,11,1,1311,65129010,NFX,NEWFIELD EXPLORATION CO,,NFX,,N,A,R,30044,0,1,1382,65129010,,,,,,,,,13.000,138.000,,,,,,,,,,,,,,,32.080,33.500,32.990,280400.000,0.011963,32.990,33.000,44412.000,2.000,2.000,32.600,,0.011963,0.009,0.009,0.000,0.000,0.010
79915,2002/09/10,,11,1,1311,65129010,NFX,NEWFIELD EXPLORATION CO,,NFX,,N,A,R,30044,0,1,1382,65129010,,,,,,,,,13.000,138.000,,,,,,,,,,,,,,,32.250,33.500,32.750,305600.000,-0.007275,32.750,32.800,44412.000,2.000,2.000,33.100,,-0.007275,0.006,0.006,0.003,0.003,0.007
79915,2002/09/11,,11,1,1311,65129010,NFX,NEWFIELD EXPLORATION CO,,NFX,,N,A,R,30044,0,1,1382,65129010,,,,,,,,,13.000,138.000,,,,,,,,,,,,,,,32.700,33.030,32.700,80900.000,-0.001527,32.850,32.860,44412.000,2.000,2.000,32.980,,-0.001527,0.001,0.000,0.002,0.002,-0.000
79915,2002/09/12,,11,1,1311,65129010,NFX,NEWFIELD EXPLORATION CO,,NFX,,N,A,R,30044,0,1,1382,65129010,,,,,,,,,13.000,138.000,,,,,,,,,,,,,,,31.630,32.650,32.000,218300.000,-0.021407,31.900,32.160,44412.000,2.000,2.000,32.600,,-0.021407,-0.023,-0.023,-0.011,-0.011,-0.025
79915,2002/09/13,,11,1,1311,65129010,NFX,NEWFIELD EXPLORATION CO,,NFX,,N,A,R,30044,0,1,1382,65129010,,,,,,,,,13.000,138.000,,,,,,,,,,,,,,,31.850,33.000,32.600,199200.000,0.018750,32.520,32.740,44412.000,2.000,2.000,32.010,,0.018750,0.003,0.003,0.002,0.002,0.003
79915,2002/09/16,,11,1,1311,65129010,NFX,NEWFIELD EXPLORATION CO,,NFX,,N,A,R,30044,0,1,1382,65129010,,,,,,,,,13.000,138.000,,,,,,,,,,,,,,,32.400,32.970,32.890,129200.000,0.008896,32.680,32.990,44412.000,2.000,2.000,32.500,,0.008896,-0.000,-0.000,-0.006,-0.006,0.001
79915,2002/09/17,,11,1,1311,65129010,NFX,NEWFIELD EXPLORATION CO,,NFX,,N,A,R,30044,0,1,1382,65129010,,,,,,,,,13.000,138.000,,,,,,,,,,,,,,,31.640,32.890,32.240,156500.000,-0.019763,32.240,32.250,44412.000,2.000,2.000,32.890,,-0.019763,-0.018,-0.018,-0.012,-0.012,-0.020
79915,2002/09/18,,11,1,1311,65129010,NFX,NEWFIELD EXPLORATION CO,,NFX,,N,A,R,30044,0,1,1382,65129010,,,,,,,,,13.000,138.000,,,,,,,,,,,,,,,31.710,32.560,32.230,87800.000,-0.000310,32.210,32.250,44412.000,2.000,2.000,32.410,,-0.000310,-0.005,-0.005,-0.007,-0.007,-0.005
79915,2002/09/19,,11,1,1311,65129010,NFX,NEWFIELD EXPLORATION CO,,NFX,,N,A,R,30044,0,1,1382,65129010,,,,,,,,,13.000,138.000,,,,,,,,,,,,,,,31.630,32.490,31.650,171300.000,-0.017996,31.650,31.670,44412.000,2.000,2.000,32.240,,-0.017996,-0.029,-0.029,-0.018,-0.018,-0.030
79915,2002/09/20,,11,1,1311,65129010,NFX,NEWFIELD EXPLORATION CO,,NFX,,N,A,R,30044,0,1,1382,65129010,,,,,,,,,13.000,138.000,,,,,,,,,,,,,,,31.460,32.100,31.610,226500.000,-0.001264,31.500,31.750,44412.000,2.000,2.000,31.900,,-0.001264,0.002,0.002,0.001,0.001,0.002
79915,2002/09/23,,11,1,1311,65129010,NFX,NEWFIELD EXPLORATION CO,,NFX,,N,A,R,30044,0,1,1382,65129010,,,,,,,,,13.000,138.000,,,,,,,,,,,,,,,31.480,32.310,31.910,174500.000,0.009491,31.800,32.010,44412.000,2.000,2.000,31.620,,0.009491,-0.015,-0.015,-0.019,-0.019,-0.014
79915,2002/09/24,,11,1,1311,65129010,NFX,NEWFIELD EXPLORATION CO,,NFX,,N,A,R,30044,0,1,1382,65129010,,,,,,,,,13.000,138.000,,,,,,,,,,,,,,,31.300,31.910,31.550,255500.000,-0.011282,31.450,31.660,44412.000,2.000,2.000,31.910,,-0.011282,-0.015,-0.015,-0.011,-0.011,-0.017
79915,2002/09/25,,11,1,1311,65129010,NFX,NEWFIELD EXPLORATION CO,,NFX,,N,A,R,30044,0,1,1382,65129010,,,,,,,,,13.000,138.000,,,,,,,,,,,,,,,31.340,32.140,31.730,181100.000,0.005705,31.620,31.830,44412.000,2.000,2.000,31.760,,0.005705,0.024,0.024,0.016,0.016,0.025
79915,2002/09/26,,11,1,1311,65129010,NFX,NEWFIELD EXPLORATION CO,,NFX,,N,A,R,30044,0,1,1382,65129010,,,,,,,,,13.000,138.000,,,,,,,,,,,,,,,31.970,33.370,33.300,200700.000,0.049480,33.280,33.300,44412.000,2.000,2.000,31.970,,0.049480,0.017,0.017,0.008,0.008,0.018
79915,2002/09/27,,11,1,1311,65129010,NFX,NEWFIELD EXPLORATION CO,,NFX,,N,A,R,30044,0,1,1382,65129010,,,,,,,,,13.000,138.000,,,,,,,,,,,,,,,33.040,33.860,33.510,149400.000,0.006306,33.500,33.680,44412.000,2.000,2.000,33.300,,0.006306,-0.028,-0.028,-0.015,-0.015,-0.032
79915,2002/09/30,,11,1,1311,65129010,NFX,NEWFIELD EXPLORATION CO,,NFX,,N,A,R,30044,0,1,1382,65129010,,,,,,,,0.000,13.000,138.000,,,,,,,,,,,,,,,32.850,33.640,33.590,243200.000,0.002387,33.590,33.600,44412.000,2.000,2.000,33.640,,0.002387,-0.012,-0.012,-0.004,-0.004,-0.015
79915,2002/10/01,,11,1,1311,65129010,NFX,NEWFIELD EXPLORATION CO,,NFX,,N,A,R,30044,0,1,1382,65129010,,,,,,,,,13.000,138.000,,,,,,,,,,,,,,,33.250,34.220,34.220,233400.000,0.018756,33.860,34.220,44412.000,2.000,2.000,33.430,,0.018756,0.034,0.034,0.008,0.008,0.040
79915,2002/10/02,,11,1,1311,65129010,NFX,NEWFIELD EXPLORATION CO,,NFX,,N,A,R,30044,0,1,1382,65129010,,,,,,,,,13.000,138.000,,,,,,,,,,,,,,,33.780,34.650,33.790,257600.000,-0.012566,33.780,33.800,44412.000,2.000,2.000,34.220,,-0.012566,-0.023,-0.023,-0.012,-0.012,-0.024
79915,2002/10/03,,11,1,1311,65129010,NFX,NEWFIELD EXPLORATION CO,,NFX,,N,A,R,30044,0,1,1382,65129010,,,,,,,,,13.000,138.000,,,,,,,,,,,,,,,33.050,34.100,34.000,303400.000,0.006215,34.020,34.050,44412.000,2.000,2.000,33.600,,0.006215,-0.011,-0.011,-0.006,-0.006,-0.011
79915,2002/10/04,,11,1,1311,65129010,NFX,NEWFIELD EXPLORATION CO,,NFX,,N,A,R,30044,0,1,1382,65129010,,,,,,,,,13.000,138.000,,,,,,,,,,,,,,,33.480,34.200,33.560,201300.000,-0.012941,33.550,33.560,44412.000,2.000,2.000,34.000,,-0.012941,-0.022,-0.022,-0.016,-0.016,-0.022
79915,2002/10/07,,11,1,1311,65129010,NFX,NEWFIELD EXPLORATION CO,,NFX,,N,A,R,30044,0,1,1382,65129010,,,,,,,,,13.000,138.000,,,,,,,,,,,,,,,32.980,33.700,33.000,124700.000,-0.016687,32.940,33.000,44412.000,2.000,2.000,33.160,,-0.016687,-0.020,-0.020,-0.021,-0.021,-0.019
79915,2002/10/08,,11,1,1311,65129010,NFX,NEWFIELD EXPLORATION CO,,NFX,,N,A,R,30044,0,1,1382,65129010,,,,,,,,,13.000,138.000,,,,,,,,,,,,,,,32.050,33.400,32.450,199000.000,-0.016667,32.430,32.660,44412.000,2.000,2.000,33.400,,-0.016667,0.014,0.014,-0.002,-0.002,0.017
79915,2002/10/09,,11,1,1311,65129010,NFX,NEWFIELD EXPLORATION CO,,NFX,,N,A,R,30044,0,1,1382,65129010,,,,,,,,,13.000,138.000,,,,,,,,,,,,,,,31.530,32.400,31.670,155100.000,-0.024037,31.560,31.670,44412.000,2.000,2.000,32.400,,-0.024037,-0.027,-0.028,-0.024,-0.024,-0.027
79915,2002/10/10,,11,1,1311,65129010,NFX,NEWFIELD EXPLORATION CO,,NFX,,N,A,R,30044,0,1,1382,65129010,,,,,,,,,13.000,138.000,,,,,,,,,,,,,,,31.240,32.190,32.190,239800.000,0.016419,32.180,32.200,44412.000,2.000,2.000,31.500,,0.016419,0.034,0.034,0.015,0.015,0.035
79915,2002/10/11,,11,1,1311,65129010,NFX,NEWFIELD EXPLORATION CO,,NFX,,N,A,R,30044,0,1,1382,65129010,,,,,,,,,13.000,138.000,,,,,,,,,,,,,,,31.870,32.750,32.500,301100.000,0.009630,32.460,32.630,44412.000,2.000,2.000,32.440,,0.009630,0.037,0.037,0.026,0.026,0.039
79915,2002/10/14,,11,1,1311,65129010,NFX,NEWFIELD EXPLORATION CO,,NFX,,N,A,R,30044,0,1,1382,65129010,,,,,,,,,13.000,138.000,,,,,,,,,,,,,,,32.370,33.420,33.220,146500.000,0.022154,33.110,33.480,44412.000,2.000,2.000,32.400,,0.022154,0.007,0.007,0.003,0.003,0.007
79915,2002/10/15,,11,1,1311,65129010,NFX,NEWFIELD EXPLORATION CO,,NFX,,N,A,R,30044,0,1,1382,65129010,,,,,,,,,13.000,138.000,,,,,,,,,,,,,,,33.500,34.200,33.770,257800.000,0.016556,33.750,33.770,44412.000,2.000,2.000,33.890,,0.016556,0.045,0.045,0.031,0.031,0.047
79915,2002/10/16,,11,1,1311,65129010,NFX,NEWFIELD EXPLORATION CO,,NFX,,N,A,R,30044,0,1,1382,65129010,,,,,,,,,13.000,138.000,,,,,,,,,,,,,,,33.210,34.000,33.780,356200.000,0.000296,33.770,33.840,44412.000,2.000,2.000,33.600,,0.000296,-0.023,-0.023,-0.012,-0.012,-0.024
79915,2002/10/17,,11,1,1311,65129010,NFX,NEWFIELD EXPLORATION CO,,NFX,,N,A,R,30044,0,1,1382,65129010,,,,,,,,,13.000,138.000,,,,,,,,,,,,,,,34.480,35.000,34.900,751700.000,0.033156,34.890,34.900,44412.000,2.000,2.000,35.000,,0.033156,0.024,0.024,0.026,0.026,0.022
79915,2002/10/18,,11,1,1311,65129010,NFX,NEWFIELD EXPLORATION CO,,NFX,,N,A,R,30044,0,1,1382,65129010,,,,,,,,,13.000,138.000,,,,,,,,,,,,,,,34.500,35.330,35.130,233300.000,0.006590,35.220,35.310,44412.000,2.000,2.000,34.810,,0.006590,0.005,0.005,0.002,0.002,0.006
79915,2002/10/21,,11,1,1311,65129010,NFX,NEWFIELD EXPLORATION CO,,NFX,,N,A,R,30044,0,1,1382,65129010,,,,,,,,,13.000,138.000,,,,,,,,,,,,,,,35.050,36.510,36.280,313100.000,0.032735,36.270,36.280,44412.000,2.000,2.000,35.130,,0.032735,0.016,0.016,0.010,0.010,0.017
79915,2002/10/22,,11,1,1311,65129010,NFX,NEWFIELD EXPLORATION CO,,NFX,,N,A,R,30044,0,1,1382,65129010,,,,,,,,,13.000,138.000,,,,,,,,,,,,,,,35.100,36.030,35.350,539500.000,-0.025634,35.180,35.390,44412.000,2.000,2.000,36.030,,-0.025634,-0.011,-0.011,-0.006,-0.006,-0.011
79915,2002/10/23,,11,1,1311,65129010,NFX,NEWFIELD EXPLORATION CO,,NFX,,N,A,R,30044,0,1,1382,65129010,,,,,,,,,13.000,138.000,,,,,,,,,,,,,,,35.170,36.490,36.300,290800.000,0.026874,36.270,36.290,44412.000,2.000,2.000,35.170,,0.026874,0.007,0.007,0.013,0.012,0.007
79915,2002/10/24,,11,1,1311,65129010,NFX,NEWFIELD EXPLORATION CO,,NFX,,N,A,R,30044,0,1,1382,65129010,,,,,,,,,13.000,138.000,,,,,,,,,,,,,,,35.270,36.300,35.580,165600.000,-0.019835,35.570,35.590,44412.000,2.000,2.000,36.200,,-0.019835,-0.013,-0.013,0.001,0.001,-0.015
79915,2002/10/25,,11,1,1311,65129010,NFX,NEWFIELD EXPLORATION CO,,NFX,,N,A,R,30044,0,1,1382,65129010,,,,,,,,,13.000,138.000,,,,,,,,,,,,,,,33.880,35.550,34.190,240300.000,-0.039067,34.240,34.480,44412.000,2.000,2.000,35.550,,-0.039067,0.016,0.016,0.014,0.014,0.017
79915,2002/10/28,,11,1,1311,65129010,NFX,NEWFIELD EXPLORATION CO,,NFX,,N,A,R,30044,0,1,1382,65129010,,,,,,,,,13.000,138.000,,,,,,,,,,,,,,,33.690,34.650,34.650,420300.000,0.013454,34.400,34.630,44412.000,2.000,2.000,34.280,,0.013454,-0.008,-0.008,0.000,0.000,-0.008
79915,2002/10/29,,11,1,1311,65129010,NFX,NEWFIELD EXPLORATION CO,,NFX,,N,A,R,30044,0,1,1382,65129010,,,,,,,,,13.000,138.000,,,,,,,,,,,,,,,33.730,34.550,34.500,225600.000,-0.004329,34.210,34.510,44412.000,2.000,2.000,34.550,,-0.004329,-0.009,-0.009,-0.004,-0.004,-0.009
79915,2002/10/30,,11,1,1311,65129010,NFX,NEWFIELD EXPLORATION CO,,NFX,,N,A,R,30044,0,1,1382,65129010,,,,,,,,,13.000,138.000,,,,,,,,,,,,,,,34.490,35.150,34.970,279800.000,0.013623,34.870,35.080,44412.000,2.000,2.000,34.500,,0.013623,0.011,0.010,0.012,0.012,0.010
79915,2002/10/31,,11,1,1311,65129010,NFX,NEWFIELD EXPLORATION CO,,NFX,,N,A,R,30044,0,1,1382,65129010,,,,,,,,0.000,13.000,138.000,,,,,,,,,,,,,,,34.900,35.950,34.990,451400.000,0.000572,34.950,34.980,44412.000,2.000,2.000,35.200,,0.000572,-0.004,-0.004,0.006,0.006,-0.006
79915,2002/11/01,,11,1,1311,65129010,NFX,NEWFIELD EXPLORATION CO,,NFX,,N,A,R,30044,0,1,1382,65129010,,,,,,,,,13.000,138.000,,,,,,,,,,,,,,,34.480,35.930,35.930,446500.000,0.026865,35.630,35.860,44412.000,2.000,2.000,34.490,,0.026865,0.017,0.017,0.018,0.018,0.017
79915,2002/11/04,,11,1,1311,65129010,NFX,NEWFIELD EXPLORATION CO,,NFX,,N,A,R,30044,0,1,1382,65129010,,,,,,,,,13.000,138.000,,,,,,,,,,,,,,,35.500,35.930,35.750,432200.000,-0.005010,35.700,35.770,44412.000,2.000,2.000,35.930,,-0.005010,0.009,0.009,0.015,0.015,0.008
79915,2002/11/05,,11,1,1311,65129010,NFX,NEWFIELD EXPLORATION CO,,NFX,,N,A,R,30044,0,1,1382,65129010,,,,,,,,,13.000,138.000,,,,,,,,,,,,,,,35.110,36.200,35.400,861900.000,-0.009790,35.290,35.410,44412.000,2.000,2.000,35.550,,-0.009790,0.006,0.006,0.002,0.002,0.008
79915,2002/11/06,,11,1,1311,65129010,NFX,NEWFIELD EXPLORATION CO,,NFX,,N,A,R,30044,0,1,1382,65129010,,,,,,,,,13.000,138.000,,,,,,,,,,,,,,,34.910,35.800,35.520,381400.000,0.003390,35.520,35.880,44412.000,2.000,2.000,35.400,,0.003390,0.010,0.010,0.016,0.016,0.009
79915,2002/11/07,,11,1,1311,65129010,NFX,NEWFIELD EXPLORATION CO,,NFX,,N,A,R,30044,0,1,1382,65129010,,,,,,,,,13.000,138.000,,,,,,,,,,,,,,,35.100,35.710,35.640,287000.000,0.003378,35.630,35.640,44412.000,2.000,2.000,35.450,,0.003378,-0.022,-0.022,-0.011,-0.011,-0.023
79915,2002/11/08,,11,1,1311,65129010,NFX,NEWFIELD EXPLORATION CO,,NFX,,N,A,R,30044,0,1,1382,65129010,,,,,,,,,13.000,138.000,,,,,,,,,,,,,,,35.180,35.640,35.420,287400.000,-0.006173,35.350,35.430,44412.000,2.000,2.000,35.640,,-0.006173,-0.009,-0.009,-0.003,-0.003,-0.009
79915,2002/11/11,,11,1,1311,65129010,NFX,NEWFIELD EXPLORATION CO,,NFX,,N,A,R,30044,0,1,1382,65129010,,,,,,,,,13.000,138.000,,,,,,,,,,,,,,,34.660,35.680,34.990,144800.000,-0.012140,34.840,35.000,44412.000,2.000,2.000,35.400,,-0.012140,-0.020,-0.020,-0.014,-0.014,-0.021
79915,2002/11/12,,11,1,1311,65129010,NFX,NEWFIELD EXPLORATION CO,,NFX,,N,A,R,30044,0,1,1382,65129010,,,,,,,,,13.000,138.000,,,,,,,,,,,,,,,34.740,35.190,34.770,256300.000,-0.006288,34.660,34.870,44412.000,2.000,2.000,35.040,,-0.006288,0.008,0.008,0.009,0.009,0.008
79915,2002/11/13,,11,1,1311,65129010,NFX,NEWFIELD EXPLORATION CO,,NFX,,N,A,R,30044,0,1,1382,65129010,,,,,,,,,13.000,138.000,,,,,,,,,,,,,,,33.760,35.000,34.200,488300.000,-0.016393,33.910,34.320,44412.000,2.000,2.000,34.700,,-0.016393,-0.000,-0.001,0.000,-0.000,-0.000
79915,2002/11/14,,11,1,1311,65129010,NFX,NEWFIELD EXPLORATION CO,,NFX,,N,A,R,30044,0,1,1382,65129010,,,,,,,,,13.000,138.000,,,,,,,,,,,,,,,34.310,34.790,34.400,746700.000,0.005848,34.280,34.500,44412.000,2.000,2.000,34.370,,0.005848,0.024,0.024,0.017,0.017,0.025
79915,2002/11/15,,11,1,1311,65129010,NFX,NEWFIELD EXPLORATION CO,,NFX,,N,A,R,30044,0,1,1382,65129010,,,,,,,,,13.000,138.000,,,,,,,,,,,,,,,34.250,34.980,34.950,266300.000,0.015988,34.940,34.960,44412.000,2.000,2.000,34.370,,0.015988,0.006,0.006,0.003,0.003,0.006
79915,2002/11/18,,11,1,1311,65129010,NFX,NEWFIELD EXPLORATION CO,,NFX,,N,A,R,30044,0,1,1382,65129010,,,,,,,,,13.000,138.000,,,,,,,,,,,,,,,34.960,35.910,35.640,288900.000,0.019742,35.510,35.730,44412.000,2.000,2.000,34.960,,0.019742,-0.009,-0.009,-0.002,-0.002,-0.010
79915,2002/11/19,,11,1,1311,65129010,NFX,NEWFIELD EXPLORATION CO,,NFX,,N,A,R,30044,0,1,1382,65129010,,,,,,,,,13.000,138.000,,,,,,,,,,,,,,,35.500,36.180,35.650,262400.000,0.000281,35.580,35.660,44412.000,2.000,2.000,35.500,,0.000281,-0.005,-0.005,-0.003,-0.003,-0.004
79915,2002/11/20,,11,1,1311,65129010,NFX,NEWFIELD EXPLORATION CO,,NFX,,N,A,R,30044,0,1,1382,65129010,,,,,,,,,13.000,138.000,,,,,,,,,,,,,,,35.540,36.650,36.650,221700.000,0.028050,36.560,36.570,44412.000,2.000,2.000,35.650,,0.028050,0.018,0.018,0.016,0.016,0.019
79915,2002/11/21,,11,1,1311,65129010,NFX,NEWFIELD EXPLORATION CO,,NFX,,N,A,R,30044,0,1,1382,65129010,,,,,,,,,13.000,138.000,,,,,,,,,,,,,,,36.450,37.100,36.780,123800.000,0.003547,36.920,36.950,44412.000,2.000,2.000,36.700,,0.003547,0.021,0.021,0.018,0.018,0.021
79915,2002/11/22,,11,1,1311,65129010,NFX,NEWFIELD EXPLORATION CO,,NFX,,N,A,R,30044,0,1,1382,65129010,,,,,,,,,13.000,138.000,,,,,,,,,,,,,,,36.220,36.690,36.240,102700.000,-0.014682,36.150,36.410,44412.000,2.000,2.000,36.600,,-0.014682,-0.002,-0.002,0.006,0.006,-0.003
79915,2002/11/25,,11,1,1311,65129010,NFX,NEWFIELD EXPLORATION CO,,NFX,,N,A,R,30044,0,1,1382,65129010,,,,,,,,,13.000,138.000,,,,,,,,,,,,,,,36.050,36.640,36.050,314300.000,-0.005243,35.940,36.160,44412.000,2.000,2.000,36.100,,-0.005243,0.003,0.003,0.012,0.012,0.003
79915,2002/11/26,,11,1,1311,65129010,NFX,NEWFIELD EXPLORATION CO,,NFX,,N,A,R,30044,0,1,1382,65129010,,,,,,,,,13.000,138.000,,,,,,,,,,,,,,,35.350,36.010,35.490,311300.000,-0.015534,35.490,35.500,44412.000,2.000,2.000,36.000,,-0.015534,-0.020,-0.020,-0.006,-0.006,-0.021
79915,2002/11/27,,11,1,1311,65129010,NFX,NEWFIELD EXPLORATION CO,,NFX,,N,A,R,30044,0,1,1382,65129010,,,,,,,,0.000,13.000,138.000,,,,,,,,,,,,,,,35.500,36.240,36.000,784100.000,0.014370,35.890,36.110,51627.000,2.000,2.000,35.500,,0.014370,0.027,0.027,0.022,0.022,0.028
79915,2002/11/29,,11,1,1311,65129010,NFX,NEWFIELD EXPLORATION CO,,NFX,,N,A,R,30044,0,1,1382,65129010,,,,,,,,0.000,13.000,138.000,,,,,,,,,,,,,,,35.910,36.530,36.170,116300.000,0.004722,36.200,36.230,51627.000,2.000,2.000,35.910,,0.004722,-0.003,-0.003,0.005,0.005,-0.003
79915,2002/12/02,,11,1,1311,65129010,NFX,NEWFIELD EXPLORATION CO,,NFX,,N,A,R,30044,0,1,1382,65129010,,,,,,,,,13.000,138.000,,,,,,,,,,,,,,,36.190,37.150,37.080,258700.000,0.025159,37.060,37.080,51627.000,2.000,2.000,36.310,,0.025159,-0.000,-0.000,0.004,0.004,-0.002
79915,2002/12/03,,11,1,1311,65129010,NFX,NEWFIELD EXPLORATION CO,,NFX,,N,A,R,30044,0,1,1382,65129010,,,,,,,,,13.000,138.000,,,,,,,,,,,,,,,37.000,37.510,37.420,1062100.000,0.009169,37.300,37.530,51627.000,2.000,2.000,37.050,,0.009169,-0.015,-0.015,-0.010,-0.010,-0.015
79915,2002/12/04,,11,1,1311,65129010,NFX,NEWFIELD EXPLORATION CO,,NFX,,N,A,R,30044,0,1,1382,65129010,,,,,,,,,13.000,138.000,,,,,,,,,,,,,,,36.750,37.250,37.000,284800.000,-0.011224,36.890,37.100,51627.000,2.000,2.000,37.170,,-0.011224,-0.004,-0.004,-0.005,-0.005,-0.003
79915,2002/12/05,,11,1,1311,65129010,NFX,NEWFIELD EXPLORATION CO,,NFX,,N,A,R,30044,0,1,1382,65129010,,,,,,,,,13.000,138.000,,,,,,,,,,,,,,,36.990,37.490,37.390,212900.000,0.010541,37.220,37.490,51627.000,2.000,2.000,37.060,,0.010541,-0.011,-0.011,-0.006,-0.006,-0.012
79915,2002/12/06,,11,1,1311,65129010,NFX,NEWFIELD EXPLORATION CO,,NFX,,N,A,R,30044,0,1,1382,65129010,,,,,,,,,13.000,138.000,,,,,,,,,,,,,,,37.300,38.050,38.000,171200.000,0.016315,37.970,38.000,51627.000,2.000,2.000,37.300,,0.016315,0.006,0.006,0.003,0.003,0.006
79915,2002/12/09,,11,1,1311,65129010,NFX,NEWFIELD EXPLORATION CO,,NFX,,N,A,R,30044,0,1,1382,65129010,,,,,,,,,13.000,138.000,,,,,,,,,,,,,,,37.260,38.470,37.270,255300.000,-0.019211,37.140,37.380,51627.000,2.000,2.000,37.900,,-0.019211,-0.022,-0.022,-0.018,-0.018,-0.022
79915,2002/12/10,,11,1,1311,65129010,NFX,NEWFIELD EXPLORATION CO,,NFX,,N,A,R,30044,0,1,1382,65129010,,,,,,,,,13.000,138.000,,,,,,,,,,,,,,,36.700,37.560,37.490,464000.000,0.005903,37.360,37.590,51627.000,2.000,2.000,37.090,,0.005903,0.014,0.014,0.009,0.009,0.014
79915,2002/12/11,,11,1,1311,65129010,NFX,NEWFIELD EXPLORATION CO,,NFX,,N,A,R,30044,0,1,1382,65129010,,,,,,,,,13.000,138.000,,,,,,,,,,,,,,,36.860,37.290,36.950,302100.000,-0.014404,36.940,36.950,51627.000,2.000,2.000,37.240,,-0.014404,0.001,0.001,0.002,0.001,0.001
79915,2002/12/12,,11,1,1311,65129010,NFX,NEWFIELD EXPLORATION CO,,NFX,,N,A,R,30044,0,1,1382,65129010,,,,,,,,,13.000,138.000,,,,,,,,,,,,,,,36.550,38.790,38.790,883700.000,0.049797,38.510,38.900,51627.000,2.000,2.000,36.950,,0.049797,-0.002,-0.002,0.002,0.002,-0.004
79915,2002/12/13,,11,1,1311,65129010,NFX,NEWFIELD EXPLORATION CO,,NFX,,N,A,R,30044,0,1,1382,65129010,,,,,,,,,13.000,138.000,,,,,,,,,,,,,,,38.500,39.240,38.570,700700.000,-0.005672,38.480,38.740,51627.000,2.000,2.000,38.790,,-0.005672,-0.013,-0.013,-0.010,-0.010,-0.013
79915,2002/12/16,,11,1,1311,65129010,NFX,NEWFIELD EXPLORATION CO,,NFX,,N,A,R,30044,0,1,1382,65129010,,,,,,,,,13.000,138.000,,,,,,,,,,,,,,,38.250,39.070,38.500,547600.000,-0.001815,38.330,38.570,51627.000,2.000,2.000,38.550,,-0.001815,0.022,0.022,0.009,0.009,0.024
79915,2002/12/17,,11,1,1311,65129010,NFX,NEWFIELD EXPLORATION CO,,NFX,,N,A,R,30044,0,1,1382,65129010,,,,,,,,,13.000,138.000,,,,,,,,,,,,,,,37.970,38.590,37.970,253700.000,-0.013766,38.010,38.220,51627.000,2.000,2.000,38.490,,-0.013766,-0.008,-0.008,-0.005,-0.005,-0.008
79915,2002/12/18,,11,1,1311,65129010,NFX,NEWFIELD EXPLORATION CO,,NFX,,N,A,R,30044,0,1,1382,65129010,,,,,,,,,13.000,138.000,,,,,,,,,,,,,,,37.010,37.970,37.140,411800.000,-0.021859,37.020,37.290,51627.000,2.000,2.000,37.970,,-0.021859,-0.013,-0.013,-0.013,-0.013,-0.013
79915,2002/12/19,,11,1,1311,65129010,NFX,NEWFIELD EXPLORATION CO,,NFX,,N,A,R,30044,0,1,1382,65129010,,,,,,,,,13.000,138.000,,,,,,,,,,,,,,,36.250,36.740,36.490,1786600.000,-0.017501,36.400,36.590,51627.000,2.000,2.000,36.300,,-0.017501,-0.007,-0.007,-0.004,-0.004,-0.008
79915,2002/12/20,,11,1,1311,65129010,NFX,NEWFIELD EXPLORATION CO,,NFX,,N,A,R,30044,0,1,1382,65129010,,,,,,,,,13.000,138.000,,,,,,,,,,,,,,,36.240,36.850,36.260,1609400.000,-0.006303,36.280,36.340,51627.000,2.000,2.000,36.510,,-0.006303,0.012,0.012,0.004,0.004,0.013
79915,2002/12/23,,11,1,1311,65129010,NFX,NEWFIELD EXPLORATION CO,,NFX,,N,A,R,30044,0,1,1382,65129010,,,,,,,,,13.000,138.000,,,,,,,,,,,,,,,36.250,36.650,36.610,405000.000,0.009653,36.600,36.620,51627.000,2.000,2.000,36.300,,0.009653,0.003,0.003,0.002,0.002,0.002
79915,2002/12/24,,11,1,1311,65129010,NFX,NEWFIELD EXPLORATION CO,,NFX,,N,A,R,30044,0,1,1382,65129010,,,,,,,,,13.000,138.000,,,,,,,,,,,,,,,36.450,36.680,36.540,151000.000,-0.001912,36.490,36.540,51627.000,2.000,2.000,36.550,,-0.001912,-0.005,-0.005,0.001,0.001,-0.005
79915,2002/12/26,,11,1,1311,65129010,NFX,NEWFIELD EXPLORATION CO,,NFX,,N,A,R,30044,0,1,1382,65129010,,,,,,,,,13.000,138.000,,,,,,,,,,,,,,,36.400,36.740,36.470,274900.000,-0.001916,36.420,36.540,51627.000,2.000,2.000,36.740,,-0.001916,-0.002,-0.002,0.002,0.002,-0.003
79915,2002/12/27,,11,1,1311,65129010,NFX,NEWFIELD EXPLORATION CO,,NFX,,N,A,R,30044,0,1,1382,65129010,,,,,,,,,13.000,138.000,,,,,,,,,,,,,,,35.640,36.550,35.740,306600.000,-0.020016,35.660,35.710,51627.000,2.000,2.000,36.480,,-0.020016,-0.015,-0.015,-0.005,-0.006,-0.016
79915,2002/12/30,,11,1,1311,65129010,NFX,NEWFIELD EXPLORATION CO,,NFX,,N,A,R,30044,0,1,1382,65129010,,,,,,,,,13.000,138.000,,,,,,,,,,,,,,,35.540,36.260,35.980,467800.000,0.006715,35.890,35.990,51627.000,2.000,2.000,35.740,,0.006715,0.003,0.003,-0.004,-0.004,0.005
79915,2002/12/31,,11,1,1311,65129010,NFX,NEWFIELD EXPLORATION CO,,NFX,,N,A,R,30044,0,1,1382,65129010,,,,,,,,0.000,13.000,138.000,,,,,,,,,,,,,,,35.200,36.050,36.050,291100.000,0.001946,35.860,35.880,51627.000,2.000,2.000,35.890,,0.001946,0.002,0.002,0.010,0.010,0.000
79915,2003/01/02,,11,1,1311,65129010,NFX,NEWFIELD EXPLORATION CO,,NFX,,N,A,R,30044,0,1,1382,65129010,,,,,,,,,13.000,138.000,,,,,,,,,,,,,,,36.120,36.900,36.550,922900.000,0.013870,36.570,36.590,51627.000,2.000,2.000,36.120,,0.013870,0.030,0.030,0.020,0.020,0.033
79915,2003/01/03,,11,1,1311,65129010,NFX,NEWFIELD EXPLORATION CO,,NFX,,N,A,R,30044,0,1,1382,65129010,,,,,,,,,13.000,138.000,,,,,,,,,,,,,,,35.800,36.860,35.920,551700.000,-0.017237,35.820,36.060,51627.000,2.000,2.000,36.700,,-0.017237,-0.000,-0.000,0.002,0.002,-0.000
79915,2003/01/06,,11,1,1311,65129010,NFX,NEWFIELD EXPLORATION CO,,NFX,,N,A,R,30044,0,1,1382,65129010,,,,,,,,,13.000,138.000,,,,,,,,,,,,,,,35.480,36.000,35.500,596600.000,-0.011693,35.370,35.590,51627.000,2.000,2.000,35.920,,-0.011693,0.020,0.020,0.013,0.013,0.022
79915,2003/01/07,,11,1,1311,65129010,NFX,NEWFIELD EXPLORATION CO,,NFX,,N,A,R,30044,0,1,1382,65129010,,,,,,,,,13.000,138.000,,,,,,,,,,,,,,,33.740,35.500,33.960,731700.000,-0.043380,33.950,33.960,51627.000,2.000,2.000,35.500,,-0.043380,-0.007,-0.007,-0.001,-0.001,-0.007
79915,2003/01/08,,11,1,1311,65129010,NFX,NEWFIELD EXPLORATION CO,,NFX,,N,A,R,30044,0,1,1382,65129010,,,,,,,,,13.000,138.000,,,,,,,,,,,,,,,33.500,34.380,33.670,510000.000,-0.008539,33.540,33.760,51627.000,2.000,2.000,33.960,,-0.008539,-0.013,-0.014,-0.007,-0.007,-0.014
79915,2003/01/09,,11,1,1311,65129010,NFX,NEWFIELD EXPLORATION CO,,NFX,,N,A,R,30044,0,1,1382,65129010,,,,,,,,,13.000,138.000,,,,,,,,,,,,,,,33.300,33.940,33.600,752300.000,-0.002079,33.690,33.700,51627.000,2.000,2.000,33.760,,-0.002079,0.018,0.018,0.013,0.013,0.019
79915,2003/01/10,,11,1,1311,65129010,NFX,NEWFIELD EXPLORATION CO,,NFX,,N,A,R,30044,0,1,1382,65129010,,,,,,,,,13.000,138.000,,,,,,,,,,,,,,,32.970,33.690,33.090,358800.000,-0.015179,33.030,33.100,51627.000,2.000,2.000,33.600,,-0.015179,0.001,0.001,0.004,0.004,-0.000
79915,2003/01/13,,11,1,1311,65129010,NFX,NEWFIELD EXPLORATION CO,,NFX,,N,A,R,30044,0,1,1382,65129010,,,,,,,,,13.000,138.000,,,,,,,,,,,,,,,32.660,33.410,33.240,367000.000,0.004533,33.110,33.240,51627.000,2.000,2.000,33.200,,0.004533,-0.001,-0.001,0.002,0.002,-0.001
79915,2003/01/14,,11,1,1311,65129010,NFX,NEWFIELD EXPLORATION CO,,NFX,,N,A,R,30044,0,1,1382,65129010,,,,,,,,,13.000,138.000,,,,,,,,,,,,,,,32.600,33.530,32.600,479800.000,-0.019254,32.560,32.780,51627.000,2.000,2.000,33.500,,-0.019254,0.005,0.005,0.007,0.007,0.006
79915,2003/01/15,,11,1,1311,65129010,NFX,NEWFIELD EXPLORATION CO,,NFX,,N,A,R,30044,0,1,1382,65129010,,,,,,,,,13.000,138.000,,,,,,,,,,,,,,,32.700,33.920,33.890,564500.000,0.039571,33.800,34.010,51627.000,2.000,2.000,32.750,,0.039571,-0.012,-0.012,-0.003,-0.003,-0.014
79915,2003/01/16,,11,1,1311,65129010,NFX,NEWFIELD EXPLORATION CO,,NFX,,N,A,R,30044,0,1,1382,65129010,,,,,,,,,13.000,138.000,,,,,,,,,,,,,,,33.910,35.000,34.300,378200.000,0.012098,34.300,34.350,51627.000,2.000,2.000,33.910,,0.012098,-0.003,-0.003,0.000,0.000,-0.004
79915,2003/01/17,,11,1,1311,65129010,NFX,NEWFIELD EXPLORATION CO,,NFX,,N,A,R,30044,0,1,1382,65129010,,,,,,,,,13.000,138.000,,,,,,,,,,,,,,,34.000,34.450,34.320,225400.000,0.000583,34.240,34.320,51627.000,2.000,2.000,34.300,,0.000583,-0.014,-0.014,-0.009,-0.009,-0.014
79915,2003/01/21,,11,1,1311,65129010,NFX,NEWFIELD EXPLORATION CO,,NFX,,N,A,R,30044,0,1,1382,65129010,,,,,,,,,13.000,138.000,,,,,,,,,,,,,,,33.250,34.230,33.660,361000.000,-0.019231,33.650,33.760,51627.000,2.000,2.000,34.200,,-0.019231,-0.015,-0.015,-0.008,-0.008,-0.016
79915,2003/01/22,,11,1,1311,65129010,NFX,NEWFIELD EXPLORATION CO,,NFX,,N,A,R,30044,0,1,1382,65129010,,,,,,,,,13.000,138.000,,,,,,,,,,,,,,,32.890,33.770,33.240,391600.000,-0.012478,33.240,33.270,51627.000,2.000,2.000,33.660,,-0.012478,-0.009,-0.009,-0.004,-0.004,-0.010
79915,2003/01/23,,11,1,1311,65129010,NFX,NEWFIELD EXPLORATION CO,,NFX,,N,A,R,30044,0,1,1382,65129010,,,,,,,,,13.000,138.000,,,,,,,,,,,,,,,32.860,33.490,33.130,801200.000,-0.003309,33.090,33.150,51627.000,2.000,2.000,33.490,,-0.003309,0.010,0.010,0.006,0.006,0.010
79915,2003/01/24,,11,1,1311,65129010,NFX,NEWFIELD EXPLORATION CO,,NFX,,N,A,R,30044,0,1,1382,65129010,,,,,,,,,13.000,138.000,,,,,,,,,,,,,,,31.620,33.140,32.400,777000.000,-0.022034,32.260,32.530,51627.000,2.000,2.000,32.880,,-0.022034,-0.026,-0.026,-0.014,-0.014,-0.029
79915,2003/01/27,,11,1,1311,65129010,NFX,NEWFIELD EXPLORATION CO,,NFX,,N,A,R,30044,0,1,1382,65129010,,,,,,,,,13.000,138.000,,,,,,,,,,,,,,,31.620,32.400,31.630,576400.000,-0.023766,31.660,31.710,51627.000,2.000,2.000,32.400,,-0.023766,-0.016,-0.016,-0.014,-0.014,-0.016
79915,2003/01/28,,11,1,1311,65129010,NFX,NEWFIELD EXPLORATION CO,,NFX,,N,A,R,30044,0,1,1382,65129010,,,,,,,,,13.000,138.000,,,,,,,,,,,,,,,31.560,32.070,31.900,530700.000,0.008536,31.750,32.020,51627.000,2.000,2.000,31.640,,0.008536,0.012,0.012,0.008,0.008,0.013
79915,2003/01/29,,11,1,1311,65129010,NFX,NEWFIELD EXPLORATION CO,,NFX,,N,A,R,30044,0,1,1382,65129010,,,,,,,,,13.000,138.000,,,,,,,,,,,,,,,31.750,32.740,32.600,279400.000,0.021944,32.600,32.640,51627.000,2.000,2.000,31.750,,0.021944,0.006,0.006,0.002,0.002,0.007
79915,2003/01/30,,11,1,1311,65129010,NFX,NEWFIELD EXPLORATION CO,,NFX,,N,A,R,30044,0,1,1382,65129010,,,,,,,,,13.000,138.000,,,,,,,,,,,,,,,32.490,32.990,32.600,357400.000,0.000000,32.280,32.790,51627.000,2.000,2.000,32.750,,0.000000,-0.020,-0.020,-0.011,-0.011,-0.023
79915,2003/01/31,,11,1,1311,65129010,NFX,NEWFIELD EXPLORATION CO,,NFX,,N,A,R,30044,0,1,1382,65129010,,,,,,,,0.000,13.000,138.000,,,,,,,,,,,,,,,32.400,33.100,33.070,351600.000,0.014417,33.060,33.070,51627.000,2.000,2.000,32.530,,0.014417,0.013,0.013,0.008,0.008,0.013
79915,2003/02/03,,11,1,1311,65129010,NFX,NEWFIELD EXPLORATION CO,,NFX,,N,A,R,30044,0,1,1382,65129010,,,,,,,,,13.000,138.000,,,,,,,,,,,,,,,32.670,33.250,33.020,343400.000,-0.001512,32.910,33.180,51627.000,2.000,2.000,33.100,,-0.001512,0.004,0.004,-0.002,-0.002,0.005
79915,2003/02/04,,11,1,1311,65129010,NFX,NEWFIELD EXPLORATION CO,,NFX,,N,A,R,30044,0,1,1382,65129010,,,,,,,,,13.000,138.000,,,,,,,,,,,,,,,32.790,34.000,33.860,687400.000,0.025439,33.970,33.990,51627.000,2.000,2.000,33.010,,0.025439,-0.013,-0.013,-0.005,-0.005,-0.014
79915,2003/02/05,,11,1,1311,65129010,NFX,NEWFIELD EXPLORATION CO,,NFX,,N,A,R,30044,0,1,1382,65129010,,,,,,,,,13.000,138.000,,,,,,,,,,,,,,,33.580,34.300,33.580,542400.000,-0.008269,33.510,33.730,51627.000,2.000,2.000,33.870,,-0.008269,-0.005,-0.005,-0.002,-0.002,-0.005
79915,2003/02/06,,11,1,1311,65129010,NFX,NEWFIELD EXPLORATION CO,,NFX,,N,A,R,30044,0,1,1382,65129010,,,,,,,,,13.000,138.000,,,,,,,,,,,,,,,33.350,33.760,33.610,258300.000,0.000893,33.600,33.610,51627.000,2.000,2.000,33.600,,0.000893,-0.006,-0.006,-0.004,-0.004,-0.006
79915,2003/02/07,,11,1,1311,65129010,NFX,NEWFIELD EXPLORATION CO,,NFX,,N,A,R,30044,0,1,1382,65129010,,,,,,,,,13.000,138.000,,,,,,,,,,,,,,,33.330,34.040,33.500,269700.000,-0.003273,33.490,33.550,51627.000,2.000,2.000,33.800,,-0.003273,-0.010,-0.010,-0.008,-0.008,-0.010
79915,2003/02/10,,11,1,1311,65129010,NFX,NEWFIELD EXPLORATION CO,,NFX,,N,A,R,30044,0,1,1382,65129010,,,,,,,,,13.000,138.000,,,,,,,,,,,,,,,33.450,33.770,33.650,292800.000,0.004478,33.660,33.680,51627.000,2.000,2.000,33.500,,0.004478,0.006,0.006,0.002,0.002,0.008
79915,2003/02/11,,11,1,1311,65129010,NFX,NEWFIELD EXPLORATION CO,,NFX,,N,A,R,30044,0,1,1382,65129010,,,,,,,,,13.000,138.000,,,,,,,,,,,,,,,33.350,34.030,33.550,774700.000,-0.002972,33.440,33.670,51627.000,2.000,2.000,33.900,,-0.002972,-0.006,-0.006,-0.002,-0.002,-0.008
79915,2003/02/12,,11,1,1311,65129010,NFX,NEWFIELD EXPLORATION CO,,NFX,,N,A,R,30044,0,1,1382,65129010,,,,,,,,,13.000,138.000,,,,,,,,,,,,,,,32.610,33.790,32.680,353100.000,-0.025931,32.680,32.690,51627.000,2.000,2.000,33.550,,-0.025931,-0.012,-0.013,-0.009,-0.009,-0.013
79915,2003/02/13,,11,1,1311,65129010,NFX,NEWFIELD EXPLORATION CO,,NFX,,N,A,R,30044,0,1,1382,65129010,,,,,,,,,13.000,138.000,,,,,,,,,,,,,,,32.510,33.210,32.800,519500.000,0.003672,32.770,32.800,51627.000,2.000,2.000,32.900,,0.003672,-0.002,-0.002,-0.005,-0.005,-0.002
79915,2003/02/14,,11,1,1311,65129010,NFX,NEWFIELD EXPLORATION CO,,NFX,,N,A,R,30044,0,1,1382,65129010,,,,,,,,,13.000,138.000,,,,,,,,,,,,,,,32.100,32.850,32.310,549500.000,-0.014939,32.300,32.320,51627.000,2.000,2.000,32.850,,-0.014939,0.018,0.018,0.008,0.008,0.021
79915,2003/02/18,,11,1,1311,65129010,NFX,NEWFIELD EXPLORATION CO,,NFX,,N,A,R,30044,0,1,1382,65129010,,,,,,,,,13.000,138.000,,,,,,,,,,,,,,,32.050,32.830,32.830,581700.000,0.016094,32.560,32.900,51627.000,2.000,2.000,32.450,,0.016094,0.019,0.019,0.013,0.013,0.019
79915,2003/02/19,,11,1,1311,65129010,NFX,NEWFIELD EXPLORATION CO,,NFX,,N,A,R,30044,0,1,1382,65129010,,,,,,,,,13.000,138.000,,,,,,,,,,,,,,,33.050,34.000,33.590,1047000.000,0.023150,33.570,33.600,51627.000,2.000,2.000,33.050,,0.023150,-0.007,-0.007,-0.004,-0.004,-0.007
79915,2003/02/20,,11,1,1311,65129010,NFX,NEWFIELD EXPLORATION CO,,NFX,,N,A,R,30044,0,1,1382,65129010,,,,,,,,,13.000,138.000,,,,,,,,,,,,,,,33.310,34.070,33.570,437200.000,-0.000595,33.550,33.590,51627.000,2.000,2.000,33.680,,-0.000595,-0.007,-0.007,0.000,0.000,-0.010
79915,2003/02/21,,11,1,1311,65129010,NFX,NEWFIELD EXPLORATION CO,,NFX,,N,A,R,30044,0,1,1382,65129010,,,,,,,,,13.000,138.000,,,,,,,,,,,,,,,33.600,34.650,34.560,579100.000,0.029491,34.420,34.650,51627.000,2.000,2.000,33.600,,0.029491,0.012,0.012,0.008,0.008,0.013
79915,2003/02/24,,11,1,1311,65129010,NFX,NEWFIELD EXPLORATION CO,,NFX,,N,A,R,30044,0,1,1382,65129010,,,,,,,,,13.000,138.000,,,,,,,,,,,,,,,34.500,35.180,34.750,2007500.000,0.005498,34.630,34.850,51627.000,2.000,2.000,34.600,,0.005498,-0.017,-0.017,-0.009,-0.009,-0.018
79915,2003/02/25,,11,1,1311,65129010,NFX,NEWFIELD EXPLORATION CO,,NFX,,N,A,R,30044,0,1,1382,65129010,,,,,,,,,13.000,138.000,,,,,,,,,,,,,,,33.840,34.980,34.220,649400.000,-0.015252,34.100,34.370,51627.000,2.000,2.000,34.740,,-0.015252,0.006,0.006,0.001,0.001,0.007
79915,2003/02/26,,11,1,1311,65129010,NFX,NEWFIELD EXPLORATION CO,,NFX,,N,A,R,30044,0,1,1382,65129010,,,,,,,,,13.000,138.000,,,,,,,,,,,,,,,33.880,34.430,34.330,520000.000,0.003215,34.220,34.510,51627.000,2.000,2.000,34.230,,0.003215,-0.011,-0.012,-0.006,-0.006,-0.013
79915,2003/02/27,,11,1,1311,65129010,NFX,NEWFIELD EXPLORATION CO,,NFX,,N,A,R,30044,0,1,1382,65129010,,,,,,,,,13.000,138.000,,,,,,,,,,,,,,,33.610,34.600,33.790,458700.000,-0.015730,33.820,33.830,51627.000,2.000,2.000,34.500,,-0.015730,0.011,0.011,0.007,0.006,0.012
79915,2003/02/28,,11,1,1311,65129010,NFX,NEWFIELD EXPLORATION CO,,NFX,,N,A,R,30044,0,1,1382,65129010,,,,,,,,0.000,13.000,138.000,,,,,,,,,,,,,,,33.770,34.290,34.100,304600.000,0.009174,33.970,34.200,51627.000,2.000,2.000,33.790,,0.009174,0.004,0.004,0.002,0.002,0.005
79915,2003/03/03,,11,1,1311,65129010,NFX,NEWFIELD EXPLORATION CO,,NFX,,N,A,R,30044,0,1,1382,65129010,,,,,,,,,13.000,138.000,,,,,,,,,,,,,,,33.710,34.260,33.710,244200.000,-0.011437,33.500,33.850,51627.000,2.000,2.000,34.100,,-0.011437,-0.006,-0.006,-0.002,-0.002,-0.008
79915,2003/03/04,,11,1,1311,65129010,NFX,NEWFIELD EXPLORATION CO,,NFX,,N,A,R,30044,0,1,1382,65129010,,,,,,,,,13.000,138.000,,,,,,,,,,,,,,,33.550,34.250,34.120,489700.000,0.012163,34.010,34.220,51627.000,2.000,2.000,33.550,,0.012163,-0.014,-0.014,-0.007,-0.007,-0.015
79915,2003/03/05,,11,1,1311,65129010,NFX,NEWFIELD EXPLORATION CO,,NFX,,N,A,R,30044,0,1,1382,65129010,,,,,,,,,13.000,138.000,,,,,,,,,,,,,,,34.040,34.720,34.430,594000.000,0.009086,34.290,34.410,51627.000,2.000,2.000,34.370,,0.009086,0.007,0.007,-0.001,-0.001,0.010
79915,2003/03/06,,11,1,1311,65129010,NFX,NEWFIELD EXPLORATION CO,,NFX,,N,A,R,30044,0,1,1382,65129010,,,,,,,,,13.000,138.000,,,,,,,,,,,,,,,33.790,34.330,34.180,950500.000,-0.007261,34.010,34.180,51627.000,2.000,2.000,34.330,,-0.007261,-0.008,-0.008,-0.006,-0.006,-0.009
79915,2003/03/07,,11,1,1311,65129010,NFX,NEWFIELD EXPLORATION CO,,NFX,,N,A,R,30044,0,1,1382,65129010,,,,,,,,,13.000,138.000,,,,,,,,,,,,,,,33.760,34.060,33.890,275800.000,-0.008485,33.800,33.980,51627.000,2.000,2.000,34.000,,-0.008485,0.007,0.007,-0.001,-0.001,0.008
79915,2003/03/10,,11,1,1311,65129010,NFX,NEWFIELD EXPLORATION CO,,NFX,,N,A,R,30044,0,1,1382,65129010,,,,,,,,,13.000,138.000,,,,,,,,,,,,,,,33.830,34.340,34.030,286100.000,0.004131,33.920,34.150,51627.000,2.000,2.000,33.890,,0.004131,-0.023,-0.023,-0.013,-0.013,-0.026
79915,2003/03/11,,11,1,1311,65129010,NFX,NEWFIELD EXPLORATION CO,,NFX,,N,A,R,30044,0,1,1382,65129010,,,,,,,,,13.000,138.000,,,,,,,,,,,,,,,33.580,34.220,33.800,195200.000,-0.006759,33.740,33.760,51627.000,2.000,2.000,34.200,,-0.006759,-0.008,-0.008,-0.003,-0.003,-0.008
79915,2003/03/12,,11,1,1311,65129010,NFX,NEWFIELD EXPLORATION CO,,NFX,,N,A,R,30044,0,1,1382,65129010,,,,,,,,,13.000,138.000,,,,,,,,,,,,,,,32.820,33.710,32.820,320000.000,-0.028994,32.870,32.900,51627.000,2.000,2.000,33.680,,-0.028994,0.002,0.002,-0.003,-0.003,0.004
79915,2003/03/13,,11,1,1311,65129010,NFX,NEWFIELD EXPLORATION CO,,NFX,,N,A,R,30044,0,1,1382,65129010,,,,,,,,,13.000,138.000,,,,,,,,,,,,,,,32.010,33.400,32.500,473000.000,-0.009750,32.470,32.490,51627.000,2.000,2.000,33.400,,-0.009750,0.032,0.032,0.018,0.018,0.034
79915,2003/03/14,,11,1,1311,65129010,NFX,NEWFIELD EXPLORATION CO,,NFX,,N,A,R,30044,0,1,1382,65129010,,,,,,,,,13.000,138.000,,,,,,,,,,,,,,,31.870,32.590,32.100,526500.000,-0.012308,32.040,32.100,51627.000,2.000,2.000,32.500,,-0.012308,0.001,0.001,0.002,0.002,0.002
79915,2003/03/17,,11,1,1311,65129010,NFX,NEWFIELD EXPLORATION CO,,NFX,,N,A,R,30044,0,1,1382,65129010,,,,,,,,,13.000,138.000,,,,,,,,,,,,,,,31.700,32.800,31.990,400600.000,-0.003427,31.830,32.090,51627.000,2.000,2.000,32.250,,-0.003427,0.033,0.033,0.017,0.017,0.035
79915,2003/03/18,,11,1,1311,65129010,NFX,NEWFIELD EXPLORATION CO,,NFX,,N,A,R,30044,0,1,1382,65129010,,,,,,,,,13.000,138.000,,,,,,,,,,,,,,,31.350,32.720,32.690,513700.000,0.021882,32.610,32.630,51627.000,2.000,2.000,31.980,,0.021882,0.005,0.005,0.006,0.006,0.004
79915,2003/03/19,,11,1,1311,65129010,NFX,NEWFIELD EXPLORATION CO,,NFX,,N,A,R,30044,0,1,1382,65129010,,,,,,,,,13.000,138.000,,,,,,,,,,,,,,,32.320,33.010,32.860,325700.000,0.005200,32.770,33.000,51627.000,2.000,2.000,32.770,,0.005200,0.007,0.007,0.003,0.003,0.009
79915,2003/03/20,,11,1,1311,65129010,NFX,NEWFIELD EXPLORATION CO,,NFX,,N,A,R,30044,0,1,1382,65129010,,,,,,,,,13.000,138.000,,,,,,,,,,,,,,,32.710,33.700,33.380,451500.000,0.015825,33.290,33.390,51627.000,2.000,2.000,32.870,,0.015825,0.003,0.003,0.004,0.004,0.002
79915,2003/03/21,,11,1,1311,65129010,NFX,NEWFIELD EXPLORATION CO,,NFX,,N,A,R,30044,0,1,1382,65129010,,,,,,,,,13.000,138.000,,,,,,,,,,,,,,,32.700,33.650,33.130,440400.000,-0.007490,32.920,33.200,51627.000,2.000,2.000,33.630,,-0.007490,0.021,0.021,0.013,0.013,0.023
79915,2003/03/24,,11,1,1311,65129010,NFX,NEWFIELD EXPLORATION CO,,NFX,,N,A,R,30044,0,1,1382,65129010,,,,,,,,,13.000,138.000,,,,,,,,,,,,,,,32.150,33.100,32.410,320400.000,-0.021733,32.310,32.520,51627.000,2.000,2.000,32.900,,-0.021733,-0.033,-0.033,-0.018,-0.018,-0.035
79915,2003/03/25,,11,1,1311,65129010,NFX,NEWFIELD EXPLORATION CO,,NFX,,N,A,R,30044,0,1,1382,65129010,,,,,,,,,13.000,138.000,,,,,,,,,,,,,,,32.410,32.980,32.810,430300.000,0.012342,32.690,32.910,51627.000,2.000,2.000,32.410,,0.012342,0.012,0.012,0.009,0.009,0.012
79915,2003/03/26,,11,1,1311,65129010,NFX,NEWFIELD EXPLORATION CO,,NFX,,N,A,R,30044,0,1,1382,65129010,,,,,,,,,13.000,138.000,,,,,,,,,,,,,,,32.540,33.140,32.620,263000.000,-0.005791,32.610,32.620,51627.000,2.000,2.000,32.810,,-0.005791,-0.005,-0.005,-0.002,-0.002,-0.005
79915,2003/03/27,,11,1,1311,65129010,NFX,NEWFIELD EXPLORATION CO,,NFX,,N,A,R,30044,0,1,1382,65129010,,,,,,,,,13.000,138.000,,,,,,,,,,,,,,,32.620,33.710,33.640,357800.000,0.031269,33.480,33.750,51627.000,2.000,2.000,32.620,,0.031269,-0.001,-0.001,0.002,0.002,-0.002
79915,2003/03/28,,11,1,1311,65129010,NFX,NEWFIELD EXPLORATION CO,,NFX,,N,A,R,30044,0,1,1382,65129010,,,,,,,,,13.000,138.000,,,,,,,,,,,,,,,33.540,34.100,33.890,328100.000,0.007432,33.930,33.990,51627.000,2.000,2.000,33.540,,0.007432,-0.004,-0.004,0.002,0.002,-0.006
79915,2003/03/31,,11,1,1311,65129010,NFX,NEWFIELD EXPLORATION CO,,NFX,,N,A,R,30044,0,1,1382,65129010,,,,,,,,0.000,13.000,138.000,,,,,,,,,,,,,,,33.430,34.000,33.890,218100.000,0.000000,33.690,33.910,52050.000,2.000,2.000,33.910,,0.000000,-0.016,-0.016,-0.004,-0.004,-0.018
79915,2003/04/01,,11,1,1311,65129010,NFX,NEWFIELD EXPLORATION CO,,NFX,,N,A,R,30044,0,1,1382,65129010,,,,,,,,,13.000,138.000,,,,,,,,,,,,,,,33.390,34.290,34.260,235300.000,0.010918,34.280,34.300,52050.000,2.000,2.000,33.850,,0.010918,0.011,0.011,0.006,0.006,0.012
79915,2003/04/02,,11,1,1311,65129010,NFX,NEWFIELD EXPLORATION CO,,NFX,,N,A,R,30044,0,1,1382,65129010,,,,,,,,,13.000,138.000,,,,,,,,,,,,,,,33.420,34.300,34.040,266600.000,-0.006421,33.940,34.160,52050.000,2.000,2.000,34.300,,-0.006421,0.025,0.025,0.016,0.016,0.026
79915,2003/04/03,,11,1,1311,65129010,NFX,NEWFIELD EXPLORATION CO,,NFX,,N,A,R,30044,0,1,1382,65129010,,,,,,,,,13.000,138.000,,,,,,,,,,,,,,,32.990,34.230,33.000,296200.000,-0.030552,32.990,33.010,52050.000,2.000,2.000,34.090,,-0.030552,-0.005,-0.005,0.002,0.002,-0.005
79915,2003/04/04,,11,1,1311,65129010,NFX,NEWFIELD EXPLORATION CO,,NFX,,N,A,R,30044,0,1,1382,65129010,,,,,,,,,13.000,138.000,,,,,,,,,,,,,,,33.000,33.450,33.280,233000.000,0.008485,33.090,33.360,52050.000,2.000,2.000,33.100,,0.008485,0.002,0.002,0.001,0.001,0.003
79915,2003/04/07,,11,1,1311,65129010,NFX,NEWFIELD EXPLORATION CO,,NFX,,N,A,R,30044,0,1,1382,65129010,,,,,,,,,13.000,138.000,,,,,,,,,,,,,,,33.000,33.500,33.000,131100.000,-0.008413,33.000,33.120,52050.000,2.000,2.000,33.400,,-0.008413,0.002,0.002,0.007,0.007,0.001
79915,2003/04/08,,11,1,1311,65129010,NFX,NEWFIELD EXPLORATION CO,,NFX,,N,A,R,30044,0,1,1382,65129010,,,,,,,,,13.000,138.000,,,,,,,,,,,,,,,32.850,33.250,32.980,183400.000,-0.000606,32.960,32.970,52050.000,2.000,2.000,33.250,,-0.000606,-0.002,-0.002,-0.003,-0.003,-0.002
79915,2003/04/09,,11,1,1311,65129010,NFX,NEWFIELD EXPLORATION CO,,NFX,,N,A,R,30044,0,1,1382,65129010,,,,,,,,,13.000,138.000,,,,,,,,,,,,,,,32.680,33.100,33.020,190000.000,0.001213,32.760,33.040,52050.000,2.000,2.000,33.030,,0.001213,-0.012,-0.012,-0.002,-0.002,-0.014
79915,2003/04/10,,11,1,1311,65129010,NFX,NEWFIELD EXPLORATION CO,,NFX,,N,A,R,30044,0,1,1382,65129010,,,,,,,,,13.000,138.000,,,,,,,,,,,,,,,32.950,33.690,33.530,268600.000,0.015445,33.470,33.530,52050.000,2.000,2.000,33.110,,0.015445,0.005,0.005,0.002,0.002,0.006
79915,2003/04/11,,11,1,1311,65129010,NFX,NEWFIELD EXPLORATION CO,,NFX,,N,A,R,30044,0,1,1382,65129010,,,,,,,,,13.000,138.000,,,,,,,,,,,,,,,33.070,33.500,33.100,246400.000,-0.012824,33.110,33.210,52050.000,2.000,2.000,33.500,,-0.012824,-0.003,-0.003,-0.000,-0.000,-0.004
79915,2003/04/14,,11,1,1311,65129010,NFX,NEWFIELD EXPLORATION CO,,NFX,,N,A,R,30044,0,1,1382,65129010,,,,,,,,,13.000,138.000,,,,,,,,,,,,,,,33.020,33.330,33.240,105700.000,0.004230,33.230,33.250,52050.000,2.000,2.000,33.110,,0.004230,0.018,0.018,0.010,0.010,0.019
79915,2003/04/15,,11,1,1311,65129010,NFX,NEWFIELD EXPLORATION CO,,NFX,,N,A,R,30044,0,1,1382,65129010,,,,,,,,,13.000,138.000,,,,,,,,,,,,,,,32.930,33.220,33.180,236100.000,-0.001805,32.880,33.540,52050.000,2.000,2.000,33.200,,-0.001805,0.006,0.006,0.005,0.005,0.006
79915,2003/04/16,,11,1,1311,65129010,NFX,NEWFIELD EXPLORATION CO,,NFX,,N,A,R,30044,0,1,1382,65129010,,,,,,,,,13.000,138.000,,,,,,,,,,,,,,,32.600,33.260,32.640,307800.000,-0.016275,32.630,32.640,52050.000,2.000,2.000,33.180,,-0.016275,-0.010,-0.010,-0.001,-0.001,-0.012
79915,2003/04/17,,11,1,1311,65129010,NFX,NEWFIELD EXPLORATION CO,,NFX,,N,A,R,30044,0,1,1382,65129010,,,,,,,,,13.000,138.000,,,,,,,,,,,,,,,32.490,33.140,33.040,808800.000,0.012255,32.850,33.090,52050.000,2.000,2.000,32.640,,0.012255,0.015,0.015,0.012,0.012,0.016
79915,2003/04/21,,11,1,1311,65129010,NFX,NEWFIELD EXPLORATION CO,,NFX,,N,A,R,30044,0,1,1382,65129010,,,,,,,,,13.000,138.000,,,,,,,,,,,,,,,32.780,33.140,33.080,412900.000,0.001211,32.980,33.220,52050.000,2.000,2.000,33.040,,0.001211,-0.000,-0.000,0.005,0.005,-0.002
79915,2003/04/22,,11,1,1311,65129010,NFX,NEWFIELD EXPLORATION CO,,NFX,,N,A,R,30044,0,1,1382,65129010,,,,,,,,,13.000,138.000,,,,,,,,,,,,,,,32.910,33.990,33.990,313000.000,0.027509,33.820,34.140,52050.000,2.000,2.000,33.090,,0.027509,0.020,0.020,0.012,0.012,0.022
79915,2003/04/23,,11,1,1311,65129010,NFX,NEWFIELD EXPLORATION CO,,NFX,,N,A,R,30044,0,1,1382,65129010,,,,,,,,,13.000,138.000,,,,,,,,,,,,,,,33.760,34.280,33.900,267500.000,-0.002648,33.800,34.010,52050.000,2.000,2.000,34.090,,-0.002648,0.008,0.008,0.009,0.009,0.008
79915,2003/04/24,,11,1,1311,65129010,NFX,NEWFIELD EXPLORATION CO,,NFX,,N,A,R,30044,0,1,1382,65129010,,,,,,,,,13.000,138.000,,,,,,,,,,,,,,,33.960,34.420,34.000,498600.000,0.002950,34.090,34.120,52050.000,2.000,2.000,34.050,,0.002950,-0.008,-0.008,-0.002,-0.002,-0.008
79915,2003/04/25,,11,1,1311,65129010,NFX,NEWFIELD EXPLORATION CO,,NFX,,N,A,R,30044,0,1,1382,65129010,,,,,,,,,13.000,138.000,,,,,,,,,,,,,,,33.650,34.360,34.090,535600.000,0.002647,34.050,34.090,52050.000,2.000,2.000,34.000,,0.002647,-0.013,-0.013,-0.004,-0.004,-0.014
79915,2003/04/28,,11,1,1311,65129010,NFX,NEWFIELD EXPLORATION CO,,NFX,,N,A,R,30044,0,1,1382,65129010,,,,,,,,,13.000,138.000,,,,,,,,,,,,,,,34.140,34.470,34.250,322400.000,0.004693,34.210,34.220,52050.000,2.000,2.000,34.270,,0.004693,0.017,0.017,0.012,0.012,0.018
79915,2003/04/29,,11,1,1311,65129010,NFX,NEWFIELD EXPLORATION CO,,NFX,,N,A,R,30044,0,1,1382,65129010,,,,,,,,,13.000,138.000,,,,,,,,,,,,,,,33.770,34.490,33.970,547000.000,-0.008175,33.850,34.070,52050.000,2.000,2.000,34.250,,-0.008175,0.003,0.003,0.005,0.005,0.003
79915,2003/04/30,,11,1,1311,65129010,NFX,NEWFIELD EXPLORATION CO,,NFX,,N,A,R,30044,0,1,1382,65129010,,,,,,,,0.000,13.000,138.000,,,,,,,,,,,,,,,33.950,34.530,34.390,457900.000,0.012364,34.380,34.390,52050.000,2.000,2.000,33.950,,0.012364,0.001,0.001,0.007,0.007,-0.001
79915,2003/05/01,,11,1,1311,65129010,NFX,NEWFIELD EXPLORATION CO,,NFX,,N,A,R,30044,0,1,1382,65129010,,,,,,,,,13.000,138.000,,,,,,,,,,,,,,,35.240,36.120,36.000,1195700.000,0.046816,36.010,36.020,52050.000,2.000,2.000,36.000,,0.046816,0.000,0.000,0.004,0.004,-0.001
79915,2003/05/02,,11,1,1311,65129010,NFX,NEWFIELD EXPLORATION CO,,NFX,,N,A,R,30044,0,1,1382,65129010,,,,,,,,,13.000,138.000,,,,,,,,,,,,,,,36.000,36.600,36.150,341500.000,0.004167,36.140,36.160,52050.000,2.000,2.000,36.010,,0.004167,0.015,0.015,0.016,0.016,0.015
79915,2003/05/05,,11,1,1311,65129010,NFX,NEWFIELD EXPLORATION CO,,NFX,,N,A,R,30044,0,1,1382,65129010,,,,,,,,,13.000,138.000,,,,,,,,,,,,,,,35.740,36.160,36.090,234100.000,-0.001660,36.070,36.090,52050.000,2.000,2.000,35.910,,-0.001660,-0.001,-0.001,0.009,0.009,-0.004
79915,2003/05/06,,11,1,1311,65129010,NFX,NEWFIELD EXPLORATION CO,,NFX,,N,A,R,30044,0,1,1382,65129010,,,,,,,,,13.000,138.000,,,,,,,,,,,,,,,35.900,36.400,36.140,248500.000,0.001385,36.110,36.140,52050.000,2.000,2.000,36.260,,0.001385,0.009,0.009,0.009,0.009,0.008
79915,2003/05/07,,11,1,1311,65129010,NFX,NEWFIELD EXPLORATION CO,,NFX,,N,A,R,30044,0,1,1382,65129010,,,,,,,,,13.000,138.000,,,,,,,,,,,,,,,35.960,36.630,36.460,309400.000,0.008854,36.460,36.550,52050.000,2.000,2.000,36.140,,0.008854,-0.005,-0.005,0.000,0.000,-0.005
79915,2003/05/08,,11,1,1311,65129010,NFX,NEWFIELD EXPLORATION CO,,NFX,,N,A,R,30044,0,1,1382,65129010,,,,,,,,,13.000,138.000,,,,,,,,,,,,,,,36.190,36.650,36.650,324200.000,0.005211,36.480,36.760,52050.000,2.000,2.000,36.470,,0.005211,-0.009,-0.009,-0.003,-0.003,-0.010
79915,2003/05/09,,11,1,1311,65129010,NFX,NEWFIELD EXPLORATION CO,,NFX,,N,A,R,30044,0,1,1382,65129010,,,,,,,,,13.000,138.000,,,,,,,,,,,,,,,36.300,36.910,36.770,376800.000,0.003274,36.760,36.770,52050.000,2.000,2.000,36.650,,0.003274,0.014,0.013,0.012,0.012,0.014
79915,2003/05/12,,11,1,1311,65129010,NFX,NEWFIELD EXPLORATION CO,,NFX,,N,A,R,30044,0,1,1382,65129010,,,,,,,,,13.000,138.000,,,,,,,,,,,,,,,36.430,37.200,36.800,283200.000,0.000816,36.690,36.920,52050.000,2.000,2.000,36.570,,0.000816,0.012,0.012,0.012,0.012,0.013
79915,2003/05/13,,11,1,1311,65129010,NFX,NEWFIELD EXPLORATION CO,,NFX,,N,A,R,30044,0,1,1382,65129010,,,,,,,,,13.000,138.000,,,,,,,,,,,,,,,36.540,37.400,37.250,316400.000,0.012228,37.070,37.350,52050.000,2.000,2.000,36.810,,0.012228,-0.002,-0.002,0.004,0.004,-0.003
79915,2003/05/14,,11,1,1311,65129010,NFX,NEWFIELD EXPLORATION CO,,NFX,,N,A,R,30044,0,1,1382,65129010,,,,,,,,,13.000,138.000,,,,,,,,,,,,,,,36.600,37.350,37.300,383500.000,0.001342,37.300,37.310,52050.000,2.000,2.000,37.300,,0.001342,-0.001,-0.002,0.005,0.005,-0.003
79915,2003/05/15,,11,1,1311,65129010,NFX,NEWFIELD EXPLORATION CO,,NFX,,N,A,R,30044,0,1,1382,65129010,,,,,,,,,13.000,138.000,,,,,,,,,,,,,,,37.250,37.820,37.750,333500.000,0.012064,37.710,37.740,52050.000,2.000,2.000,37.350,,0.012064,0.007,0.007,0.007,0.007,0.008
79915,2003/05/16,,11,1,1311,65129010,NFX,NEWFIELD EXPLORATION CO,,NFX,,N,A,R,30044,0,1,1382,65129010,,,,,,,,,13.000,138.000,,,,,,,,,,,,,,,37.350,37.910,37.910,320900.000,0.004238,37.630,37.640,52050.000,2.000,2.000,37.750,,0.004238,-0.002,-0.002,-0.001,-0.001,-0.003
79915,2003/05/19,,11,1,1311,65129010,NFX,NEWFIELD EXPLORATION CO,,NFX,,N,A,R,30044,0,1,1382,65129010,,,,,,,,,13.000,138.000,,,,,,,,,,,,,,,37.150,37.910,37.150,194600.000,-0.020047,37.150,37.160,52050.000,2.000,2.000,37.910,,-0.020047,-0.022,-0.022,-0.010,-0.010,-0.025
79915,2003/05/20,,11,1,1311,65129010,NFX,NEWFIELD EXPLORATION CO,,NFX,,N,A,R,30044,0,1,1382,65129010,,,,,,,,,13.000,138.000,,,,,,,,,,,,,,,36.140,37.300,36.470,421300.000,-0.018304,36.520,36.540,52050.000,2.000,2.000,37.300,,-0.018304,-0.000,-0.000,-0.000,-0.000,-0.001
79915,2003/05/21,,11,1,1311,65129010,NFX,NEWFIELD EXPLORATION CO,,NFX,,N,A,R,30044,0,1,1382,65129010,,,,,,,,,13.000,138.000,,,,,,,,,,,,,,,36.220,38.500,38.500,861100.000,0.055662,38.270,38.290,52050.000,2.000,2.000,36.220,,0.055662,0.004,0.004,0.004,0.004,0.004
79915,2003/05/22,,11,1,1311,65129010,NFX,NEWFIELD EXPLORATION CO,,NFX,,N,A,R,30044,0,1,1382,65129010,,,,,,,,,13.000,138.000,,,,,,,,,,,,,,,37.300,37.830,37.510,1779400.000,-0.025714,37.490,37.520,52050.000,2.000,2.000,37.300,,-0.025714,0.009,0.009,0.009,0.009,0.009
79915,2003/05/23,,11,1,1311,65129010,NFX,NEWFIELD EXPLORATION CO,,NFX,,N,A,R,30044,0,1,1382,65129010,,,,,,,,,13.000,138.000,,,,,,,,,,,,,,,37.350,37.940,37.880,452700.000,0.009864,37.880,37.890,52050.000,2.000,2.000,37.650,,0.009864,0.003,0.003,0.007,0.007,0.001
79915,2003/05/27,,11,1,1311,65129010,NFX,NEWFIELD EXPLORATION CO,,NFX,,N,A,R,30044,0,1,1382,65129010,,,,,,,,,13.000,138.000,,,,,,,,,,,,,,,37.740,38.150,38.030,469700.000,0.003960,37.950,38.000,52050.000,2.000,2.000,37.880,,0.003960,0.019,0.019,0.016,0.016,0.020
79915,2003/05/28,,11,1,1311,65129010,NFX,NEWFIELD EXPLORATION CO,,NFX,,N,A,R,30044,0,1,1382,65129010,,,,,,,,,13.000,138.000,,,,,,,,,,,,,,,37.350,37.930,37.490,462000.000,-0.014199,37.420,37.500,52050.000,2.000,2.000,37.760,,-0.014199,0.002,0.002,0.007,0.006,0.002
79915,2003/05/29,,11,1,1311,65129010,NFX,NEWFIELD EXPLORATION CO,,NFX,,N,A,R,30044,0,1,1382,65129010,,,,,,,,,13.000,138.000,,,,,,,,,,,,,,,36.640,37.450,36.800,743800.000,-0.018405,36.780,36.800,52050.000,2.000,2.000,37.400,,-0.018405,-0.002,-0.002,0.006,0.006,-0.004
79915,2003/05/30,,11,1,1311,65129010,NFX,NEWFIELD EXPLORATION CO,,NFX,,N,A,R,30044,0,1,1382,65129010,,,,,,,,0.000,13.000,138.000,,,,,,,,,,,,,,,36.800,37.460,37.460,888100.000,0.017935,37.380,37.390,52151.000,2.000,2.000,36.800,,0.017935,0.015,0.015,0.015,0.015,0.015
79915,2003/06/02,,11,1,1311,65129010,NFX,NEWFIELD EXPLORATION CO,,NFX,,N,A,R,30044,0,1,1382,65129010,,,,,,,,,13.000,138.000,,,,,,,,,,,,,,,37.440,37.950,37.860,443400.000,0.010678,37.820,37.870,52151.000,2.000,2.000,37.540,,0.010678,0.004,0.004,0.007,0.007,0.004
79915,2003/06/03,,11,1,1311,65129010,NFX,NEWFIELD EXPLORATION CO,,NFX,,N,A,R,30044,0,1,1382,65129010,,,,,,,,,13.000,138.000,,,,,,,,,,,,,,,37.380,37.940,37.910,405900.000,0.001321,37.890,37.910,52151.000,2.000,2.000,37.720,,0.001321,0.004,0.004,0.003,0.003,0.005
79915,2003/06/04,,11,1,1311,65129010,NFX,NEWFIELD EXPLORATION CO,,NFX,,N,A,R,30044,0,1,1382,65129010,,,,,,,,,13.000,138.000,,,,,,,,,,,,,,,37.990,38.700,38.640,699100.000,0.019256,38.620,38.650,52151.000,2.000,2.000,37.990,,0.019256,0.015,0.015,0.016,0.016,0.015
79915,2003/06/05,,11,1,1311,65129010,NFX,NEWFIELD EXPLORATION CO,,NFX,,N,A,R,30044,0,1,1382,65129010,,,,,,,,,13.000,138.000,,,,,,,,,,,,,,,37.850,38.450,38.200,683000.000,-0.011387,38.150,38.220,52151.000,2.000,2.000,38.410,,-0.011387,0.006,0.006,0.011,0.011,0.004
79915,2003/06/06,,11,1,1311,65129010,NFX,NEWFIELD EXPLORATION CO,,NFX,,N,A,R,30044,0,1,1382,65129010,,,,,,,,,13.000,138.000,,,,,,,,,,,,,,,37.740,38.390,37.740,583100.000,-0.012042,37.860,37.880,52151.000,2.000,2.000,38.200,,-0.012042,-0.003,-0.003,0.000,0.000,-0.002
79915,2003/06/09,,11,1,1311,65129010,NFX,NEWFIELD EXPLORATION CO,,NFX,,N,A,R,30044,0,1,1382,65129010,,,,,,,,,13.000,138.000,,,,,,,,,,,,,,,37.530,38.020,37.820,345800.000,0.002120,37.800,37.970,52151.000,2.000,2.000,37.760,,0.002120,-0.013,-0.013,-0.008,-0.008,-0.012
79915,2003/06/10,,11,1,1311,65129010,NFX,NEWFIELD EXPLORATION CO,,NFX,,N,A,R,30044,0,1,1382,65129010,,,,,,,,,13.000,138.000,,,,,,,,,,,,,,,37.650,38.200,37.960,276100.000,0.003702,37.960,37.980,52151.000,2.000,2.000,37.820,,0.003702,0.010,0.010,0.009,0.009,0.009
79915,2003/06/11,,11,1,1311,65129010,NFX,NEWFIELD EXPLORATION CO,,NFX,,N,A,R,30044,0,1,1382,65129010,,,,,,,,,13.000,138.000,,,,,,,,,,,,,,,37.990,38.980,38.920,725100.000,0.025290,38.890,38.930,52151.000,2.000,2.000,38.210,,0.025290,0.013,0.013,0.011,0.011,0.013
79915,2003/06/12,,11,1,1311,65129010,NFX,NEWFIELD EXPLORATION CO,,NFX,,N,A,R,30044,0,1,1382,65129010,,,,,,,,,13.000,138.000,,,,,,,,,,,,,,,38.300,39.100,38.600,1193600.000,-0.008222,38.640,38.650,52151.000,2.000,2.000,38.800,,-0.008222,0.002,0.002,0.005,0.004,0.001
79915,2003/06/13,,11,1,1311,65129010,NFX,NEWFIELD EXPLORATION CO,,NFX,,N,A,R,30044,0,1,1382,65129010,,,,,,,,,13.000,138.000,,,,,,,,,,,,,,,37.920,38.600,38.170,758700.000,-0.011140,38.060,38.170,52151.000,2.000,2.000,38.600,,-0.011140,-0.010,-0.010,-0.007,-0.007,-0.010
79915,2003/06/16,,11,1,1311,65129010,NFX,NEWFIELD EXPLORATION CO,,NFX,,N,A,R,30044,0,1,1382,65129010,,,,,,,,,13.000,138.000,,,,,,,,,,,,,,,37.800,38.390,38.100,398800.000,-0.001834,38.050,38.070,52151.000,2.000,2.000,38.390,,-0.001834,0.021,0.020,0.012,0.012,0.022
79915,2003/06/17,,11,1,1311,65129010,NFX,NEWFIELD EXPLORATION CO,,NFX,,N,A,R,30044,0,1,1382,65129010,,,,,,,,,13.000,138.000,,,,,,,,,,,,,,,38.000,38.400,38.030,661400.000,-0.001837,38.010,38.030,52151.000,2.000,2.000,38.250,,-0.001837,0.001,0.001,0.004,0.004,0.001
79915,2003/06/18,,11,1,1311,65129010,NFX,NEWFIELD EXPLORATION CO,,NFX,,N,A,R,30044,0,1,1382,65129010,,,,,,,,,13.000,138.000,,,,,,,,,,,,,,,37.520,37.900,37.580,564100.000,-0.011833,37.580,37.640,52151.000,2.000,2.000,37.900,,-0.011833,-0.002,-0.002,0.001,0.001,-0.002
79915,2003/06/19,,11,1,1311,65129010,NFX,NEWFIELD EXPLORATION CO,,NFX,,N,A,R,30044,0,1,1382,65129010,,,,,,,,,13.000,138.000,,,,,,,,,,,,,,,37.530,38.380,37.890,674800.000,0.008249,37.810,37.850,52151.000,2.000,2.000,37.580,,0.008249,-0.014,-0.014,-0.007,-0.007,-0.015
79915,2003/06/20,,11,1,1311,65129010,NFX,NEWFIELD EXPLORATION CO,,NFX,,N,A,R,30044,0,1,1382,65129010,,,,,,,,,13.000,138.000,,,,,,,,,,,,,,,37.210,37.940,37.310,1210600.000,-0.015307,37.260,37.310,52151.000,2.000,2.000,37.940,,-0.015307,-0.000,-0.000,-0.000,-0.000,0.001
79915,2003/06/23,,11,1,1311,65129010,NFX,NEWFIELD EXPLORATION CO,,NFX,,N,A,R,30044,0,1,1382,65129010,,,,,,,,,13.000,138.000,,,,,,,,,,,,,,,37.200,37.450,37.330,479900.000,0.000536,37.300,37.330,52151.000,2.000,2.000,37.260,,0.000536,-0.015,-0.015,-0.014,-0.014,-0.014
79915,2003/06/24,,11,1,1311,65129010,NFX,NEWFIELD EXPLORATION CO,,NFX,,N,A,R,30044,0,1,1382,65129010,,,,,,,,,13.000,138.000,,,,,,,,,,,,,,,37.290,37.540,37.460,314900.000,0.003482,37.460,37.520,52151.000,2.000,2.000,37.340,,0.003482,0.002,0.002,0.001,0.001,0.002
79915,2003/06/25,,11,1,1311,65129010,NFX,NEWFIELD EXPLORATION CO,,NFX,,N,A,R,30044,0,1,1382,65129010,,,,,,,,,13.000,138.000,,,,,,,,,,,,,,,37.550,38.150,37.940,435700.000,0.012814,37.930,37.940,52151.000,2.000,2.000,37.550,,0.012814,-0.005,-0.005,0.003,0.003,-0.008
79915,2003/06/26,,11,1,1311,65129010,NFX,NEWFIELD EXPLORATION CO,,NFX,,N,A,R,30044,0,1,1382,65129010,,,,,,,,,13.000,138.000,,,,,,,,,,,,,,,37.720,38.240,37.760,704500.000,-0.004744,37.770,37.830,52151.000,2.000,2.000,38.000,,-0.004744,0.011,0.010,0.008,0.007,0.011
79915,2003/06/27,,11,1,1311,65129010,NFX,NEWFIELD EXPLORATION CO,,NFX,,N,A,R,30044,0,1,1382,65129010,,,,,,,,,13.000,138.000,,,,,,,,,,,,,,,37.840,38.270,38.060,404600.000,0.007945,38.040,38.050,52151.000,2.000,2.000,38.000,,0.007945,-0.008,-0.008,-0.000,-0.000,-0.010
79915,2003/06/30,,11,1,1311,65129010,NFX,NEWFIELD EXPLORATION CO,,NFX,,N,A,R,30044,0,1,1382,65129010,,,,,,,,0.000,13.000,138.000,,,,,,,,,,,,,,,37.520,38.240,37.550,781100.000,-0.013400,37.450,37.670,52151.000,2.000,2.000,37.950,,-0.013400,-0.001,-0.001,0.000,0.000,-0.002
79915,2003/07/01,,11,1,1311,65129010,NFX,NEWFIELD EXPLORATION CO,,NFX,,N,A,R,30044,0,1,1382,65129010,,,,,,,,,13.000,138.000,,,,,,,,,,,,,,,36.820,37.780,37.170,393700.000,-0.010120,37.090,37.180,52151.000,2.000,2.000,37.730,,-0.010120,0.007,0.007,0.003,0.003,0.008
79915,2003/07/02,,11,1,1311,65129010,NFX,NEWFIELD EXPLORATION CO,,NFX,,N,A,R,30044,0,1,1382,65129010,,,,,,,,,13.000,138.000,,,,,,,,,,,,,,,36.740,37.200,36.940,450600.000,-0.006188,36.860,36.920,52151.000,2.000,2.000,37.170,,-0.006188,0.013,0.013,0.016,0.016,0.012
79915,2003/07/03,,11,1,1311,65129010,NFX,NEWFIELD EXPLORATION CO,,NFX,,N,A,R,30044,0,1,1382,65129010,,,,,,,,,13.000,138.000,,,,,,,,,,,,,,,36.650,37.340,37.070,258800.000,0.003519,37.050,37.070,52151.000,2.000,2.000,36.940,,0.003519,-0.006,-0.006,-0.002,-0.002,-0.008
79915,2003/07/07,,11,1,1311,65129010,NFX,NEWFIELD EXPLORATION CO,,NFX,,N,A,R,30044,0,1,1382,65129010,,,,,,,,,13.000,138.000,,,,,,,,,,,,,,,35.450,37.320,36.030,1024300.000,-0.028055,36.010,36.030,52151.000,2.000,2.000,37.320,,-0.028055,0.018,0.018,0.015,0.015,0.019
79915,2003/07/08,,11,1,1311,65129010,NFX,NEWFIELD EXPLORATION CO,,NFX,,N,A,R,30044,0,1,1382,65129010,,,,,,,,,13.000,138.000,,,,,,,,,,,,,,,35.690,36.480,35.900,476700.000,-0.003608,35.810,35.850,52151.000,2.000,2.000,35.930,,-0.003608,0.005,0.004,0.011,0.010,0.003
79915,2003/07/09,,11,1,1311,65129010,NFX,NEWFIELD EXPLORATION CO,,NFX,,N,A,R,30044,0,1,1382,65129010,,,,,,,,,13.000,138.000,,,,,,,,,,,,,,,35.720,36.510,36.300,378500.000,0.011142,36.280,36.290,52151.000,2.000,2.000,36.510,,0.011142,-0.003,-0.003,0.007,0.007,-0.006
79915,2003/07/10,,11,1,1311,65129010,NFX,NEWFIELD EXPLORATION CO,,NFX,,N,A,R,30044,0,1,1382,65129010,,,,,,,,,13.000,138.000,,,,,,,,,,,,,,,35.230,36.150,35.250,465800.000,-0.028926,35.260,35.280,52151.000,2.000,2.000,36.150,,-0.028926,-0.013,-0.013,-0.007,-0.007,-0.013
79915,2003/07/11,,11,1,1311,65129010,NFX,NEWFIELD EXPLORATION CO,,NFX,,N,A,R,30044,0,1,1382,65129010,,,,,,,,,13.000,138.000,,,,,,,,,,,,,,,35.000,35.680,35.640,320800.000,0.011064,35.510,35.760,52151.000,2.000,2.000,35.000,,0.011064,0.009,0.009,0.008,0.008,0.010
79915,2003/07/14,,11,1,1311,65129010,NFX,NEWFIELD EXPLORATION CO,,NFX,,N,A,R,30044,0,1,1382,65129010,,,,,,,,,13.000,138.000,,,,,,,,,,,,,,,34.800,35.720,34.860,282600.000,-0.021885,34.860,34.870,52151.000,2.000,2.000,35.640,,-0.021885,0.007,0.007,0.010,0.010,0.006
79915,2003/07/15,,11,1,1311,65129010,NFX,NEWFIELD EXPLORATION CO,,NFX,,N,A,R,30044,0,1,1382,65129010,,,,,,,,,13.000,138.000,,,,,,,,,,,,,,,34.500,35.000,34.510,388700.000,-0.010040,34.630,34.650,52151.000,2.000,2.000,34.990,,-0.010040,-0.004,-0.004,-0.003,-0.003,-0.003
79915,2003/07/16,,11,1,1311,65129010,NFX,NEWFIELD EXPLORATION CO,,NFX,,N,A,R,30044,0,1,1382,65129010,,,,,,,,,13.000,138.000,,,,,,,,,,,,,,,33.640,34.610,33.940,656200.000,-0.016517,33.920,33.940,52151.000,2.000,2.000,34.510,,-0.016517,-0.006,-0.006,-0.002,-0.003,-0.006
79915,2003/07/17,,11,1,1311,65129010,NFX,NEWFIELD EXPLORATION CO,,NFX,,N,A,R,30044,0,1,1382,65129010,,,,,,,,,13.000,138.000,,,,,,,,,,,,,,,33.870,35.120,35.070,540200.000,0.033294,35.030,35.070,52151.000,2.000,2.000,34.050,,0.033294,-0.014,-0.014,-0.018,-0.018,-0.012
79915,2003/07/18,,11,1,1311,65129010,NFX,NEWFIELD EXPLORATION CO,,NFX,,N,A,R,30044,0,1,1382,65129010,,,,,,,,,13.000,138.000,,,,,,,,,,,,,,,35.000,35.600,35.440,328500.000,0.010550,35.420,35.450,52151.000,2.000,2.000,35.070,,0.010550,0.011,0.011,0.007,0.007,0.012
79915,2003/07/21,,11,1,1311,65129010,NFX,NEWFIELD EXPLORATION CO,,NFX,,N,A,R,30044,0,1,1382,65129010,,,,,,,,,13.000,138.000,,,,,,,,,,,,,,,35.010,35.760,35.010,180000.000,-0.012133,35.010,35.030,52151.000,2.000,2.000,35.510,,-0.012133,-0.013,-0.013,-0.008,-0.008,-0.015
79915,2003/07/22,,11,1,1311,65129010,NFX,NEWFIELD EXPLORATION CO,,NFX,,N,A,R,30044,0,1,1382,65129010,,,,,,,,,13.000,138.000,,,,,,,,,,,,,,,34.330,35.090,34.510,271400.000,-0.014282,34.600,34.610,52151.000,2.000,2.000,35.020,,-0.014282,0.009,0.009,0.008,0.008,0.010
79915,2003/07/23,,11,1,1311,65129010,NFX,NEWFIELD EXPLORATION CO,,NFX,,N,A,R,30044,0,1,1382,65129010,,,,,,,,,13.000,138.000,,,,,,,,,,,,,,,34.330,34.850,34.720,376200.000,0.006085,34.700,34.720,52151.000,2.000,2.000,34.700,,0.006085,0.002,0.002,0.003,0.003,0.001
79915,2003/07/24,,11,1,1311,65129010,NFX,NEWFIELD EXPLORATION CO,,NFX,,N,A,R,30044,0,1,1382,65129010,,,,,,,,,13.000,138.000,,,,,,,,,,,,,,,34.670,35.690,34.890,535200.000,0.004896,34.860,34.890,52151.000,2.000,2.000,35.200,,0.004896,-0.006,-0.006,-0.000,-0.000,-0.007
79915,2003/07/25,,11,1,1311,65129010,NFX,NEWFIELD EXPLORATION CO,,NFX,,N,A,R,30044,0,1,1382,65129010,,,,,,,,,13.000,138.000,,,,,,,,,,,,,,,34.600,35.600,35.530,468900.000,0.018343,35.510,35.520,52151.000,2.000,2.000,35.140,,0.018343,0.015,0.015,0.006,0.006,0.017
79915,2003/07/28,,11,1,1311,65129010,NFX,NEWFIELD EXPLORATION CO,,NFX,,N,A,R,30044,0,1,1382,65129010,,,,,,,,,13.000,138.000,,,,,,,,,,,,,,,35.600,36.910,36.720,916400.000,0.033493,36.710,36.720,52151.000,2.000,2.000,35.780,,0.033493,-0.000,-0.000,0.006,0.006,-0.002
79915,2003/07/29,,11,1,1311,65129010,NFX,NEWFIELD EXPLORATION CO,,NFX,,N,A,R,30044,0,1,1382,65129010,,,,,,,,,13.000,138.000,,,,,,,,,,,,,,,35.550,37.200,35.990,829000.000,-0.019880,35.980,36.000,52151.000,2.000,2.000,36.720,,-0.019880,-0.006,-0.006,0.000,-0.000,-0.007
79915,2003/07/30,,11,1,1311,65129010,NFX,NEWFIELD EXPLORATION CO,,NFX,,N,A,R,30044,0,1,1382,65129010,,,,,,,,,13.000,138.000,,,,,,,,,,,,,,,35.630,36.270,36.270,370800.000,0.007780,36.260,36.270,52151.000,2.000,2.000,36.050,,0.007780,-0.002,-0.002,-0.002,-0.002,-0.002
79915,2003/07/31,,11,1,1311,65129010,NFX,NEWFIELD EXPLORATION CO,,NFX,,N,A,R,30044,0,1,1382,65129010,,,,,,,,0.000,13.000,138.000,,,,,,,,,,,,,,,35.970,36.510,36.130,392000.000,-0.003860,36.130,36.180,55651.000,2.000,2.000,36.370,,-0.003860,0.003,0.003,0.005,0.005,0.003
79915,2003/08/01,,11,1,1311,65129010,NFX,NEWFIELD EXPLORATION CO,,NFX,,N,A,R,30044,0,1,1382,65129010,,,,,,,,,13.000,138.000,,,,,,,,,,,,,,,35.880,36.500,36.380,256900.000,0.006919,36.370,36.380,55651.000,2.000,2.000,36.140,,0.006919,-0.010,-0.010,-0.008,-0.008,-0.010
79915,2003/08/04,,11,1,1311,65129010,NFX,NEWFIELD EXPLORATION CO,,NFX,,N,A,R,30044,0,1,1382,65129010,,,,,,,,,13.000,138.000,,,,,,,,,,,,,,,36.190,36.480,36.260,520100.000,-0.003299,36.260,36.300,55651.000,2.000,2.000,36.450,,-0.003299,0.001,0.001,-0.003,-0.003,0.003
79915,2003/08/05,,11,1,1311,65129010,NFX,NEWFIELD EXPLORATION CO,,NFX,,N,A,R,30044,0,1,1382,65129010,,,,,,,,,13.000,138.000,,,,,,,,,,,,,,,36.000,36.950,36.270,412900.000,0.000276,36.210,36.310,55651.000,2.000,2.000,36.260,,0.000276,-0.016,-0.016,-0.008,-0.008,-0.018
79915,2003/08/06,,11,1,1311,65129010,NFX,NEWFIELD EXPLORATION CO,,NFX,,N,A,R,30044,0,1,1382,65129010,,,,,,,,,13.000,138.000,,,,,,,,,,,,,,,35.870,36.730,36.700,289900.000,0.011856,36.680,36.720,55651.000,2.000,2.000,36.000,,0.011856,0.000,-0.000,-0.004,-0.005,0.002
79915,2003/08/07,,11,1,1311,65129010,NFX,NEWFIELD EXPLORATION CO,,NFX,,N,A,R,30044,0,1,1382,65129010,,,,,,,,,13.000,138.000,,,,,,,,,,,,,,,36.690,37.580,37.570,337200.000,0.023706,37.490,37.500,55651.000,2.000,2.000,36.800,,0.023706,0.006,0.006,-0.000,-0.001,0.007
79915,2003/08/08,,11,1,1311,65129010,NFX,NEWFIELD EXPLORATION CO,,NFX,,N,A,R,30044,0,1,1382,65129010,,,,,,,,,13.000,138.000,,,,,,,,,,,,,,,36.830,37.690,37.330,321400.000,-0.006388,37.320,37.340,55651.000,2.000,2.000,37.690,,-0.006388,0.003,0.003,0.002,0.002,0.004
79915,2003/08/11,,11,1,1311,65129010,NFX,NEWFIELD EXPLORATION CO,,NFX,,N,A,R,30044,0,1,1382,65129010,,,,,,,,,13.000,138.000,,,,,,,,,,,,,,,37.230,38.480,38.260,687000.000,0.024913,38.260,38.270,55651.000,2.000,2.000,37.230,,0.024913,0.005,0.005,0.007,0.007,0.003
79915,2003/08/12,,11,1,1311,65129010,NFX,NEWFIELD EXPLORATION CO,,NFX,,N,A,R,30044,0,1,1382,65129010,,,,,,,,,13.000,138.000,,,,,,,,,,,,,,,38.280,39.010,39.010,480500.000,0.019603,39.000,39.000,55651.000,2.000,2.000,38.510,,0.019603,0.010,0.010,0.009,0.009,0.010
79915,2003/08/13,,11,1,1311,65129010,NFX,NEWFIELD EXPLORATION CO,,NFX,,N,A,R,30044,0,1,1382,65129010,,,,,,,,,13.000,138.000,,,,,,,,,,,,,,,38.280,39.600,39.370,786200.000,0.009228,39.350,39.370,55651.000,2.000,2.000,39.060,,0.009228,-0.004,-0.005,0.002,0.002,-0.006
79915,2003/08/14,,11,1,1311,65129010,NFX,NEWFIELD EXPLORATION CO,,NFX,,N,A,R,30044,0,1,1382,65129010,,,,,,,,,13.000,138.000,,,,,,,,,,,,,,,38.450,39.440,38.860,547500.000,-0.012954,38.850,38.910,55651.000,2.000,2.000,39.200,,-0.012954,0.005,0.005,0.005,0.005,0.007
79915,2003/08/15,,11,1,1311,65129010,NFX,NEWFIELD EXPLORATION CO,,NFX,,N,A,R,30044,0,1,1382,65129010,,,,,,,,,13.000,138.000,,,,,,,,,,,,,,,38.610,39.800,39.300,279900.000,0.011323,39.260,39.290,55651.000,2.000,2.000,38.610,,0.011323,0.001,0.001,0.002,0.002,0.000
79915,2003/08/18,,11,1,1311,65129010,NFX,NEWFIELD EXPLORATION CO,,NFX,,N,A,R,30044,0,1,1382,65129010,,,,,,,,,13.000,138.000,,,,,,,,,,,,,,,39.250,39.700,39.510,375800.000,0.005343,39.490,39.510,55651.000,2.000,2.000,39.300,,0.005343,0.010,0.010,0.010,0.010,0.009
79915,2003/08/19,,11,1,1311,65129010,NFX,NEWFIELD EXPLORATION CO,,NFX,,N,A,R,30044,0,1,1382,65129010,,,,,,,,,13.000,138.000,,,,,,,,,,,,,,,39.000,39.570,39.420,355400.000,-0.002278,39.390,39.440,55651.000,2.000,2.000,39.300,,-0.002278,0.004,0.004,0.008,0.008,0.003
79915,2003/08/20,,11,1,1311,65129010,NFX,NEWFIELD EXPLORATION CO,,NFX,,N,A,R,30044,0,1,1382,65129010,,,,,,,,,13.000,138.000,,,,,,,,,,,,,,,39.150,39.980,39.800,280800.000,0.009640,39.770,39.810,55651.000,2.000,2.000,39.200,,0.009640,-0.001,-0.001,0.002,0.002,-0.002
79915,2003/08/21,,11,1,1311,65129010,NFX,NEWFIELD EXPLORATION CO,,NFX,,N,A,R,30044,0,1,1382,65129010,,,,,,,,,13.000,138.000,,,,,,,,,,,,,,,39.500,40.190,40.170,478600.000,0.009296,40.160,40.170,55651.000,2.000,2.000,39.680,,0.009296,0.004,0.004,0.009,0.009,0.003
79915,2003/08/22,,11,1,1311,65129010,NFX,NEWFIELD EXPLORATION CO,,NFX,,N,A,R,30044,0,1,1382,65129010,,,,,,,,,13.000,138.000,,,,,,,,,,,,,,,39.500,40.330,39.790,198600.000,-0.009460,39.760,39.770,55651.000,2.000,2.000,40.300,,-0.009460,-0.010,-0.010,-0.006,-0.006,-0.010
79915,2003/08/25,,11,1,1311,65129010,NFX,NEWFIELD EXPLORATION CO,,NFX,,N,A,R,30044,0,1,1382,65129010,,,,,,,,,13.000,138.000,,,,,,,,,,,,,,,38.600,39.550,38.880,349500.000,-0.022870,38.900,38.910,55651.000,2.000,2.000,39.470,,-0.022870,-0.001,-0.001,-0.002,-0.002,0.001
79915,2003/08/26,,11,1,1311,65129010,NFX,NEWFIELD EXPLORATION CO,,NFX,,N,A,R,30044,0,1,1382,65129010,,,,,,,,,13.000,138.000,,,,,,,,,,,,,,,38.390,38.980,38.790,200700.000,-0.002315,38.790,38.800,55651.000,2.000,2.000,38.890,,-0.002315,0.003,0.003,0.003,0.003,0.003
79915,2003/08/27,,11,1,1311,65129010,NFX,NEWFIELD EXPLORATION CO,,NFX,,N,A,R,30044,0,1,1382,65129010,,,,,,,,,13.000,138.000,,,,,,,,,,,,,,,38.600,39.050,38.600,412500.000,-0.004898,38.640,38.660,55651.000,2.000,2.000,38.890,,-0.004898,0.002,0.002,0.007,0.007,0.000
79915,2003/08/28,,11,1,1311,65129010,NFX,NEWFIELD EXPLORATION CO,,NFX,,N,A,R,30044,0,1,1382,65129010,,,,,,,,,13.000,138.000,,,,,,,,,,,,,,,38.660,39.440,39.360,573200.000,0.019689,39.310,39.360,55651.000,2.000,2.000,38.800,,0.019689,0.007,0.007,0.009,0.009,0.006
79915,2003/08/29,,11,1,1311,65129010,NFX,NEWFIELD EXPLORATION CO,,NFX,,N,A,R,30044,0,1,1382,65129010,,,,,,,,0.000,13.000,138.000,,,,,,,,,,,,,,,38.550,39.300,39.290,178400.000,-0.001778,39.190,39.200,55810.000,2.000,2.000,39.160,,-0.001778,0.005,0.005,0.007,0.007,0.005
79915,2003/09/02,,11,1,1311,65129010,NFX,NEWFIELD EXPLORATION CO,,NFX,,N,A,R,30044,0,1,1382,65129010,,,,,,,,,13.000,138.000,,,,,,,,,,,,,,,38.450,39.400,38.850,267200.000,-0.011199,38.870,38.890,55810.000,2.000,2.000,39.290,,-0.011199,0.013,0.013,0.013,0.013,0.014
79915,2003/09/03,,11,1,1311,65129010,NFX,NEWFIELD EXPLORATION CO,,NFX,,N,A,R,30044,0,1,1382,65129010,,,,,,,,,13.000,138.000,,,,,,,,,,,,,,,38.460,39.000,38.700,406200.000,-0.003861,38.710,38.760,55810.000,2.000,2.000,38.800,,-0.003861,0.005,0.004,0.006,0.006,0.004
79915,2003/09/04,,11,1,1311,65129010,NFX,NEWFIELD EXPLORATION CO,,NFX,,N,A,R,30044,0,1,1382,65129010,,,,,,,,,13.000,138.000,,,,,,,,,,,,,,,38.270,39.000,38.420,375700.000,-0.007235,38.410,38.450,55810.000,2.000,2.000,38.740,,-0.007235,0.003,0.002,0.006,0.006,0.002
79915,2003/09/05,,11,1,1311,65129010,NFX,NEWFIELD EXPLORATION CO,,NFX,,N,A,R,30044,0,1,1382,65129010,,,,,,,,,13.000,138.000,,,,,,,,,,,,,,,38.010,38.640,38.200,181100.000,-0.005726,38.160,38.170,55810.000,2.000,2.000,38.480,,-0.005726,-0.005,-0.005,-0.000,-0.000,-0.006
79915,2003/09/08,,11,1,1311,65129010,NFX,NEWFIELD EXPLORATION CO,,NFX,,N,A,R,30044,0,1,1382,65129010,,,,,,,,,13.000,138.000,,,,,,,,,,,,,,,38.250,39.220,39.100,328800.000,0.023560,39.100,39.140,55810.000,2.000,2.000,38.250,,0.023560,0.010,0.010,0.011,0.011,0.010
79915,2003/09/09,,11,1,1311,65129010,NFX,NEWFIELD EXPLORATION CO,,NFX,,N,A,R,30044,0,1,1382,65129010,,,,,,,,,13.000,138.000,,,,,,,,,,,,,,,38.780,39.240,38.900,734100.000,-0.005115,38.850,38.860,55810.000,2.000,2.000,39.240,,-0.005115,-0.008,-0.008,-0.002,-0.002,-0.008
79915,2003/09/10,,11,1,1311,65129010,NFX,NEWFIELD EXPLORATION CO,,NFX,,N,A,R,30044,0,1,1382,65129010,,,,,,,,,13.000,138.000,,,,,,,,,,,,,,,38.450,39.020,38.900,289500.000,0.000000,38.860,38.870,55810.000,2.000,2.000,38.900,,0.000000,-0.013,-0.013,-0.012,-0.013,-0.012
79915,2003/09/11,,11,1,1311,65129010,NFX,NEWFIELD EXPLORATION CO,,NFX,,N,A,R,30044,0,1,1382,65129010,,,,,,,,,13.000,138.000,,,,,,,,,,,,,,,38.670,39.090,38.860,252800.000,-0.001028,38.850,38.860,55810.000,2.000,2.000,39.000,,-0.001028,0.006,0.006,0.008,0.008,0.005
79915,2003/09/12,,11,1,1311,65129010,NFX,NEWFIELD EXPLORATION CO,,NFX,,N,A,R,30044,0,1,1382,65129010,,,,,,,,,13.000,138.000,,,,,,,,,,,,,,,38.690,39.090,38.800,157100.000,-0.001544,38.790,38.800,55810.000,2.000,2.000,39.000,,-0.001544,0.002,0.002,0.004,0.004,0.002
79915,2003/09/15,,11,1,1311,65129010,NFX,NEWFIELD EXPLORATION CO,,NFX,,N,A,R,30044,0,1,1382,65129010,,,,,,,,,13.000,138.000,,,,,,,,,,,,,,,38.720,39.040,38.750,417200.000,-0.001289,38.730,38.750,55810.000,2.000,2.000,39.000,,-0.001289,-0.003,-0.003,0.001,0.001,-0.004
79915,2003/09/16,,11,1,1311,65129010,NFX,NEWFIELD EXPLORATION CO,,NFX,,N,A,R,30044,0,1,1382,65129010,,,,,,,,,13.000,138.000,,,,,,,,,,,,,,,38.520,38.800,38.690,342700.000,-0.001548,38.590,38.600,55810.000,2.000,2.000,38.800,,-0.001548,0.013,0.013,0.011,0.011,0.014
79915,2003/09/17,,11,1,1311,65129010,NFX,NEWFIELD EXPLORATION CO,,NFX,,N,A,R,30044,0,1,1382,65129010,,,,,,,,,13.000,138.000,,,,,,,,,,,,,,,37.630,38.640,37.750,266800.000,-0.024296,37.720,37.750,55810.000,2.000,2.000,38.500,,-0.024296,-0.002,-0.002,0.002,0.002,-0.003
79915,2003/09/18,,11,1,1311,65129010,NFX,NEWFIELD EXPLORATION CO,,NFX,,N,A,R,30044,0,1,1382,65129010,,,,,,,,,13.000,138.000,,,,,,,,,,,,,,,36.600,37.740,37.150,582200.000,-0.015894,37.150,37.190,55810.000,2.000,2.000,37.650,,-0.015894,0.012,0.012,0.008,0.008,0.013
79915,2003/09/19,,11,1,1311,65129010,NFX,NEWFIELD EXPLORATION CO,,NFX,,N,A,R,30044,0,1,1382,65129010,,,,,,,,,13.000,138.000,,,,,,,,,,,,,,,37.200,37.860,37.580,286800.000,0.011575,37.580,37.630,55810.000,2.000,2.000,37.200,,0.011575,-0.001,-0.001,0.003,0.003,-0.003
79915,2003/09/22,,11,1,1311,65129010,NFX,NEWFIELD EXPLORATION CO,,NFX,,N,A,R,30044,0,1,1382,65129010,,,,,,,,,13.000,138.000,,,,,,,,,,,,,,,37.230,37.800,37.330,223300.000,-0.006652,37.300,37.340,55810.000,2.000,2.000,37.370,,-0.006652,-0.012,-0.012,-0.006,-0.006,-0.013
79915,2003/09/23,,11,1,1311,65129010,NFX,NEWFIELD EXPLORATION CO,,NFX,,N,A,R,30044,0,1,1382,65129010,,,,,,,,,13.000,138.000,,,,,,,,,,,,,,,37.400,37.750,37.680,365800.000,0.009376,37.650,37.680,55810.000,2.000,2.000,37.410,,0.009376,0.006,0.006,0.008,0.008,0.006
79915,2003/09/24,,11,1,1311,65129010,NFX,NEWFIELD EXPLORATION CO,,NFX,,N,A,R,30044,0,1,1382,65129010,,,,,,,,,13.000,138.000,,,,,,,,,,,,,,,37.700,38.670,37.930,467700.000,0.006635,37.930,37.980,55810.000,2.000,2.000,38.000,,0.006635,-0.018,-0.018,-0.010,-0.010,-0.019
79915,2003/09/25,,11,1,1311,65129010,NFX,NEWFIELD EXPLORATION CO,,NFX,,N,A,R,30044,0,1,1382,65129010,,,,,,,,,13.000,138.000,,,,,,,,,,,,,,,37.550,38.360,37.870,327300.000,-0.001582,37.810,37.840,55810.000,2.000,2.000,37.950,,-0.001582,-0.008,-0.008,-0.013,-0.013,-0.006
79915,2003/09/26,,11,1,1311,65129010,NFX,NEWFIELD EXPLORATION CO,,NFX,,N,A,R,30044,0,1,1382,65129010,,,,,,,,,13.000,138.000,,,,,,,,,,,,,,,36.930,37.750,37.240,236200.000,-0.016636,37.230,37.270,55810.000,2.000,2.000,37.740,,-0.016636,-0.008,-0.009,-0.013,-0.013,-0.006
79915,2003/09/29,,11,1,1311,65129010,NFX,NEWFIELD EXPLORATION CO,,NFX,,N,A,R,30044,0,1,1382,65129010,,,,,,,,,13.000,138.000,,,,,,,,,,,,,,,37.160,38.130,37.990,229900.000,0.020140,37.880,37.990,55810.000,2.000,2.000,37.250,,0.020140,0.010,0.010,0.007,0.007,0.010
79915,2003/09/30,,11,1,1311,65129010,NFX,NEWFIELD EXPLORATION CO,,NFX,,N,A,R,30044,0,1,1382,65129010,,,,,,,,0.000,13.000,138.000,,,,,,,,,,,,,,,37.900,39.150,38.570,334700.000,0.015267,38.540,38.580,55810.000,2.000,2.000,38.110,,0.015267,-0.009,-0.009,-0.004,-0.004,-0.011
79915,2003/10/01,,11,1,1311,65129010,NFX,NEWFIELD EXPLORATION CO,,NFX,,N,A,R,30044,0,1,1382,65129010,,,,,,,,,13.000,138.000,,,,,,,,,,,,,,,38.200,39.100,39.030,342000.000,0.011926,39.050,39.070,55810.000,2.000,2.000,38.350,,0.011926,0.021,0.021,0.015,0.015,0.022
79915,2003/10/02,,11,1,1311,65129010,NFX,NEWFIELD EXPLORATION CO,,NFX,,N,A,R,30044,0,1,1382,65129010,,,,,,,,,13.000,138.000,,,,,,,,,,,,,,,38.800,39.900,39.900,354100.000,0.022291,39.730,39.780,55810.000,2.000,2.000,38.930,,0.022291,0.003,0.003,0.005,0.004,0.002
79915,2003/10/03,,11,1,1311,65129010,NFX,NEWFIELD EXPLORATION CO,,NFX,,N,A,R,30044,0,1,1382,65129010,,,,,,,,,13.000,138.000,,,,,,,,,,,,,,,39.500,39.990,39.720,259200.000,-0.004511,39.700,39.720,55810.000,2.000,2.000,39.990,,-0.004511,0.010,0.010,0.010,0.010,0.009
79915,2003/10/06,,11,1,1311,65129010,NFX,NEWFIELD EXPLORATION CO,,NFX,,N,A,R,30044,0,1,1382,65129010,,,,,,,,,13.000,138.000,,,,,,,,,,,,,,,39.440,39.900,39.900,298800.000,0.004532,39.740,39.750,55810.000,2.000,2.000,39.600,,0.004532,0.005,0.005,0.007,0.007,0.004
79915,2003/10/07,,11,1,1311,65129010,NFX,NEWFIELD EXPLORATION CO,,NFX,,N,A,R,30044,0,1,1382,65129010,,,,,,,,,13.000,138.000,,,,,,,,,,,,,,,39.370,40.360,40.290,236300.000,0.009774,40.280,40.310,55810.000,2.000,2.000,39.960,,0.009774,0.005,0.005,0.006,0.006,0.005
79915,2003/10/08,,11,1,1311,65129010,NFX,NEWFIELD EXPLORATION CO,,NFX,,N,A,R,30044,0,1,1382,65129010,,,,,,,,,13.000,138.000,,,,,,,,,,,,,,,40.130,40.690,40.320,165900.000,0.000745,40.320,40.330,55810.000,2.000,2.000,40.450,,0.000745,-0.004,-0.005,-0.001,-0.001,-0.005
79915,2003/10/09,,11,1,1311,65129010,NFX,NEWFIELD EXPLORATION CO,,NFX,,N,A,R,30044,0,1,1382,65129010,,,,,,,,,13.000,138.000,,,,,,,,,,,,,,,39.890,40.350,40.280,251900.000,-0.000992,40.270,40.300,55810.000,2.000,2.000,40.320,,-0.000992,0.005,0.005,0.006,0.006,0.005
79915,2003/10/10,,11,1,1311,65129010,NFX,NEWFIELD EXPLORATION CO,,NFX,,N,A,R,30044,0,1,1382,65129010,,,,,,,,,13.000,138.000,,,,,,,,,,,,,,,40.260,41.100,41.000,243700.000,0.017875,40.880,40.960,55810.000,2.000,2.000,40.420,,0.017875,0.000,0.000,0.001,0.001,-0.001
79915,2003/10/13,,11,1,1311,65129010,NFX,NEWFIELD EXPLORATION CO,,NFX,,N,A,R,30044,0,1,1382,65129010,,,,,,,,,13.000,138.000,,,,,,,,,,,,,,,40.370,41.130,41.130,356100.000,0.003171,41.060,41.120,55810.000,2.000,2.000,40.900,,0.003171,0.008,0.008,0.010,0.010,0.007
79915,2003/10/14,,11,1,1311,65129010,NFX,NEWFIELD EXPLORATION CO,,NFX,,N,A,R,30044,0,1,1382,65129010,,,,,,,,,13.000,138.000,,,,,,,,,,,,,,,40.150,40.900,40.550,289900.000,-0.014102,40.480,40.520,55810.000,2.000,2.000,40.900,,-0.014102,0.004,0.004,0.006,0.006,0.004
79915,2003/10/15,,11,1,1311,65129010,NFX,NEWFIELD EXPLORATION CO,,NFX,,N,A,R,30044,0,1,1382,65129010,,,,,,,,,13.000,138.000,,,,,,,,,,,,,,,39.880,40.700,40.010,416700.000,-0.013317,39.920,39.940,55810.000,2.000,2.000,40.700,,-0.013317,-0.003,-0.003,-0.002,-0.002,-0.003
79915,2003/10/16,,11,1,1311,65129010,NFX,NEWFIELD EXPLORATION CO,,NFX,,N,A,R,30044,0,1,1382,65129010,,,,,,,,,13.000,138.000,,,,,,,,,,,,,,,39.900,40.450,40.370,161500.000,0.008998,40.360,40.370,55810.000,2.000,2.000,40.010,,0.008998,0.004,0.004,0.005,0.005,0.003
79915,2003/10/17,,11,1,1311,65129010,NFX,NEWFIELD EXPLORATION CO,,NFX,,N,A,R,30044,0,1,1382,65129010,,,,,,,,,13.000,138.000,,,,,,,,,,,,,,,40.090,40.510,40.160,195000.000,-0.005202,40.150,40.160,55810.000,2.000,2.000,40.470,,-0.005202,-0.011,-0.011,-0.008,-0.008,-0.010
79915,2003/10/20,,11,1,1311,65129010,NFX,NEWFIELD EXPLORATION CO,,NFX,,N,A,R,30044,0,1,1382,65129010,,,,,,,,,13.000,138.000,,,,,,,,,,,,,,,39.590,40.160,39.800,331700.000,-0.008964,39.800,39.810,55810.000,2.000,2.000,40.160,,-0.008964,0.004,0.004,0.002,0.002,0.005
79915,2003/10/21,,11,1,1311,65129010,NFX,NEWFIELD EXPLORATION CO,,NFX,,N,A,R,30044,0,1,1382,65129010,,,,,,,,,13.000,138.000,,,,,,,,,,,,,,,39.650,40.100,40.030,137300.000,0.005779,39.960,40.030,55810.000,2.000,2.000,39.850,,0.005779,0.003,0.003,0.004,0.004,0.001
79915,2003/10/22,,11,1,1311,65129010,NFX,NEWFIELD EXPLORATION CO,,NFX,,N,A,R,30044,0,1,1382,65129010,,,,,,,,,13.000,138.000,,,,,,,,,,,,,,,39.500,40.120,39.510,248800.000,-0.012990,39.510,39.520,55810.000,2.000,2.000,40.000,,-0.012990,-0.014,-0.015,-0.012,-0.012,-0.015
79915,2003/10/23,,11,1,1311,65129010,NFX,NEWFIELD EXPLORATION CO,,NFX,,N,A,R,30044,0,1,1382,65129010,,,,,,,,,13.000,138.000,,,,,,,,,,,,,,,38.890,39.530,39.500,258400.000,-0.000253,39.490,39.500,55810.000,2.000,2.000,39.450,,-0.000253,0.001,0.001,-0.004,-0.004,0.003
79915,2003/10/24,,11,1,1311,65129010,NFX,NEWFIELD EXPLORATION CO,,NFX,,N,A,R,30044,0,1,1382,65129010,,,,,,,,,13.000,138.000,,,,,,,,,,,,,,,39.050,39.460,39.190,219400.000,-0.007848,39.200,39.270,55810.000,2.000,2.000,39.450,,-0.007848,-0.004,-0.004,-0.004,-0.004,-0.005
79915,2003/10/27,,11,1,1311,65129010,NFX,NEWFIELD EXPLORATION CO,,NFX,,N,A,R,30044,0,1,1382,65129010,,,,,,,,,13.000,138.000,,,,,,,,,,,,,,,39.140,39.720,39.530,288200.000,0.008676,39.520,39.530,55810.000,2.000,2.000,39.290,,0.008676,0.004,0.004,0.009,0.009,0.002
79915,2003/10/28,,11,1,1311,65129010,NFX,NEWFIELD EXPLORATION CO,,NFX,,N,A,R,30044,0,1,1382,65129010,,,,,,,,,13.000,138.000,,,,,,,,,,,,,,,39.370,39.750,39.630,370800.000,0.002530,39.740,39.890,55810.000,2.000,2.000,39.600,,0.002530,0.015,0.015,0.012,0.012,0.015
79915,2003/10/29,,11,1,1311,65129010,NFX,NEWFIELD EXPLORATION CO,,NFX,,N,A,R,30044,0,1,1382,65129010,,,,,,,,,13.000,138.000,,,,,,,,,,,,,,,39.600,40.190,40.010,332700.000,0.009589,40.010,40.060,55810.000,2.000,2.000,39.640,,0.009589,0.003,0.003,0.007,0.007,0.001
79915,2003/10/30,,11,1,1311,65129010,NFX,NEWFIELD EXPLORATION CO,,NFX,,N,A,R,30044,0,1,1382,65129010,,,,,,,,,13.000,138.000,,,,,,,,,,,,,,,39.450,40.150,39.900,463900.000,-0.002749,39.890,39.930,55810.000,2.000,2.000,40.150,,-0.002749,-0.001,-0.001,0.001,0.001,-0.001
79915,2003/10/31,,11,1,1311,65129010,NFX,NEWFIELD EXPLORATION CO,,NFX,,N,A,R,30044,0,1,1382,65129010,,,,,,,,0.000,13.000,138.000,,,,,,,,,,,,,,,39.320,39.990,39.730,308600.000,-0.004261,39.700,39.710,55810.000,2.000,2.000,39.940,,-0.004261,0.002,0.002,0.002,0.002,0.004
79915,2003/11/03,,11,1,1311,65129010,NFX,NEWFIELD EXPLORATION CO,,NFX,,N,A,R,30044,0,1,1382,65129010,,,,,,,,,13.000,138.000,,,,,,,,,,,,,,,39.710,40.300,39.990,434274.000,0.006544,39.910,39.940,55810.000,2.000,2.000,39.750,,0.006544,0.009,0.009,0.011,0.011,0.008
79915,2003/11/04,,11,1,1311,65129010,NFX,NEWFIELD EXPLORATION CO,,NFX,,N,A,R,30044,0,1,1382,65129010,,,,,,,,,13.000,138.000,,,,,,,,,,,,,,,39.800,40.970,40.540,362070.000,0.013753,40.520,40.540,55810.000,2.000,2.000,39.850,,0.013753,-0.004,-0.004,0.002,0.002,-0.005
79915,2003/11/05,,11,1,1311,65129010,NFX,NEWFIELD EXPLORATION CO,,NFX,,N,A,R,30044,0,1,1382,65129010,,,,,,,,,13.000,138.000,,,,,,,,,,,,,,,40.340,40.950,40.650,312900.000,0.002713,40.580,40.600,55810.000,2.000,2.000,40.480,,0.002713,-0.001,-0.001,0.002,0.002,-0.001
79915,2003/11/06,,11,1,1311,65129010,NFX,NEWFIELD EXPLORATION CO,,NFX,,N,A,R,30044,0,1,1382,65129010,,,,,,,,,13.000,138.000,,,,,,,,,,,,,,,40.220,40.980,40.360,220400.000,-0.007134,40.390,40.400,55810.000,2.000,2.000,40.750,,-0.007134,0.005,0.005,0.005,0.005,0.006
79915,2003/11/07,,11,1,1311,65129010,NFX,NEWFIELD EXPLORATION CO,,NFX,,N,A,R,30044,0,1,1382,65129010,,,,,,,,,13.000,138.000,,,,,,,,,,,,,,,40.300,41.270,40.900,624600.000,0.013380,40.900,40.920,55810.000,2.000,2.000,40.360,,0.013380,-0.002,-0.003,0.003,0.003,-0.005
79915,2003/11/10,,11,1,1311,65129010,NFX,NEWFIELD EXPLORATION CO,,NFX,,N,A,R,30044,0,1,1382,65129010,,,,,,,,,13.000,138.000,,,,,,,,,,,,,,,40.830,41.220,41.020,296500.000,0.002934,41.020,41.030,55810.000,2.000,2.000,40.990,,0.002934,-0.007,-0.007,-0.006,-0.006,-0.006
79915,2003/11/11,,11,1,1311,65129010,NFX,NEWFIELD EXPLORATION CO,,NFX,,N,A,R,30044,0,1,1382,65129010,,,,,,,,,13.000,138.000,,,,,,,,,,,,,,,40.700,41.150,40.740,167800.000,-0.006826,40.700,40.710,55810.000,2.000,2.000,41.100,,-0.006826,-0.002,-0.002,-0.006,-0.006,-0.001
79915,2003/11/12,,11,1,1311,65129010,NFX,NEWFIELD EXPLORATION CO,,NFX,,N,A,R,30044,0,1,1382,65129010,,,,,,,,,13.000,138.000,,,,,,,,,,,,,,,40.395,40.900,40.550,395500.000,-0.004664,40.540,40.550,55810.000,2.000,2.000,40.840,,-0.004664,0.013,0.013,0.014,0.014,0.011
79915,2003/11/13,,11,1,1311,65129010,NFX,NEWFIELD EXPLORATION CO,,NFX,,N,A,R,30044,0,1,1382,65129010,,,,,,,,,13.000,138.000,,,,,,,,,,,,,,,40.530,40.950,40.830,313500.000,0.006905,40.820,40.840,55810.000,2.000,2.000,40.620,,0.006905,0.001,0.000,0.003,0.003,-0.000
79915,2003/11/14,,11,1,1311,65129010,NFX,NEWFIELD EXPLORATION CO,,NFX,,N,A,R,30044,0,1,1382,65129010,,,,,,,,,13.000,138.000,,,,,,,,,,,,,,,40.730,41.180,40.760,267200.000,-0.001715,40.760,40.770,55810.000,2.000,2.000,40.790,,-0.001715,-0.008,-0.008,-0.007,-0.007,-0.008
79915,2003/11/17,,11,1,1311,65129010,NFX,NEWFIELD EXPLORATION CO,,NFX,,N,A,R,30044,0,1,1382,65129010,,,,,,,,,13.000,138.000,,,,,,,,,,,,,,,40.050,40.770,40.350,207600.000,-0.010059,40.330,40.360,55810.000,2.000,2.000,40.770,,-0.010059,-0.007,-0.007,-0.010,-0.010,-0.006
79915,2003/11/18,,11,1,1311,65129010,NFX,NEWFIELD EXPLORATION CO,,NFX,,N,A,R,30044,0,1,1382,65129010,,,,,,,,,13.000,138.000,,,,,,,,,,,,,,,40.360,40.600,40.450,313900.000,0.002478,40.450,40.480,55810.000,2.000,2.000,40.450,,0.002478,-0.008,-0.008,-0.004,-0.004,-0.009
79915,2003/11/19,,11,1,1311,65129010,NFX,NEWFIELD EXPLORATION CO,,NFX,,N,A,R,30044,0,1,1382,65129010,,,,,,,,,13.000,138.000,,,,,,,,,,,,,,,40.240,40.720,40.570,264900.000,0.002967,40.570,40.590,55810.000,2.000,2.000,40.600,,0.002967,0.007,0.007,0.004,0.004,0.008
79915,2003/11/20,,11,1,1311,65129010,NFX,NEWFIELD EXPLORATION CO,,NFX,,N,A,R,30044,0,1,1382,65129010,,,,,,,,,13.000,138.000,,,,,,,,,,,,,,,40.050,40.500,40.150,242000.000,-0.010352,40.060,40.220,55810.000,2.000,2.000,40.450,,-0.010352,-0.007,-0.007,-0.005,-0.005,-0.008
79915,2003/11/21,,11,1,1311,65129010,NFX,NEWFIELD EXPLORATION CO,,NFX,,N,A,R,30044,0,1,1382,65129010,,,,,,,,,13.000,138.000,,,,,,,,,,,,,,,39.590,40.080,39.740,181600.000,-0.010212,39.690,39.710,55810.000,2.000,2.000,40.050,,-0.010212,0.002,0.002,0.002,0.002,0.002
79915,2003/11/24,,11,1,1311,65129010,NFX,NEWFIELD EXPLORATION CO,,NFX,,N,A,R,30044,0,1,1382,65129010,,,,,,,,,13.000,138.000,,,,,,,,,,,,,,,39.680,40.260,40.220,281200.000,0.012078,40.090,40.140,55810.000,2.000,2.000,39.840,,0.012078,0.016,0.016,0.013,0.013,0.016
79915,2003/11/25,,11,1,1311,65129010,NFX,NEWFIELD EXPLORATION CO,,NFX,,N,A,R,30044,0,1,1382,65129010,,,,,,,,,13.000,138.000,,,,,,,,,,,,,,,40.100,40.720,40.550,191900.000,0.008205,40.490,40.520,55810.000,2.000,2.000,40.100,,0.008205,0.003,0.003,0.006,0.006,0.002
79915,2003/11/26,,11,1,1311,65129010,NFX,NEWFIELD EXPLORATION CO,,NFX,,N,A,R,30044,0,1,1382,65129010,,,,,,,,,13.000,138.000,,,,,,,,,,,,,,,40.520,41.070,40.980,204700.000,0.010604,40.940,40.990,55810.000,2.000,2.000,40.520,,0.010604,0.005,0.004,0.006,0.006,0.004
79915,2003/11/28,,11,1,1311,65129010,NFX,NEWFIELD EXPLORATION CO,,NFX,,N,A,R,30044,0,1,1382,65129010,,,,,,,,0.000,13.000,138.000,,,,,,,,,,,,,,,40.870,41.210,40.900,142200.000,-0.001952,40.890,40.900,56020.000,2.000,2.000,41.120,,-0.001952,0.001,0.001,0.006,0.006,-0.000
79915,2003/12/01,,11,1,1311,65129010,NFX,NEWFIELD EXPLORATION CO,,NFX,,N,A,R,30044,0,1,1382,65129010,,,,,,,,,13.000,138.000,,,,,,,,,,,,,,,40.840,41.140,40.880,288300.000,-0.000489,40.880,40.900,56020.000,2.000,2.000,41.100,,-0.000489,0.011,0.011,0.011,0.011,0.011
79915,2003/12/02,,11,1,1311,65129010,NFX,NEWFIELD EXPLORATION CO,,NFX,,N,A,R,30044,0,1,1382,65129010,,,,,,,,,13.000,138.000,,,,,,,,,,,,,,,40.850,41.390,41.350,526300.000,0.011497,41.340,41.350,56020.000,2.000,2.000,40.900,,0.011497,-0.002,-0.002,0.001,0.001,-0.003
79915,2003/12/03,,11,1,1311,65129010,NFX,NEWFIELD EXPLORATION CO,,NFX,,N,A,R,30044,0,1,1382,65129010,,,,,,,,,13.000,138.000,,,,,,,,,,,,,,,40.940,41.500,40.990,288200.000,-0.008706,40.980,40.990,56020.000,2.000,2.000,41.400,,-0.008706,-0.003,-0.003,-0.005,-0.005,-0.002
79915,2003/12/04,,11,1,1311,65129010,NFX,NEWFIELD EXPLORATION CO,,NFX,,N,A,R,30044,0,1,1382,65129010,,,,,,,,,13.000,138.000,,,,,,,,,,,,,,,40.900,42.760,42.680,515700.000,0.041230,42.720,42.730,56020.000,2.000,2.000,40.950,,0.041230,0.002,0.002,-0.001,-0.001,0.005
79915,2003/12/05,,11,1,1311,65129010,NFX,NEWFIELD EXPLORATION CO,,NFX,,N,A,R,30044,0,1,1382,65129010,,,,,,,,,13.000,138.000,,,,,,,,,,,,,,,42.800,43.260,43.150,322000.000,0.011012,43.130,43.150,56020.000,2.000,2.000,42.880,,0.011012,-0.007,-0.007,-0.004,-0.004,-0.008
79915,2003/12/08,,11,1,1311,65129010,NFX,NEWFIELD EXPLORATION CO,,NFX,,N,A,R,30044,0,1,1382,65129010,,,,,,,,,13.000,138.000,,,,,,,,,,,,,,,43.150,44.140,44.070,492000.000,0.021321,44.000,44.030,56020.000,2.000,2.000,43.150,,0.021321,0.006,0.006,0.003,0.003,0.007
79915,2003/12/09,,11,1,1311,65129010,NFX,NEWFIELD EXPLORATION CO,,NFX,,N,A,R,30044,0,1,1382,65129010,,,,,,,,,13.000,138.000,,,,,,,,,,,,,,,43.410,43.950,43.550,244000.000,-0.011799,43.490,43.500,56020.000,2.000,2.000,43.950,,-0.011799,-0.009,-0.009,-0.009,-0.009,-0.009
79915,2003/12/10,,11,1,1311,65129010,NFX,NEWFIELD EXPLORATION CO,,NFX,,N,A,R,30044,0,1,1382,65129010,,,,,,,,,13.000,138.000,,,,,,,,,,,,,,,42.600,43.580,42.600,381800.000,-0.021814,42.670,42.680,56020.000,2.000,2.000,43.400,,-0.021814,-0.003,-0.003,-0.009,-0.009,-0.001
79915,2003/12/11,,11,1,1311,65129010,NFX,NEWFIELD EXPLORATION CO,,NFX,,N,A,R,30044,0,1,1382,65129010,,,,,,,,,13.000,138.000,,,,,,,,,,,,,,,42.350,42.690,42.510,499000.000,-0.002113,42.520,42.540,56020.000,2.000,2.000,42.600,,-0.002113,0.013,0.013,0.015,0.014,0.011
79915,2003/12/12,,11,1,1311,65129010,NFX,NEWFIELD EXPLORATION CO,,NFX,,N,A,R,30044,0,1,1382,65129010,,,,,,,,,13.000,138.000,,,,,,,,,,,,,,,42.640,43.550,43.390,325600.000,0.020701,43.390,43.400,56020.000,2.000,2.000,42.650,,0.020701,0.003,0.003,0.007,0.007,0.003
79915,2003/12/15,,11,1,1311,65129010,NFX,NEWFIELD EXPLORATION CO,,NFX,,N,A,R,30044,0,1,1382,65129010,,,,,,,,,13.000,138.000,,,,,,,,,,,,,,,43.210,43.440,43.250,591000.000,-0.003227,43.250,43.260,56020.000,2.000,2.000,43.400,,-0.003227,-0.007,-0.007,-0.009,-0.009,-0.006
79915,2003/12/16,,11,1,1311,65129010,NFX,NEWFIELD EXPLORATION CO,,NFX,,N,A,R,30044,0,1,1382,65129010,,,,,,,,,13.000,138.000,,,,,,,,,,,,,,,43.210,44.060,43.940,464800.000,0.015954,43.930,43.950,56020.000,2.000,2.000,43.250,,0.015954,0.005,0.005,-0.000,-0.000,0.007
79915,2003/12/17,,11,1,1311,65129010,NFX,NEWFIELD EXPLORATION CO,,NFX,,N,A,R,30044,0,1,1382,65129010,,,,,,,,,13.000,138.000,,,,,,,,,,,,,,,43.800,44.130,43.950,243300.000,0.000228,43.940,44.000,56020.000,2.000,2.000,44.050,,0.000228,0.002,0.001,0.001,0.001,0.001
79915,2003/12/18,,11,1,1311,65129010,NFX,NEWFIELD EXPLORATION CO,,NFX,,N,A,R,30044,0,1,1382,65129010,,,,,,,,,13.000,138.000,,,,,,,,,,,,,,,42.850,44.190,43.980,706400.000,0.000683,43.960,43.980,56020.000,2.000,2.000,43.150,,0.000683,0.012,0.012,0.011,0.011,0.012
79915,2003/12/19,,11,1,1311,65129010,NFX,NEWFIELD EXPLORATION CO,,NFX,,N,A,R,30044,0,1,1382,65129010,,,,,,,,,13.000,138.000,,,,,,,,,,,,,,,43.950,44.380,44.300,440600.000,0.007276,44.280,44.300,56020.000,2.000,2.000,44.350,,0.007276,-0.000,-0.000,0.000,-0.000,-0.000
79915,2003/12/22,,11,1,1311,65129010,NFX,NEWFIELD EXPLORATION CO,,NFX,,N,A,R,30044,0,1,1382,65129010,,,,,,,,,13.000,138.000,,,,,,,,,,,,,,,43.170,44.400,44.280,451000.000,-0.000451,44.210,44.220,56020.000,2.000,2.000,44.050,,-0.000451,0.004,0.004,0.003,0.003,0.004
79915,2003/12/23,,11,1,1311,65129010,NFX,NEWFIELD EXPLORATION CO,,NFX,,N,A,R,30044,0,1,1382,65129010,,,,,,,,,13.000,138.000,,,,,,,,,,,,,,,43.630,44.200,44.200,373600.000,-0.001807,44.140,44.150,56020.000,2.000,2.000,43.750,,-0.001807,0.004,0.004,0.006,0.006,0.003
79915,2003/12/24,,11,1,1311,65129010,NFX,NEWFIELD EXPLORATION CO,,NFX,,N,A,R,30044,0,1,1382,65129010,,,,,,,,,13.000,138.000,,,,,,,,,,,,,,,43.980,44.500,44.260,114000.000,0.001357,44.260,44.330,56020.000,2.000,2.000,44.000,,0.001357,-0.001,-0.001,0.001,0.001,-0.002
79915,2003/12/26,,11,1,1311,65129010,NFX,NEWFIELD EXPLORATION CO,,NFX,,N,A,R,30044,0,1,1382,65129010,,,,,,,,,13.000,138.000,,,,,,,,,,,,,,,44.100,44.450,44.410,56800.000,0.003389,44.360,44.410,56020.000,2.000,2.000,44.200,,0.003389,0.002,0.002,0.004,0.004,0.002
79915,2003/12/29,,11,1,1311,65129010,NFX,NEWFIELD EXPLORATION CO,,NFX,,N,A,R,30044,0,1,1382,65129010,,,,,,,,,13.000,138.000,,,,,,,,,,,,,,,44.210,45.250,45.200,437400.000,0.017789,45.190,45.230,56020.000,2.000,2.000,44.350,,0.017789,0.013,0.012,0.012,0.011,0.012
79915,2003/12/30,,11,1,1311,65129010,NFX,NEWFIELD EXPLORATION CO,,NFX,,N,A,R,30044,0,1,1382,65129010,,,,,,,,,13.000,138.000,,,,,,,,,,,,,,,44.780,45.510,44.950,449400.000,-0.005531,44.790,45.060,56020.000,2.000,2.000,45.150,,-0.005531,0.001,0.001,0.004,0.004,0.000
79915,2003/12/31,,11,1,1311,65129010,NFX,NEWFIELD EXPLORATION CO,,NFX,,N,A,R,30044,0,1,1382,65129010,,,,,,,,0.000,13.000,138.000,,,,,,,,,,,,,,,44.310,45.050,44.540,267600.000,-0.009121,44.350,44.640,56020.000,2.000,2.000,44.800,,-0.009121,0.000,0.000,-0.001,-0.001,0.002
79915,2004/01/02,,11,1,1311,65129010,NFX,NEWFIELD EXPLORATION CO,,NFX,,N,A,R,30044,0,1,1382,65129010,,,,,,,,,13.000,138.000,,,,,,,,,,,,,,,44.330,44.700,44.510,114600.000,-0.000674,44.510,44.520,56020.000,2.000,2.000,44.400,,-0.000674,-0.001,-0.001,0.006,0.006,-0.003
79915,2004/01/05,,11,1,1311,65129010,NFX,NEWFIELD EXPLORATION CO,,NFX,,N,A,R,30044,0,1,1382,65129010,,,,,,,,,13.000,138.000,,,,,,,,,,,,,,,44.520,45.050,44.840,262600.000,0.007414,44.890,44.980,56020.000,2.000,2.000,44.520,,0.007414,0.012,0.012,0.013,0.013,0.012
79915,2004/01/06,,11,1,1311,65129010,NFX,NEWFIELD EXPLORATION CO,,NFX,,N,A,R,30044,0,1,1382,65129010,,,,,,,,,13.000,138.000,,,,,,,,,,,,,,,44.270,45.000,44.740,401500.000,-0.002230,44.680,44.700,56020.000,2.000,2.000,44.900,,-0.002230,0.002,0.002,0.005,0.005,0.001
79915,2004/01/07,,11,1,1311,65129010,NFX,NEWFIELD EXPLORATION CO,,NFX,,N,A,R,30044,0,1,1382,65129010,,,,,,,,,13.000,138.000,,,,,,,,,,,,,,,44.160,44.700,44.490,523100.000,-0.005588,44.440,44.460,56020.000,2.000,2.000,44.700,,-0.005588,0.003,0.003,0.006,0.006,0.002
79915,2004/01/08,,11,1,1311,65129010,NFX,NEWFIELD EXPLORATION CO,,NFX,,N,A,R,30044,0,1,1382,65129010,,,,,,,,,13.000,138.000,,,,,,,,,,,,,,,44.300,44.740,44.660,529700.000,0.003821,44.620,44.650,56020.000,2.000,2.000,44.740,,0.003821,0.005,0.005,0.008,0.008,0.005
79915,2004/01/09,,11,1,1311,65129010,NFX,NEWFIELD EXPLORATION CO,,NFX,,N,A,R,30044,0,1,1382,65129010,,,,,,,,,13.000,138.000,,,,,,,,,,,,,,,44.490,46.000,45.650,924700.000,0.022168,45.650,45.660,56020.000,2.000,2.000,44.600,,0.022168,-0.006,-0.006,-0.000,-0.000,-0.009
79915,2004/01/12,,11,1,1311,65129010,NFX,NEWFIELD EXPLORATION CO,,NFX,,N,A,R,30044,0,1,1382,65129010,,,,,,,,,13.000,138.000,,,,,,,,,,,,,,,45.400,45.980,45.910,371300.000,0.005695,45.900,45.940,56020.000,2.000,2.000,45.400,,0.005695,0.005,0.005,0.009,0.009,0.005
79915,2004/01/13,,11,1,1311,65129010,NFX,NEWFIELD EXPLORATION CO,,NFX,,N,A,R,30044,0,1,1382,65129010,,,,,,,,,13.000,138.000,,,,,,,,,,,,,,,45.950,46.450,46.300,567200.000,0.008495,46.210,46.250,56020.000,2.000,2.000,45.950,,0.008495,-0.005,-0.005,-0.001,-0.001,-0.005
79915,2004/01/14,,11,1,1311,65129010,NFX,NEWFIELD EXPLORATION CO,,NFX,,N,A,R,30044,0,1,1382,65129010,,,,,,,,,13.000,138.000,,,,,,,,,,,,,,,46.080,46.600,46.600,463300.000,0.006479,46.430,46.700,56020.000,2.000,2.000,46.080,,0.006479,0.007,0.007,0.007,0.007,0.008
79915,2004/01/15,,11,1,1311,65129010,NFX,NEWFIELD EXPLORATION CO,,NFX,,N,A,R,30044,0,1,1382,65129010,,,,,,,,,13.000,138.000,,,,,,,,,,,,,,,44.970,46.900,44.970,483700.000,-0.034978,45.030,45.120,56020.000,2.000,2.000,46.600,,-0.034978,0.001,0.001,0.001,0.001,0.001
79915,2004/01/16,,11,1,1311,65129010,NFX,NEWFIELD EXPLORATION CO,,NFX,,N,A,R,30044,0,1,1382,65129010,,,,,,,,,13.000,138.000,,,,,,,,,,,,,,,44.850,45.750,45.590,396600.000,0.013787,45.580,45.600,56020.000,2.000,2.000,45.100,,0.013787,0.007,0.007,0.008,0.008,0.007
79915,2004/01/20,,11,1,1311,65129010,NFX,NEWFIELD EXPLORATION CO,,NFX,,N,A,R,30044,0,1,1382,65129010,,,,,,,,,13.000,138.000,,,,,,,,,,,,,,,45.800,47.130,46.770,263100.000,0.025883,46.740,46.750,56020.000,2.000,2.000,45.840,,0.025883,0.003,0.003,0.012,0.012,-0.001
79915,2004/01/21,,11,1,1311,65129010,NFX,NEWFIELD EXPLORATION CO,,NFX,,N,A,R,30044,0,1,1382,65129010,,,,,,,,,13.000,138.000,,,,,,,,,,,,,,,46.170,46.760,46.190,331800.000,-0.012401,46.190,46.200,56020.000,2.000,2.000,46.700,,-0.012401,0.006,0.006,0.003,0.003,0.008
79915,2004/01/22,,11,1,1311,65129010,NFX,NEWFIELD EXPLORATION CO,,NFX,,N,A,R,30044,0,1,1382,65129010,,,,,,,,,13.000,138.000,,,,,,,,,,,,,,,46.300,48.480,48.360,1348600.000,0.046980,48.450,48.460,56020.000,2.000,2.000,46.350,,0.046980,-0.003,-0.003,-0.003,-0.003,-0.003
79915,2004/01/23,,11,1,1311,65129010,NFX,NEWFIELD EXPLORATION CO,,NFX,,N,A,R,30044,0,1,1382,65129010,,,,,,,,,13.000,138.000,,,,,,,,,,,,,,,48.550,50.200,50.130,917900.000,0.036601,50.080,50.100,56020.000,2.000,2.000,48.750,,0.036601,-0.001,-0.001,0.003,0.003,-0.002
79915,2004/01/26,,11,1,1311,65129010,NFX,NEWFIELD EXPLORATION CO,,NFX,,N,A,R,30044,0,1,1382,65129010,,,,,,,,,13.000,138.000,,,,,,,,,,,,,,,48.300,49.460,49.280,806500.000,-0.016956,49.310,49.330,56020.000,2.000,2.000,48.750,,-0.016956,0.010,0.010,0.008,0.008,0.012
79915,2004/01/27,,11,1,1311,65129010,NFX,NEWFIELD EXPLORATION CO,,NFX,,N,A,R,30044,0,1,1382,65129010,,,,,,,,,13.000,138.000,,,,,,,,,,,,,,,49.020,49.440,49.200,455600.000,-0.001623,49.200,49.230,56020.000,2.000,2.000,49.240,,-0.001623,-0.009,-0.009,-0.002,-0.002,-0.010
79915,2004/01/28,,11,1,1311,65129010,NFX,NEWFIELD EXPLORATION CO,,NFX,,N,A,R,30044,0,1,1382,65129010,,,,,,,,,13.000,138.000,,,,,,,,,,,,,,,48.620,49.130,49.050,684100.000,-0.003049,49.030,49.060,56020.000,2.000,2.000,49.050,,-0.003049,-0.014,-0.014,-0.013,-0.013,-0.014
79915,2004/01/29,,11,1,1311,65129010,NFX,NEWFIELD EXPLORATION CO,,NFX,,N,A,R,30044,0,1,1382,65129010,,,,,,,,,13.000,138.000,,,,,,,,,,,,,,,47.650,49.040,47.860,692900.000,-0.024261,47.920,47.950,56020.000,2.000,2.000,49.000,,-0.024261,0.001,0.001,-0.008,-0.008,0.005
79915,2004/01/30,,11,1,1311,65129010,NFX,NEWFIELD EXPLORATION CO,,NFX,,N,A,R,30044,0,1,1382,65129010,,,,,,,,0.000,13.000,138.000,,,,,,,,,,,,,,,46.810,47.610,47.190,535000.000,-0.013999,47.180,47.260,56020.000,2.000,2.000,47.610,,-0.013999,-0.001,-0.001,0.004,0.004,-0.003
79915,2004/02/02,,11,1,1311,65129010,NFX,NEWFIELD EXPLORATION CO,,NFX,,N,A,R,30044,0,1,1382,65129010,,,,,,,,,13.000,138.000,,,,,,,,,,,,,,,46.680,48.340,47.950,470900.000,0.016105,47.960,47.990,56020.000,2.000,2.000,47.450,,0.016105,0.003,0.003,0.000,0.000,0.004
79915,2004/02/03,,11,1,1311,65129010,NFX,NEWFIELD EXPLORATION CO,,NFX,,N,A,R,30044,0,1,1382,65129010,,,,,,,,,13.000,138.000,,,,,,,,,,,,,,,47.700,48.460,47.730,516400.000,-0.004588,47.790,47.870,56020.000,2.000,2.000,47.700,,-0.004588,0.000,0.000,0.000,0.000,0.001
79915,2004/02/04,,11,1,1311,65129010,NFX,NEWFIELD EXPLORATION CO,,NFX,,N,A,R,30044,0,1,1382,65129010,,,,,,,,,13.000,138.000,,,,,,,,,,,,,,,47.010,47.930,47.210,427300.000,-0.010895,47.290,47.310,56020.000,2.000,2.000,47.930,,-0.010895,-0.010,-0.010,-0.015,-0.015,-0.008
79915,2004/02/05,,11,1,1311,65129010,NFX,NEWFIELD EXPLORATION CO,,NFX,,N,A,R,30044,0,1,1382,65129010,,,,,,,,,13.000,138.000,,,,,,,,,,,,,,,46.160,47.700,46.160,389500.000,-0.022241,46.170,46.220,56020.000,2.000,2.000,47.600,,-0.022241,0.002,0.002,0.002,0.002,0.002
79915,2004/02/06,,11,1,1311,65129010,NFX,NEWFIELD EXPLORATION CO,,NFX,,N,A,R,30044,0,1,1382,65129010,,,,,,,,,13.000,138.000,,,,,,,,,,,,,,,46.100,47.710,47.710,339000.000,0.033579,47.650,47.710,56020.000,2.000,2.000,46.460,,0.033579,0.014,0.014,0.016,0.016,0.013
79915,2004/02/09,,11,1,1311,65129010,NFX,NEWFIELD EXPLORATION CO,,NFX,,N,A,R,30044,0,1,1382,65129010,,,,,,,,,13.000,138.000,,,,,,,,,,,,,,,47.700,48.910,48.520,336100.000,0.016978,48.520,48.530,56020.000,2.000,2.000,47.710,,0.016978,-0.000,-0.001,0.005,0.004,-0.003
79915,2004/02/10,,11,1,1311,65129010,NFX,NEWFIELD EXPLORATION CO,,NFX,,N,A,R,30044,0,1,1382,65129010,,,,,,,,,13.000,138.000,,,,,,,,,,,,,,,48.420,49.190,49.130,370600.000,0.012572,49.070,49.080,56020.000,2.000,2.000,48.550,,0.012572,0.006,0.006,0.007,0.007,0.005
79915,2004/02/11,,11,1,1311,65129010,NFX,NEWFIELD EXPLORATION CO,,NFX,,N,A,R,30044,0,1,1382,65129010,,,,,,,,,13.000,138.000,,,,,,,,,,,,,,,48.460,49.490,49.380,386900.000,0.005089,49.350,49.410,56020.000,2.000,2.000,49.130,,0.005089,0.010,0.010,0.007,0.007,0.011
79915,2004/02/12,,11,1,1311,65129010,NFX,NEWFIELD EXPLORATION CO,,NFX,,N,A,R,30044,0,1,1382,65129010,,,,,,,,,13.000,138.000,,,,,,,,,,,,,,,47.900,49.530,49.410,870200.000,0.000608,49.400,49.410,56020.000,2.000,2.000,48.850,,0.000608,-0.005,-0.005,-0.002,-0.003,-0.005
79915,2004/02/13,,11,1,1311,65129010,NFX,NEWFIELD EXPLORATION CO,,NFX,,N,A,R,30044,0,1,1382,65129010,,,,,,,,,13.000,138.000,,,,,,,,,,,,,,,45.050,46.480,46.250,2547000.000,-0.063955,46.300,46.320,56020.000,2.000,2.000,45.100,,-0.063955,-0.005,-0.005,-0.005,-0.005,-0.005
79915,2004/02/17,,11,1,1311,65129010,NFX,NEWFIELD EXPLORATION CO,,NFX,,N,A,R,30044,0,1,1382,65129010,,,,,,,,,13.000,138.000,,,,,,,,,,,,,,,45.870,46.620,46.380,549900.000,0.002811,46.370,46.380,56020.000,2.000,2.000,46.100,,0.002811,0.010,0.010,0.009,0.009,0.010
79915,2004/02/18,,11,1,1311,65129010,NFX,NEWFIELD EXPLORATION CO,,NFX,,N,A,R,30044,0,1,1382,65129010,,,,,,,,,13.000,138.000,,,,,,,,,,,,,,,45.940,46.930,45.950,295800.000,-0.009271,45.940,45.950,56020.000,2.000,2.000,46.800,,-0.009271,-0.004,-0.005,-0.003,-0.003,-0.004
79915,2004/02/19,,11,1,1311,65129010,NFX,NEWFIELD EXPLORATION CO,,NFX,,N,A,R,30044,0,1,1382,65129010,,,,,,,,,13.000,138.000,,,,,,,,,,,,,,,45.500,45.960,45.620,701200.000,-0.007182,45.600,45.620,56020.000,2.000,2.000,45.950,,-0.007182,-0.005,-0.005,-0.007,-0.007,-0.004
79915,2004/02/20,,11,1,1311,65129010,NFX,NEWFIELD EXPLORATION CO,,NFX,,N,A,R,30044,0,1,1382,65129010,,,,,,,,,13.000,138.000,,,,,,,,,,,,,,,45.100,46.300,46.060,465000.000,0.009645,46.020,46.060,56020.000,2.000,2.000,45.610,,0.009645,-0.004,-0.004,-0.005,-0.005,-0.003
79915,2004/02/23,,11,1,1311,65129010,NFX,NEWFIELD EXPLORATION CO,,NFX,,N,A,R,30044,0,1,1382,65129010,,,,,,,,,13.000,138.000,,,,,,,,,,,,,,,45.120,46.470,45.200,365100.000,-0.018671,45.190,45.230,56020.000,2.000,2.000,46.160,,-0.018671,-0.005,-0.005,-0.011,-0.011,-0.003
79915,2004/02/24,,11,1,1311,65129010,NFX,NEWFIELD EXPLORATION CO,,NFX,,N,A,R,30044,0,1,1382,65129010,,,,,,,,,13.000,138.000,,,,,,,,,,,,,,,44.150,45.140,45.120,664100.000,-0.001770,45.110,45.150,56020.000,2.000,2.000,44.400,,-0.001770,-0.001,-0.001,-0.002,-0.002,-0.002
79915,2004/02/25,,11,1,1311,65129010,NFX,NEWFIELD EXPLORATION CO,,NFX,,N,A,R,30044,0,1,1382,65129010,,,,,,,,,13.000,138.000,,,,,,,,,,,,,,,44.870,45.650,45.470,513400.000,0.007757,45.460,45.490,56020.000,2.000,2.000,44.870,,0.007757,0.005,0.005,0.007,0.007,0.004
79915,2004/02/26,,11,1,1311,65129010,NFX,NEWFIELD EXPLORATION CO,,NFX,,N,A,R,30044,0,1,1382,65129010,,,,,,,,,13.000,138.000,,,,,,,,,,,,,,,45.500,46.250,46.250,388100.000,0.017154,46.210,46.250,56020.000,2.000,2.000,45.500,,0.017154,0.003,0.003,0.006,0.006,0.001
79915,2004/02/27,,11,1,1311,65129010,NFX,NEWFIELD EXPLORATION CO,,NFX,,N,A,R,30044,0,1,1382,65129010,,,,,,,,0.000,13.000,138.000,,,,,,,,,,,,,,,46.370,47.020,46.880,428900.000,0.013622,46.870,46.880,56020.000,2.000,2.000,46.500,,0.013622,0.002,0.002,0.005,0.005,0.000
79915,2004/03/01,,11,1,1311,65129010,NFX,NEWFIELD EXPLORATION CO,,NFX,,N,A,R,30044,0,1,1382,65129010,,,,,,,,,13.000,138.000,,,,,,,,,,,,,,,46.900,47.990,47.900,282200.000,0.021758,47.920,47.950,56020.000,2.000,2.000,46.980,,0.021758,0.010,0.010,0.012,0.012,0.010
79915,2004/03/02,,11,1,1311,65129010,NFX,NEWFIELD EXPLORATION CO,,NFX,,N,A,R,30044,0,1,1382,65129010,,,,,,,,,13.000,138.000,,,,,,,,,,,,,,,47.740,48.600,47.850,361400.000,-0.001044,47.860,47.910,56020.000,2.000,2.000,48.000,,-0.001044,-0.006,-0.006,-0.002,-0.002,-0.006
79915,2004/03/03,,11,1,1311,65129010,NFX,NEWFIELD EXPLORATION CO,,NFX,,N,A,R,30044,0,1,1382,65129010,,,,,,,,,13.000,138.000,,,,,,,,,,,,,,,47.230,48.300,48.100,197500.000,0.005225,48.100,48.110,56020.000,2.000,2.000,48.100,,0.005225,0.001,0.001,0.002,0.002,0.002
79915,2004/03/04,,11,1,1311,65129010,NFX,NEWFIELD EXPLORATION CO,,NFX,,N,A,R,30044,0,1,1382,65129010,,,,,,,,,13.000,138.000,,,,,,,,,,,,,,,46.990,48.110,47.250,232700.000,-0.017671,47.120,47.350,56020.000,2.000,2.000,48.110,,-0.017671,0.005,0.005,0.008,0.008,0.003
79915,2004/03/05,,11,1,1311,65129010,NFX,NEWFIELD EXPLORATION CO,,NFX,,N,A,R,30044,0,1,1382,65129010,,,,,,,,,13.000,138.000,,,,,,,,,,,,,,,47.250,48.630,48.180,504300.000,0.019683,48.200,48.220,56020.000,2.000,2.000,47.250,,0.019683,0.003,0.003,0.003,0.003,0.002
79915,2004/03/08,,11,1,1311,65129010,NFX,NEWFIELD EXPLORATION CO,,NFX,,N,A,R,30044,0,1,1382,65129010,,,,,,,,,13.000,138.000,,,,,,,,,,,,,,,47.900,48.900,47.990,280500.000,-0.003944,47.900,47.910,56020.000,2.000,2.000,48.430,,-0.003944,-0.008,-0.008,-0.006,-0.006,-0.008
79915,2004/03/09,,11,1,1311,65129010,NFX,NEWFIELD EXPLORATION CO,,NFX,,N,A,R,30044,0,1,1382,65129010,,,,,,,,,13.000,138.000,,,,,,,,,,,,,,,47.400,48.150,47.480,216100.000,-0.010627,47.480,47.490,56020.000,2.000,2.000,48.150,,-0.010627,-0.007,-0.007,-0.007,-0.007,-0.006
79915,2004/03/10,,11,1,1311,65129010,NFX,NEWFIELD EXPLORATION CO,,NFX,,N,A,R,30044,0,1,1382,65129010,,,,,,,,,13.000,138.000,,,,,,,,,,,,,,,46.470,47.750,46.600,202500.000,-0.018534,46.600,46.620,56020.000,2.000,2.000,47.730,,-0.018534,-0.015,-0.015,-0.015,-0.015,-0.015
79915,2004/03/11,,11,1,1311,65129010,NFX,NEWFIELD EXPLORATION CO,,NFX,,N,A,R,30044,0,1,1382,65129010,,,,,,,,,13.000,138.000,,,,,,,,,,,,,,,45.260,46.600,45.970,283200.000,-0.013519,45.960,45.990,56020.000,2.000,2.000,46.600,,-0.013519,-0.014,-0.014,-0.012,-0.012,-0.015
79915,2004/03/12,,11,1,1311,65129010,NFX,NEWFIELD EXPLORATION CO,,NFX,,N,A,R,30044,0,1,1382,65129010,,,,,,,,,13.000,138.000,,,,,,,,,,,,,,,46.000,46.570,46.570,173500.000,0.013052,46.450,46.520,56020.000,2.000,2.000,46.100,,0.013052,0.013,0.013,0.014,0.014,0.012
79915,2004/03/15,,11,1,1311,65129010,NFX,NEWFIELD EXPLORATION CO,,NFX,,N,A,R,30044,0,1,1382,65129010,,,,,,,,,13.000,138.000,,,,,,,,,,,,,,,46.570,47.490,46.650,166200.000,0.001718,46.600,46.620,56020.000,2.000,2.000,46.570,,0.001718,-0.016,-0.016,-0.017,-0.017,-0.014
79915,2004/03/16,,11,1,1311,65129010,NFX,NEWFIELD EXPLORATION CO,,NFX,,N,A,R,30044,0,1,1382,65129010,,,,,,,,,13.000,138.000,,,,,,,,,,,,,,,46.000,47.000,46.270,156000.000,-0.008146,46.280,46.300,56020.000,2.000,2.000,46.650,,-0.008146,0.005,0.005,-0.001,-0.001,0.006
79915,2004/03/17,,11,1,1311,65129010,NFX,NEWFIELD EXPLORATION CO,,NFX,,N,A,R,30044,0,1,1382,65129010,,,,,,,,,13.000,138.000,,,,,,,,,,,,,,,46.410,46.990,46.690,231500.000,0.009077,46.630,46.650,56020.000,2.000,2.000,46.650,,0.009077,0.012,0.012,0.013,0.013,0.012
79915,2004/03/18,,11,1,1311,65129010,NFX,NEWFIELD EXPLORATION CO,,NFX,,N,A,R,30044,0,1,1382,65129010,,,,,,,,,13.000,138.000,,,,,,,,,,,,,,,46.680,47.570,47.260,263200.000,0.012208,47.260,47.270,56020.000,2.000,2.000,46.690,,0.012208,-0.001,-0.002,-0.002,-0.002,-0.001
79915,2004/03/19,,11,1,1311,65129010,NFX,NEWFIELD EXPLORATION CO,,NFX,,N,A,R,30044,0,1,1382,65129010,,,,,,,,,13.000,138.000,,,,,,,,,,,,,,,46.800,47.760,46.950,370400.000,-0.006559,46.970,46.980,56020.000,2.000,2.000,47.760,,-0.006559,-0.009,-0.009,-0.003,-0.003,-0.011
79915,2004/03/22,,11,1,1311,65129010,NFX,NEWFIELD EXPLORATION CO,,NFX,,N,A,R,30044,0,1,1382,65129010,,,,,,,,,13.000,138.000,,,,,,,,,,,,,,,46.550,47.050,46.550,179400.000,-0.008520,46.650,46.670,56020.000,2.000,2.000,46.700,,-0.008520,-0.014,-0.014,-0.016,-0.016,-0.013
79915,2004/03/23,,11,1,1311,65129010,NFX,NEWFIELD EXPLORATION CO,,NFX,,N,A,R,30044,0,1,1382,65129010,,,,,,,,,13.000,138.000,,,,,,,,,,,,,,,45.960,46.950,46.100,358000.000,-0.009667,46.060,46.100,56020.000,2.000,2.000,46.650,,-0.009667,-0.001,-0.001,0.002,0.002,-0.001
79915,2004/03/24,,11,1,1311,65129010,NFX,NEWFIELD EXPLORATION CO,,NFX,,N,A,R,30044,0,1,1382,65129010,,,,,,,,,13.000,138.000,,,,,,,,,,,,,,,44.510,47.020,44.620,448200.000,-0.032104,44.600,44.620,56020.000,2.000,2.000,47.020,,-0.032104,-0.003,-0.003,-0.003,-0.003,-0.002
79915,2004/03/25,,11,1,1311,65129010,NFX,NEWFIELD EXPLORATION CO,,NFX,,N,A,R,30044,0,1,1382,65129010,,,,,,,,,13.000,138.000,,,,,,,,,,,,,,,44.550,45.300,45.120,314100.000,0.011206,45.120,45.150,56020.000,2.000,2.000,44.550,,0.011206,0.017,0.017,0.013,0.013,0.016
79915,2004/03/26,,11,1,1311,65129010,NFX,NEWFIELD EXPLORATION CO,,NFX,,N,A,R,30044,0,1,1382,65129010,,,,,,,,,13.000,138.000,,,,,,,,,,,,,,,45.150,46.040,45.830,375400.000,0.015736,45.800,45.830,56020.000,2.000,2.000,45.370,,0.015736,0.000,0.000,0.003,0.003,-0.001
79915,2004/03/29,,11,1,1311,65129010,NFX,NEWFIELD EXPLORATION CO,,NFX,,N,A,R,30044,0,1,1382,65129010,,,,,,,,,13.000,138.000,,,,,,,,,,,,,,,46.060,47.150,46.990,3167000.000,0.025311,46.950,46.990,56020.000,2.000,2.000,46.080,,0.025311,0.013,0.013,0.011,0.011,0.013
79915,2004/03/30,,11,1,1311,65129010,NFX,NEWFIELD EXPLORATION CO,,NFX,,N,A,R,30044,0,1,1382,65129010,,,,,,,,,13.000,138.000,,,,,,,,,,,,,,,46.990,47.500,47.230,602200.000,0.005107,47.200,47.250,56020.000,2.000,2.000,47.100,,0.005107,0.005,0.005,0.007,0.007,0.004
79915,2004/03/31,,11,1,1311,65129010,NFX,NEWFIELD EXPLORATION CO,,NFX,,N,A,R,30044,0,1,1382,65129010,,,,,,,,0.000,13.000,138.000,,,,,,,,,,,,,,,46.550,48.010,47.930,465700.000,0.014821,47.890,47.910,56335.000,2.000,2.000,47.700,,0.014821,0.000,0.000,0.004,0.004,-0.001
79915,2004/04/01,,11,1,1311,65129010,NFX,NEWFIELD EXPLORATION CO,,NFX,,N,A,R,30044,0,1,1382,65129010,,,,,,,,,13.000,138.000,,,,,,,,,,,,,,,46.920,48.400,47.280,447000.000,-0.013561,47.270,47.280,56335.000,2.000,2.000,47.850,,-0.013561,0.007,0.007,0.007,0.007,0.005
79915,2004/04/02,,11,1,1311,65129010,NFX,NEWFIELD EXPLORATION CO,,NFX,,N,A,R,30044,0,1,1382,65129010,,,,,,,,,13.000,138.000,,,,,,,,,,,,,,,47.300,47.990,47.820,461300.000,0.011421,47.790,47.800,56335.000,2.000,2.000,47.530,,0.011421,0.009,0.008,0.009,0.009,0.009
79915,2004/04/05,,11,1,1311,65129010,NFX,NEWFIELD EXPLORATION CO,,NFX,,N,A,R,30044,0,1,1382,65129010,,,,,,,,,13.000,138.000,,,,,,,,,,,,,,,47.600,48.370,48.370,385600.000,0.011501,48.290,48.350,56335.000,2.000,2.000,48.000,,0.011501,0.007,0.007,0.005,0.005,0.008
79915,2004/04/06,,11,1,1311,65129010,NFX,NEWFIELD EXPLORATION CO,,NFX,,N,A,R,30044,0,1,1382,65129010,,,,,,,,,13.000,138.000,,,,,,,,,,,,,,,47.840,48.500,47.950,256500.000,-0.008683,47.900,47.940,56335.000,2.000,2.000,48.490,,-0.008683,-0.003,-0.004,-0.006,-0.006,-0.002
79915,2004/04/07,,11,1,1311,65129010,NFX,NEWFIELD EXPLORATION CO,,NFX,,N,A,R,30044,0,1,1382,65129010,,,,,,,,,13.000,138.000,,,,,,,,,,,,,,,47.730,48.780,48.250,309500.000,0.006257,48.280,48.310,56335.000,2.000,2.000,48.000,,0.006257,-0.004,-0.004,0.002,0.002,-0.007
79915,2004/04/08,,11,1,1311,65129010,NFX,NEWFIELD EXPLORATION CO,,NFX,,N,A,R,30044,0,1,1382,65129010,,,,,,,,,13.000,138.000,,,,,,,,,,,,,,,48.350,48.940,48.870,305700.000,0.012850,48.830,48.850,56335.000,2.000,2.000,48.400,,0.012850,-0.002,-0.002,-0.001,-0.001,-0.001
79915,2004/04/12,,11,1,1311,65129010,NFX,NEWFIELD EXPLORATION CO,,NFX,,N,A,R,30044,0,1,1382,65129010,,,,,,,,,13.000,138.000,,,,,,,,,,,,,,,49.000,50.000,49.600,455400.000,0.014938,49.540,49.560,56335.000,2.000,2.000,49.000,,0.014938,0.004,0.004,0.004,0.004,0.005
79915,2004/04/13,,11,1,1311,65129010,NFX,NEWFIELD EXPLORATION CO,,NFX,,N,A,R,30044,0,1,1382,65129010,,,,,,,,,13.000,138.000,,,,,,,,,,,,,,,48.640,49.980,48.680,229700.000,-0.018548,48.730,48.770,56335.000,2.000,2.000,49.850,,-0.018548,-0.015,-0.015,-0.015,-0.015,-0.014
79915,2004/04/14,,11,1,1311,65129010,NFX,NEWFIELD EXPLORATION CO,,NFX,,N,A,R,30044,0,1,1382,65129010,,,,,,,,,13.000,138.000,,,,,,,,,,,,,,,48.000,48.970,48.820,210700.000,0.002876,48.810,48.820,56335.000,2.000,2.000,48.680,,0.002876,-0.003,-0.003,-0.007,-0.007,-0.001
79915,2004/04/15,,11,1,1311,65129010,NFX,NEWFIELD EXPLORATION CO,,NFX,,N,A,R,30044,0,1,1382,65129010,,,,,,,,,13.000,138.000,,,,,,,,,,,,,,,49.210,50.400,50.390,413800.000,0.032159,50.350,50.390,56335.000,2.000,2.000,49.220,,0.032159,-0.000,-0.000,-0.002,-0.002,0.001
79915,2004/04/16,,11,1,1311,65129010,NFX,NEWFIELD EXPLORATION CO,,NFX,,N,A,R,30044,0,1,1382,65129010,,,,,,,,,13.000,138.000,,,,,,,,,,,,,,,50.520,51.240,51.180,403000.000,0.015678,51.080,51.170,56335.000,2.000,2.000,50.590,,0.015678,0.005,0.005,0.004,0.004,0.005
79915,2004/04/19,,11,1,1311,65129010,NFX,NEWFIELD EXPLORATION CO,,NFX,,N,A,R,30044,0,1,1382,65129010,,,,,,,,,13.000,138.000,,,,,,,,,,,,,,,51.250,52.190,52.140,568400.000,0.018757,52.170,52.180,56335.000,2.000,2.000,51.300,,0.018757,0.002,0.002,0.004,0.004,0.001
79915,2004/04/20,,11,1,1311,65129010,NFX,NEWFIELD EXPLORATION CO,,NFX,,N,A,R,30044,0,1,1382,65129010,,,,,,,,,13.000,138.000,,,,,,,,,,,,,,,51.230,52.000,51.240,474300.000,-0.017261,51.250,51.280,56335.000,2.000,2.000,51.890,,-0.017261,-0.015,-0.015,-0.012,-0.012,-0.016
79915,2004/04/21,,11,1,1311,65129010,NFX,NEWFIELD EXPLORATION CO,,NFX,,N,A,R,30044,0,1,1382,65129010,,,,,,,,,13.000,138.000,,,,,,,,,,,,,,,50.550,51.720,51.530,492800.000,0.005660,51.540,51.550,56335.000,2.000,2.000,51.400,,0.005660,0.005,0.005,0.002,0.002,0.005
79915,2004/04/22,,11,1,1311,65129010,NFX,NEWFIELD EXPLORATION CO,,NFX,,N,A,R,30044,0,1,1382,65129010,,,,,,,,,13.000,138.000,,,,,,,,,,,,,,,51.380,53.150,53.060,976100.000,0.029691,53.050,53.060,56335.000,2.000,2.000,51.640,,0.029691,0.014,0.014,0.011,0.011,0.014
79915,2004/04/23,,11,1,1311,65129010,NFX,NEWFIELD EXPLORATION CO,,NFX,,N,A,R,30044,0,1,1382,65129010,,,,,,,,,13.000,138.000,,,,,,,,,,,,,,,52.140,53.000,52.540,419500.000,-0.009800,52.600,52.610,56335.000,2.000,2.000,52.980,,-0.009800,-0.000,-0.000,-0.001,-0.001,0.001
79915,2004/04/26,,11,1,1311,65129010,NFX,NEWFIELD EXPLORATION CO,,NFX,,N,A,R,30044,0,1,1382,65129010,,,,,,,,,13.000,138.000,,,,,,,,,,,,,,,53.140,53.740,53.300,561000.000,0.014465,53.310,53.320,56335.000,2.000,2.000,53.140,,0.014465,-0.003,-0.003,-0.003,-0.003,-0.004
79915,2004/04/27,,11,1,1311,65129010,NFX,NEWFIELD EXPLORATION CO,,NFX,,N,A,R,30044,0,1,1382,65129010,,,,,,,,,13.000,138.000,,,,,,,,,,,,,,,53.480,54.700,54.550,405100.000,0.023452,54.470,54.490,56335.000,2.000,2.000,53.480,,0.023452,0.001,0.001,-0.000,-0.000,0.002
79915,2004/04/28,,11,1,1311,65129010,NFX,NEWFIELD EXPLORATION CO,,NFX,,N,A,R,30044,0,1,1382,65129010,,,,,,,,,13.000,138.000,,,,,,,,,,,,,,,53.730,55.000,53.920,576300.000,-0.011549,53.820,53.910,56335.000,2.000,2.000,55.000,,-0.011549,-0.016,-0.016,-0.018,-0.018,-0.014
79915,2004/04/29,,11,1,1311,65129010,NFX,NEWFIELD EXPLORATION CO,,NFX,,N,A,R,30044,0,1,1382,65129010,,,,,,,,,13.000,138.000,,,,,,,,,,,,,,,52.250,54.300,52.440,773300.000,-0.027448,52.440,52.490,56335.000,2.000,2.000,53.920,,-0.027448,-0.009,-0.009,-0.015,-0.015,-0.008
79915,2004/04/30,,11,1,1311,65129010,NFX,NEWFIELD EXPLORATION CO,,NFX,,N,A,R,30044,0,1,1382,65129010,,,,,,,,0.000,13.000,138.000,,,,,,,,,,,,,,,51.900,52.950,52.680,561800.000,0.004577,52.510,52.550,56385.000,2.000,2.000,52.600,,0.004577,-0.006,-0.006,-0.011,-0.011,-0.006
79915,2004/05/03,,11,1,1311,65129010,NFX,NEWFIELD EXPLORATION CO,,NFX,,N,A,R,30044,0,1,1382,65129010,,,,,,,,,13.000,138.000,,,,,,,,,,,,,,,52.500,53.480,53.000,724900.000,0.006074,52.900,52.970,56385.000,2.000,2.000,53.480,,0.006074,0.008,0.008,0.002,0.002,0.009
79915,2004/05/04,,11,1,1311,65129010,NFX,NEWFIELD EXPLORATION CO,,NFX,,N,A,R,30044,0,1,1382,65129010,,,,,,,,,13.000,138.000,,,,,,,,,,,,,,,52.350,53.040,52.800,572900.000,-0.003774,52.720,52.820,56385.000,2.000,2.000,53.000,,-0.003774,0.004,0.004,0.007,0.007,0.002
79915,2004/05/05,,11,1,1311,65129010,NFX,NEWFIELD EXPLORATION CO,,NFX,,N,A,R,30044,0,1,1382,65129010,,,,,,,,,13.000,138.000,,,,,,,,,,,,,,,52.450,53.240,53.060,426400.000,0.004924,53.070,53.090,56385.000,2.000,2.000,52.800,,0.004924,0.002,0.002,0.003,0.003,0.002
79915,2004/05/06,,11,1,1311,65129010,NFX,NEWFIELD EXPLORATION CO,,NFX,,N,A,R,30044,0,1,1382,65129010,,,,,,,,,13.000,138.000,,,,,,,,,,,,,,,52.030,53.070,52.490,319600.000,-0.010743,52.500,52.560,56385.000,2.000,2.000,53.060,,-0.010743,-0.008,-0.008,-0.011,-0.011,-0.007
79915,2004/05/07,,11,1,1311,65129010,NFX,NEWFIELD EXPLORATION CO,,NFX,,N,A,R,30044,0,1,1382,65129010,,,,,,,,,13.000,138.000,,,,,,,,,,,,,,,51.290,52.500,51.310,298000.000,-0.022480,51.310,51.320,56385.000,2.000,2.000,52.290,,-0.022480,-0.016,-0.016,-0.017,-0.017,-0.014
79915,2004/05/10,,11,1,1311,65129010,NFX,NEWFIELD EXPLORATION CO,,NFX,,N,A,R,30044,0,1,1382,65129010,,,,,,,,,13.000,138.000,,,,,,,,,,,,,,,48.380,50.420,48.380,1068300.000,-0.057104,48.450,48.490,56385.000,2.000,2.000,50.410,,-0.057104,-0.014,-0.014,-0.021,-0.021,-0.011
79915,2004/05/11,,11,1,1311,65129010,NFX,NEWFIELD EXPLORATION CO,,NFX,,N,A,R,30044,0,1,1382,65129010,,,,,,,,,13.000,138.000,,,,,,,,,,,,,,,48.250,49.140,49.060,700600.000,0.014055,49.000,49.070,56385.000,2.000,2.000,48.600,,0.014055,0.010,0.010,0.013,0.013,0.008
79915,2004/05/12,,11,1,1311,65129010,NFX,NEWFIELD EXPLORATION CO,,NFX,,N,A,R,30044,0,1,1382,65129010,,,,,,,,,13.000,138.000,,,,,,,,,,,,,,,47.930,49.510,48.450,737300.000,-0.012434,48.440,48.500,56385.000,2.000,2.000,49.310,,-0.012434,0.001,0.001,-0.001,-0.002,0.002
79915,2004/05/13,,11,1,1311,65129010,NFX,NEWFIELD EXPLORATION CO,,NFX,,N,A,R,30044,0,1,1382,65129010,,,,,,,,,13.000,138.000,,,,,,,,,,,,,,,48.100,48.720,48.510,503800.000,0.001238,48.510,48.600,56385.000,2.000,2.000,48.450,,0.001238,-0.001,-0.001,-0.001,-0.001,-0.001
79915,2004/05/14,,11,1,1311,65129010,NFX,NEWFIELD EXPLORATION CO,,NFX,,N,A,R,30044,0,1,1382,65129010,,,,,,,,,13.000,138.000,,,,,,,,,,,,,,,48.760,50.170,49.880,537000.000,0.028242,49.880,49.900,56385.000,2.000,2.000,48.760,,0.028242,-0.001,-0.001,-0.004,-0.004,-0.001
79915,2004/05/17,,11,1,1311,65129010,NFX,NEWFIELD EXPLORATION CO,,NFX,,N,A,R,30044,0,1,1382,65129010,,,,,,,,,13.000,138.000,,,,,,,,,,,,,,,49.070,50.180,49.450,394800.000,-0.008621,49.340,49.550,56385.000,2.000,2.000,49.890,,-0.008621,-0.011,-0.011,-0.013,-0.013,-0.011
79915,2004/05/18,,11,1,1311,65129010,NFX,NEWFIELD EXPLORATION CO,,NFX,,N,A,R,30044,0,1,1382,65129010,,,,,,,,,13.000,138.000,,,,,,,,,,,,,,,48.160,49.200,48.250,444000.000,-0.024267,48.240,48.300,56385.000,2.000,2.000,49.200,,-0.024267,0.008,0.008,0.008,0.008,0.007
79915,2004/05/19,,11,1,1311,65129010,NFX,NEWFIELD EXPLORATION CO,,NFX,,N,A,R,30044,0,1,1382,65129010,,,,,,,,,13.000,138.000,,,,,,,,,,,,,,,47.720,48.620,47.720,390900.000,-0.010984,47.760,47.800,56385.000,2.000,2.000,48.300,,-0.010984,-0.001,-0.001,0.003,0.003,-0.003
79915,2004/05/20,,11,1,1311,65129010,NFX,NEWFIELD EXPLORATION CO,,NFX,,N,A,R,30044,0,1,1382,65129010,,,,,,,,,13.000,138.000,,,,,,,,,,,,,,,47.670,48.460,47.690,249900.000,-0.000629,47.690,47.760,56385.000,2.000,2.000,47.720,,-0.000629,0.000,0.000,-0.002,-0.002,0.000
79915,2004/05/21,,11,1,1311,65129010,NFX,NEWFIELD EXPLORATION CO,,NFX,,N,A,R,30044,0,1,1382,65129010,,,,,,,,,13.000,138.000,,,,,,,,,,,,,,,47.260,48.200,47.310,256900.000,-0.007968,47.310,47.360,56385.000,2.000,2.000,47.730,,-0.007968,0.004,0.004,0.006,0.006,0.004
79915,2004/05/24,,11,1,1311,65129010,NFX,NEWFIELD EXPLORATION CO,,NFX,,N,A,R,30044,0,1,1382,65129010,,,,,,,,,13.000,138.000,,,,,,,,,,,,,,,47.450,49.230,49.200,455500.000,0.039949,49.200,49.210,56385.000,2.000,2.000,47.450,,0.039949,0.004,0.004,0.007,0.007,0.002
79915,2004/05/25,,11,1,1311,65129010,NFX,NEWFIELD EXPLORATION CO,,NFX,,N,A,R,30044,0,1,1382,65129010,,,,,,,,,13.000,138.000,,,,,,,,,,,,,,,49.860,50.770,50.650,596100.000,0.029472,50.710,50.750,56385.000,2.000,2.000,49.950,,0.029472,0.016,0.016,0.014,0.014,0.016
79915,2004/05/26,,11,1,1311,65129010,NFX,NEWFIELD EXPLORATION CO,,NFX,,N,A,R,30044,0,1,1382,65129010,,,,,,,,,13.000,138.000,,,,,,,,,,,,,,,49.460,50.800,49.520,480400.000,-0.022310,49.570,49.590,56385.000,2.000,2.000,50.500,,-0.022310,0.003,0.003,0.006,0.005,0.002
79915,2004/05/27,,11,1,1311,65129010,NFX,NEWFIELD EXPLORATION CO,,NFX,,N,A,R,30044,0,1,1382,65129010,,,,,,,,,13.000,138.000,,,,,,,,,,,,,,,48.730,49.500,49.330,336600.000,-0.003837,49.310,49.320,56385.000,2.000,2.000,49.500,,-0.003837,0.006,0.006,0.005,0.005,0.006
79915,2004/05/28,,11,1,1311,65129010,NFX,NEWFIELD EXPLORATION CO,,NFX,,N,A,R,30044,0,1,1382,65129010,,,,,,,,0.000,13.000,138.000,,,,,,,,,,,,,,,49.530,50.190,49.750,304700.000,0.008514,49.740,49.750,56385.000,2.000,2.000,49.530,,0.008514,0.000,0.000,0.003,0.003,-0.001
79915,2004/06/01,,11,1,1311,65129010,NFX,NEWFIELD EXPLORATION CO,,NFX,,N,A,R,30044,0,1,1382,65129010,,,,,,,,,13.000,138.000,,,,,,,,,,,,,,,50.000,51.560,51.150,636000.000,0.028141,51.200,51.220,56385.000,2.000,2.000,50.000,,0.028141,0.001,0.001,0.002,0.002,0.000
79915,2004/06/02,,11,1,1311,65129010,NFX,NEWFIELD EXPLORATION CO,,NFX,,N,A,R,30044,0,1,1382,65129010,,,,,,,,,13.000,138.000,,,,,,,,,,,,,,,51.020,51.480,51.310,487000.000,0.003128,51.200,51.410,56385.000,2.000,2.000,51.280,,0.003128,0.003,0.003,0.003,0.003,0.003
79915,2004/06/03,,11,1,1311,65129010,NFX,NEWFIELD EXPLORATION CO,,NFX,,N,A,R,30044,0,1,1382,65129010,,,,,,,,,13.000,138.000,,,,,,,,,,,,,,,50.280,52.520,50.360,738200.000,-0.018515,50.380,50.390,56385.000,2.000,2.000,51.450,,-0.018515,-0.009,-0.009,-0.010,-0.010,-0.007
79915,2004/06/04,,11,1,1311,65129010,NFX,NEWFIELD EXPLORATION CO,,NFX,,N,A,R,30044,0,1,1382,65129010,,,,,,,,,13.000,138.000,,,,,,,,,,,,,,,49.800,50.700,50.440,308300.000,0.001589,50.440,50.480,56385.000,2.000,2.000,50.560,,0.001589,0.006,0.006,0.006,0.006,0.005
79915,2004/06/07,,11,1,1311,65129010,NFX,NEWFIELD EXPLORATION CO,,NFX,,N,A,R,30044,0,1,1382,65129010,,,,,,,,,13.000,138.000,,,,,,,,,,,,,,,50.460,51.600,51.450,317600.000,0.020024,51.480,51.520,56385.000,2.000,2.000,50.690,,0.020024,0.016,0.016,0.012,0.012,0.016
79915,2004/06/08,,11,1,1311,65129010,NFX,NEWFIELD EXPLORATION CO,,NFX,,N,A,R,30044,0,1,1382,65129010,,,,,,,,,13.000,138.000,,,,,,,,,,,,,,,51.420,52.200,51.470,435400.000,0.000389,51.440,51.450,56385.000,2.000,2.000,51.430,,0.000389,0.001,0.001,-0.001,-0.001,0.002
79915,2004/06/09,,11,1,1311,65129010,NFX,NEWFIELD EXPLORATION CO,,NFX,,N,A,R,30044,0,1,1382,65129010,,,,,,,,,13.000,138.000,,,,,,,,,,,,,,,51.090,51.940,51.750,621700.000,0.005440,51.740,51.760,56385.000,2.000,2.000,51.520,,0.005440,-0.011,-0.011,-0.010,-0.010,-0.009
79915,2004/06/10,2016/12/18,11,1,1311,65129010,NFX,NEWFIELD EXPLORATION CO,,NFX,211111,N,A,R,30044,0,1,1382,65129010,,,,,,,,2.000,13.000,138.000,,,,,,,,,,,,,,,51.800,52.670,52.540,426700.000,0.015266,52.540,52.560,56385.000,2.000,2.000,51.800,,0.015266,0.004,0.004,0.001,0.001,0.005
79915,2004/06/14,,11,1,1311,65129010,NFX,NEWFIELD EXPLORATION CO,,NFX,211111,N,A,R,30044,0,1,1382,65129010,,,,,,,,,13.000,138.000,,,,,,,,,,,,,,,52.000,52.800,52.000,630100.000,-0.010278,52.010,52.020,56385.000,2.000,2.000,52.550,,-0.010278,-0.011,-0.011,-0.013,-0.014,-0.010
79915,2004/06/15,,11,1,1311,65129010,NFX,NEWFIELD EXPLORATION CO,,NFX,211111,N,A,R,30044,0,1,1382,65129010,,,,,,,,,13.000,138.000,,,,,,,,,,,,,,,52.090,53.690,53.290,868300.000,0.024808,53.250,53.360,56385.000,2.000,2.000,52.200,,0.024808,0.008,0.008,0.009,0.009,0.006
79915,2004/06/16,,11,1,1311,65129010,NFX,NEWFIELD EXPLORATION CO,,NFX,211111,N,A,R,30044,0,1,1382,65129010,,,,,,,,,13.000,138.000,,,,,,,,,,,,,,,52.980,53.790,53.400,820400.000,0.002064,53.400,53.430,56385.000,2.000,2.000,52.980,,0.002064,0.001,0.001,0.002,0.002,0.001
79915,2004/06/17,,11,1,1311,65129010,NFX,NEWFIELD EXPLORATION CO,,NFX,211111,N,A,R,30044,0,1,1382,65129010,,,,,,,,,13.000,138.000,,,,,,,,,,,,,,,52.770,53.920,53.830,949800.000,0.008052,53.840,53.870,56385.000,2.000,2.000,53.410,,0.008052,-0.000,-0.000,-0.000,-0.000,-0.001
79915,2004/06/18,,11,1,1311,65129010,NFX,NEWFIELD EXPLORATION CO,,NFX,211111,N,A,R,30044,0,1,1382,65129010,,,,,,,,,13.000,138.000,,,,,,,,,,,,,,,53.400,54.080,53.890,320000.000,0.001115,53.890,53.920,56385.000,2.000,2.000,53.400,,0.001115,0.002,0.002,-0.000,-0.000,0.003
79915,2004/06/21,,11,1,1311,65129010,NFX,NEWFIELD EXPLORATION CO,,NFX,211111,N,A,R,30044,0,1,1382,65129010,,,,,,,,,13.000,138.000,,,,,,,,,,,,,,,53.680,54.240,54.040,463900.000,0.002783,53.990,54.040,56385.000,2.000,2.000,54.140,,0.002783,-0.004,-0.004,-0.002,-0.002,-0.004
79915,2004/06/22,,11,1,1311,65129010,NFX,NEWFIELD EXPLORATION CO,,NFX,211111,N,A,R,30044,0,1,1382,65129010,,,,,,,,,13.000,138.000,,,,,,,,,,,,,,,53.880,55.190,55.190,489400.000,0.021280,55.110,55.120,56385.000,2.000,2.000,54.040,,0.021280,0.004,0.004,0.003,0.003,0.004
79915,2004/06/23,,11,1,1311,65129010,NFX,NEWFIELD EXPLORATION CO,,NFX,211111,N,A,R,30044,0,1,1382,65129010,,,,,,,,,13.000,138.000,,,,,,,,,,,,,,,55.050,56.150,56.040,536800.000,0.015401,55.970,56.040,56385.000,2.000,2.000,55.310,,0.015401,0.009,0.009,0.008,0.008,0.009
79915,2004/06/24,,11,1,1311,65129010,NFX,NEWFIELD EXPLORATION CO,,NFX,211111,N,A,R,30044,0,1,1382,65129010,,,,,,,,,13.000,138.000,,,,,,,,,,,,,,,54.960,56.720,55.100,448000.000,-0.016774,55.080,55.110,56385.000,2.000,2.000,56.280,,-0.016774,-0.002,-0.002,0.001,0.001,-0.003
79915,2004/06/25,,11,1,1311,65129010,NFX,NEWFIELD EXPLORATION CO,,NFX,211111,N,A,R,30044,0,1,1382,65129010,,,,,,,,,13.000,138.000,,,,,,,,,,,,,,,54.950,55.620,55.250,771000.000,0.002722,55.250,55.350,56385.000,2.000,2.000,55.120,,0.002722,-0.002,-0.002,0.004,0.004,-0.005
79915,2004/06/28,,11,1,1311,65129010,NFX,NEWFIELD EXPLORATION CO,,NFX,211111,N,A,R,30044,0,1,1382,65129010,,,,,,,,,13.000,138.000,,,,,,,,,,,,,,,54.290,55.290,54.490,595700.000,-0.013756,54.360,54.500,56385.000,2.000,2.000,55.260,,-0.013756,-0.002,-0.003,-0.003,-0.003,-0.001
79915,2004/06/29,,11,1,1311,65129010,NFX,NEWFIELD EXPLORATION CO,,NFX,211111,N,A,R,30044,0,1,1382,65129010,,,,,,,,,13.000,138.000,,,,,,,,,,,,,,,54.170,54.490,54.300,699000.000,-0.003487,54.250,54.340,56385.000,2.000,2.000,54.490,,-0.003487,0.003,0.003,0.004,0.004,0.003
79915,2004/06/30,,11,1,1311,65129010,NFX,NEWFIELD EXPLORATION CO,,NFX,211111,N,A,R,30044,0,1,1382,65129010,,,,,,,,0.000,13.000,138.000,,,,,,,,,,,,,,,54.520,55.760,55.740,701800.000,0.026519,55.740,55.750,56385.000,2.000,2.000,54.520,,0.026519,0.005,0.005,0.007,0.007,0.004
79915,2004/07/01,,11,1,1311,65129010,NFX,NEWFIELD EXPLORATION CO,,NFX,211111,N,A,R,30044,0,1,1382,65129010,,,,,,,,,13.000,138.000,,,,,,,,,,,,,,,55.320,56.080,55.670,378800.000,-0.001256,55.580,55.700,56385.000,2.000,2.000,55.990,,-0.001256,-0.010,-0.010,-0.008,-0.008,-0.010
79915,2004/07/02,,11,1,1311,65129010,NFX,NEWFIELD EXPLORATION CO,,NFX,211111,N,A,R,30044,0,1,1382,65129010,,,,,,,,,13.000,138.000,,,,,,,,,,,,,,,55.670,56.510,56.160,403600.000,0.008802,56.160,56.180,56385.000,2.000,2.000,55.670,,0.008802,-0.002,-0.002,0.001,0.001,-0.003
79915,2004/07/06,,11,1,1311,65129010,NFX,NEWFIELD EXPLORATION CO,,NFX,211111,N,A,R,30044,0,1,1382,65129010,,,,,,,,,13.000,138.000,,,,,,,,,,,,,,,56.390,57.300,57.260,488600.000,0.019587,57.260,57.300,56385.000,2.000,2.000,56.400,,0.019587,-0.009,-0.009,-0.011,-0.011,-0.008
79915,2004/07/07,,11,1,1311,65129010,NFX,NEWFIELD EXPLORATION CO,,NFX,211111,N,A,R,30044,0,1,1382,65129010,,,,,,,,,13.000,138.000,,,,,,,,,,,,,,,57.100,57.800,57.680,391800.000,0.007335,57.660,57.680,56385.000,2.000,2.000,57.350,,0.007335,0.002,0.002,0.001,0.000,0.002
79915,2004/07/08,,11,1,1311,65129010,NFX,NEWFIELD EXPLORATION CO,,NFX,211111,N,A,R,30044,0,1,1382,65129010,,,,,,,,,13.000,138.000,,,,,,,,,,,,,,,56.450,57.840,56.620,354200.000,-0.018377,56.630,56.650,56385.000,2.000,2.000,57.680,,-0.018377,-0.009,-0.009,-0.012,-0.012,-0.008
79915,2004/07/09,,11,1,1311,65129010,NFX,NEWFIELD EXPLORATION CO,,NFX,211111,N,A,R,30044,0,1,1382,65129010,,,,,,,,,13.000,138.000,,,,,,,,,,,,,,,56.800,58.280,58.280,749200.000,0.029318,58.160,58.380,56385.000,2.000,2.000,56.830,,0.029318,0.003,0.003,0.003,0.003,0.003
79915,2004/07/12,,11,1,1311,65129010,NFX,NEWFIELD EXPLORATION CO,,NFX,211111,N,A,R,30044,0,1,1382,65129010,,,,,,,,,13.000,138.000,,,,,,,,,,,,,,,57.100,58.430,57.500,433100.000,-0.013384,57.390,57.470,56385.000,2.000,2.000,58.430,,-0.013384,0.000,0.000,-0.003,-0.003,0.001
79915,2004/07/13,,11,1,1311,65129010,NFX,NEWFIELD EXPLORATION CO,,NFX,211111,N,A,R,30044,0,1,1382,65129010,,,,,,,,,13.000,138.000,,,,,,,,,,,,,,,56.290,57.690,57.600,655900.000,0.001739,57.670,57.680,56385.000,2.000,2.000,56.960,,0.001739,0.001,0.000,-0.001,-0.001,0.001
79915,2004/07/14,,11,1,1311,65129010,NFX,NEWFIELD EXPLORATION CO,,NFX,211111,N,A,R,30044,0,1,1382,65129010,,,,,,,,,13.000,138.000,,,,,,,,,,,,,,,57.060,57.630,57.280,755400.000,-0.005556,57.280,57.290,56385.000,2.000,2.000,57.400,,-0.005556,-0.003,-0.003,-0.004,-0.004,-0.003
79915,2004/07/15,,11,1,1311,65129010,NFX,NEWFIELD EXPLORATION CO,,NFX,211111,N,A,R,30044,0,1,1382,65129010,,,,,,,,,13.000,138.000,,,,,,,,,,,,,,,57.050,57.810,57.280,508500.000,0.000000,57.240,57.290,56385.000,2.000,2.000,57.170,,0.000000,-0.003,-0.003,0.000,0.000,-0.004
79915,2004/07/16,,11,1,1311,65129010,NFX,NEWFIELD EXPLORATION CO,,NFX,211111,N,A,R,30044,0,1,1382,65129010,,,,,,,,,13.000,138.000,,,,,,,,,,,,,,,57.270,58.030,57.600,321200.000,0.005587,57.640,57.700,56385.000,2.000,2.000,57.530,,0.005587,-0.005,-0.005,-0.007,-0.007,-0.005
79915,2004/07/19,,11,1,1311,65129010,NFX,NEWFIELD EXPLORATION CO,,NFX,211111,N,A,R,30044,0,1,1382,65129010,,,,,,,,,13.000,138.000,,,,,,,,,,,,,,,56.950,57.830,57.400,429600.000,-0.003472,57.380,57.400,56385.000,2.000,2.000,57.610,,-0.003472,-0.001,-0.001,-0.004,-0.004,-0.000
79915,2004/07/20,,11,1,1311,65129010,NFX,NEWFIELD EXPLORATION CO,,NFX,211111,N,A,R,30044,0,1,1382,65129010,,,,,,,,,13.000,138.000,,,,,,,,,,,,,,,56.640,57.550,56.900,508300.000,-0.008711,56.820,56.870,56385.000,2.000,2.000,57.480,,-0.008711,0.007,0.007,0.008,0.008,0.007
79915,2004/07/21,,11,1,1311,65129010,NFX,NEWFIELD EXPLORATION CO,,NFX,211111,N,A,R,30044,0,1,1382,65129010,,,,,,,,,13.000,138.000,,,,,,,,,,,,,,,56.780,57.860,56.990,667000.000,0.001582,56.750,56.900,56385.000,2.000,2.000,57.100,,0.001582,-0.014,-0.014,-0.016,-0.016,-0.013
79915,2004/07/22,,11,1,1311,65129010,NFX,NEWFIELD EXPLORATION CO,,NFX,211111,N,A,R,30044,0,1,1382,65129010,,,,,,,,,13.000,138.000,,,,,,,,,,,,,,,56.120,57.160,56.510,647000.000,-0.008423,56.510,56.550,56385.000,2.000,2.000,56.990,,-0.008423,0.001,0.001,-0.004,-0.004,0.003
79915,2004/07/23,,11,1,1311,65129010,NFX,NEWFIELD EXPLORATION CO,,NFX,211111,N,A,R,30044,0,1,1382,65129010,,,,,,,,,13.000,138.000,,,,,,,,,,,,,,,56.120,57.080,56.630,473300.000,0.002124,56.620,56.730,56385.000,2.000,2.000,56.120,,0.002124,-0.010,-0.010,-0.011,-0.011,-0.010
79915,2004/07/26,,11,1,1311,65129010,NFX,NEWFIELD EXPLORATION CO,,NFX,211111,N,A,R,30044,0,1,1382,65129010,,,,,,,,,13.000,138.000,,,,,,,,,,,,,,,55.260,57.100,55.400,286300.000,-0.021720,55.410,55.450,56385.000,2.000,2.000,56.880,,-0.021720,-0.005,-0.005,-0.010,-0.010,-0.002
79915,2004/07/27,,11,1,1311,65129010,NFX,NEWFIELD EXPLORATION CO,,NFX,211111,N,A,R,30044,0,1,1382,65129010,,,,,,,,,13.000,138.000,,,,,,,,,,,,,,,55.620,57.150,56.950,966900.000,0.027978,56.910,56.950,56385.000,2.000,2.000,55.620,,0.027978,0.010,0.010,0.010,0.010,0.010
79915,2004/07/28,,11,1,1311,65129010,NFX,NEWFIELD EXPLORATION CO,,NFX,211111,N,A,R,30044,0,1,1382,65129010,,,,,,,,,13.000,138.000,,,,,,,,,,,,,,,56.900,58.020,57.340,560100.000,0.006848,57.340,57.350,56385.000,2.000,2.000,57.050,,0.006848,-0.000,-0.000,-0.002,-0.002,0.001
79915,2004/07/29,,11,1,1311,65129010,NFX,NEWFIELD EXPLORATION CO,,NFX,211111,N,A,R,30044,0,1,1382,65129010,,,,,,,,,13.000,138.000,,,,,,,,,,,,,,,56.800,58.550,58.550,695800.000,0.021102,58.430,58.510,56385.000,2.000,2.000,57.550,,0.021102,0.007,0.006,0.010,0.010,0.005
79915,2004/07/30,,11,1,1311,65129010,NFX,NEWFIELD EXPLORATION CO,,NFX,211111,N,A,R,30044,0,1,1382,65129010,,,,,,,,0.000,13.000,138.000,,,,,,,,,,,,,,,58.500,59.300,59.070,456200.000,0.008881,59.040,59.060,56385.000,2.000,2.000,58.550,,0.008881,0.001,0.001,0.006,0.006,0.001
79915,2004/08/02,,11,1,1311,65129010,NFX,NEWFIELD EXPLORATION CO,,NFX,211111,N,A,R,30044,0,1,1382,65129010,,,,,,,,,13.000,138.000,,,,,,,,,,,,,,,58.260,59.850,59.090,816400.000,0.000339,59.070,59.100,56385.000,2.000,2.000,59.850,,0.000339,0.004,0.004,-0.001,-0.001,0.004
79915,2004/08/03,,11,1,1311,65129010,NFX,NEWFIELD EXPLORATION CO,,NFX,211111,N,A,R,30044,0,1,1382,65129010,,,,,,,,,13.000,138.000,,,,,,,,,,,,,,,59.320,60.630,59.750,884400.000,0.011169,59.730,59.850,56385.000,2.000,2.000,59.340,,0.011169,-0.007,-0.007,-0.007,-0.007,-0.006
79915,2004/08/04,,11,1,1311,65129010,NFX,NEWFIELD EXPLORATION CO,,NFX,211111,N,A,R,30044,0,1,1382,65129010,,,,,,,,,13.000,138.000,,,,,,,,,,,,,,,57.480,59.760,57.480,555800.000,-0.037992,57.500,57.510,56385.000,2.000,2.000,59.760,,-0.037992,-0.002,-0.002,-0.004,-0.004,-0.001
79915,2004/08/05,,11,1,1311,65129010,NFX,NEWFIELD EXPLORATION CO,,NFX,211111,N,A,R,30044,0,1,1382,65129010,,,,,,,,,13.000,138.000,,,,,,,,,,,,,,,55.550,57.980,56.270,703700.000,-0.021051,56.320,56.360,56385.000,2.000,2.000,57.700,,-0.021051,-0.016,-0.016,-0.012,-0.012,-0.016
79915,2004/08/06,,11,1,1311,65129010,NFX,NEWFIELD EXPLORATION CO,,NFX,211111,N,A,R,30044,0,1,1382,65129010,,,,,,,,,13.000,138.000,,,,,,,,,,,,,,,54.800,56.120,55.140,499200.000,-0.020082,55.110,55.120,56385.000,2.000,2.000,56.020,,-0.020082,-0.015,-0.015,-0.015,-0.015,-0.015
79915,2004/08/09,,11,1,1311,65129010,NFX,NEWFIELD EXPLORATION CO,,NFX,211111,N,A,R,30044,0,1,1382,65129010,,,,,,,,,13.000,138.000,,,,,,,,,,,,,,,55.050,57.100,56.160,670100.000,0.018498,56.140,56.200,56385.000,2.000,2.000,55.140,,0.018498,0.000,0.000,-0.004,-0.004,0.001
79915,2004/08/10,,11,1,1311,65129010,NFX,NEWFIELD EXPLORATION CO,,NFX,211111,N,A,R,30044,0,1,1382,65129010,,,,,,,,,13.000,138.000,,,,,,,,,,,,,,,55.610,56.590,56.410,664800.000,0.004452,56.380,56.410,56385.000,2.000,2.000,56.000,,0.004452,0.013,0.013,0.011,0.011,0.013
79915,2004/08/11,,11,1,1311,65129010,NFX,NEWFIELD EXPLORATION CO,,NFX,211111,N,A,R,30044,0,1,1382,65129010,,,,,,,,,13.000,138.000,,,,,,,,,,,,,,,53.900,56.210,54.440,947600.000,-0.034923,54.470,54.480,56385.000,2.000,2.000,56.210,,-0.034923,-0.003,-0.004,-0.006,-0.007,-0.003
79915,2004/08/12,,11,1,1311,65129010,NFX,NEWFIELD EXPLORATION CO,,NFX,211111,N,A,R,30044,0,1,1382,65129010,,,,,,,,,13.000,138.000,,,,,,,,,,,,,,,52.570,54.980,52.980,1244800.000,-0.026818,52.930,52.980,56385.000,2.000,2.000,54.450,,-0.026818,-0.012,-0.012,-0.012,-0.012,-0.012
79915,2004/08/13,,11,1,1311,65129010,NFX,NEWFIELD EXPLORATION CO,,NFX,211111,N,A,R,30044,0,1,1382,65129010,,,,,,,,,13.000,138.000,,,,,,,,,,,,,,,53.230,54.600,54.450,3595400.000,0.027746,54.360,54.440,56385.000,2.000,2.000,53.250,,0.027746,0.002,0.002,0.001,0.001,0.001
79915,2004/08/16,,11,1,1311,65129010,NFX,NEWFIELD EXPLORATION CO,,NFX,211111,N,A,R,30044,0,1,1382,65129010,,,,,,,,,13.000,138.000,,,,,,,,,,,,,,,54.030,55.090,54.410,896500.000,-0.000735,54.410,54.490,56385.000,2.000,2.000,54.300,,-0.000735,0.014,0.014,0.011,0.011,0.014
79915,2004/08/17,,11,1,1311,65129010,NFX,NEWFIELD EXPLORATION CO,,NFX,211111,N,A,R,30044,0,1,1382,65129010,,,,,,,,,13.000,138.000,,,,,,,,,,,,,,,52.950,54.670,53.200,1162400.000,-0.022239,53.140,53.150,56385.000,2.000,2.000,54.660,,-0.022239,0.003,0.003,0.004,0.004,0.002
79915,2004/08/18,,11,1,1311,65129010,NFX,NEWFIELD EXPLORATION CO,,NFX,211111,N,A,R,30044,0,1,1382,65129010,,,,,,,,,13.000,138.000,,,,,,,,,,,,,,,53.170,54.400,54.390,643600.000,0.022368,54.360,54.370,56385.000,2.000,2.000,53.200,,0.022368,0.013,0.013,0.014,0.014,0.012
79915,2004/08/19,,11,1,1311,65129010,NFX,NEWFIELD EXPLORATION CO,,NFX,211111,N,A,R,30044,0,1,1382,65129010,,,,,,,,,13.000,138.000,,,,,,,,,,,,,,,54.170,54.830,54.400,531700.000,0.000184,54.390,54.400,56385.000,2.000,2.000,54.440,,0.000184,-0.003,-0.003,-0.002,-0.002,-0.004
79915,2004/08/20,,11,1,1311,65129010,NFX,NEWFIELD EXPLORATION CO,,NFX,211111,N,A,R,30044,0,1,1382,65129010,,,,,,,,,13.000,138.000,,,,,,,,,,,,,,,54.420,55.760,54.780,427400.000,0.006985,54.770,54.840,56385.000,2.000,2.000,54.500,,0.006985,0.008,0.008,0.011,0.011,0.007
79915,2004/08/23,,11,1,1311,65129010,NFX,NEWFIELD EXPLORATION CO,,NFX,211111,N,A,R,30044,0,1,1382,65129010,,,,,,,,,13.000,138.000,,,,,,,,,,,,,,,53.630,55.760,53.930,592400.000,-0.015517,53.890,53.940,56385.000,2.000,2.000,55.000,,-0.015517,-0.003,-0.004,-0.003,-0.003,-0.002
79915,2004/08/24,,11,1,1311,65129010,NFX,NEWFIELD EXPLORATION CO,,NFX,211111,N,A,R,30044,0,1,1382,65129010,,,,,,,,,13.000,138.000,,,,,,,,,,,,,,,53.250,53.860,53.800,543600.000,-0.002411,53.820,53.850,56385.000,2.000,2.000,53.700,,-0.002411,0.001,0.001,0.001,0.001,0.000
79915,2004/08/25,,11,1,1311,65129010,NFX,NEWFIELD EXPLORATION CO,,NFX,211111,N,A,R,30044,0,1,1382,65129010,,,,,,,,,13.000,138.000,,,,,,,,,,,,,,,54.000,54.630,54.200,513400.000,0.007435,54.200,54.210,56385.000,2.000,2.000,54.000,,0.007435,0.008,0.008,0.008,0.008,0.008
79915,2004/08/26,,11,1,1311,65129010,NFX,NEWFIELD EXPLORATION CO,,NFX,211111,N,A,R,30044,0,1,1382,65129010,,,,,,,,,13.000,138.000,,,,,,,,,,,,,,,53.250,54.660,54.400,322600.000,0.003690,54.480,54.490,56385.000,2.000,2.000,54.210,,0.003690,-0.000,-0.000,-0.001,-0.001,0.000
79915,2004/08/27,,11,1,1311,65129010,NFX,NEWFIELD EXPLORATION CO,,NFX,211111,N,A,R,30044,0,1,1382,65129010,,,,,,,,,13.000,138.000,,,,,,,,,,,,,,,54.400,54.910,54.770,281600.000,0.006801,54.810,54.820,56385.000,2.000,2.000,54.430,,0.006801,0.003,0.003,0.005,0.005,0.002
79915,2004/08/30,,11,1,1311,65129010,NFX,NEWFIELD EXPLORATION CO,,NFX,211111,N,A,R,30044,0,1,1382,65129010,,,,,,,,,13.000,138.000,,,,,,,,,,,,,,,54.440,55.380,54.700,430200.000,-0.001278,54.700,54.730,56385.000,2.000,2.000,55.000,,-0.001278,-0.008,-0.008,-0.006,-0.006,-0.008
79915,2004/08/31,,11,1,1311,65129010,NFX,NEWFIELD EXPLORATION CO,,NFX,211111,N,A,R,30044,0,1,1382,65129010,,,,,,,,0.000,13.000,138.000,,,,,,,,,,,,,,,54.720,55.350,55.350,316200.000,0.011883,55.330,55.340,62300.000,2.000,2.000,54.950,,0.011883,0.005,0.005,0.006,0.006,0.005
79915,2004/09/01,,11,1,1311,65129010,NFX,NEWFIELD EXPLORATION CO,,NFX,211111,N,A,R,30044,0,1,1382,65129010,,,,,,,,,13.000,138.000,,,,,,,,,,,,,,,55.000,57.030,56.730,388300.000,0.024932,56.680,56.690,62300.000,2.000,2.000,55.350,,0.024932,0.003,0.003,0.005,0.004,0.002
79915,2004/09/02,,11,1,1311,65129010,NFX,NEWFIELD EXPLORATION CO,,NFX,211111,N,A,R,30044,0,1,1382,65129010,,,,,,,,,13.000,138.000,,,,,,,,,,,,,,,56.730,57.150,57.150,627300.000,0.007404,57.090,57.100,62300.000,2.000,2.000,56.850,,0.007404,0.011,0.011,0.009,0.009,0.011
79915,2004/09/03,,11,1,1311,65129010,NFX,NEWFIELD EXPLORATION CO,,NFX,211111,N,A,R,30044,0,1,1382,65129010,,,,,,,,,13.000,138.000,,,,,,,,,,,,,,,56.580,57.470,57.180,334300.000,0.000525,57.170,57.250,62300.000,2.000,2.000,57.450,,0.000525,-0.004,-0.004,-0.003,-0.003,-0.004
79915,2004/09/07,,11,1,1311,65129010,NFX,NEWFIELD EXPLORATION CO,,NFX,211111,N,A,R,30044,0,1,1382,65129010,,,,,,,,,13.000,138.000,,,,,,,,,,,,,,,56.700,57.090,56.940,399700.000,-0.004197,56.940,57.010,62300.000,2.000,2.000,57.050,,-0.004197,0.007,0.007,0.007,0.007,0.007
79915,2004/09/08,,11,1,1311,65129010,NFX,NEWFIELD EXPLORATION CO,,NFX,211111,N,A,R,30044,0,1,1382,65129010,,,,,,,,,13.000,138.000,,,,,,,,,,,,,,,56.800,57.810,57.000,318100.000,0.001054,56.890,56.930,62300.000,2.000,2.000,56.940,,0.001054,-0.005,-0.005,-0.004,-0.004,-0.004
79915,2004/09/09,,11,1,1311,65129010,NFX,NEWFIELD EXPLORATION CO,,NFX,211111,N,A,R,30044,0,1,1382,65129010,,,,,,,,,13.000,138.000,,,,,,,,,,,,,,,57.100,58.510,58.380,611200.000,0.024211,58.340,58.380,62300.000,2.000,2.000,57.100,,0.024211,0.003,0.003,0.007,0.007,0.002
79915,2004/09/10,,11,1,1311,65129010,NFX,NEWFIELD EXPLORATION CO,,NFX,211111,N,A,R,30044,0,1,1382,65129010,,,,,,,,,13.000,138.000,,,,,,,,,,,,,,,57.690,58.450,57.780,361600.000,-0.010278,57.780,57.800,62300.000,2.000,2.000,58.450,,-0.010278,0.005,0.005,0.006,0.006,0.005
79915,2004/09/13,,11,1,1311,65129010,NFX,NEWFIELD EXPLORATION CO,,NFX,211111,N,A,R,30044,0,1,1382,65129010,,,,,,,,,13.000,138.000,,,,,,,,,,,,,,,58.000,58.780,58.410,560500.000,0.010903,58.400,58.410,62300.000,2.000,2.000,58.030,,0.010903,0.003,0.003,0.005,0.005,0.002
79915,2004/09/14,,11,1,1311,65129010,NFX,NEWFIELD EXPLORATION CO,,NFX,211111,N,A,R,30044,0,1,1382,65129010,,,,,,,,,13.000,138.000,,,,,,,,,,,,,,,57.900,58.950,58.470,248100.000,0.001027,58.470,58.510,62300.000,2.000,2.000,58.480,,0.001027,0.002,0.002,0.000,0.000,0.002
79915,2004/09/15,,11,1,1311,65129010,NFX,NEWFIELD EXPLORATION CO,,NFX,211111,N,A,R,30044,0,1,1382,65129010,,,,,,,,,13.000,138.000,,,,,,,,,,,,,,,57.960,58.540,58.300,493900.000,-0.002908,58.280,58.290,62300.000,2.000,2.000,58.220,,-0.002908,-0.006,-0.006,-0.004,-0.004,-0.007
79915,2004/09/16,,11,1,1311,65129010,NFX,NEWFIELD EXPLORATION CO,,NFX,211111,N,A,R,30044,0,1,1382,65129010,,,,,,,,,13.000,138.000,,,,,,,,,,,,,,,58.020,58.870,58.600,448100.000,0.005146,58.550,58.580,62300.000,2.000,2.000,58.200,,0.005146,0.004,0.004,0.006,0.006,0.003
79915,2004/09/17,,11,1,1311,65129010,NFX,NEWFIELD EXPLORATION CO,,NFX,211111,N,A,R,30044,0,1,1382,65129010,,,,,,,,,13.000,138.000,,,,,,,,,,,,,,,58.610,60.260,60.170,712700.000,0.026792,60.010,60.040,62300.000,2.000,2.000,58.660,,0.026792,0.003,0.003,0.001,0.001,0.004
79915,2004/09/20,,11,1,1311,65129010,NFX,NEWFIELD EXPLORATION CO,,NFX,211111,N,A,R,30044,0,1,1382,65129010,,,,,,,,,13.000,138.000,,,,,,,,,,,,,,,59.890,60.860,60.300,706800.000,0.002161,60.260,60.270,62300.000,2.000,2.000,59.990,,0.002161,-0.005,-0.005,-0.002,-0.002,-0.006
79915,2004/09/21,,11,1,1311,65129010,NFX,NEWFIELD EXPLORATION CO,,NFX,211111,N,A,R,30044,0,1,1382,65129010,,,,,,,,,13.000,138.000,,,,,,,,,,,,,,,60.000,61.280,61.200,588800.000,0.014925,61.230,61.290,62300.000,2.000,2.000,60.290,,0.014925,0.007,0.007,0.007,0.007,0.006
79915,2004/09/22,,11,1,1311,65129010,NFX,NEWFIELD EXPLORATION CO,,NFX,211111,N,A,R,30044,0,1,1382,65129010,,,,,,,,,13.000,138.000,,,,,,,,,,,,,,,60.630,61.390,60.950,550100.000,-0.004085,60.900,60.940,62300.000,2.000,2.000,61.210,,-0.004085,-0.013,-0.013,-0.010,-0.010,-0.014
79915,2004/09/23,,11,1,1311,65129010,NFX,NEWFIELD EXPLORATION CO,,NFX,211111,N,A,R,30044,0,1,1382,65129010,,,,,,,,,13.000,138.000,,,,,,,,,,,,,,,60.170,60.810,60.810,894600.000,-0.002297,60.790,60.810,62300.000,2.000,2.000,60.700,,-0.002297,-0.003,-0.004,-0.000,-0.000,-0.005
79915,2004/09/24,,11,1,1311,65129010,NFX,NEWFIELD EXPLORATION CO,,NFX,211111,N,A,R,30044,0,1,1382,65129010,,,,,,,,,13.000,138.000,,,,,,,,,,,,,,,60.700,62.150,61.790,469200.000,0.016116,61.800,61.830,62300.000,2.000,2.000,60.700,,0.016116,0.002,0.002,0.001,0.001,0.002
79915,2004/09/27,,11,1,1311,65129010,NFX,NEWFIELD EXPLORATION CO,,NFX,211111,N,A,R,30044,0,1,1382,65129010,,,,,,,,,13.000,138.000,,,,,,,,,,,,,,,60.480,62.050,61.070,593100.000,-0.011652,61.140,61.160,62300.000,2.000,2.000,61.650,,-0.011652,-0.007,-0.007,-0.008,-0.008,-0.006
79915,2004/09/28,,11,1,1311,65129010,NFX,NEWFIELD EXPLORATION CO,,NFX,211111,N,A,R,30044,0,1,1382,65129010,,,,,,,,,13.000,138.000,,,,,,,,,,,,,,,61.200,62.360,62.100,793800.000,0.016866,62.110,62.180,62300.000,2.000,2.000,61.200,,0.016866,0.007,0.006,0.007,0.006,0.006
79915,2004/09/29,,11,1,1311,65129010,NFX,NEWFIELD EXPLORATION CO,,NFX,211111,N,A,R,30044,0,1,1382,65129010,,,,,,,,,13.000,138.000,,,,,,,,,,,,,,,60.820,62.820,61.300,855700.000,-0.012882,61.300,61.400,62300.000,2.000,2.000,62.100,,-0.012882,0.005,0.005,0.006,0.006,0.004
79915,2004/09/30,,11,1,1311,65129010,NFX,NEWFIELD EXPLORATION CO,,NFX,211111,N,A,R,30044,0,1,1382,65129010,,,,,,,,0.000,13.000,138.000,,,,,,,,,,,,,,,60.890,61.460,61.240,881100.000,-0.000979,61.210,61.240,62300.000,2.000,2.000,61.300,,-0.000979,0.001,0.001,0.005,0.005,-0.000
79915,2004/10/01,,11,1,1311,65129010,NFX,NEWFIELD EXPLORATION CO,,NFX,211111,N,A,R,30044,0,1,1382,65129010,,,,,,,,,13.000,138.000,,,,,,,,,,,,,,,61.100,62.500,62.230,569700.000,0.016166,62.270,62.280,62300.000,2.000,2.000,61.700,,0.016166,0.015,0.015,0.013,0.013,0.015
79915,2004/10/04,,11,1,1311,65129010,NFX,NEWFIELD EXPLORATION CO,,NFX,211111,N,A,R,30044,0,1,1382,65129010,,,,,,,,,13.000,138.000,,,,,,,,,,,,,,,61.250,62.300,61.280,478700.000,-0.015266,61.320,61.350,62300.000,2.000,2.000,62.240,,-0.015266,0.004,0.004,0.005,0.005,0.003
79915,2004/10/05,,11,1,1311,65129010,NFX,NEWFIELD EXPLORATION CO,,NFX,211111,N,A,R,30044,0,1,1382,65129010,,,,,,,,,13.000,138.000,,,,,,,,,,,,,,,61.750,62.850,62.450,1136900.000,0.019093,62.500,62.520,62300.000,2.000,2.000,61.750,,0.019093,-0.001,-0.001,-0.000,-0.000,-0.001
79915,2004/10/06,,11,1,1311,65129010,NFX,NEWFIELD EXPLORATION CO,,NFX,211111,N,A,R,30044,0,1,1382,65129010,,,,,,,,,13.000,138.000,,,,,,,,,,,,,,,62.700,64.560,64.550,601100.000,0.033627,64.490,64.550,62300.000,2.000,2.000,62.700,,0.033627,0.007,0.007,0.006,0.006,0.007
79915,2004/10/07,,11,1,1311,65129010,NFX,NEWFIELD EXPLORATION CO,,NFX,211111,N,A,R,30044,0,1,1382,65129010,,,,,,,,,13.000,138.000,,,,,,,,,,,,,,,63.770,65.830,63.940,812300.000,-0.009450,63.900,63.910,62300.000,2.000,2.000,65.080,,-0.009450,-0.010,-0.010,-0.008,-0.008,-0.010
79915,2004/10/08,,11,1,1311,65129010,NFX,NEWFIELD EXPLORATION CO,,NFX,211111,N,A,R,30044,0,1,1382,65129010,,,,,,,,,13.000,138.000,,,,,,,,,,,,,,,62.610,64.080,63.010,572400.000,-0.014545,62.990,63.010,62300.000,2.000,2.000,63.940,,-0.014545,-0.007,-0.007,-0.006,-0.006,-0.008
79915,2004/10/11,,11,1,1311,65129010,NFX,NEWFIELD EXPLORATION CO,,NFX,211111,N,A,R,30044,0,1,1382,65129010,,,,,,,,,13.000,138.000,,,,,,,,,,,,,,,62.068,64.390,63.450,855600.000,0.006983,63.490,63.800,62300.000,2.000,2.000,63.260,,0.006983,0.002,0.002,0.002,0.002,0.002
79915,2004/10/12,,11,1,1311,65129010,NFX,NEWFIELD EXPLORATION CO,,NFX,211111,N,A,R,30044,0,1,1382,65129010,,,,,,,,,13.000,138.000,,,,,,,,,,,,,,,62.250,64.540,62.270,515600.000,-0.018597,62.260,62.270,62300.000,2.000,2.000,63.460,,-0.018597,-0.002,-0.002,-0.003,-0.003,-0.002
79915,2004/10/13,,11,1,1311,65129010,NFX,NEWFIELD EXPLORATION CO,,NFX,211111,N,A,R,30044,0,1,1382,65129010,,,,,,,,,13.000,138.000,,,,,,,,,,,,,,,59.010,62.250,60.220,1109700.000,-0.032921,60.090,60.230,62300.000,2.000,2.000,62.250,,-0.032921,-0.007,-0.007,-0.006,-0.007,-0.007
79915,2004/10/14,,11,1,1311,65129010,NFX,NEWFIELD EXPLORATION CO,,NFX,211111,N,A,R,30044,0,1,1382,65129010,,,,,,,,,13.000,138.000,,,,,,,,,,,,,,,60.470,61.450,61.200,573200.000,0.016274,61.200,61.240,62300.000,2.000,2.000,60.470,,0.016274,-0.008,-0.008,-0.006,-0.006,-0.009
79915,2004/10/15,,11,1,1311,65129010,NFX,NEWFIELD EXPLORATION CO,,NFX,211111,N,A,R,30044,0,1,1382,65129010,,,,,,,,,13.000,138.000,,,,,,,,,,,,,,,60.770,61.640,60.990,395500.000,-0.003431,60.990,61.010,62300.000,2.000,2.000,61.200,,-0.003431,0.005,0.005,0.004,0.004,0.004
79915,2004/10/18,,11,1,1311,65129010,NFX,NEWFIELD EXPLORATION CO,,NFX,211111,N,A,R,30044,0,1,1382,65129010,,,,,,,,,13.000,138.000,,,,,,,,,,,,,,,59.890,61.380,59.940,552100.000,-0.017216,59.890,59.940,62300.000,2.000,2.000,60.740,,-0.017216,0.004,0.004,0.002,0.002,0.005
79915,2004/10/19,,11,1,1311,65129010,NFX,NEWFIELD EXPLORATION CO,,NFX,211111,N,A,R,30044,0,1,1382,65129010,,,,,,,,,13.000,138.000,,,,,,,,,,,,,,,59.190,59.990,59.830,717500.000,-0.001835,59.810,59.830,62300.000,2.000,2.000,59.940,,-0.001835,-0.009,-0.009,-0.005,-0.005,-0.010
79915,2004/10/20,,11,1,1311,65129010,NFX,NEWFIELD EXPLORATION CO,,NFX,211111,N,A,R,30044,0,1,1382,65129010,,,,,,,,,13.000,138.000,,,,,,,,,,,,,,,60.000,61.750,61.650,630400.000,0.030420,61.640,61.730,62300.000,2.000,2.000,60.050,,0.030420,0.002,0.002,0.003,0.003,0.000
79915,2004/10/21,,11,1,1311,65129010,NFX,NEWFIELD EXPLORATION CO,,NFX,211111,N,A,R,30044,0,1,1382,65129010,,,,,,,,,13.000,138.000,,,,,,,,,,,,,,,61.220,62.940,62.010,413200.000,0.005839,62.080,62.170,62300.000,2.000,2.000,61.850,,0.005839,0.004,0.004,0.007,0.007,0.003
79915,2004/10/22,,11,1,1311,65129010,NFX,NEWFIELD EXPLORATION CO,,NFX,211111,N,A,R,30044,0,1,1382,65129010,,,,,,,,,13.000,138.000,,,,,,,,,,,,,,,61.940,63.090,61.980,221300.000,-0.000484,61.900,61.980,62300.000,2.000,2.000,62.130,,-0.000484,-0.009,-0.009,-0.006,-0.006,-0.010
79915,2004/10/25,,11,1,1311,65129010,NFX,NEWFIELD EXPLORATION CO,,NFX,211111,N,A,R,30044,0,1,1382,65129010,,,,,,,,,13.000,138.000,,,,,,,,,,,,,,,61.330,62.570,62.050,425300.000,0.001129,62.100,62.110,62300.000,2.000,2.000,62.230,,0.001129,-0.000,-0.000,0.002,0.002,-0.001
79915,2004/10/26,,11,1,1311,65129010,NFX,NEWFIELD EXPLORATION CO,,NFX,211111,N,A,R,30044,0,1,1382,65129010,,,,,,,,,13.000,138.000,,,,,,,,,,,,,,,61.530,62.990,62.720,411000.000,0.010798,62.820,62.840,62300.000,2.000,2.000,62.060,,0.010798,0.013,0.013,0.007,0.007,0.015
79915,2004/10/27,,11,1,1311,65129010,NFX,NEWFIELD EXPLORATION CO,,NFX,211111,N,A,R,30044,0,1,1382,65129010,,,,,,,,,13.000,138.000,,,,,,,,,,,,,,,59.690,63.780,60.470,773200.000,-0.035874,60.460,60.470,62300.000,2.000,2.000,62.740,,-0.035874,0.012,0.012,0.010,0.010,0.013
79915,2004/10/28,,11,1,1311,65129010,NFX,NEWFIELD EXPLORATION CO,,NFX,211111,N,A,R,30044,0,1,1382,65129010,,,,,,,,,13.000,138.000,,,,,,,,,,,,,,,58.100,60.480,58.610,883100.000,-0.030759,58.510,58.640,62300.000,2.000,2.000,60.480,,-0.030759,0.001,0.001,0.000,-0.000,0.002
79915,2004/10/29,,11,1,1311,65129010,NFX,NEWFIELD EXPLORATION CO,,NFX,211111,N,A,R,30044,0,1,1382,65129010,,,,,,,,0.000,13.000,138.000,,,,,,,,,,,,,,,57.570,58.710,58.200,1387600.000,-0.006995,58.210,58.240,62300.000,2.000,2.000,57.610,,-0.006995,0.002,0.002,0.002,0.002,0.002
79915,2004/11/01,,11,1,1311,65129010,NFX,NEWFIELD EXPLORATION CO,,NFX,211111,N,A,R,30044,0,1,1382,65129010,,,,,,,,,13.000,138.000,,,,,,,,,,,,,,,57.620,59.200,58.040,1029100.000,-0.002749,57.990,58.010,62300.000,2.000,2.000,58.400,,-0.002749,0.001,0.001,0.002,0.002,0.000
79915,2004/11/02,,11,1,1311,65129010,NFX,NEWFIELD EXPLORATION CO,,NFX,211111,N,A,R,30044,0,1,1382,65129010,,,,,,,,,13.000,138.000,,,,,,,,,,,,,,,56.590,58.270,57.100,857500.000,-0.016196,57.010,57.090,62300.000,2.000,2.000,58.000,,-0.016196,0.000,0.000,0.000,0.000,0.000
79915,2004/11/03,,11,1,1311,65129010,NFX,NEWFIELD EXPLORATION CO,,NFX,211111,N,A,R,30044,0,1,1382,65129010,,,,,,,,,13.000,138.000,,,,,,,,,,,,,,,56.990,59.570,59.320,979500.000,0.038879,59.230,59.310,62300.000,2.000,2.000,57.400,,0.038879,0.012,0.011,0.010,0.010,0.011
79915,2004/11/04,,11,1,1311,65129010,NFX,NEWFIELD EXPLORATION CO,,NFX,211111,N,A,R,30044,0,1,1382,65129010,,,,,,,,,13.000,138.000,,,,,,,,,,,,,,,59.050,60.510,60.200,923500.000,0.014835,60.040,60.050,62300.000,2.000,2.000,59.100,,0.014835,0.014,0.014,0.008,0.008,0.016
79915,2004/11/05,,11,1,1311,65129010,NFX,NEWFIELD EXPLORATION CO,,NFX,211111,N,A,R,30044,0,1,1382,65129010,,,,,,,,,13.000,138.000,,,,,,,,,,,,,,,59.900,60.650,60.510,562400.000,0.005149,60.450,60.510,62300.000,2.000,2.000,60.250,,0.005149,0.004,0.004,0.005,0.005,0.004
79915,2004/11/08,,11,1,1311,65129010,NFX,NEWFIELD EXPLORATION CO,,NFX,211111,N,A,R,30044,0,1,1382,65129010,,,,,,,,,13.000,138.000,,,,,,,,,,,,,,,58.170,60.520,58.680,839600.000,-0.030243,58.590,58.670,62300.000,2.000,2.000,60.510,,-0.030243,-0.001,-0.001,-0.001,-0.001,-0.001
79915,2004/11/09,,11,1,1311,65129010,NFX,NEWFIELD EXPLORATION CO,,NFX,211111,N,A,R,30044,0,1,1382,65129010,,,,,,,,,13.000,138.000,,,,,,,,,,,,,,,57.680,58.500,57.930,701100.000,-0.012781,57.580,57.930,62300.000,2.000,2.000,58.430,,-0.012781,0.001,0.000,0.005,0.005,-0.001
79915,2004/11/10,,11,1,1311,65129010,NFX,NEWFIELD EXPLORATION CO,,NFX,211111,N,A,R,30044,0,1,1382,65129010,,,,,,,,,13.000,138.000,,,,,,,,,,,,,,,57.800,58.750,58.480,821900.000,0.009494,58.440,58.480,62300.000,2.000,2.000,58.150,,0.009494,0.001,0.000,0.005,0.005,-0.001
79915,2004/11/11,,11,1,1311,65129010,NFX,NEWFIELD EXPLORATION CO,,NFX,211111,N,A,R,30044,0,1,1382,65129010,,,,,,,,,13.000,138.000,,,,,,,,,,,,,,,57.660,58.520,57.900,505600.000,-0.009918,57.880,57.960,62300.000,2.000,2.000,58.480,,-0.009918,0.009,0.009,0.009,0.009,0.009
79915,2004/11/12,,11,1,1311,65129010,NFX,NEWFIELD EXPLORATION CO,,NFX,211111,N,A,R,30044,0,1,1382,65129010,,,,,,,,,13.000,138.000,,,,,,,,,,,,,,,57.780,59.760,59.760,547400.000,0.032124,59.650,59.690,62300.000,2.000,2.000,58.050,,0.032124,0.009,0.009,0.008,0.008,0.009
79915,2004/11/15,,11,1,1311,65129010,NFX,NEWFIELD EXPLORATION CO,,NFX,211111,N,A,R,30044,0,1,1382,65129010,,,,,,,,,13.000,138.000,,,,,,,,,,,,,,,57.230,59.760,57.550,1098000.000,-0.036981,57.550,57.590,62300.000,2.000,2.000,59.760,,-0.036981,0.000,-0.002,0.004,0.004,-0.000
79915,2004/11/16,,11,1,1311,65129010,NFX,NEWFIELD EXPLORATION CO,,NFX,211111,N,A,R,30044,0,1,1382,65129010,,,,,,,,,13.000,138.000,,,,,,,,,,,,,,,55.750,57.310,56.950,1011100.000,-0.010426,56.840,56.900,62300.000,2.000,2.000,56.500,,-0.010426,-0.006,-0.006,-0.003,-0.003,-0.007
79915,2004/11/17,,11,1,1311,65129010,NFX,NEWFIELD EXPLORATION CO,,NFX,211111,N,A,R,30044,0,1,1382,65129010,,,,,,,,,13.000,138.000,,,,,,,,,,,,,,,56.580,57.930,57.710,906700.000,0.013345,57.770,57.810,62300.000,2.000,2.000,57.200,,0.013345,0.006,0.006,0.008,0.008,0.006
79915,2004/11/18,,11,1,1311,65129010,NFX,NEWFIELD EXPLORATION CO,,NFX,211111,N,A,R,30044,0,1,1382,65129010,,,,,,,,,13.000,138.000,,,,,,,,,,,,,,,57.260,58.860,58.800,830900.000,0.018888,58.720,59.000,62300.000,2.000,2.000,57.750,,0.018888,0.000,0.000,0.001,0.001,0.001
79915,2004/11/19,,11,1,1311,65129010,NFX,NEWFIELD EXPLORATION CO,,NFX,211111,N,A,R,30044,0,1,1382,65129010,,,,,,,,,13.000,138.000,,,,,,,,,,,,,,,58.940,60.100,60.010,1162500.000,0.020578,60.030,60.090,62300.000,2.000,2.000,58.950,,0.020578,-0.010,-0.010,-0.006,-0.006,-0.011
79915,2004/11/22,,11,1,1311,65129010,NFX,NEWFIELD EXPLORATION CO,,NFX,211111,N,A,R,30044,0,1,1382,65129010,,,,,,,,,13.000,138.000,,,,,,,,,,,,,,,59.950,61.350,61.350,932700.000,0.022330,61.350,61.340,62300.000,2.000,2.000,60.010,,0.022330,0.006,0.006,0.006,0.006,0.006
79915,2004/11/23,,11,1,1311,65129010,NFX,NEWFIELD EXPLORATION CO,,NFX,211111,N,A,R,30044,0,1,1382,65129010,,,,,,,,,13.000,138.000,,,,,,,,,,,,,,,61.390,63.750,62.680,1567900.000,0.021679,62.600,62.650,62300.000,2.000,2.000,61.600,,0.021679,0.001,0.001,0.004,0.004,-0.000
79915,2004/11/24,,11,1,1311,65129010,NFX,NEWFIELD EXPLORATION CO,,NFX,211111,N,A,R,30044,0,1,1382,65129010,,,,,,,,,13.000,138.000,,,,,,,,,,,,,,,62.000,63.690,63.440,593800.000,0.012125,63.430,63.490,62300.000,2.000,2.000,62.580,,0.012125,0.005,0.005,0.008,0.008,0.004
79915,2004/11/26,,11,1,1311,65129010,NFX,NEWFIELD EXPLORATION CO,,NFX,211111,N,A,R,30044,0,1,1382,65129010,,,,,,,,,13.000,138.000,,,,,,,,,,,,,,,63.470,64.350,63.510,118900.000,0.001103,63.510,63.640,62300.000,2.000,2.000,63.550,,0.001103,0.002,0.002,0.005,0.005,0.001
79915,2004/11/29,,11,1,1311,65129010,NFX,NEWFIELD EXPLORATION CO,,NFX,211111,N,A,R,30044,0,1,1382,65129010,,,,,,,,,13.000,138.000,,,,,,,,,,,,,,,62.200,63.560,63.230,315500.000,-0.004409,63.170,63.190,62300.000,2.000,2.000,63.510,,-0.004409,-0.002,-0.002,0.003,0.003,-0.003
79915,2004/11/30,,11,1,1311,65129010,NFX,NEWFIELD EXPLORATION CO,,NFX,211111,N,A,R,30044,0,1,1382,65129010,,,,,,,,0.000,13.000,138.000,,,,,,,,,,,,,,,62.850,64.130,62.850,933800.000,-0.006010,62.950,62.970,62265.000,2.000,2.000,63.430,,-0.006010,-0.003,-0.003,-0.001,-0.001,-0.004
79915,2004/12/01,,11,1,1311,65129010,NFX,NEWFIELD EXPLORATION CO,,NFX,211111,N,A,R,30044,0,1,1382,65129010,,,,,,,,,13.000,138.000,,,,,,,,,,,,,,,59.950,63.120,60.400,1134700.000,-0.038982,60.330,60.350,62265.000,2.000,2.000,63.100,,-0.038982,0.014,0.014,0.010,0.010,0.015
79915,2004/12/02,,11,1,1311,65129010,NFX,NEWFIELD EXPLORATION CO,,NFX,211111,N,A,R,30044,0,1,1382,65129010,,,,,,,,,13.000,138.000,,,,,,,,,,,,,,,57.030,60.390,58.360,1322600.000,-0.033775,58.330,58.340,62265.000,2.000,2.000,60.390,,-0.033775,-0.002,-0.002,-0.001,-0.001,-0.001
79915,2004/12/03,,11,1,1311,65129010,NFX,NEWFIELD EXPLORATION CO,,NFX,211111,N,A,R,30044,0,1,1382,65129010,,,,,,,,,13.000,138.000,,,,,,,,,,,,,,,57.920,59.690,59.290,764700.000,0.015936,59.200,59.210,62265.000,2.000,2.000,58.360,,0.015936,0.001,0.001,0.003,0.003,0.001
79915,2004/12/06,,11,1,1311,65129010,NFX,NEWFIELD EXPLORATION CO,,NFX,211111,N,A,R,30044,0,1,1382,65129010,,,,,,,,,13.000,138.000,,,,,,,,,,,,,,,58.090,59.850,58.800,489400.000,-0.008264,58.820,58.900,62265.000,2.000,2.000,59.500,,-0.008264,-0.001,-0.001,-0.000,-0.000,-0.001
79915,2004/12/07,,11,1,1311,65129010,NFX,NEWFIELD EXPLORATION CO,,NFX,211111,N,A,R,30044,0,1,1382,65129010,,,,,,,,,13.000,138.000,,,,,,,,,,,,,,,57.030,59.320,57.410,772400.000,-0.023639,57.440,57.450,62265.000,2.000,2.000,58.940,,-0.023639,-0.012,-0.012,-0.012,-0.012,-0.011
79915,2004/12/08,,11,1,1311,65129010,NFX,NEWFIELD EXPLORATION CO,,NFX,211111,N,A,R,30044,0,1,1382,65129010,,,,,,,,,13.000,138.000,,,,,,,,,,,,,,,56.320,58.380,58.120,835100.000,0.012367,58.070,58.100,62265.000,2.000,2.000,56.320,,0.012367,0.004,0.004,0.003,0.003,0.005
79915,2004/12/09,,11,1,1311,65129010,NFX,NEWFIELD EXPLORATION CO,,NFX,211111,N,A,R,30044,0,1,1382,65129010,,,,,,,,,13.000,138.000,,,,,,,,,,,,,,,57.430,59.070,58.250,544800.000,0.002237,58.250,58.310,62265.000,2.000,2.000,58.200,,0.002237,0.004,0.004,0.000,0.000,0.005
79915,2004/12/10,,11,1,1311,65129010,NFX,NEWFIELD EXPLORATION CO,,NFX,211111,N,A,R,30044,0,1,1382,65129010,,,,,,,,,13.000,138.000,,,,,,,,,,,,,,,56.810,58.610,57.040,608300.000,-0.020773,57.040,57.090,62265.000,2.000,2.000,58.250,,-0.020773,-0.000,-0.000,0.003,0.003,-0.001
79915,2004/12/13,,11,1,1311,65129010,NFX,NEWFIELD EXPLORATION CO,,NFX,211111,N,A,R,30044,0,1,1382,65129010,,,,,,,,,13.000,138.000,,,,,,,,,,,,,,,57.660,59.500,59.200,807700.000,0.037868,59.180,59.200,62265.000,2.000,2.000,57.850,,0.037868,0.009,0.008,0.007,0.007,0.009
79915,2004/12/14,,11,1,1311,65129010,NFX,NEWFIELD EXPLORATION CO,,NFX,211111,N,A,R,30044,0,1,1382,65129010,,,,,,,,,13.000,138.000,,,,,,,,,,,,,,,58.730,59.960,59.770,693900.000,0.009628,59.730,59.790,62265.000,2.000,2.000,59.400,,0.009628,0.004,0.004,0.005,0.005,0.004
79915,2004/12/15,,11,1,1311,65129010,NFX,NEWFIELD EXPLORATION CO,,NFX,211111,N,A,R,30044,0,1,1382,65129010,,,,,,,,,13.000,138.000,,,,,,,,,,,,,,,59.390,60.940,60.860,735200.000,0.018237,60.760,60.850,62265.000,2.000,2.000,59.970,,0.018237,0.004,0.004,0.006,0.006,0.002
79915,2004/12/16,,11,1,1311,65129010,NFX,NEWFIELD EXPLORATION CO,,NFX,211111,N,A,R,30044,0,1,1382,65129010,,,,,,,,,13.000,138.000,,,,,,,,,,,,,,,59.530,60.720,59.800,572600.000,-0.017417,59.740,59.760,62265.000,2.000,2.000,60.610,,-0.017417,-0.003,-0.003,-0.003,-0.003,-0.002
79915,2004/12/17,,11,1,1311,65129010,NFX,NEWFIELD EXPLORATION CO,,NFX,211111,N,A,R,30044,0,1,1382,65129010,,,,,,,,,13.000,138.000,,,,,,,,,,,,,,,59.730,60.850,60.810,686500.000,0.016890,60.780,60.850,62265.000,2.000,2.000,59.790,,0.016890,-0.004,-0.004,0.002,0.002,-0.007
79915,2004/12/20,,11,1,1311,65129010,NFX,NEWFIELD EXPLORATION CO,,NFX,211111,N,A,R,30044,0,1,1382,65129010,,,,,,,,,13.000,138.000,,,,,,,,,,,,,,,59.410,60.600,60.110,477500.000,-0.011511,60.100,60.120,62265.000,2.000,2.000,60.600,,-0.011511,-0.001,-0.001,-0.003,-0.003,0.000
79915,2004/12/21,,11,1,1311,65129010,NFX,NEWFIELD EXPLORATION CO,,NFX,211111,N,A,R,30044,0,1,1382,65129010,,,,,,,,,13.000,138.000,,,,,,,,,,,,,,,60.010,60.790,60.730,323700.000,0.010314,60.580,60.730,62265.000,2.000,2.000,60.600,,0.010314,0.009,0.009,0.007,0.007,0.009
79915,2004/12/22,,11,1,1311,65129010,NFX,NEWFIELD EXPLORATION CO,,NFX,211111,N,A,R,30044,0,1,1382,65129010,,,,,,,,,13.000,138.000,,,,,,,,,,,,,,,58.760,60.890,59.400,829800.000,-0.021900,59.500,59.520,62265.000,2.000,2.000,60.700,,-0.021900,0.003,0.003,0.004,0.004,0.003
79915,2004/12/23,,11,1,1311,65129010,NFX,NEWFIELD EXPLORATION CO,,NFX,211111,N,A,R,30044,0,1,1382,65129010,,,,,,,,,13.000,138.000,,,,,,,,,,,,,,,59.250,60.010,59.410,390700.000,0.000168,59.450,59.490,62265.000,2.000,2.000,59.450,,0.000168,0.001,0.001,0.003,0.003,0.000
79915,2004/12/27,,11,1,1311,65129010,NFX,NEWFIELD EXPLORATION CO,,NFX,211111,N,A,R,30044,0,1,1382,65129010,,,,,,,,,13.000,138.000,,,,,,,,,,,,,,,58.300,59.420,58.470,509200.000,-0.015822,58.430,58.480,62265.000,2.000,2.000,59.420,,-0.015822,-0.004,-0.004,-0.001,-0.001,-0.004
79915,2004/12/28,,11,1,1311,65129010,NFX,NEWFIELD EXPLORATION CO,,NFX,211111,N,A,R,30044,0,1,1382,65129010,,,,,,,,,13.000,138.000,,,,,,,,,,,,,,,58.560,59.490,58.750,429500.000,0.004789,58.770,58.800,62265.000,2.000,2.000,58.560,,0.004789,0.008,0.008,0.010,0.010,0.007
79915,2004/12/29,,11,1,1311,65129010,NFX,NEWFIELD EXPLORATION CO,,NFX,211111,N,A,R,30044,0,1,1382,65129010,,,,,,,,,13.000,138.000,,,,,,,,,,,,,,,58.500,59.670,59.230,792500.000,0.008170,59.240,59.250,62265.000,2.000,2.000,59.000,,0.008170,0.001,0.000,0.002,0.002,-0.000
79915,2004/12/30,,11,1,1311,65129010,NFX,NEWFIELD EXPLORATION CO,,NFX,211111,N,A,R,30044,0,1,1382,65129010,,,,,,,,,13.000,138.000,,,,,,,,,,,,,,,58.520,59.240,58.970,241000.000,-0.004390,58.930,58.950,62265.000,2.000,2.000,59.240,,-0.004390,0.001,0.001,0.004,0.004,0.000
79915,2004/12/31,,11,1,1311,65129010,NFX,NEWFIELD EXPLORATION CO,,NFX,211111,N,A,R,30044,0,1,1382,65129010,,,,,,,,0.000,13.000,138.000,,,,,,,,,,,,,,,58.520,59.380,59.050,297600.000,0.001357,58.730,59.310,62265.000,2.000,2.000,58.900,,0.001357,-0.001,-0.001,0.003,0.003,-0.001
79915,2005/01/03,,11,1,1311,65129010,NFX,NEWFIELD EXPLORATION CO,,NFX,211111,N,A,R,30044,0,1,1382,65129010,,,,,,,,,13.000,138.000,,,,,,,,,,,,,,,56.400,59.040,56.400,943500.000,-0.044877,56.530,56.610,62265.000,2.000,2.000,59.040,,-0.044877,-0.010,-0.010,-0.010,-0.010,-0.008
79915,2005/01/04,,11,1,1311,65129010,NFX,NEWFIELD EXPLORATION CO,,NFX,211111,N,A,R,30044,0,1,1382,65129010,,,,,,,,,13.000,138.000,,,,,,,,,,,,,,,56.230,57.510,56.680,743500.000,0.004965,56.640,56.680,62265.000,2.000,2.000,56.500,,0.004965,-0.013,-0.013,-0.014,-0.014,-0.012
79915,2005/01/05,,11,1,1311,65129010,NFX,NEWFIELD EXPLORATION CO,,NFX,211111,N,A,R,30044,0,1,1382,65129010,,,,,,,,,13.000,138.000,,,,,,,,,,,,,,,55.540,57.090,55.560,637300.000,-0.019760,55.560,55.600,62265.000,2.000,2.000,56.720,,-0.019760,-0.006,-0.006,-0.011,-0.011,-0.004
79915,2005/01/06,,11,1,1311,65129010,NFX,NEWFIELD EXPLORATION CO,,NFX,211111,N,A,R,30044,0,1,1382,65129010,,,,,,,,,13.000,138.000,,,,,,,,,,,,,,,55.350,57.330,56.380,724300.000,0.014759,56.340,56.380,62265.000,2.000,2.000,55.570,,0.014759,0.003,0.003,0.002,0.002,0.004
79915,2005/01/07,,11,1,1311,65129010,NFX,NEWFIELD EXPLORATION CO,,NFX,211111,N,A,R,30044,0,1,1382,65129010,,,,,,,,,13.000,138.000,,,,,,,,,,,,,,,54.870,56.490,56.170,645600.000,-0.003725,56.140,56.200,62265.000,2.000,2.000,56.450,,-0.003725,-0.002,-0.002,-0.004,-0.004,-0.001
79915,2005/01/10,,11,1,1311,65129010,NFX,NEWFIELD EXPLORATION CO,,NFX,211111,N,A,R,30044,0,1,1382,65129010,,,,,,,,,13.000,138.000,,,,,,,,,,,,,,,56.400,57.850,56.770,557000.000,0.010682,56.830,56.840,62265.000,2.000,2.000,56.400,,0.010682,0.004,0.004,0.004,0.004,0.003
79915,2005/01/11,,11,1,1311,65129010,NFX,NEWFIELD EXPLORATION CO,,NFX,211111,N,A,R,30044,0,1,1382,65129010,,,,,,,,,13.000,138.000,,,,,,,,,,,,,,,56.350,57.480,56.800,468300.000,0.000528,56.820,57.180,62265.000,2.000,2.000,56.830,,0.000528,-0.006,-0.006,-0.009,-0.009,-0.006
79915,2005/01/12,,11,1,1311,65129010,NFX,NEWFIELD EXPLORATION CO,,NFX,211111,N,A,R,30044,0,1,1382,65129010,,,,,,,,,13.000,138.000,,,,,,,,,,,,,,,56.680,58.850,58.520,639800.000,0.030282,58.550,58.570,62265.000,2.000,2.000,57.000,,0.030282,0.004,0.004,0.003,0.002,0.004
79915,2005/01/13,,11,1,1311,65129010,NFX,NEWFIELD EXPLORATION CO,,NFX,211111,N,A,R,30044,0,1,1382,65129010,,,,,,,,,13.000,138.000,,,,,,,,,,,,,,,58.530,59.560,58.940,525900.000,0.007177,58.930,58.940,62265.000,2.000,2.000,58.750,,0.007177,-0.007,-0.007,-0.003,-0.003,-0.009
79915,2005/01/14,,11,1,1311,65129010,NFX,NEWFIELD EXPLORATION CO,,NFX,211111,N,A,R,30044,0,1,1382,65129010,,,,,,,,,13.000,138.000,,,,,,,,,,,,,,,58.210,59.200,59.180,544300.000,0.004072,59.150,59.180,62265.000,2.000,2.000,59.000,,0.004072,0.006,0.006,0.007,0.007,0.006
79915,2005/01/18,,11,1,1311,65129010,NFX,NEWFIELD EXPLORATION CO,,NFX,211111,N,A,R,30044,0,1,1382,65129010,,,,,,,,,13.000,138.000,,,,,,,,,,,,,,,59.390,60.750,59.530,529300.000,0.005914,59.590,59.600,62265.000,2.000,2.000,59.700,,0.005914,0.009,0.009,0.008,0.008,0.010
79915,2005/01/19,,11,1,1311,65129010,NFX,NEWFIELD EXPLORATION CO,,NFX,211111,N,A,R,30044,0,1,1382,65129010,,,,,,,,,13.000,138.000,,,,,,,,,,,,,,,59.150,60.060,59.150,375100.000,-0.006383,59.190,59.200,62265.000,2.000,2.000,59.440,,-0.006383,-0.009,-0.009,-0.006,-0.006,-0.009
79915,2005/01/20,,11,1,1311,65129010,NFX,NEWFIELD EXPLORATION CO,,NFX,211111,N,A,R,30044,0,1,1382,65129010,,,,,,,,,13.000,138.000,,,,,,,,,,,,,,,57.630,59.560,58.810,440500.000,-0.005748,58.790,58.810,62265.000,2.000,2.000,58.500,,-0.005748,-0.007,-0.007,-0.008,-0.008,-0.008
79915,2005/01/21,,11,1,1311,65129010,NFX,NEWFIELD EXPLORATION CO,,NFX,211111,N,A,R,30044,0,1,1382,65129010,,,,,,,,,13.000,138.000,,,,,,,,,,,,,,,58.900,59.809,59.340,485700.000,0.009012,59.320,59.340,62265.000,2.000,2.000,59.060,,0.009012,-0.005,-0.005,-0.001,-0.001,-0.006
79915,2005/01/24,,11,1,1311,65129010,NFX,NEWFIELD EXPLORATION CO,,NFX,211111,N,A,R,30044,0,1,1382,65129010,,,,,,,,,13.000,138.000,,,,,,,,,,,,,,,59.580,60.730,60.400,1076900.000,0.017863,60.400,60.430,62265.000,2.000,2.000,60.000,,0.017863,-0.005,-0.005,-0.008,-0.008,-0.004
79915,2005/01/25,,11,1,1311,65129010,NFX,NEWFIELD EXPLORATION CO,,NFX,211111,N,A,R,30044,0,1,1382,65129010,,,,,,,,,13.000,138.000,,,,,,,,,,,,,,,59.860,61.160,60.440,825400.000,0.000662,60.450,60.460,62265.000,2.000,2.000,60.330,,0.000662,0.003,0.003,0.001,0.001,0.004
79915,2005/01/26,,11,1,1311,65129010,NFX,NEWFIELD EXPLORATION CO,,NFX,211111,N,A,R,30044,0,1,1382,65129010,,,,,,,,,13.000,138.000,,,,,,,,,,,,,,,60.140,60.980,60.880,561500.000,0.007280,60.880,60.900,62265.000,2.000,2.000,60.550,,0.007280,0.006,0.006,0.009,0.009,0.005
79915,2005/01/27,,11,1,1311,65129010,NFX,NEWFIELD EXPLORATION CO,,NFX,211111,N,A,R,30044,0,1,1382,65129010,,,,,,,,,13.000,138.000,,,,,,,,,,,,,,,60.570,61.850,61.200,416400.000,0.005256,61.240,61.270,62265.000,2.000,2.000,60.700,,0.005256,0.001,0.001,0.001,0.001,0.000
79915,2005/01/28,,11,1,1311,65129010,NFX,NEWFIELD EXPLORATION CO,,NFX,211111,N,A,R,30044,0,1,1382,65129010,,,,,,,,,13.000,138.000,,,,,,,,,,,,,,,59.630,61.040,60.290,661500.000,-0.014869,60.290,60.300,62265.000,2.000,2.000,61.030,,-0.014869,-0.003,-0.003,-0.002,-0.002,-0.003
79915,2005/01/31,,11,1,1311,65129010,NFX,NEWFIELD EXPLORATION CO,,NFX,211111,N,A,R,30044,0,1,1382,65129010,,,,,,,,0.000,13.000,138.000,,,,,,,,,,,,,,,59.830,61.220,61.200,610300.000,0.015094,61.150,61.210,62265.000,2.000,2.000,60.220,,0.015094,0.009,0.009,0.011,0.011,0.008
79915,2005/02/01,,11,1,1311,65129010,NFX,NEWFIELD EXPLORATION CO,,NFX,211111,N,A,R,30044,0,1,1382,65129010,,,,,,,,,13.000,138.000,,,,,,,,,,,,,,,61.200,62.230,61.990,460400.000,0.012909,61.980,61.990,62265.000,2.000,2.000,61.200,,0.012909,0.007,0.007,0.005,0.005,0.007
79915,2005/02/02,,11,1,1311,65129010,NFX,NEWFIELD EXPLORATION CO,,NFX,211111,N,A,R,30044,0,1,1382,65129010,,,,,,,,,13.000,138.000,,,,,,,,,,,,,,,62.000,62.880,62.760,401900.000,0.012421,62.740,62.760,62265.000,2.000,2.000,62.000,,0.012421,0.004,0.004,0.006,0.005,0.003
79915,2005/02/03,,11,1,1311,65129010,NFX,NEWFIELD EXPLORATION CO,,NFX,211111,N,A,R,30044,0,1,1382,65129010,,,,,,,,,13.000,138.000,,,,,,,,,,,,,,,61.140,62.950,62.090,465100.000,-0.010676,62.090,62.110,62265.000,2.000,2.000,62.760,,-0.010676,-0.003,-0.003,-0.002,-0.002,-0.003
79915,2005/02/04,,11,1,1311,65129010,NFX,NEWFIELD EXPLORATION CO,,NFX,211111,N,A,R,30044,0,1,1382,65129010,,,,,,,,,13.000,138.000,,,,,,,,,,,,,,,61.900,63.410,63.410,892200.000,0.021259,63.220,63.250,62265.000,2.000,2.000,62.100,,0.021259,0.011,0.011,0.010,0.009,0.011
79915,2005/02/07,,11,1,1311,65129010,NFX,NEWFIELD EXPLORATION CO,,NFX,211111,N,A,R,30044,0,1,1382,65129010,,,,,,,,,13.000,138.000,,,,,,,,,,,,,,,62.550,63.530,63.110,654400.000,-0.004731,63.110,63.130,62265.000,2.000,2.000,63.400,,-0.004731,-0.001,-0.001,0.000,0.000,-0.001
79915,2005/02/08,,11,1,1311,65129010,NFX,NEWFIELD EXPLORATION CO,,NFX,211111,N,A,R,30044,0,1,1382,65129010,,,,,,,,,13.000,138.000,,,,,,,,,,,,,,,62.991,64.120,64.050,677900.000,0.014895,64.040,64.050,62265.000,2.000,2.000,63.050,,0.014895,0.001,0.001,0.001,0.001,0.000
79915,2005/02/09,,11,1,1311,65129010,NFX,NEWFIELD EXPLORATION CO,,NFX,211111,N,A,R,30044,0,1,1382,65129010,,,,,,,,,13.000,138.000,,,,,,,,,,,,,,,63.350,65.110,64.170,749900.000,0.001873,64.110,64.150,62265.000,2.000,2.000,64.080,,0.001873,-0.009,-0.009,-0.010,-0.010,-0.009
79915,2005/02/10,,11,1,1311,65129010,NFX,NEWFIELD EXPLORATION CO,,NFX,211111,N,A,R,30044,0,1,1382,65129010,,,,,,,,,13.000,138.000,,,,,,,,,,,,,,,64.680,70.310,70.090,2909100.000,0.092255,70.080,70.090,62265.000,2.000,2.000,64.680,,0.092255,0.004,0.004,0.001,0.000,0.004
79915,2005/02/11,,11,1,1311,65129010,NFX,NEWFIELD EXPLORATION CO,,NFX,211111,N,A,R,30044,0,1,1382,65129010,,,,,,,,,13.000,138.000,,,,,,,,,,,,,,,67.700,70.250,69.330,1323600.000,-0.010843,69.340,69.370,62265.000,2.000,2.000,68.600,,-0.010843,0.008,0.008,0.007,0.007,0.007
79915,2005/02/14,,11,1,1311,65129010,NFX,NEWFIELD EXPLORATION CO,,NFX,211111,N,A,R,30044,0,1,1382,65129010,,,,,,,,,13.000,138.000,,,,,,,,,,,,,,,68.880,69.910,69.700,908700.000,0.005337,69.610,69.640,62265.000,2.000,2.000,69.500,,0.005337,0.001,0.001,0.002,0.002,0.001
79915,2005/02/15,,11,1,1311,65129010,NFX,NEWFIELD EXPLORATION CO,,NFX,211111,N,A,R,30044,0,1,1382,65129010,,,,,,,,,13.000,138.000,,,,,,,,,,,,,,,69.000,70.120,69.510,664900.000,-0.002726,69.370,69.430,62265.000,2.000,2.000,69.400,,-0.002726,0.003,0.003,0.000,0.000,0.003
79915,2005/02/16,,11,1,1311,65129010,NFX,NEWFIELD EXPLORATION CO,,NFX,211111,N,A,R,30044,0,1,1382,65129010,,,,,,,,,13.000,138.000,,,,,,,,,,,,,,,69.550,71.250,71.250,767000.000,0.025032,71.160,71.250,62265.000,2.000,2.000,69.600,,0.025032,0.001,0.001,0.002,0.002,0.000
79915,2005/02/17,,11,1,1311,65129010,NFX,NEWFIELD EXPLORATION CO,,NFX,211111,N,A,R,30044,0,1,1382,65129010,,,,,,,,,13.000,138.000,,,,,,,,,,,,,,,70.090,72.200,70.500,638800.000,-0.010526,70.500,70.520,62265.000,2.000,2.000,71.250,,-0.010526,-0.007,-0.007,-0.005,-0.005,-0.008
79915,2005/02/18,,11,1,1311,65129010,NFX,NEWFIELD EXPLORATION CO,,NFX,211111,N,A,R,30044,0,1,1382,65129010,,,,,,,,,13.000,138.000,,,,,,,,,,,,,,,70.610,72.780,72.500,769900.000,0.028369,72.480,72.490,62265.000,2.000,2.000,70.610,,0.028369,0.000,0.000,-0.001,-0.001,0.001
79915,2005/02/22,,11,1,1311,65129010,NFX,NEWFIELD EXPLORATION CO,,NFX,211111,N,A,R,30044,0,1,1382,65129010,,,,,,,,,13.000,138.000,,,,,,,,,,,,,,,71.570,73.500,71.710,803600.000,-0.010897,71.470,71.980,62265.000,2.000,2.000,73.100,,-0.010897,-0.014,-0.014,-0.012,-0.012,-0.015
79915,2005/02/23,,11,1,1311,65129010,NFX,NEWFIELD EXPLORATION CO,,NFX,211111,N,A,R,30044,0,1,1382,65129010,,,,,,,,,13.000,138.000,,,,,,,,,,,,,,,71.240,72.740,71.860,585900.000,0.002092,71.890,71.910,62265.000,2.000,2.000,71.720,,0.002092,0.005,0.005,0.002,0.002,0.006
79915,2005/02/24,,11,1,1311,65129010,NFX,NEWFIELD EXPLORATION CO,,NFX,211111,N,A,R,30044,0,1,1382,65129010,,,,,,,,,13.000,138.000,,,,,,,,,,,,,,,70.910,72.870,72.770,643400.000,0.012663,72.740,72.770,62265.000,2.000,2.000,72.110,,0.012663,0.008,0.007,0.005,0.005,0.008
79915,2005/02/25,,11,1,1311,65129010,NFX,NEWFIELD EXPLORATION CO,,NFX,211111,N,A,R,30044,0,1,1382,65129010,,,,,,,,,13.000,138.000,,,,,,,,,,,,,,,72.560,74.850,74.710,750500.000,0.026659,74.700,74.710,62265.000,2.000,2.000,72.570,,0.026659,0.010,0.010,0.009,0.009,0.009
79915,2005/02/28,,11,1,1311,65129010,NFX,NEWFIELD EXPLORATION CO,,NFX,211111,N,A,R,30044,0,1,1382,65129010,,,,,,,,0.000,13.000,138.000,,,,,,,,,,,,,,,70.760,76.550,74.250,1182600.000,-0.006157,74.070,74.080,62265.000,2.000,2.000,75.200,,-0.006157,-0.006,-0.006,-0.003,-0.003,-0.006
79915,2005/03/01,,11,1,1311,65129010,NFX,NEWFIELD EXPLORATION CO,,NFX,211111,N,A,R,30044,0,1,1382,65129010,,,,,,,,,13.000,138.000,,,,,,,,,,,,,,,71.790,74.600,72.240,807900.000,-0.027071,72.220,72.240,62265.000,2.000,2.000,74.250,,-0.027071,0.005,0.005,0.005,0.005,0.006
79915,2005/03/02,,11,1,1311,65129010,NFX,NEWFIELD EXPLORATION CO,,NFX,211111,N,A,R,30044,0,1,1382,65129010,,,,,,,,,13.000,138.000,,,,,,,,,,,,,,,71.750,73.680,73.550,752600.000,0.018134,73.530,73.550,62265.000,2.000,2.000,72.240,,0.018134,0.000,0.000,-0.001,-0.001,-0.000
79915,2005/03/03,,11,1,1311,65129010,NFX,NEWFIELD EXPLORATION CO,,NFX,211111,N,A,R,30044,0,1,1382,65129010,,,,,,,,,13.000,138.000,,,,,,,,,,,,,,,74.040,75.650,75.300,790000.000,0.023793,75.200,75.230,62265.000,2.000,2.000,74.100,,0.023793,0.000,0.000,0.001,0.001,0.000
79915,2005/03/04,,11,1,1311,65129010,NFX,NEWFIELD EXPLORATION CO,,NFX,211111,N,A,R,30044,0,1,1382,65129010,,,,,,,,,13.000,138.000,,,,,,,,,,,,,,,74.310,76.650,76.300,516400.000,0.013280,76.250,76.320,62265.000,2.000,2.000,75.550,,0.013280,0.010,0.010,0.006,0.006,0.010
79915,2005/03/07,,11,1,1311,65129010,NFX,NEWFIELD EXPLORATION CO,,NFX,211111,N,A,R,30044,0,1,1382,65129010,,,,,,,,,13.000,138.000,,,,,,,,,,,,,,,74.030,76.520,75.380,727600.000,-0.012058,75.290,75.380,62265.000,2.000,2.000,76.300,,-0.012058,0.002,0.002,0.001,0.001,0.003
79915,2005/03/08,,11,1,1311,65129010,NFX,NEWFIELD EXPLORATION CO,,NFX,211111,N,A,R,30044,0,1,1382,65129010,,,,,,,,,13.000,138.000,,,,,,,,,,,,,,,74.500,76.860,74.500,978600.000,-0.011674,74.550,74.620,62265.000,2.000,2.000,76.000,,-0.011674,-0.004,-0.004,-0.004,-0.004,-0.005
79915,2005/03/09,,11,1,1311,65129010,NFX,NEWFIELD EXPLORATION CO,,NFX,211111,N,A,R,30044,0,1,1382,65129010,,,,,,,,,13.000,138.000,,,,,,,,,,,,,,,73.000,76.050,73.150,748400.000,-0.018121,73.140,73.150,62265.000,2.000,2.000,74.670,,-0.018121,-0.009,-0.010,-0.007,-0.007,-0.010
79915,2005/03/10,,11,1,1311,65129010,NFX,NEWFIELD EXPLORATION CO,,NFX,211111,N,A,R,30044,0,1,1382,65129010,,,,,,,,,13.000,138.000,,,,,,,,,,,,,,,70.200,72.950,71.200,788400.000,-0.026658,71.190,71.280,62265.000,2.000,2.000,72.950,,-0.026658,-0.000,-0.000,-0.005,-0.005,0.002
79915,2005/03/11,,11,1,1311,65129010,NFX,NEWFIELD EXPLORATION CO,,NFX,211111,N,A,R,30044,0,1,1382,65129010,,,,,,,,,13.000,138.000,,,,,,,,,,,,,,,71.110,73.110,71.820,638900.000,0.008708,71.860,71.870,62265.000,2.000,2.000,71.210,,0.008708,-0.005,-0.005,-0.001,-0.002,-0.008
79915,2005/03/14,,11,1,1311,65129010,NFX,NEWFIELD EXPLORATION CO,,NFX,211111,N,A,R,30044,0,1,1382,65129010,,,,,,,,,13.000,138.000,,,,,,,,,,,,,,,70.690,72.300,72.150,580200.000,0.004595,72.100,72.110,62265.000,2.000,2.000,72.070,,0.004595,0.006,0.006,0.001,0.001,0.006
79915,2005/03/15,,11,1,1311,65129010,NFX,NEWFIELD EXPLORATION CO,,NFX,211111,N,A,R,30044,0,1,1382,65129010,,,,,,,,,13.000,138.000,,,,,,,,,,,,,,,71.430,72.970,71.590,669500.000,-0.007762,71.480,71.560,62265.000,2.000,2.000,71.950,,-0.007762,-0.006,-0.006,-0.004,-0.004,-0.008
79915,2005/03/16,,11,1,1311,65129010,NFX,NEWFIELD EXPLORATION CO,,NFX,211111,N,A,R,30044,0,1,1382,65129010,,,,,,,,,13.000,138.000,,,,,,,,,,,,,,,70.960,72.810,72.060,893100.000,0.006565,72.020,72.060,62265.000,2.000,2.000,71.550,,0.006565,-0.008,-0.008,-0.007,-0.007,-0.008
79915,2005/03/17,,11,1,1311,65129010,NFX,NEWFIELD EXPLORATION CO,,NFX,211111,N,A,R,30044,0,1,1382,65129010,,,,,,,,,13.000,138.000,,,,,,,,,,,,,,,72.570,75.000,74.950,991900.000,0.040105,74.950,75.000,62265.000,2.000,2.000,72.570,,0.040105,0.002,0.002,0.001,0.001,0.002
79915,2005/03/18,,11,1,1311,65129010,NFX,NEWFIELD EXPLORATION CO,,NFX,211111,N,A,R,30044,0,1,1382,65129010,,,,,,,,,13.000,138.000,,,,,,,,,,,,,,,73.810,75.540,74.600,937000.000,-0.004670,74.430,74.440,62265.000,2.000,2.000,75.500,,-0.004670,-0.002,-0.002,-0.003,-0.003,-0.000
79915,2005/03/21,,11,1,1311,65129010,NFX,NEWFIELD EXPLORATION CO,,NFX,211111,N,A,R,30044,0,1,1382,65129010,,,,,,,,,13.000,138.000,,,,,,,,,,,,,,,72.810,74.890,73.520,607800.000,-0.014477,73.510,73.530,62265.000,2.000,2.000,74.590,,-0.014477,-0.004,-0.004,-0.003,-0.003,-0.005
79915,2005/03/22,,11,1,1311,65129010,NFX,NEWFIELD EXPLORATION CO,,NFX,211111,N,A,R,30044,0,1,1382,65129010,,,,,,,,,13.000,138.000,,,,,,,,,,,,,,,72.370,74.570,72.600,723900.000,-0.012514,72.500,72.560,62265.000,2.000,2.000,73.500,,-0.012514,-0.009,-0.009,-0.004,-0.004,-0.010
79915,2005/03/23,,11,1,1311,65129010,NFX,NEWFIELD EXPLORATION CO,,NFX,211111,N,A,R,30044,0,1,1382,65129010,,,,,,,,,13.000,138.000,,,,,,,,,,,,,,,69.640,72.300,70.490,805900.000,-0.029063,70.460,70.500,62265.000,2.000,2.000,72.300,,-0.029063,-0.003,-0.003,-0.009,-0.009,0.001
79915,2005/03/24,,11,1,1311,65129010,NFX,NEWFIELD EXPLORATION CO,,NFX,211111,N,A,R,30044,0,1,1382,65129010,,,,,,,,,13.000,138.000,,,,,,,,,,,,,,,69.440,71.950,70.630,598700.000,0.001986,70.630,70.640,62265.000,2.000,2.000,70.700,,0.001986,0.000,0.000,0.003,0.003,-0.001
79915,2005/03/28,,11,1,1311,65129010,NFX,NEWFIELD EXPLORATION CO,,NFX,211111,N,A,R,30044,0,1,1382,65129010,,,,,,,,,13.000,138.000,,,,,,,,,,,,,,,70.080,71.430,71.030,591100.000,0.005663,71.100,71.120,62265.000,2.000,2.000,70.540,,0.005663,0.001,0.001,-0.002,-0.002,0.002
79915,2005/03/29,,11,1,1311,65129010,NFX,NEWFIELD EXPLORATION CO,,NFX,211111,N,A,R,30044,0,1,1382,65129010,,,,,,,,,13.000,138.000,,,,,,,,,,,,,,,69.810,72.050,69.810,442000.000,-0.017176,69.650,70.140,62265.000,2.000,2.000,71.040,,-0.017176,-0.008,-0.008,-0.012,-0.012,-0.008
79915,2005/03/30,,11,1,1311,65129010,NFX,NEWFIELD EXPLORATION CO,,NFX,211111,N,A,R,30044,0,1,1382,65129010,,,,,,,,,13.000,138.000,,,,,,,,,,,,,,,68.430,70.840,70.770,601000.000,0.013752,70.750,70.800,62265.000,2.000,2.000,69.900,,0.013752,0.013,0.013,0.010,0.010,0.014
79915,2005/03/31,,11,1,1311,65129010,NFX,NEWFIELD EXPLORATION CO,,NFX,211111,N,A,R,30044,0,1,1382,65129010,,,,,,,,0.000,13.000,138.000,,,,,,,,,,,,,,,72.600,75.000,74.260,982600.000,0.049315,74.180,74.200,63108.000,2.000,2.000,72.600,,0.049315,0.001,0.001,0.004,0.004,-0.001
79915,2005/04/01,,11,1,1311,65129010,NFX,NEWFIELD EXPLORATION CO,,NFX,211111,N,A,R,30044,0,1,1382,65129010,,,,,,,,,13.000,138.000,,,,,,,,,,,,,,,74.450,75.990,75.820,716900.000,0.021007,75.870,75.950,63108.000,2.000,2.000,74.750,,0.021007,-0.005,-0.006,-0.004,-0.004,-0.006
79915,2005/04/04,,11,1,1311,65129010,NFX,NEWFIELD EXPLORATION CO,,NFX,211111,N,A,R,30044,0,1,1382,65129010,,,,,,,,,13.000,138.000,,,,,,,,,,,,,,,75.510,77.590,76.980,939300.000,0.015299,76.960,76.970,63108.000,2.000,2.000,77.000,,0.015299,0.002,0.002,-0.001,-0.001,0.003
79915,2005/04/05,,11,1,1311,65129010,NFX,NEWFIELD EXPLORATION CO,,NFX,211111,N,A,R,30044,0,1,1382,65129010,,,,,,,,,13.000,138.000,,,,,,,,,,,,,,,76.000,77.470,76.400,886500.000,-0.007534,76.430,76.440,63108.000,2.000,2.000,76.650,,-0.007534,0.004,0.004,0.002,0.002,0.004
79915,2005/04/06,,11,1,1311,65129010,NFX,NEWFIELD EXPLORATION CO,,NFX,211111,N,A,R,30044,0,1,1382,65129010,,,,,,,,,13.000,138.000,,,,,,,,,,,,,,,75.770,77.410,77.020,1028700.000,0.008115,77.060,77.070,63108.000,2.000,2.000,76.410,,0.008115,0.003,0.002,0.002,0.002,0.002
79915,2005/04/07,,11,1,1311,65129010,NFX,NEWFIELD EXPLORATION CO,,NFX,211111,N,A,R,30044,0,1,1382,65129010,,,,,,,,,13.000,138.000,,,,,,,,,,,,,,,75.390,77.950,76.670,885200.000,-0.004544,76.650,76.680,63108.000,2.000,2.000,77.500,,-0.004544,0.005,0.005,0.005,0.005,0.006
79915,2005/04/08,,11,1,1311,65129010,NFX,NEWFIELD EXPLORATION CO,,NFX,211111,N,A,R,30044,0,1,1382,65129010,,,,,,,,,13.000,138.000,,,,,,,,,,,,,,,75.190,76.830,75.290,881700.000,-0.017999,75.290,75.300,63108.000,2.000,2.000,76.670,,-0.017999,-0.008,-0.008,-0.006,-0.006,-0.008
79915,2005/04/11,,11,1,1311,65129010,NFX,NEWFIELD EXPLORATION CO,,NFX,211111,N,A,R,30044,0,1,1382,65129010,,,,,,,,,13.000,138.000,,,,,,,,,,,,,,,74.360,76.070,76.010,635100.000,0.009563,76.000,76.020,63108.000,2.000,2.000,75.300,,0.009563,-0.001,-0.001,-0.004,-0.005,0.000
79915,2005/04/12,,11,1,1311,65129010,NFX,NEWFIELD EXPLORATION CO,,NFX,211111,N,A,R,30044,0,1,1382,65129010,,,,,,,,,13.000,138.000,,,,,,,,,,,,,,,74.150,76.540,74.600,715300.000,-0.018550,74.570,74.620,63108.000,2.000,2.000,76.020,,-0.018550,0.005,0.005,0.003,0.003,0.006
79915,2005/04/13,,11,1,1311,65129010,NFX,NEWFIELD EXPLORATION CO,,NFX,211111,N,A,R,30044,0,1,1382,65129010,,,,,,,,,13.000,138.000,,,,,,,,,,,,,,,72.610,74.670,72.900,931100.000,-0.022788,72.900,72.910,63108.000,2.000,2.000,74.600,,-0.022788,-0.012,-0.012,-0.010,-0.010,-0.012
79915,2005/04/14,,11,1,1311,65129010,NFX,NEWFIELD EXPLORATION CO,,NFX,211111,N,A,R,30044,0,1,1382,65129010,,,,,,,,,13.000,138.000,,,,,,,,,,,,,,,72.010,73.950,72.210,739800.000,-0.009465,72.170,72.220,63108.000,2.000,2.000,73.150,,-0.009465,-0.011,-0.011,-0.012,-0.012,-0.010
79915,2005/04/15,,11,1,1311,65129010,NFX,NEWFIELD EXPLORATION CO,,NFX,211111,N,A,R,30044,0,1,1382,65129010,,,,,,,,,13.000,138.000,,,,,,,,,,,,,,,68.600,72.400,69.070,870700.000,-0.043484,69.150,69.160,63108.000,2.000,2.000,72.210,,-0.043484,-0.016,-0.016,-0.015,-0.015,-0.017
79915,2005/04/18,,11,1,1311,65129010,NFX,NEWFIELD EXPLORATION CO,,NFX,211111,N,A,R,30044,0,1,1382,65129010,,,,,,,,,13.000,138.000,,,,,,,,,,,,,,,68.520,70.810,70.630,571900.000,0.022586,70.600,70.610,63108.000,2.000,2.000,69.240,,0.022586,0.003,0.003,-0.000,-0.000,0.003
79915,2005/04/19,,11,1,1311,65129010,NFX,NEWFIELD EXPLORATION CO,,NFX,211111,N,A,R,30044,0,1,1382,65129010,,,,,,,,,13.000,138.000,,,,,,,,,,,,,,,71.000,72.800,72.280,683500.000,0.023361,72.390,72.420,63108.000,2.000,2.000,71.200,,0.023361,0.008,0.008,0.012,0.012,0.006
79915,2005/04/20,,11,1,1311,65129010,NFX,NEWFIELD EXPLORATION CO,,NFX,211111,N,A,R,30044,0,1,1382,65129010,,,,,,,,,13.000,138.000,,,,,,,,,,,,,,,70.790,73.500,70.900,563300.000,-0.019092,70.840,70.910,63108.000,2.000,2.000,72.480,,-0.019092,-0.013,-0.013,-0.009,-0.009,-0.013
79915,2005/04/21,,11,1,1311,65129010,NFX,NEWFIELD EXPLORATION CO,,NFX,211111,N,A,R,30044,0,1,1382,65129010,,,,,,,,,13.000,138.000,,,,,,,,,,,,,,,70.100,72.410,72.400,562100.000,0.021157,72.400,72.410,63108.000,2.000,2.000,71.500,,0.021157,0.018,0.018,0.013,0.013,0.020
79915,2005/04/22,,11,1,1311,65129010,NFX,NEWFIELD EXPLORATION CO,,NFX,211111,N,A,R,30044,0,1,1382,65129010,,,,,,,,,13.000,138.000,,,,,,,,,,,,,,,71.960,74.130,72.960,527700.000,0.007735,72.870,72.940,63108.000,2.000,2.000,72.400,,0.007735,-0.007,-0.007,-0.008,-0.008,-0.007
79915,2005/04/25,,11,1,1311,65129010,NFX,NEWFIELD EXPLORATION CO,,NFX,211111,N,A,R,30044,0,1,1382,65129010,,,,,,,,,13.000,138.000,,,,,,,,,,,,,,,72.660,74.380,73.160,604700.000,0.002741,73.060,73.160,63108.000,2.000,2.000,73.600,,0.002741,0.009,0.009,0.007,0.007,0.009
79915,2005/04/26,,11,1,1311,65129010,NFX,NEWFIELD EXPLORATION CO,,NFX,211111,N,A,R,30044,0,1,1382,65129010,,,,,,,,,13.000,138.000,,,,,,,,,,,,,,,72.570,74.190,72.900,606200.000,-0.003554,72.840,72.930,63108.000,2.000,2.000,73.160,,-0.003554,-0.009,-0.009,-0.008,-0.008,-0.009
79915,2005/04/27,,11,1,1311,65129010,NFX,NEWFIELD EXPLORATION CO,,NFX,211111,N,A,R,30044,0,1,1382,65129010,,,,,,,,,13.000,138.000,,,,,,,,,,,,,,,70.620,72.820,71.370,774900.000,-0.020988,71.110,71.620,63108.000,2.000,2.000,72.790,,-0.020988,0.002,0.002,-0.003,-0.003,0.004
79915,2005/04/28,,11,1,1311,65129010,NFX,NEWFIELD EXPLORATION CO,,NFX,211111,N,A,R,30044,0,1,1382,65129010,,,,,,,,,13.000,138.000,,,,,,,,,,,,,,,69.600,72.130,70.450,698900.000,-0.012891,70.380,70.400,63108.000,2.000,2.000,71.360,,-0.012891,-0.012,-0.012,-0.013,-0.013,-0.011
79915,2005/04/29,,11,1,1311,65129010,NFX,NEWFIELD EXPLORATION CO,,NFX,211111,N,A,R,30044,0,1,1382,65129010,,,,,,,,0.000,13.000,138.000,,,,,,,,,,,,,,,70.300,71.720,71.030,586400.000,0.008233,70.980,71.030,63199.000,2.000,2.000,70.900,,0.008233,0.010,0.010,0.006,0.006,0.012
79915,2005/05/02,,11,1,1311,65129010,NFX,NEWFIELD EXPLORATION CO,,NFX,211111,N,A,R,30044,0,1,1382,65129010,,,,,,,,,13.000,138.000,,,,,,,,,,,,,,,69.640,72.470,72.400,690100.000,0.019288,72.100,72.400,63199.000,2.000,2.000,70.180,,0.019288,0.005,0.005,0.003,0.003,0.005
79915,2005/05/03,,11,1,1311,65129010,NFX,NEWFIELD EXPLORATION CO,,NFX,211111,N,A,R,30044,0,1,1382,65129010,,,,,,,,,13.000,138.000,,,,,,,,,,,,,,,69.310,71.990,69.660,487800.000,-0.037845,69.660,69.670,63199.000,2.000,2.000,71.700,,-0.037845,-0.001,-0.001,-0.000,-0.000,-0.001
79915,2005/05/04,,11,1,1311,65129010,NFX,NEWFIELD EXPLORATION CO,,NFX,211111,N,A,R,30044,0,1,1382,65129010,,,,,,,,,13.000,138.000,,,,,,,,,,,,,,,68.540,70.590,70.580,669900.000,0.013207,70.500,70.560,63199.000,2.000,2.000,69.670,,0.013207,0.013,0.013,0.012,0.012,0.012
79915,2005/05/05,,11,1,1311,65129010,NFX,NEWFIELD EXPLORATION CO,,NFX,211111,N,A,R,30044,0,1,1382,65129010,,,,,,,,,13.000,138.000,,,,,,,,,,,,,,,70.000,72.020,71.000,614600.000,0.005951,70.970,71.000,63199.000,2.000,2.000,70.580,,0.005951,-0.001,-0.001,0.001,0.001,-0.003
79915,2005/05/06,,11,1,1311,65129010,NFX,NEWFIELD EXPLORATION CO,,NFX,211111,N,A,R,30044,0,1,1382,65129010,,,,,,,,,13.000,138.000,,,,,,,,,,,,,,,71.420,72.550,71.700,523900.000,0.009859,71.670,71.680,63199.000,2.000,2.000,72.050,,0.009859,-0.000,-0.000,0.002,0.002,-0.001
79915,2005/05/09,,11,1,1311,65129010,NFX,NEWFIELD EXPLORATION CO,,NFX,211111,N,A,R,30044,0,1,1382,65129010,,,,,,,,,13.000,138.000,,,,,,,,,,,,,,,71.650,72.250,72.180,317900.000,0.006695,72.060,72.180,63199.000,2.000,2.000,72.200,,0.006695,0.006,0.006,0.006,0.006,0.006
79915,2005/05/10,,11,1,1311,65129010,NFX,NEWFIELD EXPLORATION CO,,NFX,211111,N,A,R,30044,0,1,1382,65129010,,,,,,,,,13.000,138.000,,,,,,,,,,,,,,,70.680,72.390,70.810,448500.000,-0.018980,70.780,70.810,63199.000,2.000,2.000,71.970,,-0.018980,-0.010,-0.010,-0.007,-0.007,-0.011
79915,2005/05/11,,11,1,1311,65129010,NFX,NEWFIELD EXPLORATION CO,,NFX,211111,N,A,R,30044,0,1,1382,65129010,,,,,,,,,13.000,138.000,,,,,,,,,,,,,,,69.900,71.170,71.170,423700.000,0.005084,71.110,71.170,63199.000,2.000,2.000,70.800,,0.005084,0.003,0.003,-0.000,-0.001,0.004
79915,2005/05/12,,11,1,1311,65129010,NFX,NEWFIELD EXPLORATION CO,,NFX,211111,N,A,R,30044,0,1,1382,65129010,,,,,,,,,13.000,138.000,,,,,,,,,,,,,,,67.140,71.100,67.500,841400.000,-0.051567,67.390,67.410,63199.000,2.000,2.000,70.970,,-0.051567,-0.011,-0.011,-0.008,-0.009,-0.010
79915,2005/05/13,,11,1,1311,65129010,NFX,NEWFIELD EXPLORATION CO,,NFX,211111,N,A,R,30044,0,1,1382,65129010,,,,,,,,,13.000,138.000,,,,,,,,,,,,,,,65.990,68.110,66.180,1478100.000,-0.019556,66.090,66.180,63199.000,2.000,2.000,67.750,,-0.019556,-0.005,-0.005,-0.003,-0.003,-0.005
79915,2005/05/16,,11,1,1311,65129010,NFX,NEWFIELD EXPLORATION CO,,NFX,211111,N,A,R,30044,0,1,1382,65129010,,,,,,,,,13.000,138.000,,,,,,,,,,,,,,,64.070,66.110,65.330,1690800.000,-0.012844,65.290,65.340,63199.000,2.000,2.000,66.110,,-0.012844,0.010,0.010,0.005,0.005,0.010
79915,2005/05/17,,11,1,1311,65129010,NFX,NEWFIELD EXPLORATION CO,,NFX,211111,N,A,R,30044,0,1,1382,65129010,,,,,,,,,13.000,138.000,,,,,,,,,,,,,,,65.680,68.830,68.820,1229900.000,0.053421,68.780,68.820,63199.000,2.000,2.000,65.970,,0.053421,0.007,0.007,0.003,0.003,0.007
79915,2005/05/18,,11,1,1311,65129010,NFX,NEWFIELD EXPLORATION CO,,NFX,211111,N,A,R,30044,0,1,1382,65129010,,,,,,,,,13.000,138.000,,,,,,,,,,,,,,,68.080,70.170,68.680,561800.000,-0.002034,68.510,68.940,63199.000,2.000,2.000,69.050,,-0.002034,0.011,0.011,0.012,0.012,0.010
79915,2005/05/19,,11,1,1311,65129010,NFX,NEWFIELD EXPLORATION CO,,NFX,211111,N,A,R,30044,0,1,1382,65129010,,,,,,,,,13.000,138.000,,,,,,,,,,,,,,,68.450,70.450,70.360,505100.000,0.024461,70.320,70.500,63199.000,2.000,2.000,68.670,,0.024461,0.005,0.005,0.004,0.004,0.005
79915,2005/05/20,,11,1,1311,65129010,NFX,NEWFIELD EXPLORATION CO,,NFX,211111,N,A,R,30044,0,1,1382,65129010,,,,,,,,,13.000,138.000,,,,,,,,,,,,,,,70.150,70.640,70.350,659400.000,-0.000142,70.340,70.350,63199.000,2.000,2.000,70.400,,-0.000142,-0.001,-0.001,0.001,0.001,-0.002
79915,2005/05/23,,11,1,1311,65129010,NFX,NEWFIELD EXPLORATION CO,,NFX,211111,N,A,R,30044,0,1,1382,65129010,,,,,,,,,13.000,138.000,,,,,,,,,,,,,,,70.230,71.450,71.210,507600.000,0.012225,71.190,71.200,63199.000,2.000,2.000,70.340,,0.012225,0.005,0.005,0.004,0.004,0.004
79915,2005/05/24,,11,1,1311,65129010,NFX,NEWFIELD EXPLORATION CO,,NFX,211111,N,A,R,30044,0,1,1382,65129010,,,,,,,,,13.000,138.000,,,,,,,,,,,,,,,71.000,72.170,72.170,413800.000,0.013481,72.030,72.130,63199.000,2.000,2.000,71.200,,0.013481,0.000,0.000,0.000,0.000,0.000
79915,2005/05/25,,11,1,1311,65129010,NFX,NEWFIELD EXPLORATION CO,,NFX,211111,N,A,R,30044,0,1,1382,65129010,,,,,,,,,13.000,138.000,,,,,,,,,,,,,,,71.210,72.870,72.440,442600.000,0.003741,72.380,72.430,63199.000,2.000,2.000,72.170,,0.003741,-0.004,-0.004,-0.005,-0.005,-0.003
79915,2005/05/26,,11,1,1311,65129010,NFX,NEWFIELD EXPLORATION CO,,NFX,211111,N,A,R,30044,0,1,1382,65129010,2005/05/05,,,,,2005/05/25,2005/05/16,1.000,13.000,138.000,5523.000,0.000,1.000,1.000,,,,,,,,,,,36.000,36.620,36.580,956100.000,0.009939,36.520,36.590,126398.000,1.000,1.000,36.270,,0.009939,0.007,0.007,0.009,0.009,0.006
79915,2005/05/27,,11,1,1311,65129010,NFX,NEWFIELD EXPLORATION CO,,NFX,211111,N,A,R,30044,0,1,1382,65129010,,,,,,,,,13.000,138.000,,,,,,,,,,,,,,,36.580,37.040,37.000,775700.000,0.011482,36.960,37.000,126398.000,1.000,1.000,36.810,,0.011482,0.003,0.003,0.005,0.005,0.001
79915,2005/05/31,,11,1,1311,65129010,NFX,NEWFIELD EXPLORATION CO,,NFX,211111,N,A,R,30044,0,1,1382,65129010,,,,,,,,0.000,13.000,138.000,,,,,,,,,,,,,,,36.580,38.620,38.450,3941900.000,0.039189,38.450,38.460,126398.000,1.000,1.000,37.000,,0.039189,-0.004,-0.004,0.001,0.001,-0.006
79915,2005/06/01,,11,1,1311,65129010,NFX,NEWFIELD EXPLORATION CO,,NFX,211111,N,A,R,30044,0,1,1382,65129010,,,,,,,,,13.000,138.000,,,,,,,,,,,,,,,37.800,39.300,39.280,2263800.000,0.021586,39.270,39.280,126398.000,1.000,1.000,38.510,,0.021586,0.009,0.009,0.008,0.007,0.009
79915,2005/06/02,,11,1,1311,65129010,NFX,NEWFIELD EXPLORATION CO,,NFX,211111,N,A,R,30044,0,1,1382,65129010,,,,,,,,,13.000,138.000,,,,,,,,,,,,,,,38.820,39.440,38.900,1079900.000,-0.009674,38.890,38.900,126398.000,1.000,1.000,39.280,,-0.009674,0.002,0.002,0.004,0.004,0.002
79915,2005/06/03,,11,1,1311,65129010,NFX,NEWFIELD EXPLORATION CO,,NFX,211111,N,A,R,30044,0,1,1382,65129010,,,,,,,,,13.000,138.000,,,,,,,,,,,,,,,38.680,39.570,39.140,931400.000,0.006170,39.080,39.090,126398.000,1.000,1.000,39.050,,0.006170,-0.006,-0.006,-0.003,-0.003,-0.007
79915,2005/06/06,,11,1,1311,65129010,NFX,NEWFIELD EXPLORATION CO,,NFX,211111,N,A,R,30044,0,1,1382,65129010,,,,,,,,,13.000,138.000,,,,,,,,,,,,,,,38.570,39.480,38.930,870000.000,-0.005365,38.950,38.970,126398.000,1.000,1.000,39.290,,-0.005365,0.002,0.002,0.003,0.003,0.001
79915,2005/06/07,,11,1,1311,65129010,NFX,NEWFIELD EXPLORATION CO,,NFX,211111,N,A,R,30044,0,1,1382,65129010,,,,,,,,,13.000,138.000,,,,,,,,,,,,,,,38.520,39.510,38.600,779900.000,-0.008477,38.550,38.570,126398.000,1.000,1.000,39.020,,-0.008477,0.000,-0.000,0.000,0.000,-0.000
79915,2005/06/08,,11,1,1311,65129010,NFX,NEWFIELD EXPLORATION CO,,NFX,211111,N,A,R,30044,0,1,1382,65129010,,,,,,,,,13.000,138.000,,,,,,,,,,,,,,,37.960,39.300,38.720,1867900.000,0.003109,38.650,38.670,126398.000,1.000,1.000,38.600,,0.003109,-0.002,-0.002,-0.003,-0.003,-0.002
79915,2005/06/09,,11,1,1311,65129010,NFX,NEWFIELD EXPLORATION CO,,NFX,211111,N,A,R,30044,0,1,1382,65129010,,,,,,,,,13.000,138.000,,,,,,,,,,,,,,,38.510,39.450,39.450,1531500.000,0.018853,39.440,39.450,126398.000,1.000,1.000,38.810,,0.018853,0.006,0.006,0.005,0.005,0.005
79915,2005/06/10,,11,1,1311,65129010,NFX,NEWFIELD EXPLORATION CO,,NFX,211111,N,A,R,30044,0,1,1382,65129010,,,,,,,,,13.000,138.000,,,,,,,,,,,,,,,38.800,39.640,39.120,780900.000,-0.008365,39.110,39.120,126398.000,1.000,1.000,39.640,,-0.008365,-0.001,-0.001,0.001,0.001,-0.002
79915,2005/06/13,,11,1,1311,65129010,NFX,NEWFIELD EXPLORATION CO,,NFX,211111,N,A,R,30044,0,1,1382,65129010,,,,,,,,,13.000,138.000,,,,,,,,,,,,,,,38.630,39.560,39.470,1195500.000,0.008947,39.440,39.450,126398.000,1.000,1.000,39.000,,0.008947,0.003,0.002,0.003,0.002,0.002
79915,2005/06/14,,11,1,1311,65129010,NFX,NEWFIELD EXPLORATION CO,,NFX,211111,N,A,R,30044,0,1,1382,65129010,,,,,,,,,13.000,138.000,,,,,,,,,,,,,,,39.090,39.990,39.850,1055100.000,0.009627,39.800,39.850,126398.000,1.000,1.000,39.470,,0.009627,0.003,0.003,0.004,0.004,0.003
79915,2005/06/15,,11,1,1311,65129010,NFX,NEWFIELD EXPLORATION CO,,NFX,211111,N,A,R,30044,0,1,1382,65129010,,,,,,,,,13.000,138.000,,,,,,,,,,,,,,,39.820,40.330,39.970,871300.000,0.003011,39.940,39.950,126398.000,1.000,1.000,40.020,,0.003011,0.003,0.003,0.004,0.004,0.002
79915,2005/06/16,,11,1,1311,65129010,NFX,NEWFIELD EXPLORATION CO,,NFX,211111,N,A,R,30044,0,1,1382,65129010,,,,,,,,,13.000,138.000,,,,,,,,,,,,,,,39.760,40.310,40.220,1326000.000,0.006255,40.180,40.220,126398.000,1.000,1.000,40.100,,0.006255,0.005,0.005,0.008,0.008,0.004
79915,2005/06/17,,11,1,1311,65129010,NFX,NEWFIELD EXPLORATION CO,,NFX,211111,N,A,R,30044,0,1,1382,65129010,,,,,,,,,13.000,138.000,,,,,,,,,,,,,,,40.140,40.890,40.600,1193600.000,0.009448,40.580,40.600,126398.000,1.000,1.000,40.470,,0.009448,0.004,0.004,0.003,0.003,0.005
79915,2005/06/20,,11,1,1311,65129010,NFX,NEWFIELD EXPLORATION CO,,NFX,211111,N,A,R,30044,0,1,1382,65129010,,,,,,,,,13.000,138.000,,,,,,,,,,,,,,,40.140,41.280,40.830,1332700.000,0.005665,40.820,40.830,126398.000,1.000,1.000,40.600,,0.005665,-0.001,-0.001,-0.002,-0.002,-0.001
79915,2005/06/21,,11,1,1311,65129010,NFX,NEWFIELD EXPLORATION CO,,NFX,211111,N,A,R,30044,0,1,1382,65129010,,,,,,,,,13.000,138.000,,,,,,,,,,,,,,,40.160,41.100,40.220,1781900.000,-0.014940,40.160,40.180,126398.000,1.000,1.000,40.760,,-0.014940,-0.002,-0.002,0.001,0.001,-0.002
79915,2005/06/22,,11,1,1311,65129010,NFX,NEWFIELD EXPLORATION CO,,NFX,211111,N,A,R,30044,0,1,1382,65129010,,,,,,,,,13.000,138.000,,,,,,,,,,,,,,,39.640,40.810,40.470,1070700.000,0.006216,40.450,40.460,126398.000,1.000,1.000,40.360,,0.006216,0.001,0.001,0.001,0.001,0.000
79915,2005/06/23,,11,1,1311,65129010,NFX,NEWFIELD EXPLORATION CO,,NFX,211111,N,A,R,30044,0,1,1382,65129010,,,,,,,,,13.000,138.000,,,,,,,,,,,,,,,40.030,41.090,40.220,887400.000,-0.006177,40.180,40.210,126398.000,1.000,1.000,40.470,,-0.006177,-0.010,-0.010,-0.008,-0.008,-0.011
79915,2005/06/24,,11,1,1311,65129010,NFX,NEWFIELD EXPLORATION CO,,NFX,211111,N,A,R,30044,0,1,1382,65129010,,,,,,,,,13.000,138.000,,,,,,,,,,,,,,,39.820,40.600,39.880,715800.000,-0.008454,39.880,39.900,126398.000,1.000,1.000,40.300,,-0.008454,-0.007,-0.007,-0.004,-0.004,-0.008
79915,2005/06/27,,11,1,1311,65129010,NFX,NEWFIELD EXPLORATION CO,,NFX,211111,N,A,R,30044,0,1,1382,65129010,,,,,,,,,13.000,138.000,,,,,,,,,,,,,,,39.940,40.550,40.520,1567600.000,0.016048,40.500,40.510,126398.000,1.000,1.000,39.940,,0.016048,-0.000,-0.000,-0.002,-0.002,-0.001
79915,2005/06/28,,11,1,1311,65129010,NFX,NEWFIELD EXPLORATION CO,,NFX,211111,N,A,R,30044,0,1,1382,65129010,,,,,,,,,13.000,138.000,,,,,,,,,,,,,,,39.530,40.520,39.640,825300.000,-0.021718,39.700,39.710,126398.000,1.000,1.000,40.520,,-0.021718,0.010,0.009,0.010,0.010,0.009
79915,2005/06/29,,11,1,1311,65129010,NFX,NEWFIELD EXPLORATION CO,,NFX,211111,N,A,R,30044,0,1,1382,65129010,,,,,,,,,13.000,138.000,,,,,,,,,,,,,,,39.140,39.860,39.790,755500.000,0.003784,39.760,39.790,126398.000,1.000,1.000,39.440,,0.003784,-0.000,-0.000,0.001,0.001,-0.001
79915,2005/06/30,,11,1,1311,65129010,NFX,NEWFIELD EXPLORATION CO,,NFX,211111,N,A,R,30044,0,1,1382,65129010,,,,,,,,0.000,13.000,138.000,,,,,,,,,,,,,,,39.870,40.560,39.890,907600.000,0.002513,39.910,39.920,126398.000,1.000,1.000,40.000,,0.002513,-0.006,-0.006,-0.001,-0.001,-0.007
79915,2005/07/01,,11,1,1311,65129010,NFX,NEWFIELD EXPLORATION CO,,NFX,211111,N,A,R,30044,0,1,1382,65129010,,,,,,,,,13.000,138.000,,,,,,,,,,,,,,,40.060,41.150,41.140,1262700.000,0.031336,41.130,41.150,126398.000,1.000,1.000,40.140,,0.031336,0.004,0.004,0.003,0.003,0.003
79915,2005/07/05,,11,1,1311,65129010,NFX,NEWFIELD EXPLORATION CO,,NFX,211111,N,A,R,30044,0,1,1382,65129010,,,,,,,,,13.000,138.000,,,,,,,,,,,,,,,41.440,42.470,42.430,1193900.000,0.031356,42.370,42.440,126398.000,1.000,1.000,41.500,,0.031356,0.008,0.008,0.008,0.008,0.009
79915,2005/07/06,,11,1,1311,65129010,NFX,NEWFIELD EXPLORATION CO,,NFX,211111,N,A,R,30044,0,1,1382,65129010,,,,,,,,,13.000,138.000,,,,,,,,,,,,,,,41.140,43.220,41.480,1190500.000,-0.022390,41.460,41.470,126398.000,1.000,1.000,42.900,,-0.022390,-0.006,-0.006,-0.002,-0.002,-0.008
79915,2005/07/07,,11,1,1311,65129010,NFX,NEWFIELD EXPLORATION CO,,NFX,211111,N,A,R,30044,0,1,1382,65129010,,,,,,,,,13.000,138.000,,,,,,,,,,,,,,,40.870,42.150,42.120,825000.000,0.015429,42.100,42.120,126398.000,1.000,1.000,41.110,,0.015429,0.003,0.003,0.001,0.001,0.002
79915,2005/07/08,,11,1,1311,65129010,NFX,NEWFIELD EXPLORATION CO,,NFX,211111,N,A,R,30044,0,1,1382,65129010,,,,,,,,,13.000,138.000,,,,,,,,,,,,,,,41.300,42.500,41.780,697300.000,-0.008072,41.760,41.770,126398.000,1.000,1.000,42.370,,-0.008072,0.012,0.012,0.011,0.011,0.012
79915,2005/07/11,,11,1,1311,65129010,NFX,NEWFIELD EXPLORATION CO,,NFX,211111,N,A,R,30044,0,1,1382,65129010,,,,,,,,,13.000,138.000,,,,,,,,,,,,,,,41.300,41.910,41.900,841700.000,0.002872,41.830,41.860,126398.000,1.000,1.000,41.780,,0.002872,0.007,0.007,0.009,0.009,0.006
79915,2005/07/12,,11,1,1311,65129010,NFX,NEWFIELD EXPLORATION CO,,NFX,211111,N,A,R,30044,0,1,1382,65129010,,,,,,,,,13.000,138.000,,,,,,,,,,,,,,,41.730,42.530,42.530,1053800.000,0.015036,42.480,42.530,126398.000,1.000,1.000,42.000,,0.015036,0.003,0.003,0.003,0.003,0.002
79915,2005/07/13,,11,1,1311,65129010,NFX,NEWFIELD EXPLORATION CO,,NFX,211111,N,A,R,30044,0,1,1382,65129010,,,,,,,,,13.000,138.000,,,,,,,,,,,,,,,41.540,42.530,41.830,753900.000,-0.016459,41.850,41.870,126398.000,1.000,1.000,42.450,,-0.016459,-0.000,-0.000,-0.001,-0.001,0.001
79915,2005/07/14,,11,1,1311,65129010,NFX,NEWFIELD EXPLORATION CO,,NFX,211111,N,A,R,30044,0,1,1382,65129010,,,,,,,,,13.000,138.000,,,,,,,,,,,,,,,39.900,41.910,39.990,1553500.000,-0.043988,39.980,40.000,126398.000,1.000,1.000,41.600,,-0.043988,0.000,0.000,-0.002,-0.002,0.003
79915,2005/07/15,,11,1,1311,65129010,NFX,NEWFIELD EXPLORATION CO,,NFX,211111,N,A,R,30044,0,1,1382,65129010,,,,,,,,,13.000,138.000,,,,,,,,,,,,,,,39.840,40.750,40.030,1072700.000,0.001000,39.980,40.020,126398.000,1.000,1.000,40.120,,0.001000,0.001,0.001,0.002,0.002,0.001
79915,2005/07/18,,11,1,1311,65129010,NFX,NEWFIELD EXPLORATION CO,,NFX,211111,N,A,R,30044,0,1,1382,65129010,,,,,,,,,13.000,138.000,,,,,,,,,,,,,,,39.000,40.030,39.840,924300.000,-0.004746,39.770,39.840,126398.000,1.000,1.000,39.650,,-0.004746,-0.005,-0.005,-0.002,-0.002,-0.006
79915,2005/07/19,,11,1,1311,65129010,NFX,NEWFIELD EXPLORATION CO,,NFX,211111,N,A,R,30044,0,1,1382,65129010,,,,,,,,,13.000,138.000,,,,,,,,,,,,,,,39.800,41.210,41.100,833600.000,0.031626,41.080,41.150,126398.000,1.000,1.000,39.910,,0.031626,0.008,0.008,0.009,0.009,0.007
79915,2005/07/20,,11,1,1311,65129010,NFX,NEWFIELD EXPLORATION CO,,NFX,211111,N,A,R,30044,0,1,1382,65129010,,,,,,,,,13.000,138.000,,,,,,,,,,,,,,,40.300,41.300,41.220,803800.000,0.002920,41.200,41.210,126398.000,1.000,1.000,41.100,,0.002920,0.006,0.006,0.008,0.008,0.005
79915,2005/07/21,,11,1,1311,65129010,NFX,NEWFIELD EXPLORATION CO,,NFX,211111,N,A,R,30044,0,1,1382,65129010,,,,,,,,,13.000,138.000,,,,,,,,,,,,,,,40.010,41.300,40.700,543400.000,-0.012615,40.610,40.670,126398.000,1.000,1.000,41.010,,-0.012615,-0.007,-0.007,-0.004,-0.004,-0.007
79915,2005/07/22,,11,1,1311,65129010,NFX,NEWFIELD EXPLORATION CO,,NFX,211111,N,A,R,30044,0,1,1382,65129010,,,,,,,,,13.000,138.000,,,,,,,,,,,,,,,41.140,41.910,41.810,845500.000,0.027273,41.780,41.820,126398.000,1.000,1.000,41.150,,0.027273,0.006,0.006,0.008,0.008,0.005
79915,2005/07/25,,11,1,1311,65129010,NFX,NEWFIELD EXPLORATION CO,,NFX,211111,N,A,R,30044,0,1,1382,65129010,,,,,,,,,13.000,138.000,,,,,,,,,,,,,,,41.230,42.210,41.890,804600.000,0.001913,41.810,41.870,126398.000,1.000,1.000,41.670,,0.001913,-0.004,-0.004,-0.003,-0.003,-0.004
79915,2005/07/26,,11,1,1311,65129010,NFX,NEWFIELD EXPLORATION CO,,NFX,211111,N,A,R,30044,0,1,1382,65129010,,,,,,,,,13.000,138.000,,,,,,,,,,,,,,,41.260,41.950,41.820,696200.000,-0.001671,41.700,41.770,126398.000,1.000,1.000,41.630,,-0.001671,0.002,0.002,0.003,0.003,0.002
79915,2005/07/27,,11,1,1311,65129010,NFX,NEWFIELD EXPLORATION CO,,NFX,211111,N,A,R,30044,0,1,1382,65129010,,,,,,,,,13.000,138.000,,,,,,,,,,,,,,,41.560,42.540,42.540,873600.000,0.017217,42.510,42.530,126398.000,1.000,1.000,41.800,,0.017217,0.004,0.004,0.002,0.002,0.005
79915,2005/07/28,,11,1,1311,65129010,NFX,NEWFIELD EXPLORATION CO,,NFX,211111,N,A,R,30044,0,1,1382,65129010,,,,,,,,,13.000,138.000,,,,,,,,,,,,,,,41.910,43.510,42.570,974700.000,0.000705,42.490,42.540,126398.000,1.000,1.000,43.150,,0.000705,0.007,0.007,0.007,0.007,0.006
79915,2005/07/29,,11,1,1311,65129010,NFX,NEWFIELD EXPLORATION CO,,NFX,211111,N,A,R,30044,0,1,1382,65129010,,,,,,,,0.000,13.000,138.000,,,,,,,,,,,,,,,42.290,43.000,42.490,766900.000,-0.001879,42.500,42.530,126398.000,1.000,1.000,42.790,,-0.001879,-0.006,-0.006,-0.000,-0.000,-0.008
79915,2005/08/01,,11,1,1311,65129010,NFX,NEWFIELD EXPLORATION CO,,NFX,211111,N,A,R,30044,0,1,1382,65129010,,,,,,,,,13.000,138.000,,,,,,,,,,,,,,,41.540,43.220,42.870,633200.000,0.008943,42.820,42.850,126398.000,1.000,1.000,41.540,,0.008943,0.002,0.002,0.003,0.003,0.001
79915,2005/08/02,,11,1,1311,65129010,NFX,NEWFIELD EXPLORATION CO,,NFX,211111,N,A,R,30044,0,1,1382,65129010,,,,,,,,,13.000,138.000,,,,,,,,,,,,,,,42.830,43.870,43.820,1095800.000,0.022160,43.800,43.810,126398.000,1.000,1.000,43.070,,0.022160,0.007,0.007,0.005,0.005,0.007
79915,2005/08/03,,11,1,1311,65129010,NFX,NEWFIELD EXPLORATION CO,,NFX,211111,N,A,R,30044,0,1,1382,65129010,,,,,,,,,13.000,138.000,,,,,,,,,,,,,,,43.640,44.640,43.950,1734300.000,0.002967,43.950,43.980,126398.000,1.000,1.000,43.720,,0.002967,-0.000,-0.000,-0.001,-0.001,0.001
79915,2005/08/04,,11,1,1311,65129010,NFX,NEWFIELD EXPLORATION CO,,NFX,211111,N,A,R,30044,0,1,1382,65129010,,,,,,,,,13.000,138.000,,,,,,,,,,,,,,,43.750,44.880,44.460,955200.000,0.011604,44.420,44.440,126398.000,1.000,1.000,43.750,,0.011604,-0.007,-0.007,-0.007,-0.007,-0.007
79915,2005/08/05,,11,1,1311,65129010,NFX,NEWFIELD EXPLORATION CO,,NFX,211111,N,A,R,30044,0,1,1382,65129010,,,,,,,,,13.000,138.000,,,,,,,,,,,,,,,43.470,44.530,43.900,700200.000,-0.012596,43.840,43.850,126398.000,1.000,1.000,44.460,,-0.012596,-0.008,-0.009,-0.008,-0.008,-0.008
79915,2005/08/08,,11,1,1311,65129010,NFX,NEWFIELD EXPLORATION CO,,NFX,211111,N,A,R,30044,0,1,1382,65129010,,,,,,,,,13.000,138.000,,,,,,,,,,,,,,,44.380,45.330,44.600,849000.000,0.015945,44.590,44.610,126398.000,1.000,1.000,44.400,,0.015945,-0.003,-0.003,-0.004,-0.004,-0.003
79915,2005/08/09,,11,1,1311,65129010,NFX,NEWFIELD EXPLORATION CO,,NFX,211111,N,A,R,30044,0,1,1382,65129010,,,,,,,,,13.000,138.000,,,,,,,,,,,,,,,44.180,45.150,44.800,897400.000,0.004484,44.790,44.800,126398.000,1.000,1.000,44.850,,0.004484,0.005,0.005,0.001,0.001,0.007
79915,2005/08/10,,11,1,1311,65129010,NFX,NEWFIELD EXPLORATION CO,,NFX,211111,N,A,R,30044,0,1,1382,65129010,,,,,,,,,13.000,138.000,,,,,,,,,,,,,,,45.090,46.140,46.080,1078000.000,0.028571,45.990,46.040,126398.000,1.000,1.000,45.300,,0.028571,-0.000,-0.001,-0.001,-0.001,-0.002
79915,2005/08/11,,11,1,1311,65129010,NFX,NEWFIELD EXPLORATION CO,,NFX,211111,N,A,R,30044,0,1,1382,65129010,,,,,,,,,13.000,138.000,,,,,,,,,,,,,,,45.430,46.400,46.110,1205100.000,0.000651,46.100,46.120,126398.000,1.000,1.000,46.080,,0.000651,0.007,0.007,0.006,0.006,0.007
79915,2005/08/12,,11,1,1311,65129010,NFX,NEWFIELD EXPLORATION CO,,NFX,211111,N,A,R,30044,0,1,1382,65129010,,,,,,,,,13.000,138.000,,,,,,,,,,,,,,,45.810,46.720,46.490,769400.000,0.008241,46.480,46.490,126398.000,1.000,1.000,46.220,,0.008241,-0.005,-0.005,-0.004,-0.004,-0.006
79915,2005/08/15,,11,1,1311,65129010,NFX,NEWFIELD EXPLORATION CO,,NFX,211111,N,A,R,30044,0,1,1382,65129010,,,,,,,,,13.000,138.000,,,,,,,,,,,,,,,46.050,46.760,46.200,1211400.000,-0.006238,46.160,46.210,126398.000,1.000,1.000,46.490,,-0.006238,0.003,0.002,0.002,0.002,0.003
79915,2005/08/16,,11,1,1311,65129010,NFX,NEWFIELD EXPLORATION CO,,NFX,211111,N,A,R,30044,0,1,1382,65129010,,,,,,,,,13.000,138.000,,,,,,,,,,,,,,,45.410,46.450,45.470,933000.000,-0.015801,45.450,45.460,126398.000,1.000,1.000,46.050,,-0.015801,-0.011,-0.011,-0.009,-0.009,-0.012
79915,2005/08/17,,11,1,1311,65129010,NFX,NEWFIELD EXPLORATION CO,,NFX,211111,N,A,R,30044,0,1,1382,65129010,,,,,,,,,13.000,138.000,,,,,,,,,,,,,,,43.930,46.070,44.500,1340300.000,-0.021333,44.500,44.510,126398.000,1.000,1.000,45.170,,-0.021333,-0.001,-0.001,-0.000,-0.001,0.001
79915,2005/08/18,,11,1,1311,65129010,NFX,NEWFIELD EXPLORATION CO,,NFX,211111,N,A,R,30044,0,1,1382,65129010,,,,,,,,,13.000,138.000,,,,,,,,,,,,,,,43.510,44.700,44.330,1330500.000,-0.003820,44.320,44.330,126398.000,1.000,1.000,43.600,,-0.003820,-0.002,-0.002,-0.003,-0.003,-0.001
79915,2005/08/19,,11,1,1311,65129010,NFX,NEWFIELD EXPLORATION CO,,NFX,211111,N,A,R,30044,0,1,1382,65129010,,,,,,,,,13.000,138.000,,,,,,,,,,,,,,,44.500,44.850,44.610,973200.000,0.006316,44.600,44.610,126398.000,1.000,1.000,44.680,,0.006316,0.002,0.002,0.002,0.002,0.001
79915,2005/08/22,,11,1,1311,65129010,NFX,NEWFIELD EXPLORATION CO,,NFX,211111,N,A,R,30044,0,1,1382,65129010,,,,,,,,,13.000,138.000,,,,,,,,,,,,,,,44.750,45.400,45.080,838400.000,0.010536,45.040,45.080,126398.000,1.000,1.000,45.250,,0.010536,0.003,0.003,0.003,0.003,0.002
79915,2005/08/23,,11,1,1311,65129010,NFX,NEWFIELD EXPLORATION CO,,NFX,211111,N,A,R,30044,0,1,1382,65129010,,,,,,,,,13.000,138.000,,,,,,,,,,,,,,,44.560,45.750,44.940,915300.000,-0.003106,44.930,44.950,126398.000,1.000,1.000,45.300,,-0.003106,-0.003,-0.003,-0.001,-0.001,-0.003
79915,2005/08/24,,11,1,1311,65129010,NFX,NEWFIELD EXPLORATION CO,,NFX,211111,N,A,R,30044,0,1,1382,65129010,,,,,,,,,13.000,138.000,,,,,,,,,,,,,,,45.100,46.740,46.010,1221900.000,0.023810,45.760,46.300,126398.000,1.000,1.000,45.120,,0.023810,-0.004,-0.004,-0.001,-0.001,-0.007
79915,2005/08/25,,11,1,1311,65129010,NFX,NEWFIELD EXPLORATION CO,,NFX,211111,N,A,R,30044,0,1,1382,65129010,,,,,,,,,13.000,138.000,,,,,,,,,,,,,,,45.600,46.260,45.930,514200.000,-0.001739,45.920,45.960,126398.000,1.000,1.000,46.020,,-0.001739,0.002,0.002,0.003,0.002,0.002
79915,2005/08/26,,11,1,1311,65129010,NFX,NEWFIELD EXPLORATION CO,,NFX,211111,N,A,R,30044,0,1,1382,65129010,,,,,,,,,13.000,138.000,,,,,,,,,,,,,,,45.000,46.150,45.530,677700.000,-0.008709,45.470,45.490,126398.000,1.000,1.000,46.150,,-0.008709,-0.007,-0.007,-0.006,-0.006,-0.006
79915,2005/08/29,,11,1,1311,65129010,NFX,NEWFIELD EXPLORATION CO,,NFX,211111,N,A,R,30044,0,1,1382,65129010,,,,,,,,,13.000,138.000,,,,,,,,,,,,,,,44.750,47.750,45.560,1323800.000,0.000659,45.510,45.560,126398.000,1.000,1.000,47.750,,0.000659,0.006,0.006,0.004,0.004,0.006
79915,2005/08/30,,11,1,1311,65129010,NFX,NEWFIELD EXPLORATION CO,,NFX,211111,N,A,R,30044,0,1,1382,65129010,,,,,,,,,13.000,138.000,,,,,,,,,,,,,,,45.710,46.510,46.170,1293800.000,0.013389,46.210,46.220,126398.000,1.000,1.000,45.720,,0.013389,-0.002,-0.002,-0.002,-0.002,-0.003
79915,2005/08/31,,11,1,1311,65129010,NFX,NEWFIELD EXPLORATION CO,,NFX,211111,N,A,R,30044,0,1,1382,65129010,,,,,,,,0.000,13.000,138.000,,,,,,,,,,,,,,,45.890,47.750,47.220,1474900.000,0.022742,47.200,47.220,126728.000,1.000,1.000,46.050,,0.022742,0.012,0.011,0.012,0.012,0.010
79915,2005/09/01,,11,1,1311,65129010,NFX,NEWFIELD EXPLORATION CO,,NFX,211111,N,A,R,30044,0,1,1382,65129010,,,,,,,,,13.000,138.000,,,,,,,,,,,,,,,46.800,48.250,47.170,1490500.000,-0.001059,47.150,47.170,126728.000,1.000,1.000,47.750,,-0.001059,0.002,0.002,0.003,0.003,0.001
79915,2005/09/02,,11,1,1311,65129010,NFX,NEWFIELD EXPLORATION CO,,NFX,211111,N,A,R,30044,0,1,1382,65129010,,,,,,,,,13.000,138.000,,,,,,,,,,,,,,,45.490,47.170,45.860,969200.000,-0.027772,45.840,45.870,126728.000,1.000,1.000,47.160,,-0.027772,-0.004,-0.004,-0.002,-0.002,-0.003
79915,2005/09/06,,11,1,1311,65129010,NFX,NEWFIELD EXPLORATION CO,,NFX,211111,N,A,R,30044,0,1,1382,65129010,,,,,,,,,13.000,138.000,,,,,,,,,,,,,,,45.490,46.560,46.320,676200.000,0.010031,46.320,46.330,126728.000,1.000,1.000,46.320,,0.010031,0.012,0.012,0.008,0.008,0.013
79915,2005/09/07,,11,1,1311,65129010,NFX,NEWFIELD EXPLORATION CO,,NFX,211111,N,A,R,30044,0,1,1382,65129010,,,,,,,,,13.000,138.000,,,,,,,,,,,,,,,46.040,47.450,46.400,814300.000,0.001727,46.450,46.460,126728.000,1.000,1.000,46.490,,0.001727,0.003,0.003,0.003,0.003,0.002
79915,2005/09/08,,11,1,1311,65129010,NFX,NEWFIELD EXPLORATION CO,,NFX,211111,N,A,R,30044,0,1,1382,65129010,,,,,,,,,13.000,138.000,,,,,,,,,,,,,,,46.090,46.870,46.190,747300.000,-0.004526,46.220,46.230,126728.000,1.000,1.000,46.500,,-0.004526,-0.003,-0.003,-0.002,-0.002,-0.004
79915,2005/09/09,,11,1,1311,65129010,NFX,NEWFIELD EXPLORATION CO,,NFX,211111,N,A,R,30044,0,1,1382,65129010,,,,,,,,,13.000,138.000,,,,,,,,,,,,,,,46.400,47.450,47.200,869300.000,0.021866,47.180,47.190,126728.000,1.000,1.000,46.400,,0.021866,0.008,0.008,0.006,0.006,0.008
79915,2005/09/12,,11,1,1311,65129010,NFX,NEWFIELD EXPLORATION CO,,NFX,211111,N,A,R,30044,0,1,1382,65129010,,,,,,,,,13.000,138.000,,,,,,,,,,,,,,,45.870,47.160,46.000,708600.000,-0.025424,45.990,46.000,126728.000,1.000,1.000,47.150,,-0.025424,-0.001,-0.001,0.002,0.002,-0.001
79915,2005/09/13,,11,1,1311,65129010,NFX,NEWFIELD EXPLORATION CO,,NFX,211111,N,A,R,30044,0,1,1382,65129010,,,,,,,,,13.000,138.000,,,,,,,,,,,,,,,45.740,46.450,45.850,976400.000,-0.003261,45.850,45.840,126728.000,1.000,1.000,46.100,,-0.003261,-0.007,-0.007,-0.005,-0.005,-0.008
79915,2005/09/14,,11,1,1311,65129010,NFX,NEWFIELD EXPLORATION CO,,NFX,211111,N,A,R,30044,0,1,1382,65129010,,,,,,,,,13.000,138.000,,,,,,,,,,,,,,,45.800,46.780,46.570,708800.000,0.015703,46.560,46.570,126728.000,1.000,1.000,46.190,,0.015703,-0.003,-0.003,-0.004,-0.004,-0.003
79915,2005/09/15,,11,1,1311,65129010,NFX,NEWFIELD EXPLORATION CO,,NFX,211111,N,A,R,30044,0,1,1382,65129010,,,,,,,,,13.000,138.000,,,,,,,,,,,,,,,46.520,47.450,46.980,1234400.000,0.008804,46.940,46.950,126728.000,1.000,1.000,46.650,,0.008804,-0.000,-0.000,-0.001,-0.001,0.000
79915,2005/09/16,,11,1,1311,65129010,NFX,NEWFIELD EXPLORATION CO,,NFX,211111,N,A,R,30044,0,1,1382,65129010,,,,,,,,,13.000,138.000,,,,,,,,,,,,,,,46.570,47.540,47.000,953200.000,0.000426,46.940,46.970,126728.000,1.000,1.000,47.110,,0.000426,0.007,0.007,0.006,0.005,0.008
79915,2005/09/19,,11,1,1311,65129010,NFX,NEWFIELD EXPLORATION CO,,NFX,211111,N,A,R,30044,0,1,1382,65129010,,,,,,,,,13.000,138.000,,,,,,,,,,,,,,,48.810,50.220,49.840,1682400.000,0.060426,49.830,49.870,126728.000,1.000,1.000,48.900,,0.060426,-0.004,-0.004,-0.004,-0.004,-0.006
79915,2005/09/20,,11,1,1311,65129010,NFX,NEWFIELD EXPLORATION CO,,NFX,211111,N,A,R,30044,0,1,1382,65129010,,,,,,,,,13.000,138.000,,,,,,,,,,,,,,,48.230,50.700,48.810,1449200.000,-0.020666,48.770,48.780,126728.000,1.000,1.000,50.700,,-0.020666,-0.007,-0.007,-0.005,-0.005,-0.008
79915,2005/09/21,,11,1,1311,65129010,NFX,NEWFIELD EXPLORATION CO,,NFX,211111,N,A,R,30044,0,1,1382,65129010,,,,,,,,,13.000,138.000,,,,,,,,,,,,,,,49.500,50.840,49.920,1645400.000,0.022741,49.920,49.950,126728.000,1.000,1.000,49.610,,0.022741,-0.009,-0.009,-0.009,-0.009,-0.009
79915,2005/09/22,,11,1,1311,65129010,NFX,NEWFIELD EXPLORATION CO,,NFX,211111,N,A,R,30044,0,1,1382,65129010,,,,,,,,,13.000,138.000,,,,,,,,,,,,,,,48.030,50.580,48.790,1489400.000,-0.022636,48.770,48.790,126728.000,1.000,1.000,49.930,,-0.022636,0.002,0.002,-0.002,-0.002,0.004
79915,2005/09/23,,11,1,1311,65129010,NFX,NEWFIELD EXPLORATION CO,,NFX,211111,N,A,R,30044,0,1,1382,65129010,,,,,,,,,13.000,138.000,,,,,,,,,,,,,,,47.470,48.910,47.890,774500.000,-0.018446,47.880,47.890,126728.000,1.000,1.000,48.910,,-0.018446,0.002,0.002,0.004,0.004,0.001
79915,2005/09/26,,11,1,1311,65129010,NFX,NEWFIELD EXPLORATION CO,,NFX,211111,N,A,R,30044,0,1,1382,65129010,,,,,,,,,13.000,138.000,,,,,,,,,,,,,,,47.700,49.530,49.370,1123700.000,0.030904,49.330,49.350,126728.000,1.000,1.000,47.890,,0.030904,0.002,0.002,0.004,0.004,0.000
79915,2005/09/27,,11,1,1311,65129010,NFX,NEWFIELD EXPLORATION CO,,NFX,211111,N,A,R,30044,0,1,1382,65129010,,,,,,,,,13.000,138.000,,,,,,,,,,,,,,,48.400,49.600,48.590,1248600.000,-0.015799,48.510,48.580,126728.000,1.000,1.000,49.370,,-0.015799,-0.000,-0.000,-0.001,-0.001,0.000
79915,2005/09/28,,11,1,1311,65129010,NFX,NEWFIELD EXPLORATION CO,,NFX,211111,N,A,R,30044,0,1,1382,65129010,,,,,,,,,13.000,138.000,,,,,,,,,,,,,,,48.760,50.600,50.300,1719000.000,0.035192,50.180,50.230,126728.000,1.000,1.000,49.100,,0.035192,0.001,0.001,-0.001,-0.001,0.001
79915,2005/09/29,,11,1,1311,65129010,NFX,NEWFIELD EXPLORATION CO,,NFX,211111,N,A,R,30044,0,1,1382,65129010,,,,,,,,,13.000,138.000,,,,,,,,,,,,,,,49.620,50.900,50.060,1328800.000,-0.004771,50.030,50.050,126728.000,1.000,1.000,50.660,,-0.004771,0.009,0.009,0.006,0.006,0.009
79915,2005/09/30,,11,1,1311,65129010,NFX,NEWFIELD EXPLORATION CO,,NFX,211111,N,A,R,30044,0,1,1382,65129010,,,,,,,,0.000,13.000,138.000,,,,,,,,,,,,,,,48.910,50.030,49.100,946100.000,-0.019177,48.990,49.000,126728.000,1.000,1.000,50.030,,-0.019177,0.002,0.002,0.005,0.005,0.001
79915,2005/10/03,,11,1,1311,65129010,NFX,NEWFIELD EXPLORATION CO,,NFX,211111,N,A,R,30044,0,1,1382,65129010,,,,,,,,,13.000,138.000,,,,,,,,,,,,,,,49.180,50.320,49.850,2216600.000,0.015275,49.840,49.850,126728.000,1.000,1.000,49.390,,0.015275,0.000,0.000,0.003,0.003,-0.002
79915,2005/10/04,,11,1,1311,65129010,NFX,NEWFIELD EXPLORATION CO,,NFX,211111,N,A,R,30044,0,1,1382,65129010,,,,,,,,,13.000,138.000,,,,,,,,,,,,,,,47.240,49.610,47.650,1749200.000,-0.044132,47.610,47.630,126728.000,1.000,1.000,49.580,,-0.044132,-0.010,-0.010,-0.005,-0.005,-0.010
79915,2005/10/05,,11,1,1311,65129010,NFX,NEWFIELD EXPLORATION CO,,NFX,211111,N,A,R,30044,0,1,1382,65129010,,,,,,,,,13.000,138.000,,,,,,,,,,,,,,,45.500,48.090,45.830,2177700.000,-0.038195,45.810,45.820,126728.000,1.000,1.000,47.950,,-0.038195,-0.017,-0.017,-0.016,-0.017,-0.015
79915,2005/10/06,,11,1,1311,65129010,NFX,NEWFIELD EXPLORATION CO,,NFX,211111,N,A,R,30044,0,1,1382,65129010,,,,,,,,,13.000,138.000,,,,,,,,,,,,,,,42.100,45.420,43.810,2492200.000,-0.044076,43.800,43.810,126728.000,1.000,1.000,45.000,,-0.044076,-0.006,-0.006,-0.009,-0.009,-0.004
79915,2005/10/07,,11,1,1311,65129010,NFX,NEWFIELD EXPLORATION CO,,NFX,211111,N,A,R,30044,0,1,1382,65129010,,,,,,,,,13.000,138.000,,,,,,,,,,,,,,,43.600,44.920,44.630,1476400.000,0.018717,44.600,44.640,126728.000,1.000,1.000,44.500,,0.018717,0.005,0.005,0.005,0.005,0.004
79915,2005/10/10,,11,1,1311,65129010,NFX,NEWFIELD EXPLORATION CO,,NFX,211111,N,A,R,30044,0,1,1382,65129010,,,,,,,,,13.000,138.000,,,,,,,,,,,,,,,43.370,44.800,44.300,957600.000,-0.007394,44.230,44.270,126728.000,1.000,1.000,44.800,,-0.007394,-0.007,-0.007,-0.006,-0.006,-0.007
79915,2005/10/11,,11,1,1311,65129010,NFX,NEWFIELD EXPLORATION CO,,NFX,211111,N,A,R,30044,0,1,1382,65129010,,,,,,,,,13.000,138.000,,,,,,,,,,,,,,,44.910,48.590,47.680,3971100.000,0.076298,47.630,47.650,126728.000,1.000,1.000,44.980,,0.076298,-0.003,-0.003,-0.007,-0.007,-0.002
79915,2005/10/12,,11,1,1311,65129010,NFX,NEWFIELD EXPLORATION CO,,NFX,211111,N,A,R,30044,0,1,1382,65129010,,,,,,,,,13.000,138.000,,,,,,,,,,,,,,,46.400,49.690,46.640,2693500.000,-0.021812,46.680,46.690,126728.000,1.000,1.000,48.770,,-0.021812,-0.008,-0.008,-0.013,-0.013,-0.006
79915,2005/10/13,,11,1,1311,65129010,NFX,NEWFIELD EXPLORATION CO,,NFX,211111,N,A,R,30044,0,1,1382,65129010,,,,,,,,,13.000,138.000,,,,,,,,,,,,,,,43.250,45.870,44.510,2112800.000,-0.045669,44.500,44.510,126728.000,1.000,1.000,45.600,,-0.045669,-0.002,-0.002,-0.003,-0.003,-0.001
79915,2005/10/14,,11,1,1311,65129010,NFX,NEWFIELD EXPLORATION CO,,NFX,211111,N,A,R,30044,0,1,1382,65129010,,,,,,,,,13.000,138.000,,,,,,,,,,,,,,,44.477,45.860,45.390,2070300.000,0.019771,45.380,45.390,126728.000,1.000,1.000,44.520,,0.019771,0.009,0.009,0.009,0.009,0.008
79915,2005/10/17,,11,1,1311,65129010,NFX,NEWFIELD EXPLORATION CO,,NFX,211111,N,A,R,30044,0,1,1382,65129010,,,,,,,,,13.000,138.000,,,,,,,,,,,,,,,45.760,47.700,47.460,1723400.000,0.045605,47.180,47.450,126728.000,1.000,1.000,46.000,,0.045605,0.003,0.003,0.002,0.002,0.003
79915,2005/10/18,,11,1,1311,65129010,NFX,NEWFIELD EXPLORATION CO,,NFX,211111,N,A,R,30044,0,1,1382,65129010,,,,,,,,,13.000,138.000,,,,,,,,,,,,,,,44.220,47.480,44.230,1706000.000,-0.068057,44.250,44.300,126728.000,1.000,1.000,47.470,,-0.068057,-0.011,-0.011,-0.008,-0.008,-0.010
79915,2005/10/19,,11,1,1311,65129010,NFX,NEWFIELD EXPLORATION CO,,NFX,211111,N,A,R,30044,0,1,1382,65129010,,,,,,,,,13.000,138.000,,,,,,,,,,,,,,,42.540,45.010,44.880,1901100.000,0.014696,44.680,44.880,126728.000,1.000,1.000,44.240,,0.014696,0.014,0.014,0.008,0.008,0.015
79915,2005/10/20,,11,1,1311,65129010,NFX,NEWFIELD EXPLORATION CO,,NFX,211111,N,A,R,30044,0,1,1382,65129010,,,,,,,,,13.000,138.000,,,,,,,,,,,,,,,42.760,44.690,43.340,1416700.000,-0.034314,43.230,43.250,126728.000,1.000,1.000,44.500,,-0.034314,-0.015,-0.015,-0.011,-0.011,-0.015
79915,2005/10/21,,11,1,1311,65129010,NFX,NEWFIELD EXPLORATION CO,,NFX,211111,N,A,R,30044,0,1,1382,65129010,,,,,,,,,13.000,138.000,,,,,,,,,,,,,,,43.010,44.170,43.260,1021300.000,-0.001846,43.240,43.260,126728.000,1.000,1.000,43.310,,-0.001846,0.004,0.004,0.005,0.005,0.002
79915,2005/10/24,,11,1,1311,65129010,NFX,NEWFIELD EXPLORATION CO,,NFX,211111,N,A,R,30044,0,1,1382,65129010,,,,,,,,,13.000,138.000,,,,,,,,,,,,,,,42.770,45.680,45.680,1130800.000,0.055941,45.640,45.670,126728.000,1.000,1.000,43.260,,0.055941,0.017,0.017,0.012,0.012,0.017
79915,2005/10/25,,11,1,1311,65129010,NFX,NEWFIELD EXPLORATION CO,,NFX,211111,N,A,R,30044,0,1,1382,65129010,,,,,,,,,13.000,138.000,,,,,,,,,,,,,,,45.080,46.810,46.500,1311400.000,0.017951,46.470,46.520,126728.000,1.000,1.000,45.810,,0.017951,-0.002,-0.002,-0.002,-0.002,-0.002
79915,2005/10/26,,11,1,1311,65129010,NFX,NEWFIELD EXPLORATION CO,,NFX,211111,N,A,R,30044,0,1,1382,65129010,,,,,,,,,13.000,138.000,,,,,,,,,,,,,,,46.000,47.760,46.250,1380500.000,-0.005376,46.240,46.390,126728.000,1.000,1.000,46.500,,-0.005376,-0.005,-0.005,-0.003,-0.003,-0.004
79915,2005/10/27,,11,1,1311,65129010,NFX,NEWFIELD EXPLORATION CO,,NFX,211111,N,A,R,30044,0,1,1382,65129010,,,,,,,,,13.000,138.000,,,,,,,,,,,,,,,43.780,46.200,44.350,1668100.000,-0.041081,44.230,44.270,126728.000,1.000,1.000,46.200,,-0.041081,-0.012,-0.012,-0.014,-0.014,-0.010
79915,2005/10/28,,11,1,1311,65129010,NFX,NEWFIELD EXPLORATION CO,,NFX,211111,N,A,R,30044,0,1,1382,65129010,,,,,,,,,13.000,138.000,,,,,,,,,,,,,,,42.280,45.440,45.120,1351200.000,0.017362,45.100,45.120,126728.000,1.000,1.000,44.100,,0.017362,0.015,0.015,0.010,0.010,0.017
79915,2005/10/31,,11,1,1311,65129010,NFX,NEWFIELD EXPLORATION CO,,NFX,211111,N,A,R,30044,0,1,1382,65129010,,,,,,,,0.000,13.000,138.000,,,,,,,,,,,,,,,44.570,46.190,45.330,906100.000,0.004654,45.130,45.270,127235.000,1.000,1.000,45.230,,0.004654,0.009,0.009,0.012,0.012,0.007
79915,2005/11/01,,11,1,1311,65129010,NFX,NEWFIELD EXPLORATION CO,,NFX,211111,N,A,R,30044,0,1,1382,65129010,,,,,,,,,13.000,138.000,,,,,,,,,,,,,,,44.550,45.700,45.330,1056700.000,0.000000,45.320,45.350,127235.000,1.000,1.000,45.330,,0.000000,-0.002,-0.002,-0.002,-0.002,-0.004
79915,2005/11/02,,11,1,1311,65129010,NFX,NEWFIELD EXPLORATION CO,,NFX,211111,N,A,R,30044,0,1,1382,65129010,,,,,,,,,13.000,138.000,,,,,,,,,,,,,,,44.710,46.160,46.090,976800.000,0.016766,46.000,46.100,127235.000,1.000,1.000,45.320,,0.016766,0.012,0.012,0.012,0.012,0.010
79915,2005/11/03,,11,1,1311,65129010,NFX,NEWFIELD EXPLORATION CO,,NFX,211111,N,A,R,30044,0,1,1382,65129010,,,,,,,,,13.000,138.000,,,,,,,,,,,,,,,45.900,46.860,46.390,786000.000,0.006509,46.340,46.360,127235.000,1.000,1.000,46.400,,0.006509,0.004,0.004,0.003,0.003,0.004
79915,2005/11/04,,11,1,1311,65129010,NFX,NEWFIELD EXPLORATION CO,,NFX,211111,N,A,R,30044,0,1,1382,65129010,,,,,,,,,13.000,138.000,,,,,,,,,,,,,,,44.450,46.390,44.860,842700.000,-0.032981,44.820,44.830,127235.000,1.000,1.000,46.390,,-0.032981,-0.000,-0.000,0.000,0.000,0.000
79915,2005/11/07,,11,1,1311,65129010,NFX,NEWFIELD EXPLORATION CO,,NFX,211111,N,A,R,30044,0,1,1382,65129010,,,,,,,,,13.000,138.000,,,,,,,,,,,,,,,43.510,44.950,44.300,1174200.000,-0.012483,44.260,44.280,127235.000,1.000,1.000,44.860,,-0.012483,0.002,0.002,0.003,0.003,0.002
79915,2005/11/08,,11,1,1311,65129010,NFX,NEWFIELD EXPLORATION CO,,NFX,211111,N,A,R,30044,0,1,1382,65129010,,,,,,,,,13.000,138.000,,,,,,,,,,,,,,,43.700,44.560,44.000,954000.000,-0.006772,43.980,44.020,127235.000,1.000,1.000,44.300,,-0.006772,-0.003,-0.004,-0.003,-0.003,-0.003
79915,2005/11/09,,11,1,1311,65129010,NFX,NEWFIELD EXPLORATION CO,,NFX,211111,N,A,R,30044,0,1,1382,65129010,,,,,,,,,13.000,138.000,,,,,,,,,,,,,,,42.790,44.260,42.860,2119800.000,-0.025909,42.860,42.870,127235.000,1.000,1.000,44.100,,-0.025909,0.002,0.002,0.002,0.002,0.002
79915,2005/11/10,,11,1,1311,65129010,NFX,NEWFIELD EXPLORATION CO,,NFX,211111,N,A,R,30044,0,1,1382,65129010,,,,,,,,,13.000,138.000,,,,,,,,,,,,,,,39.980,42.870,40.340,2272100.000,-0.058796,40.340,40.350,127235.000,1.000,1.000,42.870,,-0.058796,0.007,0.007,0.002,0.002,0.008
79915,2005/11/11,,11,1,1311,65129010,NFX,NEWFIELD EXPLORATION CO,,NFX,211111,N,A,R,30044,0,1,1382,65129010,,,,,,,,,13.000,138.000,,,,,,,,,,,,,,,40.490,42.200,42.020,1431700.000,0.041646,42.000,42.020,127235.000,1.000,1.000,40.500,,0.041646,0.003,0.003,0.003,0.003,0.003
79915,2005/11/14,,11,1,1311,65129010,NFX,NEWFIELD EXPLORATION CO,,NFX,211111,N,A,R,30044,0,1,1382,65129010,,,,,,,,,13.000,138.000,,,,,,,,,,,,,,,41.260,42.980,41.930,1001400.000,-0.002142,41.900,41.920,127235.000,1.000,1.000,42.400,,-0.002142,-0.001,-0.001,-0.002,-0.002,-0.001
79915,2005/11/15,,11,1,1311,65129010,NFX,NEWFIELD EXPLORATION CO,,NFX,211111,N,A,R,30044,0,1,1382,65129010,,,,,,,,,13.000,138.000,,,,,,,,,,,,,,,41.630,43.470,41.820,1117700.000,-0.002623,41.820,41.860,127235.000,1.000,1.000,41.930,,-0.002623,-0.005,-0.005,-0.008,-0.008,-0.004
79915,2005/11/16,,11,1,1311,65129010,NFX,NEWFIELD EXPLORATION CO,,NFX,211111,N,A,R,30044,0,1,1382,65129010,,,,,,,,,13.000,138.000,,,,,,,,,,,,,,,42.070,43.840,43.660,1020800.000,0.043998,43.600,43.610,127235.000,1.000,1.000,42.600,,0.043998,0.002,0.001,-0.001,-0.001,0.002
79915,2005/11/17,,11,1,1311,65129010,NFX,NEWFIELD EXPLORATION CO,,NFX,211111,N,A,R,30044,0,1,1382,65129010,,,,,,,,,13.000,138.000,,,,,,,,,,,,,,,43.620,44.700,43.920,1447200.000,0.005955,43.850,43.870,127235.000,1.000,1.000,44.650,,0.005955,0.011,0.011,0.011,0.011,0.009
79915,2005/11/18,,11,1,1311,65129010,NFX,NEWFIELD EXPLORATION CO,,NFX,211111,N,A,R,30044,0,1,1382,65129010,,,,,,,,,13.000,138.000,,,,,,,,,,,,,,,42.590,44.010,42.860,993600.000,-0.024135,42.840,42.860,127235.000,1.000,1.000,43.980,,-0.024135,0.004,0.004,0.005,0.005,0.004
79915,2005/11/21,,11,1,1311,65129010,NFX,NEWFIELD EXPLORATION CO,,NFX,211111,N,A,R,30044,0,1,1382,65129010,,,,,,,,,13.000,138.000,,,,,,,,,,,,,,,43.195,45.150,45.140,1037600.000,0.053196,45.080,45.140,127235.000,1.000,1.000,43.400,,0.053196,0.006,0.006,0.006,0.006,0.005
79915,2005/11/22,,11,1,1311,65129010,NFX,NEWFIELD EXPLORATION CO,,NFX,211111,N,A,R,30044,0,1,1382,65129010,,,,,,,,,13.000,138.000,,,,,,,,,,,,,,,45.470,46.550,46.540,1832200.000,0.031015,46.480,46.500,127235.000,1.000,1.000,46.000,,0.031015,0.005,0.005,0.004,0.004,0.005
79915,2005/11/23,,11,1,1311,65129010,NFX,NEWFIELD EXPLORATION CO,,NFX,211111,N,A,R,30044,0,1,1382,65129010,,,,,,,,,13.000,138.000,,,,,,,,,,,,,,,45.620,46.390,46.260,1378100.000,-0.006016,46.230,46.260,127235.000,1.000,1.000,46.290,,-0.006016,0.003,0.003,0.003,0.003,0.003
79915,2005/11/25,,11,1,1311,65129010,NFX,NEWFIELD EXPLORATION CO,,NFX,211111,N,A,R,30044,0,1,1382,65129010,,,,,,,,,13.000,138.000,,,,,,,,,,,,,,,46.620,47.370,47.350,652300.000,0.023562,47.250,47.270,127235.000,1.000,1.000,46.700,,0.023562,0.002,0.002,0.002,0.002,0.002
79915,2005/11/28,,11,1,1311,65129010,NFX,NEWFIELD EXPLORATION CO,,NFX,211111,N,A,R,30044,0,1,1382,65129010,,,,,,,,,13.000,138.000,,,,,,,,,,,,,,,45.000,47.360,45.270,1577300.000,-0.043928,45.220,45.260,127235.000,1.000,1.000,47.350,,-0.043928,-0.010,-0.010,-0.008,-0.008,-0.009
79915,2005/11/29,,11,1,1311,65129010,NFX,NEWFIELD EXPLORATION CO,,NFX,211111,N,A,R,30044,0,1,1382,65129010,,,,,,,,,13.000,138.000,,,,,,,,,,,,,,,44.860,46.250,45.070,706900.000,-0.004418,44.980,45.040,127235.000,1.000,1.000,45.480,,-0.004418,0.000,0.000,0.001,0.000,0.000
79915,2005/11/30,,11,1,1311,65129010,NFX,NEWFIELD EXPLORATION CO,,NFX,211111,N,A,R,30044,0,1,1382,65129010,,,,,,,,0.000,13.000,138.000,,,,,,,,,,,,,,,45.190,46.700,46.260,1200400.000,0.026403,46.330,46.340,127235.000,1.000,1.000,45.250,,0.026403,-0.004,-0.004,0.003,0.003,-0.006
79915,2005/12/01,,11,1,1311,65129010,NFX,NEWFIELD EXPLORATION CO,,NFX,211111,N,A,R,30044,0,1,1382,65129010,,,,,,,,,13.000,138.000,,,,,,,,,,,,,,,46.120,48.040,47.720,1188900.000,0.031561,47.770,47.870,127235.000,1.000,1.000,46.650,,0.031561,0.013,0.013,0.011,0.011,0.012
79915,2005/12/02,,11,1,1311,65129010,NFX,NEWFIELD EXPLORATION CO,,NFX,211111,N,A,R,30044,0,1,1382,65129010,,,,,,,,,13.000,138.000,,,,,,,,,,,,,,,47.620,48.330,48.330,1047800.000,0.012783,48.250,48.280,127235.000,1.000,1.000,47.800,,0.012783,0.001,0.001,0.002,0.002,0.000
79915,2005/12/05,,11,1,1311,65129010,NFX,NEWFIELD EXPLORATION CO,,NFX,211111,N,A,R,30044,0,1,1382,65129010,,,,,,,,,13.000,138.000,,,,,,,,,,,,,,,48.750,50.540,49.790,1923100.000,0.030209,49.750,49.760,127235.000,1.000,1.000,48.750,,0.030209,-0.003,-0.003,-0.003,-0.003,-0.002
79915,2005/12/06,,11,1,1311,65129010,NFX,NEWFIELD EXPLORATION CO,,NFX,211111,N,A,R,30044,0,1,1382,65129010,,,,,,,,,13.000,138.000,,,,,,,,,,,,,,,49.970,51.160,50.340,1455700.000,0.011046,50.320,50.340,127235.000,1.000,1.000,50.000,,0.011046,0.002,0.002,0.002,0.002,0.001
79915,2005/12/07,,11,1,1311,65129010,NFX,NEWFIELD EXPLORATION CO,,NFX,211111,N,A,R,30044,0,1,1382,65129010,,,,,,,,,13.000,138.000,,,,,,,,,,,,,,,49.900,51.300,50.270,1253000.000,-0.001391,50.290,50.300,127235.000,1.000,1.000,51.200,,-0.001391,-0.004,-0.005,-0.003,-0.003,-0.005
79915,2005/12/08,,11,1,1311,65129010,NFX,NEWFIELD EXPLORATION CO,,NFX,211111,N,A,R,30044,0,1,1382,65129010,,,,,,,,,13.000,138.000,,,,,,,,,,,,,,,50.300,51.120,50.980,1162300.000,0.014124,50.930,50.940,127235.000,1.000,1.000,50.460,,0.014124,0.000,0.000,0.002,0.002,-0.001
79915,2005/12/09,,11,1,1311,65129010,NFX,NEWFIELD EXPLORATION CO,,NFX,211111,N,A,R,30044,0,1,1382,65129010,,,,,,,,,13.000,138.000,,,,,,,,,,,,,,,50.100,50.980,50.200,999200.000,-0.015300,50.220,50.250,127235.000,1.000,1.000,50.980,,-0.015300,0.003,0.003,0.004,0.004,0.003
79915,2005/12/12,,11,1,1311,65129010,NFX,NEWFIELD EXPLORATION CO,,NFX,211111,N,A,R,30044,0,1,1382,65129010,,,,,,,,,13.000,138.000,,,,,,,,,,,,,,,51.000,52.180,51.730,1363400.000,0.030478,51.670,51.700,127235.000,1.000,1.000,51.900,,0.030478,0.001,0.001,0.001,0.001,0.001
79915,2005/12/13,,11,1,1311,65129010,NFX,NEWFIELD EXPLORATION CO,,NFX,211111,N,A,R,30044,0,1,1382,65129010,,,,,,,,,13.000,138.000,,,,,,,,,,,,,,,52.020,53.520,52.150,1532200.000,0.008119,52.140,52.210,127235.000,1.000,1.000,52.900,,0.008119,0.004,0.004,0.000,-0.000,0.006
79915,2005/12/14,,11,1,1311,65129010,NFX,NEWFIELD EXPLORATION CO,,NFX,211111,N,A,R,30044,0,1,1382,65129010,,,,,,,,,13.000,138.000,,,,,,,,,,,,,,,51.069,52.550,52.270,1183300.000,0.002301,52.240,52.260,127235.000,1.000,1.000,52.150,,0.002301,0.003,0.003,0.001,0.001,0.004
79915,2005/12/15,,11,1,1311,65129010,NFX,NEWFIELD EXPLORATION CO,,NFX,211111,N,A,R,30044,0,1,1382,65129010,,,,,,,,,13.000,138.000,,,,,,,,,,,,,,,50.800,52.400,51.300,1301800.000,-0.018558,51.290,51.300,127235.000,1.000,1.000,52.270,,-0.018558,-0.003,-0.003,-0.003,-0.003,-0.001
79915,2005/12/16,,11,1,1311,65129010,NFX,NEWFIELD EXPLORATION CO,,NFX,211111,N,A,R,30044,0,1,1382,65129010,,,,,,,,,13.000,138.000,,,,,,,,,,,,,,,49.800,51.300,50.000,1525800.000,-0.025341,50.000,50.010,127235.000,1.000,1.000,51.300,,-0.025341,-0.002,-0.002,-0.001,-0.001,-0.003
79915,2005/12/19,,11,1,1311,65129010,NFX,NEWFIELD EXPLORATION CO,,NFX,211111,N,A,R,30044,0,1,1382,65129010,,,,,,,,,13.000,138.000,,,,,,,,,,,,,,,49.420,50.400,49.960,1138600.000,-0.000800,49.950,49.960,127235.000,1.000,1.000,50.150,,-0.000800,-0.007,-0.007,-0.007,-0.007,-0.006
79915,2005/12/20,,11,1,1311,65129010,NFX,NEWFIELD EXPLORATION CO,,NFX,211111,N,A,R,30044,0,1,1382,65129010,,,,,,,,,13.000,138.000,,,,,,,,,,,,,,,50.370,51.000,50.610,809800.000,0.013010,50.540,50.860,127235.000,1.000,1.000,50.500,,0.013010,0.000,-0.000,-0.001,-0.002,-0.000
79915,2005/12/21,,11,1,1311,65129010,NFX,NEWFIELD EXPLORATION CO,,NFX,211111,N,A,R,30044,0,1,1382,65129010,,,,,,,,,13.000,138.000,,,,,,,,,,,,,,,49.830,51.240,50.090,1108000.000,-0.010275,50.060,50.090,127235.000,1.000,1.000,50.700,,-0.010275,0.004,0.004,0.005,0.005,0.003
79915,2005/12/22,,11,1,1311,65129010,NFX,NEWFIELD EXPLORATION CO,,NFX,211111,N,A,R,30044,0,1,1382,65129010,,,,,,,,,13.000,138.000,,,,,,,,,,,,,,,50.200,51.060,50.510,1020100.000,0.008385,50.480,50.510,127235.000,1.000,1.000,50.450,,0.008385,0.005,0.004,0.005,0.005,0.004
79915,2005/12/23,,11,1,1311,65129010,NFX,NEWFIELD EXPLORATION CO,,NFX,211111,N,A,R,30044,0,1,1382,65129010,,,,,,,,,13.000,138.000,,,,,,,,,,,,,,,49.600,50.710,50.700,835500.000,0.003762,50.590,50.640,127235.000,1.000,1.000,50.510,,0.003762,0.001,0.001,0.003,0.003,0.000
79915,2005/12/27,,11,1,1311,65129010,NFX,NEWFIELD EXPLORATION CO,,NFX,211111,N,A,R,30044,0,1,1382,65129010,,,,,,,,,13.000,138.000,,,,,,,,,,,,,,,48.700,50.450,48.960,848600.000,-0.034320,48.920,48.960,127235.000,1.000,1.000,50.450,,-0.034320,-0.010,-0.010,-0.008,-0.008,-0.010
79915,2005/12/28,,11,1,1311,65129010,NFX,NEWFIELD EXPLORATION CO,,NFX,211111,N,A,R,30044,0,1,1382,65129010,,,,,,,,,13.000,138.000,,,,,,,,,,,,,,,48.810,50.160,49.970,690400.000,0.020629,49.960,49.970,127235.000,1.000,1.000,49.100,,0.020629,0.003,0.003,0.003,0.003,0.001
79915,2005/12/29,,11,1,1311,65129010,NFX,NEWFIELD EXPLORATION CO,,NFX,211111,N,A,R,30044,0,1,1382,65129010,,,,,,,,,13.000,138.000,,,,,,,,,,,,,,,49.460,50.820,49.800,955900.000,-0.003402,49.740,49.770,127235.000,1.000,1.000,49.970,,-0.003402,-0.002,-0.002,0.000,0.000,-0.003
79915,2005/12/30,,11,1,1311,65129010,NFX,NEWFIELD EXPLORATION CO,,NFX,211111,N,A,R,30044,0,1,1382,65129010,,,,,,,,0.000,13.000,138.000,,,,,,,,,,,,,,,49.300,50.360,50.070,635400.000,0.005422,50.030,50.050,127235.000,1.000,1.000,49.600,,0.005422,-0.004,-0.004,0.000,0.000,-0.005
79915,2006/01/03,,11,1,1311,65129010,NFX,NEWFIELD EXPLORATION CO,,NFX,211111,N,A,R,30044,0,1,1382,65129010,,,,,,,,,13.000,138.000,,,,,,,,,,,,,,,50.710,52.390,52.120,1582800.000,0.040943,52.070,52.080,127235.000,1.000,1.000,51.000,,0.040943,0.016,0.016,0.011,0.011,0.016
79915,2006/01/04,,11,1,1311,65129010,NFX,NEWFIELD EXPLORATION CO,,NFX,211111,N,A,R,30044,0,1,1382,65129010,,,,,,,,,13.000,138.000,,,,,,,,,,,,,,,51.210,53.570,53.470,1638300.000,0.025902,53.450,53.480,127235.000,1.000,1.000,51.800,,0.025902,0.006,0.005,0.008,0.008,0.004
79915,2006/01/05,,11,1,1311,65129010,NFX,NEWFIELD EXPLORATION CO,,NFX,211111,N,A,R,30044,0,1,1382,65129010,,,,,,,,,13.000,138.000,,,,,,,,,,,,,,,50.140,53.480,50.300,1736300.000,-0.059286,50.290,50.300,127235.000,1.000,1.000,53.470,,-0.059286,-0.000,-0.000,0.003,0.003,0.000
79915,2006/01/06,,11,1,1311,65129010,NFX,NEWFIELD EXPLORATION CO,,NFX,211111,N,A,R,30044,0,1,1382,65129010,,,,,,,,,13.000,138.000,,,,,,,,,,,,,,,50.740,51.860,51.000,1352600.000,0.013917,50.980,50.990,127235.000,1.000,1.000,50.750,,0.013917,0.010,0.010,0.009,0.009,0.009
79915,2006/01/09,,11,1,1311,65129010,NFX,NEWFIELD EXPLORATION CO,,NFX,211111,N,A,R,30044,0,1,1382,65129010,,,,,,,,,13.000,138.000,,,,,,,,,,,,,,,50.750,51.530,51.250,754300.000,0.004902,51.240,51.280,127235.000,1.000,1.000,51.000,,0.004902,0.004,0.004,0.007,0.007,0.004
79915,2006/01/10,,11,1,1311,65129010,NFX,NEWFIELD EXPLORATION CO,,NFX,211111,N,A,R,30044,0,1,1382,65129010,,,,,,,,,13.000,138.000,,,,,,,,,,,,,,,51.040,51.930,51.260,934100.000,0.000195,51.320,51.350,127235.000,1.000,1.000,51.040,,0.000195,0.001,0.001,0.004,0.004,-0.000
79915,2006/01/11,,11,1,1311,65129010,NFX,NEWFIELD EXPLORATION CO,,NFX,211111,N,A,R,30044,0,1,1382,65129010,,,,,,,,,13.000,138.000,,,,,,,,,,,,,,,50.350,51.550,50.650,1052500.000,-0.011900,50.630,50.640,127235.000,1.000,1.000,51.270,,-0.011900,0.003,0.003,0.003,0.003,0.003
79915,2006/01/12,,11,1,1311,65129010,NFX,NEWFIELD EXPLORATION CO,,NFX,211111,N,A,R,30044,0,1,1382,65129010,,,,,,,,,13.000,138.000,,,,,,,,,,,,,,,50.160,51.530,50.290,1144400.000,-0.007108,50.280,50.290,127235.000,1.000,1.000,51.050,,-0.007108,-0.006,-0.006,-0.003,-0.003,-0.006
79915,2006/01/13,,11,1,1311,65129010,NFX,NEWFIELD EXPLORATION CO,,NFX,211111,N,A,R,30044,0,1,1382,65129010,,,,,,,,,13.000,138.000,,,,,,,,,,,,,,,49.970,51.320,51.050,818600.000,0.015112,51.010,51.020,127235.000,1.000,1.000,49.970,,0.015112,0.001,0.001,0.003,0.003,0.001
79915,2006/01/17,,11,1,1311,65129010,NFX,NEWFIELD EXPLORATION CO,,NFX,211111,N,A,R,30044,0,1,1382,65129010,,,,,,,,,13.000,138.000,,,,,,,,,,,,,,,50.560,51.800,51.200,1925400.000,0.002938,51.110,51.140,127235.000,1.000,1.000,51.560,,0.002938,-0.003,-0.003,-0.003,-0.003,-0.004
79915,2006/01/18,,11,1,1311,65129010,NFX,NEWFIELD EXPLORATION CO,,NFX,211111,N,A,R,30044,0,1,1382,65129010,,,,,,,,,13.000,138.000,,,,,,,,,,,,,,,49.220,51.200,50.150,1329200.000,-0.020508,50.140,50.160,127235.000,1.000,1.000,51.200,,-0.020508,-0.004,-0.004,-0.002,-0.002,-0.004
79915,2006/01/19,,11,1,1311,65129010,NFX,NEWFIELD EXPLORATION CO,,NFX,211111,N,A,R,30044,0,1,1382,65129010,,,,,,,,,13.000,138.000,,,,,,,,,,,,,,,49.720,51.800,51.740,1064800.000,0.031705,51.700,51.740,127235.000,1.000,1.000,50.150,,0.031705,0.008,0.008,0.010,0.010,0.006
79915,2006/01/20,,11,1,1311,65129010,NFX,NEWFIELD EXPLORATION CO,,NFX,211111,N,A,R,30044,0,1,1382,65129010,,,,,,,,,13.000,138.000,,,,,,,,,,,,,,,51.520,54.500,51.680,2684200.000,-0.001160,51.680,51.690,127235.000,1.000,1.000,52.200,,-0.001160,-0.016,-0.016,-0.009,-0.009,-0.018
79915,2006/01/23,,11,1,1311,65129010,NFX,NEWFIELD EXPLORATION CO,,NFX,211111,N,A,R,30044,0,1,1382,65129010,,,,,,,,,13.000,138.000,,,,,,,,,,,,,,,50.970,52.249,52.030,860800.000,0.006772,52.020,52.030,127235.000,1.000,1.000,51.670,,0.006772,0.003,0.003,0.003,0.003,0.002
79915,2006/01/24,,11,1,1311,65129010,NFX,NEWFIELD EXPLORATION CO,,NFX,211111,N,A,R,30044,0,1,1382,65129010,,,,,,,,,13.000,138.000,,,,,,,,,,,,,,,51.500,52.480,51.700,702900.000,-0.006342,51.690,51.700,127235.000,1.000,1.000,51.650,,-0.006342,0.004,0.004,0.008,0.008,0.002
79915,2006/01/25,,11,1,1311,65129010,NFX,NEWFIELD EXPLORATION CO,,NFX,211111,N,A,R,30044,0,1,1382,65129010,,,,,,,,,13.000,138.000,,,,,,,,,,,,,,,49.490,52.050,49.850,1010400.000,-0.035783,49.760,49.780,127235.000,1.000,1.000,51.800,,-0.035783,-0.002,-0.002,-0.000,-0.000,-0.002
79915,2006/01/26,,11,1,1311,65129010,NFX,NEWFIELD EXPLORATION CO,,NFX,211111,N,A,R,30044,0,1,1382,65129010,,,,,,,,,13.000,138.000,,,,,,,,,,,,,,,48.420,51.000,49.350,1525000.000,-0.010030,49.280,49.310,127235.000,1.000,1.000,51.000,,-0.010030,0.008,0.008,0.009,0.009,0.007
79915,2006/01/27,,11,1,1311,65129010,NFX,NEWFIELD EXPLORATION CO,,NFX,211111,N,A,R,30044,0,1,1382,65129010,,,,,,,,,13.000,138.000,,,,,,,,,,,,,,,49.410,50.250,49.820,1017800.000,0.009524,49.820,49.890,127235.000,1.000,1.000,50.000,,0.009524,0.007,0.007,0.005,0.005,0.008
79915,2006/01/30,,11,1,1311,65129010,NFX,NEWFIELD EXPLORATION CO,,NFX,211111,N,A,R,30044,0,1,1382,65129010,,,,,,,,,13.000,138.000,,,,,,,,,,,,,,,50.500,51.950,51.550,917000.000,0.034725,51.530,51.570,127235.000,1.000,1.000,50.700,,0.034725,0.002,0.002,0.003,0.003,0.001
79915,2006/01/31,,11,1,1311,65129010,NFX,NEWFIELD EXPLORATION CO,,NFX,211111,N,A,R,30044,0,1,1382,65129010,,,,,,,,0.000,13.000,138.000,,,,,,,,,,,,,,,50.870,52.420,52.400,1239700.000,0.016489,52.380,52.390,127235.000,1.000,1.000,51.550,,0.016489,-0.002,-0.002,0.003,0.003,-0.004
79915,2006/02/01,,11,1,1311,65129010,NFX,NEWFIELD EXPLORATION CO,,NFX,211111,N,A,R,30044,0,1,1382,65129010,,,,,,,,,13.000,138.000,,,,,,,,,,,,,,,51.410,53.070,51.550,1020000.000,-0.016221,51.540,51.550,127235.000,1.000,1.000,52.400,,-0.016221,0.001,0.001,0.002,0.002,0.002
79915,2006/02/02,,11,1,1311,65129010,NFX,NEWFIELD EXPLORATION CO,,NFX,211111,N,A,R,30044,0,1,1382,65129010,,,,,,,,,13.000,138.000,,,,,,,,,,,,,,,49.830,51.680,50.590,900200.000,-0.018623,50.540,50.590,127235.000,1.000,1.000,50.800,,-0.018623,-0.008,-0.009,-0.006,-0.006,-0.009
79915,2006/02/03,,11,1,1311,65129010,NFX,NEWFIELD EXPLORATION CO,,NFX,211111,N,A,R,30044,0,1,1382,65129010,,,,,,,,,13.000,138.000,,,,,,,,,,,,,,,49.770,50.840,50.350,733400.000,-0.004744,50.310,50.320,127235.000,1.000,1.000,50.550,,-0.004744,-0.005,-0.005,-0.002,-0.002,-0.005
79915,2006/02/06,,11,1,1311,65129010,NFX,NEWFIELD EXPLORATION CO,,NFX,211111,N,A,R,30044,0,1,1382,65129010,,,,,,,,,13.000,138.000,,,,,,,,,,,,,,,49.850,51.220,50.630,828600.000,0.005561,50.550,50.600,127235.000,1.000,1.000,50.900,,0.005561,0.002,0.002,0.003,0.003,0.001
79915,2006/02/07,,11,1,1311,65129010,NFX,NEWFIELD EXPLORATION CO,,NFX,211111,N,A,R,30044,0,1,1382,65129010,,,,,,,,,13.000,138.000,,,,,,,,,,,,,,,47.100,50.360,47.170,1291800.000,-0.068339,47.100,47.190,127235.000,1.000,1.000,50.350,,-0.068339,-0.010,-0.010,-0.009,-0.009,-0.008
79915,2006/02/08,,11,1,1311,65129010,NFX,NEWFIELD EXPLORATION CO,,NFX,211111,N,A,R,30044,0,1,1382,65129010,,,,,,,,,13.000,138.000,,,,,,,,,,,,,,,45.700,47.780,47.150,1476100.000,-0.000424,47.190,47.200,127235.000,1.000,1.000,47.750,,-0.000424,0.007,0.006,0.004,0.003,0.009
79915,2006/02/09,,11,1,1311,65129010,NFX,NEWFIELD EXPLORATION CO,,NFX,211111,N,A,R,30044,0,1,1382,65129010,,,,,,,,,13.000,138.000,,,,,,,,,,,,,,,44.010,46.850,44.070,2737500.000,-0.065323,44.060,44.170,127235.000,1.000,1.000,46.000,,-0.065323,-0.002,-0.002,0.000,0.000,-0.001
79915,2006/02/10,,11,1,1311,65129010,NFX,NEWFIELD EXPLORATION CO,,NFX,211111,N,A,R,30044,0,1,1382,65129010,,,,,,,,,13.000,138.000,,,,,,,,,,,,,,,42.020,44.440,42.540,2435000.000,-0.034717,42.530,42.540,127235.000,1.000,1.000,43.750,,-0.034717,0.001,0.001,-0.001,-0.002,0.003
79915,2006/02/13,,11,1,1311,65129010,NFX,NEWFIELD EXPLORATION CO,,NFX,211111,N,A,R,30044,0,1,1382,65129010,,,,,,,,,13.000,138.000,,,,,,,,,,,,,,,40.700,42.630,40.910,2118400.000,-0.038317,40.910,40.950,127235.000,1.000,1.000,42.450,,-0.038317,-0.005,-0.005,-0.006,-0.006,-0.003
79915,2006/02/14,,11,1,1311,65129010,NFX,NEWFIELD EXPLORATION CO,,NFX,211111,N,A,R,30044,0,1,1382,65129010,,,,,,,,,13.000,138.000,,,,,,,,,,,,,,,38.860,41.560,41.130,2968000.000,0.005378,41.120,41.130,127235.000,1.000,1.000,40.490,,0.005378,0.009,0.009,0.007,0.007,0.010
79915,2006/02/15,,11,1,1311,65129010,NFX,NEWFIELD EXPLORATION CO,,NFX,211111,N,A,R,30044,0,1,1382,65129010,,,,,,,,,13.000,138.000,,,,,,,,,,,,,,,40.310,41.930,40.520,1863100.000,-0.014831,40.500,40.530,127235.000,1.000,1.000,41.500,,-0.014831,0.003,0.003,0.004,0.004,0.004
79915,2006/02/16,,11,1,1311,65129010,NFX,NEWFIELD EXPLORATION CO,,NFX,211111,N,A,R,30044,0,1,1382,65129010,,,,,,,,,13.000,138.000,,,,,,,,,,,,,,,41.170,42.810,42.560,1330800.000,0.050346,42.550,42.560,127235.000,1.000,1.000,41.600,,0.050346,0.008,0.008,0.007,0.007,0.007
79915,2006/02/17,,11,1,1311,65129010,NFX,NEWFIELD EXPLORATION CO,,NFX,211111,N,A,R,30044,0,1,1382,65129010,,,,,,,,,13.000,138.000,,,,,,,,,,,,,,,42.560,44.100,42.620,1879300.000,0.001410,42.620,42.630,127235.000,1.000,1.000,44.100,,0.001410,-0.001,-0.001,0.001,0.001,-0.002
79915,2006/02/21,,11,1,1311,65129010,NFX,NEWFIELD EXPLORATION CO,,NFX,211111,N,A,R,30044,0,1,1382,65129010,,,,,,,,,13.000,138.000,,,,,,,,,,,,,,,42.230,43.510,42.540,1639800.000,-0.001877,42.570,42.620,127235.000,1.000,1.000,43.140,,-0.001877,-0.003,-0.003,-0.002,-0.002,-0.003
79915,2006/02/22,,11,1,1311,65129010,NFX,NEWFIELD EXPLORATION CO,,NFX,211111,N,A,R,30044,0,1,1382,65129010,,,,,,,,,13.000,138.000,,,,,,,,,,,,,,,40.450,41.480,40.870,1461100.000,-0.039257,40.850,40.860,127235.000,1.000,1.000,41.480,,-0.039257,0.007,0.007,0.005,0.005,0.008
79915,2006/02/23,,11,1,1311,65129010,NFX,NEWFIELD EXPLORATION CO,,NFX,211111,N,A,R,30044,0,1,1382,65129010,,,,,,,,,13.000,138.000,,,,,,,,,,,,,,,40.350,41.400,41.100,2025000.000,0.005628,41.060,41.070,127235.000,1.000,1.000,40.930,,0.005628,-0.003,-0.003,-0.000,-0.000,-0.004
79915,2006/02/24,,11,1,1311,65129010,NFX,NEWFIELD EXPLORATION CO,,NFX,211111,N,A,R,30044,0,1,1382,65129010,,,,,,,,,13.000,138.000,,,,,,,,,,,,,,,41.070,42.250,41.240,1354600.000,0.003406,41.170,41.220,127235.000,1.000,1.000,42.000,,0.003406,0.002,0.002,0.004,0.004,0.001
79915,2006/02/27,,11,1,1311,65129010,NFX,NEWFIELD EXPLORATION CO,,NFX,211111,N,A,R,30044,0,1,1382,65129010,,,,,,,,,13.000,138.000,,,,,,,,,,,,,,,39.240,41.000,39.350,1640800.000,-0.045829,39.340,39.380,127235.000,1.000,1.000,41.000,,-0.045829,0.003,0.003,0.003,0.003,0.004
79915,2006/02/28,,11,1,1311,65129010,NFX,NEWFIELD EXPLORATION CO,,NFX,211111,N,A,R,30044,0,1,1382,65129010,,,,,,,,0.000,13.000,138.000,,,,,,,,,,,,,,,38.180,39.380,38.650,3018300.000,-0.017789,38.630,38.640,127235.000,1.000,1.000,39.360,,-0.017789,-0.010,-0.010,-0.007,-0.007,-0.010
79915,2006/03/01,,11,1,1311,65129010,NFX,NEWFIELD EXPLORATION CO,,NFX,211111,N,A,R,30044,0,1,1382,65129010,,,,,,,,,13.000,138.000,,,,,,,,,,,,,,,38.520,39.270,38.880,1837600.000,0.005951,38.860,38.880,127235.000,1.000,1.000,38.860,,0.005951,0.009,0.009,0.009,0.009,0.008
79915,2006/03/02,,11,1,1311,65129010,NFX,NEWFIELD EXPLORATION CO,,NFX,211111,N,A,R,30044,0,1,1382,65129010,,,,,,,,,13.000,138.000,,,,,,,,,,,,,,,38.910,39.800,39.420,3482600.000,0.013889,39.420,39.440,127235.000,1.000,1.000,39.100,,0.013889,-0.000,-0.000,0.000,0.000,-0.002
79915,2006/03/03,,11,1,1311,65129010,NFX,NEWFIELD EXPLORATION CO,,NFX,211111,N,A,R,30044,0,1,1382,65129010,,,,,,,,,13.000,138.000,,,,,,,,,,,,,,,38.800,40.700,40.290,2066800.000,0.022070,40.280,40.290,127235.000,1.000,1.000,38.800,,0.022070,-0.001,-0.001,-0.001,-0.001,-0.001
79915,2006/03/06,,11,1,1311,65129010,NFX,NEWFIELD EXPLORATION CO,,NFX,211111,N,A,R,30044,0,1,1382,65129010,,,,,,,,,13.000,138.000,,,,,,,,,,,,,,,37.910,39.750,38.080,1643900.000,-0.054852,38.040,38.070,127235.000,1.000,1.000,39.540,,-0.054852,-0.007,-0.007,-0.006,-0.006,-0.007
79915,2006/03/07,,11,1,1311,65129010,NFX,NEWFIELD EXPLORATION CO,,NFX,211111,N,A,R,30044,0,1,1382,65129010,,,,,,,,,13.000,138.000,,,,,,,,,,,,,,,35.970,37.980,36.390,2093600.000,-0.044380,36.360,36.390,127235.000,1.000,1.000,37.830,,-0.044380,-0.005,-0.005,-0.010,-0.010,-0.002
79915,2006/03/08,,11,1,1311,65129010,NFX,NEWFIELD EXPLORATION CO,,NFX,211111,N,A,R,30044,0,1,1382,65129010,,,,,,,,,13.000,138.000,,,,,,,,,,,,,,,35.070,36.490,36.300,2097700.000,-0.002473,36.290,36.300,127235.000,1.000,1.000,35.520,,-0.002473,0.001,0.000,-0.001,-0.001,0.002
79915,2006/03/09,,11,1,1311,65129010,NFX,NEWFIELD EXPLORATION CO,,NFX,211111,N,A,R,30044,0,1,1382,65129010,,,,,,,,,13.000,138.000,,,,,,,,,,,,,,,35.720,36.880,36.560,1995400.000,0.007163,36.550,36.570,127235.000,1.000,1.000,36.800,,0.007163,-0.004,-0.004,-0.002,-0.002,-0.005
79915,2006/03/10,,11,1,1311,65129010,NFX,NEWFIELD EXPLORATION CO,,NFX,211111,N,A,R,30044,0,1,1382,65129010,,,,,,,,,13.000,138.000,,,,,,,,,,,,,,,35.970,37.350,36.920,2047500.000,0.009847,36.890,36.900,127235.000,1.000,1.000,36.040,,0.009847,0.007,0.007,0.007,0.006,0.007
79915,2006/03/13,,11,1,1311,65129010,NFX,NEWFIELD EXPLORATION CO,,NFX,211111,N,A,R,30044,0,1,1382,65129010,,,,,,,,,13.000,138.000,,,,,,,,,,,,,,,37.160,38.400,38.270,2526500.000,0.036566,38.260,38.270,127235.000,1.000,1.000,37.200,,0.036566,0.003,0.002,0.003,0.002,0.002
79915,2006/03/14,,11,1,1311,65129010,NFX,NEWFIELD EXPLORATION CO,,NFX,211111,N,A,R,30044,0,1,1382,65129010,,,,,,,,,13.000,138.000,,,,,,,,,,,,,,,37.650,38.840,38.640,1666400.000,0.009668,38.580,38.610,127235.000,1.000,1.000,38.500,,0.009668,0.010,0.010,0.007,0.007,0.010
79915,2006/03/15,,11,1,1311,65129010,NFX,NEWFIELD EXPLORATION CO,,NFX,211111,N,A,R,30044,0,1,1382,65129010,,,,,,,,,13.000,138.000,,,,,,,,,,,,,,,37.810,38.810,38.420,1624100.000,-0.005694,38.400,38.430,127235.000,1.000,1.000,38.640,,-0.005694,0.005,0.005,0.006,0.006,0.004
79915,2006/03/16,,11,1,1311,65129010,NFX,NEWFIELD EXPLORATION CO,,NFX,211111,N,A,R,30044,0,1,1382,65129010,,,,,,,,,13.000,138.000,,,,,,,,,,,,,,,37.890,39.810,39.630,1893300.000,0.031494,39.620,39.630,127235.000,1.000,1.000,38.430,,0.031494,0.002,0.002,0.002,0.002,0.002
79915,2006/03/17,,11,1,1311,65129010,NFX,NEWFIELD EXPLORATION CO,,NFX,211111,N,A,R,30044,0,1,1382,65129010,,,,,,,,,13.000,138.000,,,,,,,,,,,,,,,38.990,39.700,39.090,2050900.000,-0.013626,39.050,39.060,127235.000,1.000,1.000,39.630,,-0.013626,0.001,0.001,0.002,0.002,0.001
79915,2006/03/20,,11,1,1311,65129010,NFX,NEWFIELD EXPLORATION CO,,NFX,211111,N,A,R,30044,0,1,1382,65129010,,,,,,,,,13.000,138.000,,,,,,,,,,,,,,,37.690,39.300,37.940,1500300.000,-0.029419,37.910,37.920,127235.000,1.000,1.000,39.090,,-0.029419,-0.001,-0.001,0.000,0.000,-0.002
79915,2006/03/21,,11,1,1311,65129010,NFX,NEWFIELD EXPLORATION CO,,NFX,211111,N,A,R,30044,0,1,1382,65129010,,,,,,,,,13.000,138.000,,,,,,,,,,,,,,,36.520,37.660,36.910,2326700.000,-0.027148,36.820,36.890,127235.000,1.000,1.000,37.300,,-0.027148,-0.007,-0.007,-0.007,-0.007,-0.006
79915,2006/03/22,,11,1,1311,65129010,NFX,NEWFIELD EXPLORATION CO,,NFX,211111,N,A,R,30044,0,1,1382,65129010,,,,,,,,,13.000,138.000,,,,,,,,,,,,,,,36.840,37.900,37.190,2189400.000,0.007586,37.150,37.160,127235.000,1.000,1.000,36.910,,0.007586,0.006,0.006,0.006,0.006,0.006
79915,2006/03/23,,11,1,1311,65129010,NFX,NEWFIELD EXPLORATION CO,,NFX,211111,N,A,R,30044,0,1,1382,65129010,,,,,,,,,13.000,138.000,,,,,,,,,,,,,,,38.750,41.000,40.470,4041600.000,0.088196,40.460,40.600,127235.000,1.000,1.000,38.750,,0.088196,-0.001,-0.001,0.003,0.003,-0.003
79915,2006/03/24,,11,1,1311,65129010,NFX,NEWFIELD EXPLORATION CO,,NFX,211111,N,A,R,30044,0,1,1382,65129010,,,,,,,,,13.000,138.000,,,,,,,,,,,,,,,40.500,41.480,41.370,2020600.000,0.022239,41.300,41.310,127235.000,1.000,1.000,40.500,,0.022239,0.003,0.003,0.006,0.006,0.001
79915,2006/03/27,,11,1,1311,65129010,NFX,NEWFIELD EXPLORATION CO,,NFX,211111,N,A,R,30044,0,1,1382,65129010,,,,,,,,,13.000,138.000,,,,,,,,,,,,,,,40.060,41.000,40.610,1624800.000,-0.018371,40.630,40.640,127235.000,1.000,1.000,41.000,,-0.018371,-0.001,-0.001,0.001,0.001,-0.001
79915,2006/03/28,,11,1,1311,65129010,NFX,NEWFIELD EXPLORATION CO,,NFX,211111,N,A,R,30044,0,1,1382,65129010,,,,,,,,,13.000,138.000,,,,,,,,,,,,,,,40.600,41.200,40.690,1391200.000,0.001970,40.670,40.680,127235.000,1.000,1.000,40.850,,0.001970,-0.005,-0.005,-0.002,-0.003,-0.006
79915,2006/03/29,,11,1,1311,65129010,NFX,NEWFIELD EXPLORATION CO,,NFX,211111,N,A,R,30044,0,1,1382,65129010,,,,,,,,,13.000,138.000,,,,,,,,,,,,,,,40.000,41.290,41.080,1036100.000,0.009585,41.100,41.120,127235.000,1.000,1.000,40.250,,0.009585,0.009,0.009,0.011,0.011,0.007
79915,2006/03/30,,11,1,1311,65129010,NFX,NEWFIELD EXPLORATION CO,,NFX,211111,N,A,R,30044,0,1,1382,65129010,,,,,,,,,13.000,138.000,,,,,,,,,,,,,,,41.300,42.330,41.890,1994700.000,0.019718,41.850,41.880,127235.000,1.000,1.000,41.450,,0.019718,-0.001,-0.001,0.001,0.001,-0.002
79915,2006/03/31,,11,1,1311,65129010,NFX,NEWFIELD EXPLORATION CO,,NFX,211111,N,A,R,30044,0,1,1382,65129010,,,,,,,,0.000,13.000,138.000,,,,,,,,,,,,,,,40.960,42.040,41.900,1400900.000,0.000239,41.870,41.900,128515.000,1.000,1.000,41.800,,0.000239,-0.003,-0.003,0.004,0.004,-0.004
79915,2006/04/03,,11,1,1311,65129010,NFX,NEWFIELD EXPLORATION CO,,NFX,211111,N,A,R,30044,0,1,1382,65129010,,,,,,,,,13.000,138.000,,,,,,,,,,,,,,,41.950,42.600,42.250,1485000.000,0.008353,42.200,42.240,128515.000,1.000,1.000,42.090,,0.008353,0.001,0.001,-0.003,-0.003,0.002
79915,2006/04/04,,11,1,1311,65129010,NFX,NEWFIELD EXPLORATION CO,,NFX,211111,N,A,R,30044,0,1,1382,65129010,,,,,,,,,13.000,138.000,,,,,,,,,,,,,,,41.680,42.500,42.500,1142900.000,0.005917,42.460,42.470,128515.000,1.000,1.000,42.250,,0.005917,0.006,0.006,0.002,0.002,0.006
79915,2006/04/05,,11,1,1311,65129010,NFX,NEWFIELD EXPLORATION CO,,NFX,211111,N,A,R,30044,0,1,1382,65129010,,,,,,,,,13.000,138.000,,,,,,,,,,,,,,,41.814,42.670,42.200,1101200.000,-0.007059,42.200,42.210,128515.000,1.000,1.000,42.260,,-0.007059,0.005,0.005,0.004,0.004,0.004
79915,2006/04/06,,11,1,1311,65129010,NFX,NEWFIELD EXPLORATION CO,,NFX,211111,N,A,R,30044,0,1,1382,65129010,,,,,,,,,13.000,138.000,,,,,,,,,,,,,,,42.020,42.800,42.260,1370700.000,0.001422,42.260,42.270,128515.000,1.000,1.000,42.600,,0.001422,-0.001,-0.001,0.001,0.001,-0.002
79915,2006/04/07,,11,1,1311,65129010,NFX,NEWFIELD EXPLORATION CO,,NFX,211111,N,A,R,30044,0,1,1382,65129010,,,,,,,,,13.000,138.000,,,,,,,,,,,,,,,41.290,42.320,41.390,2388900.000,-0.020587,41.350,41.390,128515.000,1.000,1.000,42.100,,-0.020587,-0.010,-0.010,-0.007,-0.007,-0.010
79915,2006/04/10,,11,1,1311,65129010,NFX,NEWFIELD EXPLORATION CO,,NFX,211111,N,A,R,30044,0,1,1382,65129010,,,,,,,,,13.000,138.000,,,,,,,,,,,,,,,41.930,42.850,42.120,1023200.000,0.017637,42.020,42.120,128515.000,1.000,1.000,42.300,,0.017637,0.000,0.000,-0.002,-0.002,0.001
79915,2006/04/11,,11,1,1311,65129010,NFX,NEWFIELD EXPLORATION CO,,NFX,211111,N,A,R,30044,0,1,1382,65129010,,,,,,,,,13.000,138.000,,,,,,,,,,,,,,,42.190,42.880,42.480,1289700.000,0.008547,42.420,42.440,128515.000,1.000,1.000,42.710,,0.008547,-0.008,-0.008,-0.009,-0.010,-0.008
79915,2006/04/12,,11,1,1311,65129010,NFX,NEWFIELD EXPLORATION CO,,NFX,211111,N,A,R,30044,0,1,1382,65129010,,,,,,,,,13.000,138.000,,,,,,,,,,,,,,,41.600,42.930,41.860,1075300.000,-0.014595,41.820,41.850,128515.000,1.000,1.000,42.400,,-0.014595,0.002,0.002,0.003,0.003,0.001
79915,2006/04/13,,11,1,1311,65129010,NFX,NEWFIELD EXPLORATION CO,,NFX,211111,N,A,R,30044,0,1,1382,65129010,,,,,,,,,13.000,138.000,,,,,,,,,,,,,,,41.270,42.150,41.850,784400.000,-0.000239,41.820,41.850,128515.000,1.000,1.000,41.860,,-0.000239,0.001,0.001,0.003,0.003,0.001
79915,2006/04/17,,11,1,1311,65129010,NFX,NEWFIELD EXPLORATION CO,,NFX,211111,N,A,R,30044,0,1,1382,65129010,,,,,,,,,13.000,138.000,,,,,,,,,,,,,,,42.190,43.260,43.250,1015600.000,0.033453,43.190,43.200,128515.000,1.000,1.000,42.450,,0.033453,-0.001,-0.002,-0.001,-0.001,-0.003
79915,2006/04/18,,11,1,1311,65129010,NFX,NEWFIELD EXPLORATION CO,,NFX,211111,N,A,R,30044,0,1,1382,65129010,,,,,,,,,13.000,138.000,,,,,,,,,,,,,,,43.650,45.620,45.500,1831100.000,0.052023,45.470,45.480,128515.000,1.000,1.000,43.850,,0.052023,0.017,0.017,0.014,0.014,0.017
79915,2006/04/19,,11,1,1311,65129010,NFX,NEWFIELD EXPLORATION CO,,NFX,211111,N,A,R,30044,0,1,1382,65129010,,,,,,,,,13.000,138.000,,,,,,,,,,,,,,,44.770,47.360,47.180,2678800.000,0.036923,47.170,47.180,128515.000,1.000,1.000,44.850,,0.036923,0.004,0.004,0.008,0.008,0.002
79915,2006/04/20,,11,1,1311,65129010,NFX,NEWFIELD EXPLORATION CO,,NFX,211111,N,A,R,30044,0,1,1382,65129010,,,,,,,,,13.000,138.000,,,,,,,,,,,,,,,46.120,47.600,46.600,1797400.000,-0.012293,46.520,46.540,128515.000,1.000,1.000,47.600,,-0.012293,-0.001,-0.001,-0.002,-0.002,0.001
79915,2006/04/21,,11,1,1311,65129010,NFX,NEWFIELD EXPLORATION CO,,NFX,211111,N,A,R,30044,0,1,1382,65129010,,,,,,,,,13.000,138.000,,,,,,,,,,,,,,,46.700,47.810,47.630,1239000.000,0.022103,47.670,47.700,128515.000,1.000,1.000,46.700,,0.022103,0.000,0.000,0.001,0.001,-0.000
79915,2006/04/24,,11,1,1311,65129010,NFX,NEWFIELD EXPLORATION CO,,NFX,211111,N,A,R,30044,0,1,1382,65129010,,,,,,,,,13.000,138.000,,,,,,,,,,,,,,,45.680,47.650,46.150,1666400.000,-0.031073,46.070,46.080,128515.000,1.000,1.000,47.300,,-0.031073,-0.003,-0.003,-0.003,-0.003,-0.002
79915,2006/04/25,,11,1,1311,65129010,NFX,NEWFIELD EXPLORATION CO,,NFX,211111,N,A,R,30044,0,1,1382,65129010,,,,,,,,,13.000,138.000,,,,,,,,,,,,,,,45.207,47.190,45.710,1317900.000,-0.009534,45.730,45.760,128515.000,1.000,1.000,46.700,,-0.009534,-0.004,-0.004,-0.001,-0.001,-0.005
79915,2006/04/26,,11,1,1311,65129010,NFX,NEWFIELD EXPLORATION CO,,NFX,211111,N,A,R,30044,0,1,1382,65129010,,,,,,,,,13.000,138.000,,,,,,,,,,,,,,,44.900,46.990,45.080,968700.000,-0.013782,45.170,45.180,128515.000,1.000,1.000,45.720,,-0.013782,0.002,0.002,0.002,0.002,0.003
79915,2006/04/27,,11,1,1311,65129010,NFX,NEWFIELD EXPLORATION CO,,NFX,211111,N,A,R,30044,0,1,1382,65129010,,,,,,,,,13.000,138.000,,,,,,,,,,,,,,,43.190,45.360,44.110,2035800.000,-0.021517,44.080,44.090,128515.000,1.000,1.000,44.500,,-0.021517,0.002,0.002,-0.002,-0.002,0.003
79915,2006/04/28,,11,1,1311,65129010,NFX,NEWFIELD EXPLORATION CO,,NFX,211111,N,A,R,30044,0,1,1382,65129010,,,,,,,,0.000,13.000,138.000,,,,,,,,,,,,,,,44.120,44.950,44.600,1176100.000,0.011109,44.510,44.570,128515.000,1.000,1.000,44.400,,0.011109,0.001,0.001,0.003,0.003,0.001
79915,2006/05/01,,11,1,1311,65129010,NFX,NEWFIELD EXPLORATION CO,,NFX,211111,N,A,R,30044,0,1,1382,65129010,,,,,,,,,13.000,138.000,,,,,,,,,,,,,,,45.160,46.300,45.410,1398500.000,0.018161,45.420,45.480,128515.000,1.000,1.000,45.160,,0.018161,-0.003,-0.003,-0.003,-0.003,-0.004
79915,2006/05/02,,11,1,1311,65129010,NFX,NEWFIELD EXPLORATION CO,,NFX,211111,N,A,R,30044,0,1,1382,65129010,,,,,,,,,13.000,138.000,,,,,,,,,,,,,,,45.580,46.500,46.400,1003600.000,0.021801,46.380,46.390,128515.000,1.000,1.000,46.200,,0.021801,0.006,0.006,0.004,0.004,0.006
79915,2006/05/03,,11,1,1311,65129010,NFX,NEWFIELD EXPLORATION CO,,NFX,211111,N,A,R,30044,0,1,1382,65129010,,,,,,,,,13.000,138.000,,,,,,,,,,,,,,,46.200,47.900,47.500,2881800.000,0.023707,47.510,47.520,128515.000,1.000,1.000,46.410,,0.023707,-0.003,-0.003,-0.000,-0.000,-0.004
79915,2006/05/04,,11,1,1311,65129010,NFX,NEWFIELD EXPLORATION CO,,NFX,211111,N,A,R,30044,0,1,1382,65129010,,,,,,,,,13.000,138.000,,,,,,,,,,,,,,,46.540,48.820,47.070,2269200.000,-0.009053,47.090,47.100,128515.000,1.000,1.000,47.150,,-0.009053,0.004,0.004,0.005,0.005,0.003
79915,2006/05/05,,11,1,1311,65129010,NFX,NEWFIELD EXPLORATION CO,,NFX,211111,N,A,R,30044,0,1,1382,65129010,,,,,,,,,13.000,138.000,,,,,,,,,,,,,,,47.250,47.880,47.670,959100.000,0.012747,47.660,47.670,128515.000,1.000,1.000,47.750,,0.012747,0.011,0.011,0.007,0.007,0.010
79915,2006/05/08,,11,1,1311,65129010,NFX,NEWFIELD EXPLORATION CO,,NFX,211111,N,A,R,30044,0,1,1382,65129010,,,,,,,,,13.000,138.000,,,,,,,,,,,,,,,46.650,48.300,48.160,1422900.000,0.010279,48.120,48.130,128515.000,1.000,1.000,46.650,,0.010279,-0.000,-0.000,0.001,0.000,-0.001
79915,2006/05/09,,11,1,1311,65129010,NFX,NEWFIELD EXPLORATION CO,,NFX,211111,N,A,R,30044,0,1,1382,65129010,,,,,,,,,13.000,138.000,,,,,,,,,,,,,,,48.400,49.200,48.900,1707800.000,0.015365,48.860,48.890,128515.000,1.000,1.000,48.650,,0.015365,0.001,0.001,-0.000,-0.000,0.000
79915,2006/05/10,,11,1,1311,65129010,NFX,NEWFIELD EXPLORATION CO,,NFX,211111,N,A,R,30044,0,1,1382,65129010,,,,,,,,,13.000,138.000,,,,,,,,,,,,,,,48.840,50.250,49.960,2188900.000,0.021677,49.940,49.970,128515.000,1.000,1.000,48.900,,0.021677,-0.001,-0.002,-0.004,-0.004,-0.002
79915,2006/05/11,,11,1,1311,65129010,NFX,NEWFIELD EXPLORATION CO,,NFX,211111,N,A,R,30044,0,1,1382,65129010,,,,,,,,,13.000,138.000,,,,,,,,,,,,,,,49.500,51.750,49.920,2155600.000,-0.000801,49.930,49.970,128515.000,1.000,1.000,50.860,,-0.000801,-0.014,-0.014,-0.015,-0.015,-0.013
79915,2006/05/12,,11,1,1311,65129010,NFX,NEWFIELD EXPLORATION CO,,NFX,211111,N,A,R,30044,0,1,1382,65129010,,,,,,,,,13.000,138.000,,,,,,,,,,,,,,,47.770,49.900,47.940,2295100.000,-0.039663,47.860,47.890,128515.000,1.000,1.000,49.900,,-0.039663,-0.013,-0.013,-0.013,-0.013,-0.011
79915,2006/05/15,,11,1,1311,65129010,NFX,NEWFIELD EXPLORATION CO,,NFX,211111,N,A,R,30044,0,1,1382,65129010,,,,,,,,,13.000,138.000,,,,,,,,,,,,,,,45.280,46.640,46.020,2561700.000,-0.040050,46.030,46.040,128515.000,1.000,1.000,46.100,,-0.040050,-0.001,-0.001,-0.009,-0.009,0.003
79915,2006/05/16,,11,1,1311,65129010,NFX,NEWFIELD EXPLORATION CO,,NFX,211111,N,A,R,30044,0,1,1382,65129010,,,,,,,,,13.000,138.000,,,,,,,,,,,,,,,44.740,46.500,44.940,2663200.000,-0.023468,44.910,44.920,128515.000,1.000,1.000,46.270,,-0.023468,-0.001,-0.001,0.000,0.000,-0.002
79915,2006/05/17,,11,1,1311,65129010,NFX,NEWFIELD EXPLORATION CO,,NFX,211111,N,A,R,30044,0,1,1382,65129010,,,,,,,,,13.000,138.000,,,,,,,,,,,,,,,43.750,45.320,44.180,2314500.000,-0.016911,44.100,44.120,128515.000,1.000,1.000,44.850,,-0.016911,-0.017,-0.017,-0.013,-0.013,-0.017
79915,2006/05/18,,11,1,1311,65129010,NFX,NEWFIELD EXPLORATION CO,,NFX,211111,N,A,R,30044,0,1,1382,65129010,,,,,,,,,13.000,138.000,,,,,,,,,,,,,,,42.970,44.840,43.020,1233000.000,-0.026256,42.970,43.000,128515.000,1.000,1.000,44.330,,-0.026256,-0.007,-0.007,-0.006,-0.006,-0.007
79915,2006/05/19,,11,1,1311,65129010,NFX,NEWFIELD EXPLORATION CO,,NFX,211111,N,A,R,30044,0,1,1382,65129010,,,,,,,,,13.000,138.000,,,,,,,,,,,,,,,41.550,43.180,42.560,2633000.000,-0.010693,42.580,42.590,128515.000,1.000,1.000,42.920,,-0.010693,0.004,0.004,0.002,0.002,0.004
79915,2006/05/22,,11,1,1311,65129010,NFX,NEWFIELD EXPLORATION CO,,NFX,211111,N,A,R,30044,0,1,1382,65129010,,,,,,,,,13.000,138.000,,,,,,,,,,,,,,,40.470,42.170,41.900,2488500.000,-0.015508,41.890,41.910,128515.000,1.000,1.000,41.600,,-0.015508,-0.006,-0.006,-0.011,-0.011,-0.004
79915,2006/05/23,,11,1,1311,65129010,NFX,NEWFIELD EXPLORATION CO,,NFX,211111,N,A,R,30044,0,1,1382,65129010,,,,,,,,,13.000,138.000,,,,,,,,,,,,,,,42.350,43.650,42.480,2045400.000,0.013842,42.470,42.490,128515.000,1.000,1.000,42.360,,0.013842,-0.003,-0.003,-0.000,-0.000,-0.004
79915,2006/05/24,,11,1,1311,65129010,NFX,NEWFIELD EXPLORATION CO,,NFX,211111,N,A,R,30044,0,1,1382,65129010,,,,,,,,,13.000,138.000,,,,,,,,,,,,,,,40.750,43.080,41.700,2153500.000,-0.018362,41.690,41.700,128515.000,1.000,1.000,42.490,,-0.018362,-0.000,-0.000,-0.004,-0.004,0.002
79915,2006/05/25,,11,1,1311,65129010,NFX,NEWFIELD EXPLORATION CO,,NFX,211111,N,A,R,30044,0,1,1382,65129010,,,,,,,,,13.000,138.000,,,,,,,,,,,,,,,41.600,42.880,42.400,1263400.000,0.016787,42.350,42.390,128515.000,1.000,1.000,42.200,,0.016787,0.014,0.014,0.013,0.013,0.011
79915,2006/05/26,,11,1,1311,65129010,NFX,NEWFIELD EXPLORATION CO,,NFX,211111,N,A,R,30044,0,1,1382,65129010,,,,,,,,,13.000,138.000,,,,,,,,,,,,,,,42.060,42.880,42.590,935200.000,0.004481,42.540,42.570,128515.000,1.000,1.000,42.490,,0.004481,0.006,0.006,0.007,0.006,0.006
79915,2006/05/30,,11,1,1311,65129010,NFX,NEWFIELD EXPLORATION CO,,NFX,211111,N,A,R,30044,0,1,1382,65129010,,,,,,,,,13.000,138.000,,,,,,,,,,,,,,,42.090,43.750,42.150,1913400.000,-0.010331,42.100,42.120,128515.000,1.000,1.000,43.600,,-0.010331,-0.015,-0.015,-0.013,-0.013,-0.016
79915,2006/05/31,,11,1,1311,65129010,NFX,NEWFIELD EXPLORATION CO,,NFX,211111,N,A,R,30044,0,1,1382,65129010,,,,,,,,0.000,13.000,138.000,,,,,,,,,,,,,,,42.030,43.070,42.730,2242900.000,0.013760,42.760,42.880,128610.000,1.000,1.000,42.150,,0.013760,0.009,0.009,0.008,0.008,0.008
79915,2006/06/01,,11,1,1311,65129010,NFX,NEWFIELD EXPLORATION CO,,NFX,211111,N,A,R,30044,0,1,1382,65129010,,,,,,,,,13.000,138.000,,,,,,,,,,,,,,,42.140,44.120,44.010,2050800.000,0.029956,43.970,44.060,128610.000,1.000,1.000,42.740,,0.029956,0.013,0.013,0.012,0.012,0.012
79915,2006/06/02,,11,1,1311,65129010,NFX,NEWFIELD EXPLORATION CO,,NFX,211111,N,A,R,30044,0,1,1382,65129010,,,,,,,,,13.000,138.000,,,,,,,,,,,,,,,43.900,45.180,45.030,1353500.000,0.023177,45.040,45.060,128610.000,1.000,1.000,44.650,,0.023177,0.003,0.002,0.004,0.004,0.002
79915,2006/06/05,,11,1,1311,65129010,NFX,NEWFIELD EXPLORATION CO,,NFX,211111,N,A,R,30044,0,1,1382,65129010,,,,,,,,,13.000,138.000,,,,,,,,,,,,,,,42.910,45.660,42.970,1430400.000,-0.045747,42.910,42.920,128610.000,1.000,1.000,45.400,,-0.045747,-0.019,-0.019,-0.016,-0.016,-0.018
79915,2006/06/06,,11,1,1311,65129010,NFX,NEWFIELD EXPLORATION CO,,NFX,211111,N,A,R,30044,0,1,1382,65129010,,,,,,,,,13.000,138.000,,,,,,,,,,,,,,,42.250,43.870,43.380,1278500.000,0.009542,43.250,43.270,128610.000,1.000,1.000,42.950,,0.009542,-0.004,-0.004,-0.006,-0.006,-0.001
79915,2006/06/07,,11,1,1311,65129010,NFX,NEWFIELD EXPLORATION CO,,NFX,211111,N,A,R,30044,0,1,1382,65129010,,,,,,,,,13.000,138.000,,,,,,,,,,,,,,,41.120,43.360,41.200,1491600.000,-0.050254,41.160,41.210,128610.000,1.000,1.000,43.350,,-0.050254,-0.007,-0.007,-0.004,-0.004,-0.006
79915,2006/06/08,,11,1,1311,65129010,NFX,NEWFIELD EXPLORATION CO,,NFX,211111,N,A,R,30044,0,1,1382,65129010,,,,,,,,,13.000,138.000,,,,,,,,,,,,,,,39.420,41.360,41.270,1735200.000,0.001699,41.210,41.240,128610.000,1.000,1.000,41.200,,0.001699,-0.001,-0.001,-0.006,-0.006,0.001
79915,2006/06/09,,11,1,1311,65129010,NFX,NEWFIELD EXPLORATION CO,,NFX,211111,N,A,R,30044,0,1,1382,65129010,,,,,,,,,13.000,138.000,,,,,,,,,,,,,,,40.380,42.080,41.120,1634500.000,-0.003635,41.110,41.120,128610.000,1.000,1.000,41.650,,-0.003635,-0.003,-0.003,-0.002,-0.002,-0.004
79915,2006/06/12,,11,1,1311,65129010,NFX,NEWFIELD EXPLORATION CO,,NFX,211111,N,A,R,30044,0,1,1382,65129010,,,,,,,,,13.000,138.000,,,,,,,,,,,,,,,40.110,41.870,40.190,1205400.000,-0.022617,40.180,40.190,128610.000,1.000,1.000,41.290,,-0.022617,-0.015,-0.015,-0.018,-0.018,-0.013
79915,2006/06/13,,11,1,1311,65129010,NFX,NEWFIELD EXPLORATION CO,,NFX,211111,N,A,R,30044,0,1,1382,65129010,,,,,,,,,13.000,138.000,,,,,,,,,,,,,,,38.650,40.290,38.970,1937000.000,-0.030356,38.920,38.930,128610.000,1.000,1.000,40.080,,-0.030356,-0.013,-0.013,-0.017,-0.017,-0.010
79915,2006/06/14,,11,1,1311,65129010,NFX,NEWFIELD EXPLORATION CO,,NFX,211111,N,A,R,30044,0,1,1382,65129010,,,,,,,,,13.000,138.000,,,,,,,,,,,,,,,39.050,40.920,40.820,1901100.000,0.047472,40.820,40.830,128610.000,1.000,1.000,39.050,,0.047472,0.005,0.005,0.003,0.003,0.005
79915,2006/06/15,,11,1,1311,65129010,NFX,NEWFIELD EXPLORATION CO,,NFX,211111,N,A,R,30044,0,1,1382,65129010,,,,,,,,,13.000,138.000,,,,,,,,,,,,,,,41.130,42.970,42.820,1639700.000,0.048996,42.820,43.000,128610.000,1.000,1.000,41.250,,0.048996,0.024,0.024,0.024,0.024,0.021
79915,2006/06/16,,11,1,1311,65129010,NFX,NEWFIELD EXPLORATION CO,,NFX,211111,N,A,R,30044,0,1,1382,65129010,,,,,,,,,13.000,138.000,,,,,,,,,,,,,,,41.490,43.330,43.230,1534100.000,0.009575,43.170,43.210,128610.000,1.000,1.000,42.830,,0.009575,-0.004,-0.004,-0.005,-0.005,-0.004
79915,2006/06/19,,11,1,1311,65129010,NFX,NEWFIELD EXPLORATION CO,,NFX,211111,N,A,R,30044,0,1,1382,65129010,,,,,,,,,13.000,138.000,,,,,,,,,,,,,,,41.040,43.130,41.170,1516100.000,-0.047652,41.150,41.160,128610.000,1.000,1.000,43.130,,-0.047652,-0.010,-0.010,-0.011,-0.011,-0.009
79915,2006/06/20,,11,1,1311,65129010,NFX,NEWFIELD EXPLORATION CO,,NFX,211111,N,A,R,30044,0,1,1382,65129010,,,,,,,,,13.000,138.000,,,,,,,,,,,,,,,40.650,41.880,40.900,1667600.000,-0.006558,40.830,40.850,128610.000,1.000,1.000,41.500,,-0.006558,-0.001,-0.001,-0.001,-0.001,-0.000
79915,2006/06/21,,11,1,1311,65129010,NFX,NEWFIELD EXPLORATION CO,,NFX,211111,N,A,R,30044,0,1,1382,65129010,,,,,,,,,13.000,138.000,,,,,,,,,,,,,,,40.830,42.500,42.140,1425300.000,0.030318,42.130,42.140,128610.000,1.000,1.000,40.830,,0.030318,0.012,0.012,0.011,0.011,0.010
79915,2006/06/22,,11,1,1311,65129010,NFX,NEWFIELD EXPLORATION CO,,NFX,211111,N,A,R,30044,0,1,1382,65129010,,,,,,,,,13.000,138.000,,,,,,,,,,,,,,,41.320,42.550,41.930,1081400.000,-0.004983,41.920,41.920,128610.000,1.000,1.000,42.100,,-0.004983,-0.005,-0.005,-0.003,-0.003,-0.005
79915,2006/06/23,,11,1,1311,65129010,NFX,NEWFIELD EXPLORATION CO,,NFX,211111,N,A,R,30044,0,1,1382,65129010,,,,,,,,,13.000,138.000,,,,,,,,,,,,,,,43.650,44.680,44.200,2352900.000,0.054138,44.220,44.240,128610.000,1.000,1.000,43.990,,0.054138,0.001,0.001,0.002,0.002,-0.001
79915,2006/06/26,,11,1,1311,65129010,NFX,NEWFIELD EXPLORATION CO,,NFX,211111,N,A,R,30044,0,1,1382,65129010,,,,,,,,,13.000,138.000,,,,,,,,,,,,,,,43.100,44.930,44.820,1656700.000,0.014027,44.760,44.810,128610.000,1.000,1.000,44.200,,0.014027,0.006,0.006,0.005,0.005,0.005
79915,2006/06/27,,11,1,1311,65129010,NFX,NEWFIELD EXPLORATION CO,,NFX,211111,N,A,R,30044,0,1,1382,65129010,,,,,,,,,13.000,138.000,,,,,,,,,,,,,,,44.810,46.130,45.720,1750800.000,0.020080,45.700,45.710,128610.000,1.000,1.000,45.000,,0.020080,-0.010,-0.010,-0.010,-0.010,-0.009
79915,2006/06/28,,11,1,1311,65129010,NFX,NEWFIELD EXPLORATION CO,,NFX,211111,N,A,R,30044,0,1,1382,65129010,,,,,,,,,13.000,138.000,,,,,,,,,,,,,,,45.590,46.840,46.780,2085700.000,0.023185,46.770,46.790,128610.000,1.000,1.000,46.130,,0.023185,0.005,0.005,0.002,0.002,0.005
79915,2006/06/29,,11,1,1311,65129010,NFX,NEWFIELD EXPLORATION CO,,NFX,211111,N,A,R,30044,0,1,1382,65129010,,,,,,,,,13.000,138.000,,,,,,,,,,,,,,,47.030,48.700,48.600,1715200.000,0.038906,48.560,48.610,128610.000,1.000,1.000,47.200,,0.038906,0.024,0.024,0.022,0.022,0.022
79915,2006/06/30,,11,1,1311,65129010,NFX,NEWFIELD EXPLORATION CO,,NFX,211111,N,A,R,30044,0,1,1382,65129010,,,,,,,,0.000,13.000,138.000,,,,,,,,,,,,,,,47.860,49.460,48.940,1480200.000,0.006996,49.020,49.030,128610.000,1.000,1.000,48.700,,0.006996,0.001,0.001,0.008,0.008,-0.002
79915,2006/07/03,,11,1,1311,65129010,NFX,NEWFIELD EXPLORATION CO,,NFX,211111,N,A,R,30044,0,1,1382,65129010,,,,,,,,,13.000,138.000,,,,,,,,,,,,,,,48.930,49.720,49.710,474300.000,0.015734,49.640,49.700,128610.000,1.000,1.000,49.300,,0.015734,0.008,0.008,0.006,0.006,0.008
79915,2006/07/05,,11,1,1311,65129010,NFX,NEWFIELD EXPLORATION CO,,NFX,211111,N,A,R,30044,0,1,1382,65129010,,,,,,,,,13.000,138.000,,,,,,,,,,,,,,,47.310,49.250,48.890,1605600.000,-0.016496,48.820,48.840,128610.000,1.000,1.000,49.250,,-0.016496,-0.008,-0.009,-0.008,-0.008,-0.007
79915,2006/07/06,,11,1,1311,65129010,NFX,NEWFIELD EXPLORATION CO,,NFX,211111,N,A,R,30044,0,1,1382,65129010,,,,,,,,,13.000,138.000,,,,,,,,,,,,,,,47.740,49.230,47.960,1325200.000,-0.019022,47.930,47.970,128610.000,1.000,1.000,48.820,,-0.019022,0.002,0.002,0.002,0.002,0.002
79915,2006/07/07,,11,1,1311,65129010,NFX,NEWFIELD EXPLORATION CO,,NFX,211111,N,A,R,30044,0,1,1382,65129010,,,,,,,,,13.000,138.000,,,,,,,,,,,,,,,46.400,48.730,46.890,1275200.000,-0.022310,46.880,46.890,128610.000,1.000,1.000,47.930,,-0.022310,-0.008,-0.008,-0.009,-0.009,-0.007
79915,2006/07/10,,11,1,1311,65129010,NFX,NEWFIELD EXPLORATION CO,,NFX,211111,N,A,R,30044,0,1,1382,65129010,,,,,,,,,13.000,138.000,,,,,,,,,,,,,,,46.160,47.490,46.610,892000.000,-0.005971,46.470,46.610,128610.000,1.000,1.000,46.890,,-0.005971,0.000,0.000,-0.002,-0.002,0.001
79915,2006/07/11,,11,1,1311,65129010,NFX,NEWFIELD EXPLORATION CO,,NFX,211111,N,A,R,30044,0,1,1382,65129010,,,,,,,,,13.000,138.000,,,,,,,,,,,,,,,46.260,47.380,47.140,880600.000,0.011371,47.080,47.130,128610.000,1.000,1.000,46.810,,0.011371,0.004,0.004,0.003,0.003,0.004
79915,2006/07/12,,11,1,1311,65129010,NFX,NEWFIELD EXPLORATION CO,,NFX,211111,N,A,R,30044,0,1,1382,65129010,,,,,,,,,13.000,138.000,,,,,,,,,,,,,,,46.450,47.460,47.030,955700.000,-0.002333,47.030,47.040,128610.000,1.000,1.000,47.310,,-0.002333,-0.011,-0.011,-0.010,-0.010,-0.011
79915,2006/07/13,,11,1,1311,65129010,NFX,NEWFIELD EXPLORATION CO,,NFX,211111,N,A,R,30044,0,1,1382,65129010,,,,,,,,,13.000,138.000,,,,,,,,,,,,,,,45.730,47.250,46.080,1152400.000,-0.020200,46.030,46.070,128610.000,1.000,1.000,47.180,,-0.020200,-0.014,-0.014,-0.015,-0.015,-0.013
79915,2006/07/14,,11,1,1311,65129010,NFX,NEWFIELD EXPLORATION CO,,NFX,211111,N,A,R,30044,0,1,1382,65129010,,,,,,,,,13.000,138.000,,,,,,,,,,,,,,,45.360,46.650,46.520,933100.000,0.009549,46.500,46.520,128610.000,1.000,1.000,46.450,,0.009549,-0.005,-0.005,-0.007,-0.007,-0.005
79915,2006/07/17,,11,1,1311,65129010,NFX,NEWFIELD EXPLORATION CO,,NFX,211111,N,A,R,30044,0,1,1382,65129010,,,,,,,,,13.000,138.000,,,,,,,,,,,,,,,44.570,46.290,44.950,1138600.000,-0.033749,44.930,44.950,128610.000,1.000,1.000,46.190,,-0.033749,-0.004,-0.004,-0.007,-0.007,-0.001
79915,2006/07/18,,11,1,1311,65129010,NFX,NEWFIELD EXPLORATION CO,,NFX,211111,N,A,R,30044,0,1,1382,65129010,,,,,,,,,13.000,138.000,,,,,,,,,,,,,,,44.560,45.880,45.280,988300.000,0.007341,45.280,45.290,128610.000,1.000,1.000,45.400,,0.007341,0.002,0.002,0.000,0.000,0.002
79915,2006/07/19,,11,1,1311,65129010,NFX,NEWFIELD EXPLORATION CO,,NFX,211111,N,A,R,30044,0,1,1382,65129010,,,,,,,,,13.000,138.000,,,,,,,,,,,,,,,44.970,46.410,46.050,921800.000,0.017005,46.030,46.190,128610.000,1.000,1.000,45.290,,0.017005,0.020,0.020,0.019,0.019,0.019
79915,2006/07/20,,11,1,1311,65129010,NFX,NEWFIELD EXPLORATION CO,,NFX,211111,N,A,R,30044,0,1,1382,65129010,,,,,,,,,13.000,138.000,,,,,,,,,,,,,,,44.690,46.300,44.750,926400.000,-0.028230,44.750,44.760,128610.000,1.000,1.000,46.040,,-0.028230,-0.011,-0.011,-0.013,-0.014,-0.008
79915,2006/07/21,,11,1,1311,65129010,NFX,NEWFIELD EXPLORATION CO,,NFX,211111,N,A,R,30044,0,1,1382,65129010,,,,,,,,,13.000,138.000,,,,,,,,,,,,,,,43.780,44.900,43.780,831800.000,-0.021676,43.580,43.860,128610.000,1.000,1.000,44.760,,-0.021676,-0.009,-0.009,-0.011,-0.011,-0.007
79915,2006/07/24,,11,1,1311,65129010,NFX,NEWFIELD EXPLORATION CO,,NFX,211111,N,A,R,30044,0,1,1382,65129010,,,,,,,,,13.000,138.000,,,,,,,,,,,,,,,44.000,45.720,45.690,814100.000,0.043627,45.630,45.650,128610.000,1.000,1.000,44.000,,0.043627,0.018,0.018,0.015,0.015,0.017
79915,2006/07/25,,11,1,1311,65129010,NFX,NEWFIELD EXPLORATION CO,,NFX,211111,N,A,R,30044,0,1,1382,65129010,,,,,,,,,13.000,138.000,,,,,,,,,,,,,,,46.150,47.890,47.780,1247300.000,0.045743,47.760,47.780,128610.000,1.000,1.000,46.150,,0.045743,0.008,0.008,0.006,0.006,0.006
79915,2006/07/26,,11,1,1311,65129010,NFX,NEWFIELD EXPLORATION CO,,NFX,211111,N,A,R,30044,0,1,1382,65129010,,,,,,,,,13.000,138.000,,,,,,,,,,,,,,,47.450,49.560,48.960,1154900.000,0.024697,48.960,48.970,128610.000,1.000,1.000,47.650,,0.024697,0.000,0.000,0.001,0.001,-0.000
79915,2006/07/27,,11,1,1311,65129010,NFX,NEWFIELD EXPLORATION CO,,NFX,211111,N,A,R,30044,0,1,1382,65129010,,,,,,,,,13.000,138.000,,,,,,,,,,,,,,,44.500,47.480,45.280,4112100.000,-0.075163,45.250,45.270,128610.000,1.000,1.000,46.850,,-0.075163,-0.005,-0.006,-0.005,-0.006,-0.004
79915,2006/07/28,,11,1,1311,65129010,NFX,NEWFIELD EXPLORATION CO,,NFX,211111,N,A,R,30044,0,1,1382,65129010,,,,,,,,,13.000,138.000,,,,,,,,,,,,,,,45.130,46.200,45.650,1586400.000,0.008171,45.640,45.650,128610.000,1.000,1.000,45.280,,0.008171,0.013,0.013,0.012,0.012,0.012
79915,2006/07/31,,11,1,1311,65129010,NFX,NEWFIELD EXPLORATION CO,,NFX,211111,N,A,R,30044,0,1,1382,65129010,,,,,,,,0.000,13.000,138.000,,,,,,,,,,,,,,,45.900,46.800,46.380,1254200.000,0.015991,46.380,46.400,130759.000,1.000,1.000,46.010,,0.015991,-0.001,-0.001,0.002,0.002,-0.001
79915,2006/08/01,,11,1,1311,65129010,NFX,NEWFIELD EXPLORATION CO,,NFX,211111,N,A,R,30044,0,1,1382,65129010,,,,,,,,,13.000,138.000,,,,,,,,,,,,,,,44.990,46.400,45.630,1428300.000,-0.016171,45.570,45.650,130759.000,1.000,1.000,46.250,,-0.016171,-0.005,-0.005,-0.008,-0.008,-0.004
79915,2006/08/02,,11,1,1311,65129010,NFX,NEWFIELD EXPLORATION CO,,NFX,211111,N,A,R,30044,0,1,1382,65129010,,,,,,,,,13.000,138.000,,,,,,,,,,,,,,,43.780,46.380,44.390,2531700.000,-0.027175,44.320,44.330,130759.000,1.000,1.000,46.000,,-0.027175,0.007,0.007,0.007,0.007,0.006
79915,2006/08/03,,11,1,1311,65129010,NFX,NEWFIELD EXPLORATION CO,,NFX,211111,N,A,R,30044,0,1,1382,65129010,,,,,,,,,13.000,138.000,,,,,,,,,,,,,,,43.130,43.950,43.320,2354400.000,-0.024105,43.310,43.320,130759.000,1.000,1.000,43.570,,-0.024105,0.002,0.002,0.004,0.004,0.001
79915,2006/08/04,,11,1,1311,65129010,NFX,NEWFIELD EXPLORATION CO,,NFX,211111,N,A,R,30044,0,1,1382,65129010,,,,,,,,,13.000,138.000,,,,,,,,,,,,,,,42.370,43.900,42.870,1215300.000,-0.010388,42.860,42.890,130759.000,1.000,1.000,43.820,,-0.010388,-0.001,-0.001,-0.002,-0.002,-0.001
79915,2006/08/07,,11,1,1311,65129010,NFX,NEWFIELD EXPLORATION CO,,NFX,211111,N,A,R,30044,0,1,1382,65129010,,,,,,,,,13.000,138.000,,,,,,,,,,,,,,,42.540,43.840,43.400,1314100.000,0.012363,43.380,43.390,130759.000,1.000,1.000,42.870,,0.012363,-0.003,-0.003,-0.004,-0.004,-0.003
79915,2006/08/08,,11,1,1311,65129010,NFX,NEWFIELD EXPLORATION CO,,NFX,211111,N,A,R,30044,0,1,1382,65129010,,,,,,,,,13.000,138.000,,,,,,,,,,,,,,,43.220,44.200,43.690,1652500.000,0.006682,43.580,43.610,130759.000,1.000,1.000,43.400,,0.006682,-0.004,-0.004,-0.006,-0.006,-0.003
79915,2006/08/09,,11,1,1311,65129010,NFX,NEWFIELD EXPLORATION CO,,NFX,211111,N,A,R,30044,0,1,1382,65129010,,,,,,,,,13.000,138.000,,,,,,,,,,,,,,,44.000,45.520,44.950,1802300.000,0.028840,44.980,44.990,130759.000,1.000,1.000,44.150,,0.028840,-0.004,-0.004,-0.005,-0.005,-0.004
79915,2006/08/10,,11,1,1311,65129010,NFX,NEWFIELD EXPLORATION CO,,NFX,211111,N,A,R,30044,0,1,1382,65129010,,,,,,,,,13.000,138.000,,,,,,,,,,,,,,,44.360,45.360,45.040,1480000.000,0.002002,44.960,44.970,130759.000,1.000,1.000,44.960,,0.002002,0.004,0.004,0.003,0.002,0.005
79915,2006/08/11,,11,1,1311,65129010,NFX,NEWFIELD EXPLORATION CO,,NFX,211111,N,A,R,30044,0,1,1382,65129010,,,,,,,,,13.000,138.000,,,,,,,,,,,,,,,44.600,45.670,44.670,881500.000,-0.008215,44.650,44.670,130759.000,1.000,1.000,45.150,,-0.008215,-0.005,-0.005,-0.006,-0.007,-0.004
79915,2006/08/14,,11,1,1311,65129010,NFX,NEWFIELD EXPLORATION CO,,NFX,211111,N,A,R,30044,0,1,1382,65129010,,,,,,,,,13.000,138.000,,,,,,,,,,,,,,,42.640,44.670,43.070,1325000.000,-0.035818,43.030,43.060,130759.000,1.000,1.000,44.660,,-0.035818,0.001,0.001,0.000,0.000,0.001
79915,2006/08/15,,11,1,1311,65129010,NFX,NEWFIELD EXPLORATION CO,,NFX,211111,N,A,R,30044,0,1,1382,65129010,,,,,,,,,13.000,138.000,,,,,,,,,,,,,,,42.740,43.670,43.510,1166800.000,0.010216,43.500,43.760,130759.000,1.000,1.000,43.500,,0.010216,0.015,0.015,0.013,0.013,0.014
79915,2006/08/16,,11,1,1311,65129010,NFX,NEWFIELD EXPLORATION CO,,NFX,211111,N,A,R,30044,0,1,1382,65129010,,,,,,,,,13.000,138.000,,,,,,,,,,,,,,,43.220,44.590,43.450,1125100.000,-0.001379,43.490,43.510,130759.000,1.000,1.000,43.880,,-0.001379,0.009,0.009,0.010,0.010,0.008
79915,2006/08/17,,11,1,1311,65129010,NFX,NEWFIELD EXPLORATION CO,,NFX,211111,N,A,R,30044,0,1,1382,65129010,,,,,,,,,13.000,138.000,,,,,,,,,,,,,,,41.000,42.370,41.850,3854700.000,-0.036824,41.840,41.850,130759.000,1.000,1.000,41.490,,-0.036824,0.001,0.001,0.003,0.003,0.002
79915,2006/08/18,,11,1,1311,65129010,NFX,NEWFIELD EXPLORATION CO,,NFX,211111,N,A,R,30044,0,1,1382,65129010,,,,,,,,,13.000,138.000,,,,,,,,,,,,,,,41.210,42.070,41.670,3013900.000,-0.004301,41.610,41.630,130759.000,1.000,1.000,41.950,,-0.004301,0.003,0.003,0.003,0.003,0.004
79915,2006/08/21,,11,1,1311,65129010,NFX,NEWFIELD EXPLORATION CO,,NFX,211111,N,A,R,30044,0,1,1382,65129010,,,,,,,,,13.000,138.000,,,,,,,,,,,,,,,41.340,42.300,41.380,1961700.000,-0.006959,41.380,41.400,130759.000,1.000,1.000,41.870,,-0.006959,-0.003,-0.003,-0.003,-0.003,-0.004
79915,2006/08/22,,11,1,1311,65129010,NFX,NEWFIELD EXPLORATION CO,,NFX,211111,N,A,R,30044,0,1,1382,65129010,,,,,,,,,13.000,138.000,,,,,,,,,,,,,,,41.160,41.800,41.580,2551100.000,0.004833,41.550,41.590,130759.000,1.000,1.000,41.500,,0.004833,0.001,0.001,0.003,0.003,0.001
79915,2006/08/23,,11,1,1311,65129010,NFX,NEWFIELD EXPLORATION CO,,NFX,211111,N,A,R,30044,0,1,1382,65129010,,,,,,,,,13.000,138.000,,,,,,,,,,,,,,,40.300,41.510,41.350,2434200.000,-0.005532,41.330,41.350,130759.000,1.000,1.000,41.350,,-0.005532,-0.005,-0.005,-0.006,-0.006,-0.004
79915,2006/08/24,,11,1,1311,65129010,NFX,NEWFIELD EXPLORATION CO,,NFX,211111,N,A,R,30044,0,1,1382,65129010,,,,,,,,,13.000,138.000,,,,,,,,,,,,,,,41.180,43.020,43.020,2282600.000,0.040387,42.980,43.000,130759.000,1.000,1.000,41.360,,0.040387,0.001,0.001,0.001,0.001,0.002
79915,2006/08/25,,11,1,1311,65129010,NFX,NEWFIELD EXPLORATION CO,,NFX,211111,N,A,R,30044,0,1,1382,65129010,,,,,,,,,13.000,138.000,,,,,,,,,,,,,,,44.670,47.150,45.070,2870900.000,0.047652,45.070,45.150,130759.000,1.000,1.000,45.700,,0.047652,-0.000,-0.000,0.002,0.002,-0.001
79915,2006/08/28,,11,1,1311,65129010,NFX,NEWFIELD EXPLORATION CO,,NFX,211111,N,A,R,30044,0,1,1382,65129010,,,,,,,,,13.000,138.000,,,,,,,,,,,,,,,43.750,45.030,44.210,1719700.000,-0.019081,44.200,44.230,130759.000,1.000,1.000,44.820,,-0.019081,0.006,0.006,0.005,0.005,0.005
79915,2006/08/29,,11,1,1311,65129010,NFX,NEWFIELD EXPLORATION CO,,NFX,211111,N,A,R,30044,0,1,1382,65129010,,,,,,,,,13.000,138.000,,,,,,,,,,,,,,,43.230,44.220,43.620,1792600.000,-0.013345,43.560,43.610,130759.000,1.000,1.000,44.220,,-0.013345,0.003,0.003,0.007,0.007,0.002
79915,2006/08/30,,11,1,1311,65129010,NFX,NEWFIELD EXPLORATION CO,,NFX,211111,N,A,R,30044,0,1,1382,65129010,,,,,,,,,13.000,138.000,,,,,,,,,,,,,,,42.670,43.750,43.170,1125900.000,-0.010316,43.150,43.180,130759.000,1.000,1.000,43.520,,-0.010316,0.001,0.001,0.005,0.005,-0.000
79915,2006/08/31,,11,1,1311,65129010,NFX,NEWFIELD EXPLORATION CO,,NFX,211111,N,A,R,30044,0,1,1382,65129010,,,,,,,,0.000,13.000,138.000,,,,,,,,,,,,,,,42.900,43.890,43.240,1047800.000,0.001622,43.290,43.320,130759.000,1.000,1.000,43.200,,0.001622,0.001,0.001,0.003,0.003,-0.000
79915,2006/09/01,,11,1,1311,65129010,NFX,NEWFIELD EXPLORATION CO,,NFX,211111,N,A,R,30044,0,1,1382,65129010,,,,,,,,,13.000,138.000,,,,,,,,,,,,,,,43.250,44.500,44.280,1186200.000,0.024052,44.230,44.270,130759.000,1.000,1.000,43.250,,0.024052,0.005,0.005,0.004,0.004,0.006
79915,2006/09/05,,11,1,1311,65129010,NFX,NEWFIELD EXPLORATION CO,,NFX,211111,N,A,R,30044,0,1,1382,65129010,,,,,,,,,13.000,138.000,,,,,,,,,,,,,,,43.164,44.280,44.050,1471400.000,-0.005194,44.040,44.060,130759.000,1.000,1.000,43.220,,-0.005194,0.003,0.003,0.004,0.004,0.002
79915,2006/09/06,,11,1,1311,65129010,NFX,NEWFIELD EXPLORATION CO,,NFX,211111,N,A,R,30044,0,1,1382,65129010,,,,,,,,,13.000,138.000,,,,,,,,,,,,,,,42.510,43.640,42.710,1786400.000,-0.030420,42.690,42.710,130759.000,1.000,1.000,43.500,,-0.030420,-0.011,-0.012,-0.013,-0.013,-0.010
79915,2006/09/07,,11,1,1311,65129010,NFX,NEWFIELD EXPLORATION CO,,NFX,211111,N,A,R,30044,0,1,1382,65129010,,,,,,,,,13.000,138.000,,,,,,,,,,,,,,,41.570,42.480,41.900,1707800.000,-0.018965,41.890,41.900,130759.000,1.000,1.000,42.430,,-0.018965,-0.005,-0.005,-0.005,-0.005,-0.005
79915,2006/09/08,,11,1,1311,65129010,NFX,NEWFIELD EXPLORATION CO,,NFX,211111,N,A,R,30044,0,1,1382,65129010,,,,,,,,,13.000,138.000,,,,,,,,,,,,,,,40.120,41.990,40.170,1593600.000,-0.041289,40.170,40.190,130759.000,1.000,1.000,41.800,,-0.041289,0.002,0.002,0.001,0.001,0.004
79915,2006/09/11,,11,1,1311,65129010,NFX,NEWFIELD EXPLORATION CO,,NFX,211111,N,A,R,30044,0,1,1382,65129010,,,,,,,,,13.000,138.000,,,,,,,,,,,,,,,38.630,39.630,38.760,1899400.000,-0.035101,38.740,38.760,130759.000,1.000,1.000,39.620,,-0.035101,-0.002,-0.002,-0.004,-0.004,0.000
79915,2006/09/12,,11,1,1311,65129010,NFX,NEWFIELD EXPLORATION CO,,NFX,211111,N,A,R,30044,0,1,1382,65129010,,,,,,,,,13.000,138.000,,,,,,,,,,,,,,,38.200,39.760,38.380,1431000.000,-0.009804,38.330,38.370,130759.000,1.000,1.000,38.700,,-0.009804,0.011,0.011,0.012,0.012,0.010
79915,2006/09/13,,11,1,1311,65129010,NFX,NEWFIELD EXPLORATION CO,,NFX,211111,N,A,R,30044,0,1,1382,65129010,,,,,,,,,13.000,138.000,,,,,,,,,,,,,,,38.450,39.650,38.990,1168800.000,0.015894,38.990,39.000,130759.000,1.000,1.000,38.530,,0.015894,0.005,0.005,0.007,0.006,0.004
79915,2006/09/14,,11,1,1311,65129010,NFX,NEWFIELD EXPLORATION CO,,NFX,211111,N,A,R,30044,0,1,1382,65129010,,,,,,,,,13.000,138.000,,,,,,,,,,,,,,,37.600,39.230,37.850,1580100.000,-0.029238,37.840,37.850,130759.000,1.000,1.000,39.010,,-0.029238,-0.002,-0.002,-0.002,-0.002,-0.001
79915,2006/09/15,,11,1,1311,65129010,NFX,NEWFIELD EXPLORATION CO,,NFX,211111,N,A,R,30044,0,1,1382,65129010,,,,,,,,,13.000,138.000,,,,,,,,,,,,,,,37.180,37.840,37.640,1508100.000,-0.005548,37.590,37.600,130759.000,1.000,1.000,37.600,,-0.005548,0.002,0.002,0.002,0.001,0.003
79915,2006/09/18,,11,1,1311,65129010,NFX,NEWFIELD EXPLORATION CO,,NFX,211111,N,A,R,30044,0,1,1382,65129010,,,,,,,,,13.000,138.000,,,,,,,,,,,,,,,37.550,38.860,38.620,1357900.000,0.026036,38.580,38.600,130759.000,1.000,1.000,37.750,,0.026036,0.002,0.002,0.001,0.001,0.001
79915,2006/09/19,,11,1,1311,65129010,NFX,NEWFIELD EXPLORATION CO,,NFX,211111,N,A,R,30044,0,1,1382,65129010,,,,,,,,,13.000,138.000,,,,,,,,,,,,,,,37.520,39.410,38.010,1352600.000,-0.015795,38.000,38.010,130759.000,1.000,1.000,38.870,,-0.015795,-0.003,-0.003,-0.004,-0.004,-0.002
79915,2006/09/20,,11,1,1311,65129010,NFX,NEWFIELD EXPLORATION CO,,NFX,211111,N,A,R,30044,0,1,1382,65129010,,,,,,,,,13.000,138.000,,,,,,,,,,,,,,,36.640,38.250,36.840,1419000.000,-0.030781,36.840,36.850,130759.000,1.000,1.000,37.720,,-0.030781,0.005,0.005,0.005,0.005,0.005
79915,2006/09/21,,11,1,1311,65129010,NFX,NEWFIELD EXPLORATION CO,,NFX,211111,N,A,R,30044,0,1,1382,65129010,,,,,,,,,13.000,138.000,,,,,,,,,,,,,,,37.250,38.180,37.740,1325500.000,0.024430,37.730,37.740,130759.000,1.000,1.000,37.450,,0.024430,-0.004,-0.005,-0.004,-0.004,-0.005
79915,2006/09/22,,11,1,1311,65129010,NFX,NEWFIELD EXPLORATION CO,,NFX,211111,N,A,R,30044,0,1,1382,65129010,,,,,,,,,13.000,138.000,,,,,,,,,,,,,,,37.000,38.040,37.060,1272000.000,-0.018018,37.080,37.090,130759.000,1.000,1.000,38.040,,-0.018018,-0.004,-0.004,-0.005,-0.005,-0.002
79915,2006/09/25,,11,1,1311,65129010,NFX,NEWFIELD EXPLORATION CO,,NFX,211111,N,A,R,30044,0,1,1382,65129010,,,,,,,,,13.000,138.000,,,,,,,,,,,,,,,34.990,36.930,36.730,2251800.000,-0.008905,36.700,36.730,130759.000,1.000,1.000,36.450,,-0.008905,0.008,0.008,0.005,0.005,0.009
79915,2006/09/26,,11,1,1311,65129010,NFX,NEWFIELD EXPLORATION CO,,NFX,211111,N,A,R,30044,0,1,1382,65129010,,,,,,,,,13.000,138.000,,,,,,,,,,,,,,,36.490,37.550,37.150,1571300.000,0.011435,37.110,37.130,130759.000,1.000,1.000,36.740,,0.011435,0.007,0.007,0.004,0.004,0.008
79915,2006/09/27,,11,1,1311,65129010,NFX,NEWFIELD EXPLORATION CO,,NFX,211111,N,A,R,30044,0,1,1382,65129010,,,,,,,,,13.000,138.000,,,,,,,,,,,,,,,37.300,38.860,38.670,3372800.000,0.040915,38.750,38.760,130759.000,1.000,1.000,37.300,,0.040915,0.002,0.002,0.004,0.003,0.000
79915,2006/09/28,,11,1,1311,65129010,NFX,NEWFIELD EXPLORATION CO,,NFX,211111,N,A,R,30044,0,1,1382,65129010,,,,,,,,,13.000,138.000,,,,,,,,,,,,,,,38.010,39.100,38.480,1442900.000,-0.004913,38.450,38.480,130759.000,1.000,1.000,38.640,,-0.004913,0.002,0.002,0.001,0.001,0.002
79915,2006/09/29,,11,1,1311,65129010,NFX,NEWFIELD EXPLORATION CO,,NFX,211111,N,A,R,30044,0,1,1382,65129010,,,,,,,,0.000,13.000,138.000,,,,,,,,,,,,,,,37.690,39.010,38.540,1268900.000,0.001559,38.510,38.520,130759.000,1.000,1.000,38.470,,0.001559,-0.003,-0.003,-0.002,-0.002,-0.002
79915,2006/10/02,,11,1,1311,65129010,NFX,NEWFIELD EXPLORATION CO,,NFX,211111,N,A,R,30044,0,1,1382,65129010,,,,,,,,,13.000,138.000,,,,,,,,,,,,,,,37.180,38.650,37.300,1315000.000,-0.032174,37.320,37.330,130759.000,1.000,1.000,38.540,,-0.032174,-0.004,-0.004,-0.006,-0.006,-0.003
79915,2006/10/03,,11,1,1311,65129010,NFX,NEWFIELD EXPLORATION CO,,NFX,211111,N,A,R,30044,0,1,1382,65129010,,,,,,,,,13.000,138.000,,,,,,,,,,,,,,,36.030,37.010,36.250,1943300.000,-0.028150,36.200,36.220,130759.000,1.000,1.000,37.000,,-0.028150,-0.000,-0.000,-0.003,-0.003,0.002
79915,2006/10/04,,11,1,1311,65129010,NFX,NEWFIELD EXPLORATION CO,,NFX,211111,N,A,R,30044,0,1,1382,65129010,,,,,,,,,13.000,138.000,,,,,,,,,,,,,,,34.900,36.700,36.470,2308500.000,0.006069,36.440,36.470,130759.000,1.000,1.000,36.130,,0.006069,0.012,0.012,0.011,0.011,0.012
79915,2006/10/05,,11,1,1311,65129010,NFX,NEWFIELD EXPLORATION CO,,NFX,211111,N,A,R,30044,0,1,1382,65129010,,,,,,,,,13.000,138.000,,,,,,,,,,,,,,,36.590,37.880,36.980,1685900.000,0.013984,36.960,36.980,130759.000,1.000,1.000,37.250,,0.013984,0.005,0.005,0.009,0.008,0.002
79915,2006/10/06,,11,1,1311,65129010,NFX,NEWFIELD EXPLORATION CO,,NFX,211111,N,A,R,30044,0,1,1382,65129010,,,,,,,,,13.000,138.000,,,,,,,,,,,,,,,36.450,37.430,37.270,1655100.000,0.007842,37.260,37.320,130759.000,1.000,1.000,36.770,,0.007842,-0.003,-0.003,-0.001,-0.001,-0.003
79915,2006/10/09,,11,1,1311,65129010,NFX,NEWFIELD EXPLORATION CO,,NFX,211111,N,A,R,30044,0,1,1382,65129010,,,,,,,,,13.000,138.000,,,,,,,,,,,,,,,37.140,38.630,37.290,1665800.000,0.000537,37.270,37.280,130759.000,1.000,1.000,38.150,,0.000537,0.002,0.002,0.004,0.004,0.001
79915,2006/10/10,,11,1,1311,65129010,NFX,NEWFIELD EXPLORATION CO,,NFX,211111,N,A,R,30044,0,1,1382,65129010,,,,,,,,,13.000,138.000,,,,,,,,,,,,,,,37.250,38.730,38.700,1895900.000,0.037812,38.640,38.680,130759.000,1.000,1.000,37.290,,0.037812,0.002,0.002,0.003,0.003,0.002
79915,2006/10/11,,11,1,1311,65129010,NFX,NEWFIELD EXPLORATION CO,,NFX,211111,N,A,R,30044,0,1,1382,65129010,,,,,,,,,13.000,138.000,,,,,,,,,,,,,,,37.500,38.610,37.610,1190600.000,-0.028165,37.570,37.600,130759.000,1.000,1.000,38.350,,-0.028165,-0.004,-0.004,-0.003,-0.003,-0.003
79915,2006/10/12,,11,1,1311,65129010,NFX,NEWFIELD EXPLORATION CO,,NFX,211111,N,A,R,30044,0,1,1382,65129010,,,,,,,,,13.000,138.000,,,,,,,,,,,,,,,37.630,38.530,38.350,828500.000,0.019676,38.320,38.330,130759.000,1.000,1.000,37.630,,0.019676,0.011,0.011,0.013,0.013,0.010
79915,2006/10/13,,11,1,1311,65129010,NFX,NEWFIELD EXPLORATION CO,,NFX,211111,N,A,R,30044,0,1,1382,65129010,,,,,,,,,13.000,138.000,,,,,,,,,,,,,,,38.490,39.400,39.300,1145900.000,0.024772,39.200,39.280,130759.000,1.000,1.000,38.550,,0.024772,0.003,0.003,0.005,0.005,0.002
79915,2006/10/16,,11,1,1311,65129010,NFX,NEWFIELD EXPLORATION CO,,NFX,211111,N,A,R,30044,0,1,1382,65129010,,,,,,,,,13.000,138.000,,,,,,,,,,,,,,,39.300,40.940,40.870,1125000.000,0.039949,40.830,40.920,130759.000,1.000,1.000,39.300,,0.039949,0.004,0.004,0.008,0.007,0.003
79915,2006/10/17,,11,1,1311,65129010,NFX,NEWFIELD EXPLORATION CO,,NFX,211111,N,A,R,30044,0,1,1382,65129010,,,,,,,,,13.000,138.000,,,,,,,,,,,,,,,39.270,40.810,39.680,1161600.000,-0.029117,39.650,39.690,130759.000,1.000,1.000,40.660,,-0.029117,-0.005,-0.005,-0.004,-0.004,-0.004
79915,2006/10/18,,11,1,1311,65129010,NFX,NEWFIELD EXPLORATION CO,,NFX,211111,N,A,R,30044,0,1,1382,65129010,,,,,,,,,13.000,138.000,,,,,,,,,,,,,,,37.970,39.180,38.310,2723000.000,-0.034526,38.260,38.300,130759.000,1.000,1.000,38.990,,-0.034526,0.001,0.001,0.001,0.000,0.001
79915,2006/10/19,,11,1,1311,65129010,NFX,NEWFIELD EXPLORATION CO,,NFX,211111,N,A,R,30044,0,1,1382,65129010,,,,,,,,,13.000,138.000,,,,,,,,,,,,,,,38.480,39.550,39.410,1603800.000,0.028713,39.450,39.460,130759.000,1.000,1.000,38.530,,0.028713,0.002,0.002,0.005,0.005,0.001
79915,2006/10/20,,11,1,1311,65129010,NFX,NEWFIELD EXPLORATION CO,,NFX,211111,N,A,R,30044,0,1,1382,65129010,,,,,,,,,13.000,138.000,,,,,,,,,,,,,,,38.690,39.600,38.850,1357300.000,-0.014210,38.800,38.810,130759.000,1.000,1.000,39.340,,-0.014210,-0.000,-0.000,-0.003,-0.003,0.001
79915,2006/10/23,,11,1,1311,65129010,NFX,NEWFIELD EXPLORATION CO,,NFX,211111,N,A,R,30044,0,1,1382,65129010,,,,,,,,,13.000,138.000,,,,,,,,,,,,,,,38.840,39.940,39.640,1446800.000,0.020335,39.630,39.640,130759.000,1.000,1.000,38.850,,0.020335,0.005,0.005,0.001,0.001,0.006
79915,2006/10/24,,11,1,1311,65129010,NFX,NEWFIELD EXPLORATION CO,,NFX,211111,N,A,R,30044,0,1,1382,65129010,,,,,,,,,13.000,138.000,,,,,,,,,,,,,,,39.340,40.700,40.550,1201100.000,0.022957,40.490,40.520,130759.000,1.000,1.000,39.400,,0.022957,0.001,0.001,0.000,0.000,0.000
79915,2006/10/25,,11,1,1311,65129010,NFX,NEWFIELD EXPLORATION CO,,NFX,211111,N,A,R,30044,0,1,1382,65129010,,,,,,,,,13.000,138.000,,,,,,,,,,,,,,,40.210,42.070,41.830,1586600.000,0.031566,41.800,41.810,130759.000,1.000,1.000,40.950,,0.031566,0.004,0.004,0.004,0.004,0.004
79915,2006/10/26,,11,1,1311,65129010,NFX,NEWFIELD EXPLORATION CO,,NFX,211111,N,A,R,30044,0,1,1382,65129010,,,,,,,,,13.000,138.000,,,,,,,,,,,,,,,41.110,43.150,41.990,2974000.000,0.003825,42.000,42.000,130759.000,1.000,1.000,43.150,,0.003825,0.006,0.006,0.007,0.007,0.005
79915,2006/10/27,,11,1,1311,65129010,NFX,NEWFIELD EXPLORATION CO,,NFX,211111,N,A,R,30044,0,1,1382,65129010,,,,,,,,,13.000,138.000,,,,,,,,,,,,,,,40.420,42.180,40.740,1777000.000,-0.029769,40.750,40.770,130759.000,1.000,1.000,41.990,,-0.029769,-0.008,-0.008,-0.005,-0.006,-0.008
79915,2006/10/30,,11,1,1311,65129010,NFX,NEWFIELD EXPLORATION CO,,NFX,211111,N,A,R,30044,0,1,1382,65129010,,,,,,,,,13.000,138.000,,,,,,,,,,,,,,,39.720,40.460,39.840,1446400.000,-0.022091,39.830,39.840,130759.000,1.000,1.000,40.000,,-0.022091,0.000,0.000,0.001,0.001,0.000
79915,2006/10/31,,11,1,1311,65129010,NFX,NEWFIELD EXPLORATION CO,,NFX,211111,N,A,R,30044,0,1,1382,65129010,,,,,,,,0.000,13.000,138.000,,,,,,,,,,,,,,,39.670,40.810,40.790,1671900.000,0.023845,40.700,40.720,128977.000,1.000,1.000,39.840,,0.023845,0.000,0.000,0.001,0.001,0.000
79915,2006/11/01,,11,1,1311,65129010,NFX,NEWFIELD EXPLORATION CO,,NFX,211111,N,A,R,30044,0,1,1382,65129010,,,,,,,,,13.000,138.000,,,,,,,,,,,,,,,40.040,41.430,40.450,1416900.000,-0.008335,40.450,40.490,128977.000,1.000,1.000,41.040,,-0.008335,-0.009,-0.009,-0.010,-0.010,-0.007
79915,2006/11/02,,11,1,1311,65129010,NFX,NEWFIELD EXPLORATION CO,,NFX,211111,N,A,R,30044,0,1,1382,65129010,,,,,,,,,13.000,138.000,,,,,,,,,,,,,,,39.650,41.210,40.530,1440500.000,0.001978,40.530,40.540,128977.000,1.000,1.000,40.220,,0.001978,-0.000,-0.000,-0.003,-0.003,-0.000
79915,2006/11/03,,11,1,1311,65129010,NFX,NEWFIELD EXPLORATION CO,,NFX,211111,N,A,R,30044,0,1,1382,65129010,,,,,,,,,13.000,138.000,,,,,,,,,,,,,,,40.900,42.340,42.220,1069100.000,0.041698,42.200,42.220,128977.000,1.000,1.000,40.900,,0.041698,-0.000,-0.000,0.003,0.003,-0.002
79915,2006/11/06,,11,1,1311,65129010,NFX,NEWFIELD EXPLORATION CO,,NFX,211111,N,A,R,30044,0,1,1382,65129010,,,,,,,,,13.000,138.000,,,,,,,,,,,,,,,41.760,42.440,42.090,1049300.000,-0.003079,42.070,42.100,128977.000,1.000,1.000,42.220,,-0.003079,0.012,0.011,0.009,0.009,0.011
79915,2006/11/07,,11,1,1311,65129010,NFX,NEWFIELD EXPLORATION CO,,NFX,211111,N,A,R,30044,0,1,1382,65129010,,,,,,,,,13.000,138.000,,,,,,,,,,,,,,,41.210,42.190,41.640,1331600.000,-0.010691,41.650,41.680,128977.000,1.000,1.000,42.190,,-0.010691,0.002,0.002,0.001,0.001,0.002
79915,2006/11/08,,11,1,1311,65129010,NFX,NEWFIELD EXPLORATION CO,,NFX,211111,N,A,R,30044,0,1,1382,65129010,,,,,,,,,13.000,138.000,,,,,,,,,,,,,,,41.380,42.930,42.530,925700.000,0.021374,42.520,42.560,128977.000,1.000,1.000,41.440,,0.021374,0.003,0.003,0.004,0.004,0.002
79915,2006/11/09,,11,1,1311,65129010,NFX,NEWFIELD EXPLORATION CO,,NFX,211111,N,A,R,30044,0,1,1382,65129010,,,,,,,,,13.000,138.000,,,,,,,,,,,,,,,42.620,43.820,43.260,1098900.000,0.017164,43.190,43.180,128977.000,1.000,1.000,42.770,,0.017164,-0.005,-0.005,-0.004,-0.004,-0.005
79915,2006/11/10,,11,1,1311,65129010,NFX,NEWFIELD EXPLORATION CO,,NFX,211111,N,A,R,30044,0,1,1382,65129010,,,,,,,,,13.000,138.000,,,,,,,,,,,,,,,42.290,43.240,42.570,850200.000,-0.015950,42.520,42.550,128977.000,1.000,1.000,43.230,,-0.015950,0.002,0.002,0.004,0.004,0.002
79915,2006/11/13,,11,1,1311,65129010,NFX,NEWFIELD EXPLORATION CO,,NFX,211111,N,A,R,30044,0,1,1382,65129010,,,,,,,,,13.000,138.000,,,,,,,,,,,,,,,41.630,43.000,42.910,1139200.000,0.007987,42.900,42.930,128977.000,1.000,1.000,42.100,,0.007987,0.002,0.002,0.003,0.003,0.003
79915,2006/11/14,,11,1,1311,65129010,NFX,NEWFIELD EXPLORATION CO,,NFX,211111,N,A,R,30044,0,1,1382,65129010,,,,,,,,,13.000,138.000,,,,,,,,,,,,,,,42.340,43.300,43.150,1252700.000,0.005593,43.080,43.120,128977.000,1.000,1.000,43.000,,0.005593,0.007,0.007,0.008,0.008,0.006
79915,2006/11/15,,11,1,1311,65129010,NFX,NEWFIELD EXPLORATION CO,,NFX,211111,N,A,R,30044,0,1,1382,65129010,,,,,,,,,13.000,138.000,,,,,,,,,,,,,,,43.000,45.200,44.550,2093200.000,0.032445,44.500,44.510,128977.000,1.000,1.000,43.250,,0.032445,0.004,0.004,0.006,0.005,0.002
79915,2006/11/16,,11,1,1311,65129010,NFX,NEWFIELD EXPLORATION CO,,NFX,211111,N,A,R,30044,0,1,1382,65129010,,,,,,,,,13.000,138.000,,,,,,,,,,,,,,,43.200,45.020,43.640,1986000.000,-0.020426,43.610,43.620,128977.000,1.000,1.000,44.870,,-0.020426,0.001,0.001,0.000,0.000,0.002
79915,2006/11/17,,11,1,1311,65129010,NFX,NEWFIELD EXPLORATION CO,,NFX,211111,N,A,R,30044,0,1,1382,65129010,,,,,,,,,13.000,138.000,,,,,,,,,,,,,,,44.000,47.430,46.410,3717400.000,0.063474,46.390,46.400,128977.000,1.000,1.000,44.000,,0.063474,0.000,0.000,-0.001,-0.001,0.001
79915,2006/11/20,,11,1,1311,65129010,NFX,NEWFIELD EXPLORATION CO,,NFX,211111,N,A,R,30044,0,1,1382,65129010,,,,,,,,,13.000,138.000,,,,,,,,,,,,,,,45.780,47.160,46.570,2117000.000,0.003448,46.580,46.600,128977.000,1.000,1.000,46.300,,0.003448,0.000,0.000,0.001,0.001,-0.001
79915,2006/11/21,,11,1,1311,65129010,NFX,NEWFIELD EXPLORATION CO,,NFX,211111,N,A,R,30044,0,1,1382,65129010,,,,,,,,,13.000,138.000,,,,,,,,,,,,,,,46.820,47.780,46.920,1799700.000,0.007516,46.890,46.900,128977.000,1.000,1.000,47.010,,0.007516,0.003,0.003,0.003,0.003,0.002
79915,2006/11/22,,11,1,1311,65129010,NFX,NEWFIELD EXPLORATION CO,,NFX,211111,N,A,R,30044,0,1,1382,65129010,,,,,,,,,13.000,138.000,,,,,,,,,,,,,,,46.090,47.290,47.290,1273900.000,0.007886,47.230,47.250,128977.000,1.000,1.000,47.070,,0.007886,0.003,0.003,0.003,0.003,0.002
79915,2006/11/24,,11,1,1311,65129010,NFX,NEWFIELD EXPLORATION CO,,NFX,211111,N,A,R,30044,0,1,1382,65129010,,,,,,,,,13.000,138.000,,,,,,,,,,,,,,,46.640,47.680,46.850,507300.000,-0.009304,46.830,46.850,128977.000,1.000,1.000,47.320,,-0.009304,-0.002,-0.002,0.002,0.002,-0.004
79915,2006/11/27,,11,1,1311,65129010,NFX,NEWFIELD EXPLORATION CO,,NFX,211111,N,A,R,30044,0,1,1382,65129010,,,,,,,,,13.000,138.000,,,,,,,,,,,,,,,46.730,47.240,46.830,1117300.000,-0.000427,46.850,46.870,128977.000,1.000,1.000,46.960,,-0.000427,-0.015,-0.015,-0.014,-0.014,-0.014
79915,2006/11/28,,11,1,1311,65129010,NFX,NEWFIELD EXPLORATION CO,,NFX,211111,N,A,R,30044,0,1,1382,65129010,,,,,,,,,13.000,138.000,,,,,,,,,,,,,,,46.940,48.040,47.840,1885800.000,0.021567,47.780,47.810,128977.000,1.000,1.000,46.940,,0.021567,0.003,0.003,0.003,0.003,0.003
79915,2006/11/29,,11,1,1311,65129010,NFX,NEWFIELD EXPLORATION CO,,NFX,211111,N,A,R,30044,0,1,1382,65129010,,,,,,,,,13.000,138.000,,,,,,,,,,,,,,,47.900,49.740,49.700,1766200.000,0.038880,49.660,49.700,128977.000,1.000,1.000,48.090,,0.038880,0.010,0.009,0.010,0.010,0.009
79915,2006/11/30,,11,1,1311,65129010,NFX,NEWFIELD EXPLORATION CO,,NFX,211111,N,A,R,30044,0,1,1382,65129010,,,,,,,,0.000,13.000,138.000,,,,,,,,,,,,,,,48.940,50.160,49.770,2611500.000,0.001408,49.720,49.730,128977.000,1.000,1.000,49.700,,0.001408,0.002,0.002,0.004,0.004,0.001
79915,2006/12/01,,11,1,1311,65129010,NFX,NEWFIELD EXPLORATION CO,,NFX,211111,N,A,R,30044,0,1,1382,65129010,,,,,,,,,13.000,138.000,,,,,,,,,,,,,,,48.500,49.710,49.650,2127500.000,-0.002411,49.640,49.650,128977.000,1.000,1.000,49.700,,-0.002411,-0.003,-0.003,-0.003,-0.003,-0.003
79915,2006/12/04,,11,1,1311,65129010,NFX,NEWFIELD EXPLORATION CO,,NFX,211111,N,A,R,30044,0,1,1382,65129010,,,,,,,,,13.000,138.000,,,,,,,,,,,,,,,47.670,49.700,48.190,1752600.000,-0.029406,48.200,48.210,128977.000,1.000,1.000,49.060,,-0.029406,0.010,0.010,0.009,0.009,0.009
79915,2006/12/05,,11,1,1311,65129010,NFX,NEWFIELD EXPLORATION CO,,NFX,211111,N,A,R,30044,0,1,1382,65129010,,,,,,,,,13.000,138.000,,,,,,,,,,,,,,,47.760,49.010,48.020,1637700.000,-0.003528,48.070,48.080,128977.000,1.000,1.000,48.420,,-0.003528,0.004,0.004,0.004,0.004,0.004
79915,2006/12/06,,11,1,1311,65129010,NFX,NEWFIELD EXPLORATION CO,,NFX,211111,N,A,R,30044,0,1,1382,65129010,,,,,,,,,13.000,138.000,,,,,,,,,,,,,,,47.810,48.920,47.940,1173500.000,-0.001666,47.940,47.960,128977.000,1.000,1.000,48.030,,-0.001666,-0.001,-0.001,0.000,0.000,-0.001
79915,2006/12/07,,11,1,1311,65129010,NFX,NEWFIELD EXPLORATION CO,,NFX,211111,N,A,R,30044,0,1,1382,65129010,,,,,,,,,13.000,138.000,,,,,,,,,,,,,,,46.890,47.970,47.070,2140300.000,-0.018148,47.050,47.130,128977.000,1.000,1.000,47.800,,-0.018148,-0.003,-0.003,-0.001,-0.001,-0.004
79915,2006/12/08,,11,1,1311,65129010,NFX,NEWFIELD EXPLORATION CO,,NFX,211111,N,A,R,30044,0,1,1382,65129010,,,,,,,,,13.000,138.000,,,,,,,,,,,,,,,46.800,47.560,46.990,1456100.000,-0.001700,46.940,46.990,128977.000,1.000,1.000,47.510,,-0.001700,0.001,0.001,0.000,0.000,0.002
79915,2006/12/11,,11,1,1311,65129010,NFX,NEWFIELD EXPLORATION CO,,NFX,211111,N,A,R,30044,0,1,1382,65129010,,,,,,,,,13.000,138.000,,,,,,,,,,,,,,,46.290,47.440,46.800,1232200.000,-0.004043,46.810,46.850,128977.000,1.000,1.000,46.350,,-0.004043,0.002,0.002,0.001,0.001,0.002
79915,2006/12/12,,11,1,1311,65129010,NFX,NEWFIELD EXPLORATION CO,,NFX,211111,N,A,R,30044,0,1,1382,65129010,,,,,,,,,13.000,138.000,,,,,,,,,,,,,,,46.500,47.320,47.060,1617100.000,0.005556,47.020,47.060,128977.000,1.000,1.000,46.700,,0.005556,-0.002,-0.002,-0.004,-0.004,-0.001
79915,2006/12/13,,11,1,1311,65129010,NFX,NEWFIELD EXPLORATION CO,,NFX,211111,N,A,R,30044,0,1,1382,65129010,,,,,,,,,13.000,138.000,,,,,,,,,,,,,,,47.040,48.120,47.860,1481300.000,0.017000,47.890,47.910,128977.000,1.000,1.000,47.110,,0.017000,0.001,0.001,0.000,-0.000,0.001
79915,2006/12/14,,11,1,1311,65129010,NFX,NEWFIELD EXPLORATION CO,,NFX,211111,N,A,R,30044,0,1,1382,65129010,,,,,,,,,13.000,138.000,,,,,,,,,,,,,,,47.630,48.960,48.530,1444600.000,0.013999,48.500,48.530,128977.000,1.000,1.000,48.000,,0.013999,0.008,0.008,0.004,0.004,0.009
79915,2006/12/15,,11,1,1311,65129010,NFX,NEWFIELD EXPLORATION CO,,NFX,211111,N,A,R,30044,0,1,1382,65129010,,,,,,,,,13.000,138.000,,,,,,,,,,,,,,,47.910,48.550,47.950,1105900.000,-0.011951,47.950,47.960,128977.000,1.000,1.000,48.500,,-0.011951,0.000,-0.000,-0.001,-0.001,0.001
79915,2006/12/18,,11,1,1311,65129010,NFX,NEWFIELD EXPLORATION CO,,NFX,211111,N,A,R,30044,0,1,1382,65129010,,,,,,,,,13.000,138.000,,,,,,,,,,,,,,,46.930,49.230,47.050,2179000.000,-0.018770,47.050,47.130,128977.000,1.000,1.000,48.970,,-0.018770,-0.005,-0.005,-0.007,-0.007,-0.003
79915,2006/12/19,,11,1,1311,65129010,NFX,NEWFIELD EXPLORATION CO,,NFX,211111,N,A,R,30044,0,1,1382,65129010,,,,,,,,,13.000,138.000,,,,,,,,,,,,,,,46.500,48.360,48.320,2481400.000,0.026993,48.190,48.300,128977.000,1.000,1.000,47.000,,0.026993,0.002,0.002,-0.000,-0.000,0.002
79915,2006/12/20,,11,1,1311,65129010,NFX,NEWFIELD EXPLORATION CO,,NFX,211111,N,A,R,30044,0,1,1382,65129010,,,,,,,,,13.000,138.000,,,,,,,,,,,,,,,47.250,48.480,47.330,1078400.000,-0.020488,47.380,47.400,128977.000,1.000,1.000,48.220,,-0.020488,-0.001,-0.001,0.002,0.002,-0.001
79915,2006/12/21,,11,1,1311,65129010,NFX,NEWFIELD EXPLORATION CO,,NFX,211111,N,A,R,30044,0,1,1382,65129010,,,,,,,,,13.000,138.000,,,,,,,,,,,,,,,46.820,47.870,47.070,886400.000,-0.005493,47.090,47.120,128977.000,1.000,1.000,47.700,,-0.005493,-0.004,-0.004,-0.001,-0.001,-0.004
79915,2006/12/22,,11,1,1311,65129010,NFX,NEWFIELD EXPLORATION CO,,NFX,211111,N,A,R,30044,0,1,1382,65129010,,,,,,,,,13.000,138.000,,,,,,,,,,,,,,,46.630,47.390,46.970,658600.000,-0.002124,46.920,47.000,128977.000,1.000,1.000,47.180,,-0.002124,-0.005,-0.005,-0.001,-0.001,-0.005
79915,2006/12/26,,11,1,1311,65129010,NFX,NEWFIELD EXPLORATION CO,,NFX,211111,N,A,R,30044,0,1,1382,65129010,,,,,,,,,13.000,138.000,,,,,,,,,,,,,,,45.910,47.290,46.250,1162200.000,-0.015329,46.270,46.310,128977.000,1.000,1.000,46.800,,-0.015329,0.004,0.004,0.004,0.004,0.004
79915,2006/12/27,,11,1,1311,65129010,NFX,NEWFIELD EXPLORATION CO,,NFX,211111,N,A,R,30044,0,1,1382,65129010,,,,,,,,,13.000,138.000,,,,,,,,,,,,,,,45.840,46.900,46.850,941800.000,0.012973,46.840,46.850,128977.000,1.000,1.000,46.250,,0.012973,0.008,0.007,0.009,0.008,0.007
79915,2006/12/28,,11,1,1311,65129010,NFX,NEWFIELD EXPLORATION CO,,NFX,211111,N,A,R,30044,0,1,1382,65129010,,,,,,,,,13.000,138.000,,,,,,,,,,,,,,,46.630,47.210,46.730,646500.000,-0.002561,46.700,46.740,128977.000,1.000,1.000,46.700,,-0.002561,-0.001,-0.001,-0.000,-0.001,-0.001
79915,2006/12/29,,11,1,1311,65129010,NFX,NEWFIELD EXPLORATION CO,,NFX,211111,N,A,R,30044,0,1,1382,65129010,,,,,,,,0.000,13.000,138.000,,,,,,,,,,,,,,,45.740,46.730,45.950,1017500.000,-0.016692,45.910,45.950,128977.000,1.000,1.000,46.730,,-0.016692,-0.005,-0.005,-0.001,-0.001,-0.005
79915,2007/01/03,,11,1,1311,65129010,NFX,NEWFIELD EXPLORATION CO,,NFX,211111,N,A,R,30044,0,1,1382,65129010,,,,,,,,,13.000,138.000,,,,,,,,,,,,,,,41.860,45.360,42.290,4455400.000,-0.079652,42.250,42.290,128977.000,1.000,1.000,45.350,,-0.079652,-0.001,-0.002,-0.000,-0.000,-0.001
79915,2007/01/04,,11,1,1311,65129010,NFX,NEWFIELD EXPLORATION CO,,NFX,211111,N,A,R,30044,0,1,1382,65129010,,,,,,,,,13.000,138.000,,,,,,,,,,,,,,,40.220,42.050,40.430,4407200.000,-0.043982,40.350,40.490,128977.000,1.000,1.000,41.800,,-0.043982,0.001,0.001,0.001,0.001,0.001
79915,2007/01/05,,11,1,1311,65129010,NFX,NEWFIELD EXPLORATION CO,,NFX,211111,N,A,R,30044,0,1,1382,65129010,,,,,,,,,13.000,138.000,,,,,,,,,,,,,,,39.850,41.100,41.000,3722100.000,0.014098,41.000,41.010,128977.000,1.000,1.000,40.440,,0.014098,-0.007,-0.007,-0.010,-0.010,-0.006
79915,2007/01/08,,11,1,1311,65129010,NFX,NEWFIELD EXPLORATION CO,,NFX,211111,N,A,R,30044,0,1,1382,65129010,,,,,,,,,13.000,138.000,,,,,,,,,,,,,,,41.380,42.420,42.120,2464200.000,0.027317,42.100,42.120,128977.000,1.000,1.000,41.720,,0.027317,0.003,0.002,0.002,0.002,0.002
79915,2007/01/09,,11,1,1311,65129010,NFX,NEWFIELD EXPLORATION CO,,NFX,211111,N,A,R,30044,0,1,1382,65129010,,,,,,,,,13.000,138.000,,,,,,,,,,,,,,,40.780,41.950,41.240,2170300.000,-0.020893,41.230,41.250,128977.000,1.000,1.000,41.400,,-0.020893,-0.000,-0.000,0.000,0.000,-0.001
79915,2007/01/10,,11,1,1311,65129010,NFX,NEWFIELD EXPLORATION CO,,NFX,211111,N,A,R,30044,0,1,1382,65129010,,,,,,,,,13.000,138.000,,,,,,,,,,,,,,,40.710,41.400,41.300,1734300.000,0.001455,41.280,41.300,128977.000,1.000,1.000,41.040,,0.001455,0.002,0.002,0.001,0.001,0.002
79915,2007/01/11,,11,1,1311,65129010,NFX,NEWFIELD EXPLORATION CO,,NFX,211111,N,A,R,30044,0,1,1382,65129010,,,,,,,,,13.000,138.000,,,,,,,,,,,,,,,40.760,42.000,40.900,2581500.000,-0.009685,40.870,40.890,128977.000,1.000,1.000,41.150,,-0.009685,0.007,0.007,0.008,0.008,0.006
79915,2007/01/12,,11,1,1311,65129010,NFX,NEWFIELD EXPLORATION CO,,NFX,211111,N,A,R,30044,0,1,1382,65129010,,,,,,,,,13.000,138.000,,,,,,,,,,,,,,,41.010,42.510,42.300,1250000.000,0.034230,42.270,42.300,128977.000,1.000,1.000,41.020,,0.034230,0.006,0.006,0.007,0.007,0.005
79915,2007/01/16,,11,1,1311,65129010,NFX,NEWFIELD EXPLORATION CO,,NFX,211111,N,A,R,30044,0,1,1382,65129010,,,,,,,,,13.000,138.000,,,,,,,,,,,,,,,41.280,42.710,41.470,1077200.000,-0.019622,41.380,41.480,128977.000,1.000,1.000,42.300,,-0.019622,0.000,0.000,0.001,0.001,0.001
79915,2007/01/17,,11,1,1311,65129010,NFX,NEWFIELD EXPLORATION CO,,NFX,211111,N,A,R,30044,0,1,1382,65129010,,,,,,,,,13.000,138.000,,,,,,,,,,,,,,,40.800,41.640,41.450,2396200.000,-0.000482,41.420,41.450,128977.000,1.000,1.000,41.250,,-0.000482,-0.001,-0.001,-0.000,-0.000,-0.001
79915,2007/01/18,,11,1,1311,65129010,NFX,NEWFIELD EXPLORATION CO,,NFX,211111,N,A,R,30044,0,1,1382,65129010,,,,,,,,,13.000,138.000,,,,,,,,,,,,,,,40.320,41.990,40.390,2010400.000,-0.025573,40.430,40.470,128977.000,1.000,1.000,41.450,,-0.025573,-0.005,-0.005,-0.007,-0.007,-0.003
79915,2007/01/19,,11,1,1311,65129010,NFX,NEWFIELD EXPLORATION CO,,NFX,211111,N,A,R,30044,0,1,1382,65129010,,,,,,,,,13.000,138.000,,,,,,,,,,,,,,,39.300,40.965,40.830,4422900.000,0.010894,40.730,40.830,128977.000,1.000,1.000,40.310,,0.010894,0.004,0.004,0.005,0.005,0.003
79915,2007/01/22,,11,1,1311,65129010,NFX,NEWFIELD EXPLORATION CO,,NFX,211111,N,A,R,30044,0,1,1382,65129010,,,,,,,,,13.000,138.000,,,,,,,,,,,,,,,40.330,41.360,41.020,1793600.000,0.004653,41.050,41.060,128977.000,1.000,1.000,41.200,,0.004653,-0.005,-0.005,-0.004,-0.004,-0.005
79915,2007/01/23,,11,1,1311,65129010,NFX,NEWFIELD EXPLORATION CO,,NFX,211111,N,A,R,30044,0,1,1382,65129010,,,,,,,,,13.000,138.000,,,,,,,,,,,,,,,41.470,42.650,42.130,1891500.000,0.027060,42.110,42.150,128977.000,1.000,1.000,41.490,,0.027060,0.005,0.005,0.006,0.006,0.004
79915,2007/01/24,,11,1,1311,65129010,NFX,NEWFIELD EXPLORATION CO,,NFX,211111,N,A,R,30044,0,1,1382,65129010,,,,,,,,,13.000,138.000,,,,,,,,,,,,,,,41.200,42.190,41.870,1806800.000,-0.006171,41.790,41.800,128977.000,1.000,1.000,42.050,,-0.006171,0.009,0.009,0.007,0.007,0.009
79915,2007/01/25,,11,1,1311,65129010,NFX,NEWFIELD EXPLORATION CO,,NFX,211111,N,A,R,30044,0,1,1382,65129010,,,,,,,,,13.000,138.000,,,,,,,,,,,,,,,40.900,41.980,41.090,963400.000,-0.018629,41.060,41.090,128977.000,1.000,1.000,41.860,,-0.018629,-0.011,-0.011,-0.008,-0.008,-0.011
79915,2007/01/26,,11,1,1311,65129010,NFX,NEWFIELD EXPLORATION CO,,NFX,211111,N,A,R,30044,0,1,1382,65129010,,,,,,,,,13.000,138.000,,,,,,,,,,,,,,,41.190,42.040,41.720,1356300.000,0.015332,41.680,41.700,128977.000,1.000,1.000,41.290,,0.015332,0.000,0.000,0.003,0.003,-0.001
79915,2007/01/29,,11,1,1311,65129010,NFX,NEWFIELD EXPLORATION CO,,NFX,211111,N,A,R,30044,0,1,1382,65129010,,,,,,,,,13.000,138.000,,,,,,,,,,,,,,,40.920,42.080,41.100,1724800.000,-0.014861,41.040,41.070,128977.000,1.000,1.000,41.880,,-0.014861,0.000,0.000,0.003,0.003,-0.001
79915,2007/01/30,,11,1,1311,65129010,NFX,NEWFIELD EXPLORATION CO,,NFX,211111,N,A,R,30044,0,1,1382,65129010,,,,,,,,,13.000,138.000,,,,,,,,,,,,,,,41.330,42.360,42.160,1940600.000,0.025791,42.150,42.190,128977.000,1.000,1.000,41.360,,0.025791,0.006,0.006,0.005,0.005,0.006
79915,2007/01/31,,11,1,1311,65129010,NFX,NEWFIELD EXPLORATION CO,,NFX,211111,N,A,R,30044,0,1,1382,65129010,,,,,,,,0.000,13.000,138.000,,,,,,,,,,,,,,,42.049,43.690,42.810,2351400.000,0.015417,42.740,42.790,128977.000,1.000,1.000,42.260,,0.015417,0.006,0.006,0.004,0.003,0.007
79915,2007/02/01,,11,1,1311,65129010,NFX,NEWFIELD EXPLORATION CO,,NFX,211111,N,A,R,30044,0,1,1382,65129010,,,,,,,,,13.000,138.000,,,,,,,,,,,,,,,42.170,43.630,43.630,1778600.000,0.019154,43.520,43.540,128977.000,1.000,1.000,43.090,,0.019154,0.006,0.006,0.006,0.006,0.005
79915,2007/02/02,,11,1,1311,65129010,NFX,NEWFIELD EXPLORATION CO,,NFX,211111,N,A,R,30044,0,1,1382,65129010,,,,,,,,,13.000,138.000,,,,,,,,,,,,,,,42.990,44.000,43.460,1390100.000,-0.003896,43.410,43.440,128977.000,1.000,1.000,43.680,,-0.003896,0.001,0.001,0.002,0.002,0.002
79915,2007/02/05,,11,1,1311,65129010,NFX,NEWFIELD EXPLORATION CO,,NFX,211111,N,A,R,30044,0,1,1382,65129010,,,,,,,,,13.000,138.000,,,,,,,,,,,,,,,42.790,44.060,43.030,1015100.000,-0.009894,42.970,43.020,128977.000,1.000,1.000,43.750,,-0.009894,-0.001,-0.001,-0.001,-0.001,-0.001
79915,2007/02/06,,11,1,1311,65129010,NFX,NEWFIELD EXPLORATION CO,,NFX,211111,N,A,R,30044,0,1,1382,65129010,,,,,,,,,13.000,138.000,,,,,,,,,,,,,,,42.250,43.500,43.060,1138400.000,0.000697,43.050,43.060,128977.000,1.000,1.000,43.410,,0.000697,0.002,0.002,0.003,0.003,0.001
79915,2007/02/07,,11,1,1311,65129010,NFX,NEWFIELD EXPLORATION CO,,NFX,211111,N,A,R,30044,0,1,1382,65129010,,,,,,,,,13.000,138.000,,,,,,,,,,,,,,,42.100,43.350,42.700,976000.000,-0.008360,42.610,42.620,128977.000,1.000,1.000,42.900,,-0.008360,0.002,0.002,0.004,0.004,0.001
79915,2007/02/08,,11,1,1311,65129010,NFX,NEWFIELD EXPLORATION CO,,NFX,211111,N,A,R,30044,0,1,1382,65129010,,,,,,,,,13.000,138.000,,,,,,,,,,,,,,,40.160,41.950,40.850,4750100.000,-0.043326,40.860,40.870,128977.000,1.000,1.000,41.890,,-0.043326,-0.000,-0.000,0.001,0.001,-0.001
79915,2007/02/09,,11,1,1311,65129010,NFX,NEWFIELD EXPLORATION CO,,NFX,211111,N,A,R,30044,0,1,1382,65129010,,,,,,,,,13.000,138.000,,,,,,,,,,,,,,,41.090,42.360,41.730,2666800.000,0.021542,41.650,41.700,128977.000,1.000,1.000,41.350,,0.021542,-0.007,-0.007,-0.005,-0.005,-0.007
79915,2007/02/12,,11,1,1311,65129010,NFX,NEWFIELD EXPLORATION CO,,NFX,211111,N,A,R,30044,0,1,1382,65129010,,,,,,,,,13.000,138.000,,,,,,,,,,,,,,,39.830,41.290,40.390,1708711.000,-0.032111,40.320,40.330,128977.000,1.000,1.000,41.040,,-0.032111,-0.004,-0.004,-0.003,-0.003,-0.003
79915,2007/02/13,,11,1,1311,65129010,NFX,NEWFIELD EXPLORATION CO,,NFX,211111,N,A,R,30044,0,1,1382,65129010,,,,,,,,,13.000,138.000,,,,,,,,,,,,,,,40.530,41.120,41.000,957827.000,0.015103,40.990,41.030,128977.000,1.000,1.000,40.640,,0.015103,0.008,0.008,0.005,0.005,0.008
79915,2007/02/14,,11,1,1311,65129010,NFX,NEWFIELD EXPLORATION CO,,NFX,211111,N,A,R,30044,0,1,1382,65129010,,,,,,,,,13.000,138.000,,,,,,,,,,,,,,,40.900,41.990,41.700,2011724.000,0.017073,41.660,41.700,128977.000,1.000,1.000,40.950,,0.017073,0.007,0.007,0.005,0.005,0.008
79915,2007/02/15,,11,1,1311,65129010,NFX,NEWFIELD EXPLORATION CO,,NFX,211111,N,A,R,30044,0,1,1382,65129010,,,,,,,,,13.000,138.000,,,,,,,,,,,,,,,40.870,42.520,41.320,1175100.000,-0.009113,41.210,41.310,128977.000,1.000,1.000,42.520,,-0.009113,0.002,0.002,0.001,0.001,0.001
79915,2007/02/16,,11,1,1311,65129010,NFX,NEWFIELD EXPLORATION CO,,NFX,211111,N,A,R,30044,0,1,1382,65129010,,,,,,,,,13.000,138.000,,,,,,,,,,,,,,,41.320,42.010,41.690,850000.000,0.008954,41.690,41.730,128977.000,1.000,1.000,41.320,,0.008954,0.001,0.000,0.003,0.003,-0.001
79915,2007/02/20,,11,1,1311,65129010,NFX,NEWFIELD EXPLORATION CO,,NFX,211111,N,A,R,30044,0,1,1382,65129010,,,,,,,,,13.000,138.000,,,,,,,,,,,,,,,40.660,41.310,41.170,1014900.000,-0.012473,41.200,41.230,128977.000,1.000,1.000,40.860,,-0.012473,0.004,0.004,0.006,0.006,0.003
79915,2007/02/21,,11,1,1311,65129010,NFX,NEWFIELD EXPLORATION CO,,NFX,211111,N,A,R,30044,0,1,1382,65129010,,,,,,,,,13.000,138.000,,,,,,,,,,,,,,,40.760,42.030,41.950,1483900.000,0.018946,41.910,41.920,128977.000,1.000,1.000,41.280,,0.018946,-0.000,-0.000,0.002,0.002,-0.001
79915,2007/02/22,,11,1,1311,65129010,NFX,NEWFIELD EXPLORATION CO,,NFX,211111,N,A,R,30044,0,1,1382,65129010,,,,,,,,,13.000,138.000,,,,,,,,,,,,,,,42.170,43.280,42.970,2229400.000,0.024315,42.970,43.000,128977.000,1.000,1.000,42.490,,0.024315,-0.000,-0.001,0.002,0.002,-0.001
79915,2007/02/23,,11,1,1311,65129010,NFX,NEWFIELD EXPLORATION CO,,NFX,211111,N,A,R,30044,0,1,1382,65129010,,,,,,,,,13.000,138.000,,,,,,,,,,,,,,,42.590,43.540,42.690,1385200.000,-0.006516,42.690,42.700,128977.000,1.000,1.000,43.100,,-0.006516,-0.003,-0.003,0.000,0.000,-0.004
79915,2007/02/26,,11,1,1311,65129010,NFX,NEWFIELD EXPLORATION CO,,NFX,211111,N,A,R,30044,0,1,1382,65129010,,,,,,,,,13.000,138.000,,,,,,,,,,,,,,,42.690,44.590,44.200,1838674.000,0.035371,44.200,44.210,128977.000,1.000,1.000,42.690,,0.035371,-0.001,-0.001,-0.001,-0.001,-0.001
79915,2007/02/27,,11,1,1311,65129010,NFX,NEWFIELD EXPLORATION CO,,NFX,211111,N,A,R,30044,0,1,1382,65129010,,,,,,,,,13.000,138.000,,,,,,,,,,,,,,,42.610,44.130,42.910,1705500.000,-0.029186,42.900,42.910,128977.000,1.000,1.000,43.350,,-0.029186,-0.034,-0.034,-0.031,-0.031,-0.035
79915,2007/02/28,,11,1,1311,65129010,NFX,NEWFIELD EXPLORATION CO,,NFX,211111,N,A,R,30044,0,1,1382,65129010,,,,,,,,0.000,13.000,138.000,,,,,,,,,,,,,,,42.350,43.730,43.180,1565200.000,0.006292,43.180,43.200,128977.000,1.000,1.000,42.940,,0.006292,0.005,0.005,0.004,0.004,0.006
79915,2007/03/01,,11,1,1311,65129010,NFX,NEWFIELD EXPLORATION CO,,NFX,211111,N,A,R,30044,0,1,1382,65129010,,,,,,,,,13.000,138.000,,,,,,,,,,,,,,,41.910,43.290,42.920,2159980.000,-0.006021,42.840,42.980,128977.000,1.000,1.000,42.970,,-0.006021,-0.003,-0.003,-0.005,-0.005,-0.003
79915,2007/03/02,,11,1,1311,65129010,NFX,NEWFIELD EXPLORATION CO,,NFX,211111,N,A,R,30044,0,1,1382,65129010,,,,,,,,,13.000,138.000,,,,,,,,,,,,,,,41.800,43.000,41.830,950100.000,-0.025396,41.800,41.810,128977.000,1.000,1.000,42.830,,-0.025396,-0.012,-0.013,-0.011,-0.012,-0.011
79915,2007/03/05,,11,1,1311,65129010,NFX,NEWFIELD EXPLORATION CO,,NFX,211111,N,A,R,30044,0,1,1382,65129010,,,,,,,,,13.000,138.000,,,,,,,,,,,,,,,40.880,41.620,40.960,1434400.000,-0.020799,40.900,41.000,128977.000,1.000,1.000,41.470,,-0.020799,-0.012,-0.012,-0.017,-0.017,-0.009
79915,2007/03/06,,11,1,1311,65129010,NFX,NEWFIELD EXPLORATION CO,,NFX,211111,N,A,R,30044,0,1,1382,65129010,,,,,,,,,13.000,138.000,,,,,,,,,,,,,,,40.940,41.440,41.040,1471300.000,0.001953,41.020,41.120,128977.000,1.000,1.000,41.330,,0.001953,0.017,0.017,0.018,0.018,0.015
79915,2007/03/07,,11,1,1311,65129010,NFX,NEWFIELD EXPLORATION CO,,NFX,211111,N,A,R,30044,0,1,1382,65129010,,,,,,,,,13.000,138.000,,,,,,,,,,,,,,,40.990,42.960,42.150,1214300.000,0.027047,42.130,42.150,128977.000,1.000,1.000,41.000,,0.027047,-0.001,-0.002,0.000,-0.000,-0.002
79915,2007/03/08,,11,1,1311,65129010,NFX,NEWFIELD EXPLORATION CO,,NFX,211111,N,A,R,30044,0,1,1382,65129010,,,,,,,,,13.000,138.000,,,,,,,,,,,,,,,41.710,42.550,41.960,764400.000,-0.004508,41.930,42.010,128977.000,1.000,1.000,42.390,,-0.004508,0.007,0.007,0.006,0.006,0.007
79915,2007/03/09,,11,1,1311,65129010,NFX,NEWFIELD EXPLORATION CO,,NFX,211111,N,A,R,30044,0,1,1382,65129010,,,,,,,,,13.000,138.000,,,,,,,,,,,,,,,41.200,42.330,41.370,1034900.000,-0.014061,41.410,41.430,128977.000,1.000,1.000,42.150,,-0.014061,0.002,0.002,0.002,0.002,0.001
79915,2007/03/12,,11,1,1311,65129010,NFX,NEWFIELD EXPLORATION CO,,NFX,211111,N,A,R,30044,0,1,1382,65129010,,,,,,,,,13.000,138.000,,,,,,,,,,,,,,,40.820,41.540,41.270,836460.000,-0.002417,41.280,41.300,128977.000,1.000,1.000,41.380,,-0.002417,0.003,0.003,0.004,0.004,0.003
79915,2007/03/13,,11,1,1311,65129010,NFX,NEWFIELD EXPLORATION CO,,NFX,211111,N,A,R,30044,0,1,1382,65129010,,,,,,,,,13.000,138.000,,,,,,,,,,,,,,,40.170,41.780,40.250,1350200.000,-0.024715,40.190,40.240,128977.000,1.000,1.000,41.110,,-0.024715,-0.020,-0.020,-0.017,-0.018,-0.020
79915,2007/03/14,,11,1,1311,65129010,NFX,NEWFIELD EXPLORATION CO,,NFX,211111,N,A,R,30044,0,1,1382,65129010,,,,,,,,,13.000,138.000,,,,,,,,,,,,,,,39.370,40.560,40.250,1497100.000,0.000000,40.240,40.250,128977.000,1.000,1.000,40.350,,0.000000,0.005,0.005,0.002,0.002,0.007
79915,2007/03/15,,11,1,1311,65129010,NFX,NEWFIELD EXPLORATION CO,,NFX,211111,N,A,R,30044,0,1,1382,65129010,,,,,,,,,13.000,138.000,,,,,,,,,,,,,,,39.970,40.520,40.180,666590.000,-0.001739,40.120,40.150,128977.000,1.000,1.000,40.070,,-0.001739,0.005,0.005,0.006,0.006,0.004
79915,2007/03/16,,11,1,1311,65129010,NFX,NEWFIELD EXPLORATION CO,,NFX,211111,N,A,R,30044,0,1,1382,65129010,,,,,,,,,13.000,138.000,,,,,,,,,,,,,,,39.900,40.410,39.940,782700.000,-0.005973,39.890,39.910,128977.000,1.000,1.000,40.250,,-0.005973,-0.004,-0.004,-0.003,-0.003,-0.004
79915,2007/03/19,,11,1,1311,65129010,NFX,NEWFIELD EXPLORATION CO,,NFX,211111,N,A,R,30044,0,1,1382,65129010,,,,,,,,,13.000,138.000,,,,,,,,,,,,,,,40.100,40.720,40.490,846462.000,0.013771,40.480,40.500,128977.000,1.000,1.000,40.340,,0.013771,0.011,0.011,0.007,0.007,0.011
79915,2007/03/20,,11,1,1311,65129010,NFX,NEWFIELD EXPLORATION CO,,NFX,211111,N,A,R,30044,0,1,1382,65129010,,,,,,,,,13.000,138.000,,,,,,,,,,,,,,,40.000,41.160,41.160,1246900.000,0.016547,41.150,41.160,128977.000,1.000,1.000,40.380,,0.016547,0.007,0.007,0.006,0.006,0.006
79915,2007/03/21,,11,1,1311,65129010,NFX,NEWFIELD EXPLORATION CO,,NFX,211111,N,A,R,30044,0,1,1382,65129010,,,,,,,,,13.000,138.000,,,,,,,,,,,,,,,41.080,42.570,42.350,1665300.000,0.028912,42.320,42.350,128977.000,1.000,1.000,41.230,,0.028912,0.017,0.017,0.012,0.012,0.017
79915,2007/03/22,,11,1,1311,65129010,NFX,NEWFIELD EXPLORATION CO,,NFX,211111,N,A,R,30044,0,1,1382,65129010,,,,,,,,,13.000,138.000,,,,,,,,,,,,,,,42.380,42.980,42.520,1196300.000,0.004014,42.440,42.550,128977.000,1.000,1.000,42.690,,0.004014,-0.000,-0.000,0.002,0.002,-0.000
79915,2007/03/23,,11,1,1311,65129010,NFX,NEWFIELD EXPLORATION CO,,NFX,211111,N,A,R,30044,0,1,1382,65129010,,,,,,,,,13.000,138.000,,,,,,,,,,,,,,,41.970,42.750,42.200,1622300.000,-0.007526,42.200,42.240,128977.000,1.000,1.000,42.610,,-0.007526,0.002,0.002,0.002,0.002,0.001
79915,2007/03/26,,11,1,1311,65129010,NFX,NEWFIELD EXPLORATION CO,,NFX,211111,N,A,R,30044,0,1,1382,65129010,,,,,,,,,13.000,138.000,,,,,,,,,,,,,,,41.910,42.630,42.430,1117049.000,0.005450,42.250,42.440,128977.000,1.000,1.000,42.320,,0.005450,0.001,0.000,0.000,-0.000,0.001
79915,2007/03/27,,11,1,1311,65129010,NFX,NEWFIELD EXPLORATION CO,,NFX,211111,N,A,R,30044,0,1,1382,65129010,,,,,,,,,13.000,138.000,,,,,,,,,,,,,,,41.730,42.260,42.110,1121800.000,-0.007542,42.130,42.230,128977.000,1.000,1.000,42.250,,-0.007542,-0.006,-0.006,-0.005,-0.005,-0.006
79915,2007/03/28,,11,1,1311,65129010,NFX,NEWFIELD EXPLORATION CO,,NFX,211111,N,A,R,30044,0,1,1382,65129010,,,,,,,,,13.000,138.000,,,,,,,,,,,,,,,41.600,42.480,41.910,1092900.000,-0.004749,41.820,41.870,128977.000,1.000,1.000,42.400,,-0.004749,-0.007,-0.007,-0.004,-0.005,-0.008
79915,2007/03/29,,11,1,1311,65129010,NFX,NEWFIELD EXPLORATION CO,,NFX,211111,N,A,R,30044,0,1,1382,65129010,,,,,,,,,13.000,138.000,,,,,,,,,,,,,,,41.280,42.400,41.840,2045940.000,-0.001670,41.770,41.810,128977.000,1.000,1.000,42.400,,-0.001670,0.004,0.003,0.002,0.002,0.004
79915,2007/03/30,,11,1,1311,65129010,NFX,NEWFIELD EXPLORATION CO,,NFX,211111,N,A,R,30044,0,1,1382,65129010,,,,,,,,0.000,13.000,138.000,,,,,,,,,,,,,,,41.520,42.500,41.710,1317900.000,-0.003107,41.660,41.670,130000.000,1.000,1.000,42.460,,-0.003107,-0.000,-0.000,0.002,0.002,-0.001
79915,2007/04/02,,11,1,1311,65129010,NFX,NEWFIELD EXPLORATION CO,,NFX,211111,N,A,R,30044,0,1,1382,65129010,,,,,,,,,13.000,138.000,,,,,,,,,,,,,,,41.590,42.250,41.840,1025000.000,0.003117,41.850,41.870,130000.000,1.000,1.000,41.660,,0.003117,0.003,0.003,0.002,0.002,0.003
79915,2007/04/03,,11,1,1311,65129010,NFX,NEWFIELD EXPLORATION CO,,NFX,211111,N,A,R,30044,0,1,1382,65129010,,,,,,,,,13.000,138.000,,,,,,,,,,,,,,,41.150,42.180,42.080,1111600.000,0.005736,42.100,42.130,130000.000,1.000,1.000,41.630,,0.005736,0.009,0.009,0.007,0.007,0.009
79915,2007/04/04,,11,1,1311,65129010,NFX,NEWFIELD EXPLORATION CO,,NFX,211111,N,A,R,30044,0,1,1382,65129010,,,,,,,,,13.000,138.000,,,,,,,,,,,,,,,41.690,42.570,42.550,1512916.000,0.011169,42.510,42.540,130000.000,1.000,1.000,42.090,,0.011169,0.001,0.001,0.001,0.001,0.001
79915,2007/04/05,,11,1,1311,65129010,NFX,NEWFIELD EXPLORATION CO,,NFX,211111,N,A,R,30044,0,1,1382,65129010,,,,,,,,,13.000,138.000,,,,,,,,,,,,,,,42.400,43.660,43.500,1914000.000,0.022327,43.480,43.500,130000.000,1.000,1.000,42.550,,0.022327,0.004,0.003,0.003,0.003,0.003
79915,2007/04/09,,11,1,1311,65129010,NFX,NEWFIELD EXPLORATION CO,,NFX,211111,N,A,R,30044,0,1,1382,65129010,,,,,,,,,13.000,138.000,,,,,,,,,,,,,,,43.210,44.080,43.600,1317800.000,0.002299,43.570,43.600,130000.000,1.000,1.000,43.710,,0.002299,0.001,0.001,0.001,0.001,0.001
79915,2007/04/10,,11,1,1311,65129010,NFX,NEWFIELD EXPLORATION CO,,NFX,211111,N,A,R,30044,0,1,1382,65129010,,,,,,,,,13.000,138.000,,,,,,,,,,,,,,,43.550,44.560,43.990,1708506.000,0.008945,43.940,43.960,130000.000,1.000,1.000,43.770,,0.008945,0.003,0.003,0.002,0.002,0.003
79915,2007/04/11,,11,1,1311,65129010,NFX,NEWFIELD EXPLORATION CO,,NFX,211111,N,A,R,30044,0,1,1382,65129010,,,,,,,,,13.000,138.000,,,,,,,,,,,,,,,43.220,44.720,43.560,1407042.000,-0.009775,43.520,43.560,130000.000,1.000,1.000,44.360,,-0.009775,-0.006,-0.006,-0.004,-0.004,-0.007
79915,2007/04/12,,11,1,1311,65129010,NFX,NEWFIELD EXPLORATION CO,,NFX,211111,N,A,R,30044,0,1,1382,65129010,,,,,,,,,13.000,138.000,,,,,,,,,,,,,,,43.530,44.320,44.140,1144900.000,0.013315,44.120,44.130,130000.000,1.000,1.000,43.710,,0.013315,0.006,0.006,0.006,0.006,0.006
79915,2007/04/13,,11,1,1311,65129010,NFX,NEWFIELD EXPLORATION CO,,NFX,211111,N,A,R,30044,0,1,1382,65129010,,,,,,,,,13.000,138.000,,,,,,,,,,,,,,,43.860,44.460,44.440,664885.000,0.006797,44.380,44.410,130000.000,1.000,1.000,44.260,,0.006797,0.004,0.004,0.005,0.005,0.003
79915,2007/04/16,,11,1,1311,65129010,NFX,NEWFIELD EXPLORATION CO,,NFX,211111,N,A,R,30044,0,1,1382,65129010,,,,,,,,,13.000,138.000,,,,,,,,,,,,,,,44.060,44.660,44.370,591090.000,-0.001575,44.310,44.340,130000.000,1.000,1.000,44.500,,-0.001575,0.010,0.010,0.009,0.009,0.011
79915,2007/04/17,,11,1,1311,65129010,NFX,NEWFIELD EXPLORATION CO,,NFX,211111,N,A,R,30044,0,1,1382,65129010,,,,,,,,,13.000,138.000,,,,,,,,,,,,,,,44.130,44.900,44.480,1103358.000,0.002479,44.410,44.440,130000.000,1.000,1.000,44.760,,0.002479,0.001,0.001,-0.001,-0.001,0.002
79915,2007/04/18,,11,1,1311,65129010,NFX,NEWFIELD EXPLORATION CO,,NFX,211111,N,A,R,30044,0,1,1382,65129010,,,,,,,,,13.000,138.000,,,,,,,,,,,,,,,43.620,44.480,43.640,945722.000,-0.018885,43.640,43.650,130000.000,1.000,1.000,44.150,,-0.018885,0.000,0.000,-0.001,-0.001,0.001
79915,2007/04/19,,11,1,1311,65129010,NFX,NEWFIELD EXPLORATION CO,,NFX,211111,N,A,R,30044,0,1,1382,65129010,,,,,,,,,13.000,138.000,,,,,,,,,,,,,,,42.280,43.500,42.330,1174024.000,-0.030018,42.340,42.350,130000.000,1.000,1.000,43.500,,-0.030018,-0.003,-0.003,-0.004,-0.004,-0.001
79915,2007/04/20,,11,1,1311,65129010,NFX,NEWFIELD EXPLORATION CO,,NFX,211111,N,A,R,30044,0,1,1382,65129010,,,,,,,,,13.000,138.000,,,,,,,,,,,,,,,42.630,43.050,43.050,893900.000,0.017009,42.990,43.010,130000.000,1.000,1.000,42.700,,0.017009,0.009,0.009,0.008,0.008,0.009
79915,2007/04/23,,11,1,1311,65129010,NFX,NEWFIELD EXPLORATION CO,,NFX,211111,N,A,R,30044,0,1,1382,65129010,,,,,,,,,13.000,138.000,,,,,,,,,,,,,,,42.900,43.580,43.210,921490.000,0.003717,43.220,43.260,130000.000,1.000,1.000,43.200,,0.003717,-0.002,-0.002,-0.001,-0.001,-0.002
79915,2007/04/24,,11,1,1311,65129010,NFX,NEWFIELD EXPLORATION CO,,NFX,211111,N,A,R,30044,0,1,1382,65129010,,,,,,,,,13.000,138.000,,,,,,,,,,,,,,,43.010,44.370,44.340,1722700.000,0.026151,44.290,44.320,130000.000,1.000,1.000,43.130,,0.026151,-0.001,-0.001,-0.001,-0.001,-0.000
79915,2007/04/25,,11,1,1311,65129010,NFX,NEWFIELD EXPLORATION CO,,NFX,211111,N,A,R,30044,0,1,1382,65129010,,,,,,,,,13.000,138.000,,,,,,,,,,,,,,,44.370,45.820,45.460,1520600.000,0.025259,45.460,45.490,130000.000,1.000,1.000,44.650,,0.025259,0.009,0.009,0.005,0.005,0.010
79915,2007/04/26,,11,1,1311,65129010,NFX,NEWFIELD EXPLORATION CO,,NFX,211111,N,A,R,30044,0,1,1382,65129010,,,,,,,,,13.000,138.000,,,,,,,,,,,,,,,44.488,46.310,45.910,2005900.000,0.009899,45.880,45.890,130000.000,1.000,1.000,45.100,,0.009899,-0.001,-0.001,-0.000,-0.000,-0.001
79915,2007/04/27,,11,1,1311,65129010,NFX,NEWFIELD EXPLORATION CO,,NFX,211111,N,A,R,30044,0,1,1382,65129010,,,,,,,,,13.000,138.000,,,,,,,,,,,,,,,44.900,45.910,44.900,1331800.000,-0.022000,44.940,44.950,130000.000,1.000,1.000,45.910,,-0.022000,-0.001,-0.001,-0.002,-0.002,-0.000
79915,2007/04/30,,11,1,1311,65129010,NFX,NEWFIELD EXPLORATION CO,,NFX,211111,N,A,R,30044,0,1,1382,65129010,,,,,,,,0.000,13.000,138.000,,,,,,,,,,,,,,,43.660,45.190,43.750,1051040.000,-0.025613,43.660,43.690,129985.000,1.000,1.000,44.910,,-0.025613,-0.009,-0.009,-0.009,-0.009,-0.008
79915,2007/05/01,,11,1,1311,65129010,NFX,NEWFIELD EXPLORATION CO,,NFX,211111,N,A,R,30044,0,1,1382,65129010,,,,,,,,,13.000,138.000,,,,,,,,,,,,,,,43.030,43.780,43.360,1393038.000,-0.008914,43.390,43.430,129985.000,1.000,1.000,43.740,,-0.008914,0.002,0.002,-0.001,-0.001,0.003
79915,2007/05/02,,11,1,1311,65129010,NFX,NEWFIELD EXPLORATION CO,,NFX,211111,N,A,R,30044,0,1,1382,65129010,,,,,,,,,13.000,138.000,,,,,,,,,,,,,,,43.460,44.870,44.700,1259716.000,0.030904,43.900,44.740,129985.000,1.000,1.000,43.500,,0.030904,0.008,0.008,0.009,0.009,0.006
79915,2007/05/03,,11,1,1311,65129010,NFX,NEWFIELD EXPLORATION CO,,NFX,211111,N,A,R,30044,0,1,1382,65129010,,,,,,,,,13.000,138.000,,,,,,,,,,,,,,,44.260,45.750,45.220,2590933.000,0.011633,45.270,45.290,129985.000,1.000,1.000,44.610,,0.011633,0.004,0.004,0.002,0.002,0.004
79915,2007/05/04,,11,1,1311,65129010,NFX,NEWFIELD EXPLORATION CO,,NFX,211111,N,A,R,30044,0,1,1382,65129010,,,,,,,,,13.000,138.000,,,,,,,,,,,,,,,44.890,45.550,45.130,1189800.000,-0.001990,45.130,45.180,129985.000,1.000,1.000,45.470,,-0.001990,0.003,0.003,0.003,0.002,0.002
79915,2007/05/07,,11,1,1311,65129010,NFX,NEWFIELD EXPLORATION CO,,NFX,211111,N,A,R,30044,0,1,1382,65129010,,,,,,,,,13.000,138.000,,,,,,,,,,,,,,,44.690,45.390,44.990,1232130.000,-0.003102,44.980,45.000,129985.000,1.000,1.000,45.140,,-0.003102,0.003,0.003,0.001,0.001,0.003
79915,2007/05/08,,11,1,1311,65129010,NFX,NEWFIELD EXPLORATION CO,,NFX,211111,N,A,R,30044,0,1,1382,65129010,,,,,,,,,13.000,138.000,,,,,,,,,,,,,,,43.980,45.170,44.790,1060100.000,-0.004445,44.760,44.800,129985.000,1.000,1.000,45.170,,-0.004445,-0.001,-0.001,-0.002,-0.002,-0.001
79915,2007/05/09,,11,1,1311,65129010,NFX,NEWFIELD EXPLORATION CO,,NFX,211111,N,A,R,30044,0,1,1382,65129010,,,,,,,,,13.000,138.000,,,,,,,,,,,,,,,44.210,44.720,44.510,895700.000,-0.006251,44.520,44.570,129985.000,1.000,1.000,44.670,,-0.006251,0.004,0.003,0.003,0.003,0.003
79915,2007/05/10,,11,1,1311,65129010,NFX,NEWFIELD EXPLORATION CO,,NFX,211111,N,A,R,30044,0,1,1382,65129010,,,,,,,,,13.000,138.000,,,,,,,,,,,,,,,43.300,44.590,43.570,1096400.000,-0.021119,43.510,43.550,129985.000,1.000,1.000,44.520,,-0.021119,-0.014,-0.014,-0.013,-0.013,-0.014
79915,2007/05/11,,11,1,1311,65129010,NFX,NEWFIELD EXPLORATION CO,,NFX,211111,N,A,R,30044,0,1,1382,65129010,,,,,,,,,13.000,138.000,,,,,,,,,,,,,,,43.650,44.250,44.020,870500.000,0.010328,44.020,44.060,129985.000,1.000,1.000,43.710,,0.010328,0.010,0.010,0.008,0.008,0.010
79915,2007/05/14,,11,1,1311,65129010,NFX,NEWFIELD EXPLORATION CO,,NFX,211111,N,A,R,30044,0,1,1382,65129010,,,,,,,,,13.000,138.000,,,,,,,,,,,,,,,44.600,46.090,46.090,3402271.000,0.047024,45.970,46.080,129985.000,1.000,1.000,44.600,,0.047024,-0.003,-0.003,-0.005,-0.005,-0.002
79915,2007/05/15,,11,1,1311,65129010,NFX,NEWFIELD EXPLORATION CO,,NFX,211111,N,A,R,30044,0,1,1382,65129010,,,,,,,,,13.000,138.000,,,,,,,,,,,,,,,46.750,51.600,47.110,3544199.000,0.022131,47.130,47.170,129985.000,1.000,1.000,49.310,,0.022131,-0.002,-0.002,-0.006,-0.006,-0.001
79915,2007/05/16,,11,1,1311,65129010,NFX,NEWFIELD EXPLORATION CO,,NFX,211111,N,A,R,30044,0,1,1382,65129010,,,,,,,,,13.000,138.000,,,,,,,,,,,,,,,46.180,47.830,47.060,1895561.000,-0.001061,47.050,47.070,129985.000,1.000,1.000,47.120,,-0.001061,0.007,0.007,0.003,0.002,0.009
79915,2007/05/17,,11,1,1311,65129010,NFX,NEWFIELD EXPLORATION CO,,NFX,211111,N,A,R,30044,0,1,1382,65129010,,,,,,,,,13.000,138.000,,,,,,,,,,,,,,,46.540,48.180,47.720,1800100.000,0.014025,47.720,47.760,129985.000,1.000,1.000,46.890,,0.014025,-0.001,-0.001,-0.002,-0.002,-0.001
79915,2007/05/18,,11,1,1311,65129010,NFX,NEWFIELD EXPLORATION CO,,NFX,211111,N,A,R,30044,0,1,1382,65129010,,,,,,,,,13.000,138.000,,,,,,,,,,,,,,,47.840,48.440,48.150,1232500.000,0.009011,48.110,48.180,129985.000,1.000,1.000,47.840,,0.009011,0.007,0.007,0.006,0.006,0.007
79915,2007/05/21,,11,1,1311,65129010,NFX,NEWFIELD EXPLORATION CO,,NFX,211111,N,A,R,30044,0,1,1382,65129010,,,,,,,,,13.000,138.000,,,,,,,,,,,,,,,47.860,48.820,48.240,1520800.000,0.001869,48.250,48.280,129985.000,1.000,1.000,48.050,,0.001869,0.003,0.003,0.006,0.006,0.002
79915,2007/05/22,,11,1,1311,65129010,NFX,NEWFIELD EXPLORATION CO,,NFX,211111,N,A,R,30044,0,1,1382,65129010,,,,,,,,,13.000,138.000,,,,,,,,,,,,,,,47.451,48.430,47.620,1159100.000,-0.012852,47.550,47.590,129985.000,1.000,1.000,48.250,,-0.012852,0.001,0.001,0.004,0.004,-0.001
79915,2007/05/23,,11,1,1311,65129010,NFX,NEWFIELD EXPLORATION CO,,NFX,211111,N,A,R,30044,0,1,1382,65129010,,,,,,,,,13.000,138.000,,,,,,,,,,,,,,,47.280,48.090,47.310,1016400.000,-0.006510,47.120,47.310,129985.000,1.000,1.000,47.740,,-0.006510,-0.001,-0.001,-0.001,-0.001,-0.001
79915,2007/05/24,,11,1,1311,65129010,NFX,NEWFIELD EXPLORATION CO,,NFX,211111,N,A,R,30044,0,1,1382,65129010,,,,,,,,,13.000,138.000,,,,,,,,,,,,,,,45.920,47.870,45.980,1382100.000,-0.028112,45.990,46.030,129985.000,1.000,1.000,47.270,,-0.028112,-0.011,-0.011,-0.011,-0.011,-0.010
79915,2007/05/25,,11,1,1311,65129010,NFX,NEWFIELD EXPLORATION CO,,NFX,211111,N,A,R,30044,0,1,1382,65129010,,,,,,,,,13.000,138.000,,,,,,,,,,,,,,,46.280,46.890,46.820,524300.000,0.018269,46.820,46.850,129985.000,1.000,1.000,46.400,,0.018269,0.006,0.006,0.006,0.006,0.005
79915,2007/05/29,,11,1,1311,65129010,NFX,NEWFIELD EXPLORATION CO,,NFX,211111,N,A,R,30044,0,1,1382,65129010,,,,,,,,,13.000,138.000,,,,,,,,,,,,,,,45.840,46.790,45.940,992000.000,-0.018795,45.940,45.990,129985.000,1.000,1.000,46.790,,-0.018795,0.003,0.003,0.005,0.005,0.002
79915,2007/05/30,,11,1,1311,65129010,NFX,NEWFIELD EXPLORATION CO,,NFX,211111,N,A,R,30044,0,1,1382,65129010,,,,,,,,,13.000,138.000,,,,,,,,,,,,,,,45.480,47.350,47.260,1528425.000,0.028733,47.220,47.270,129985.000,1.000,1.000,45.500,,0.028733,0.008,0.008,0.004,0.004,0.008
79915,2007/05/31,,11,1,1311,65129010,NFX,NEWFIELD EXPLORATION CO,,NFX,211111,N,A,R,30044,0,1,1382,65129010,,,,,,,,0.000,13.000,138.000,,,,,,,,,,,,,,,46.800,48.100,48.040,2515400.000,0.016504,47.980,48.020,129985.000,1.000,1.000,48.000,,0.016504,0.002,0.002,0.005,0.004,0.000
79915,2007/06/01,,11,1,1311,65129010,NFX,NEWFIELD EXPLORATION CO,,NFX,211111,N,A,R,30044,0,1,1382,65129010,,,,,,,,,13.000,138.000,,,,,,,,,,,,,,,48.650,52.650,52.610,7494322.000,0.095129,52.600,52.610,129985.000,1.000,1.000,48.740,,0.095129,0.005,0.005,0.005,0.005,0.004
79915,2007/06/04,,11,1,1311,65129010,NFX,NEWFIELD EXPLORATION CO,,NFX,211111,N,A,R,30044,0,1,1382,65129010,,,,,,,,,13.000,138.000,,,,,,,,,,,,,,,51.340,54.280,51.650,3649572.000,-0.018247,51.610,51.650,129985.000,1.000,1.000,52.050,,-0.018247,0.002,0.002,0.003,0.002,0.002
79915,2007/06/05,,11,1,1311,65129010,NFX,NEWFIELD EXPLORATION CO,,NFX,211111,N,A,R,30044,0,1,1382,65129010,,,,,,,,,13.000,138.000,,,,,,,,,,,,,,,50.810,52.530,51.050,1976755.000,-0.011617,51.020,51.060,129985.000,1.000,1.000,52.530,,-0.011617,-0.005,-0.005,-0.004,-0.004,-0.005
79915,2007/06/06,,11,1,1311,65129010,NFX,NEWFIELD EXPLORATION CO,,NFX,211111,N,A,R,30044,0,1,1382,65129010,,,,,,,,,13.000,138.000,,,,,,,,,,,,,,,49.830,50.960,50.140,1341000.000,-0.017826,50.110,50.120,129985.000,1.000,1.000,50.950,,-0.017826,-0.009,-0.010,-0.007,-0.007,-0.009
79915,2007/06/07,,11,1,1311,65129010,NFX,NEWFIELD EXPLORATION CO,,NFX,211111,N,A,R,30044,0,1,1382,65129010,,,,,,,,,13.000,138.000,,,,,,,,,,,,,,,49.010,50.850,49.070,1462500.000,-0.021340,49.010,49.050,129985.000,1.000,1.000,50.020,,-0.021340,-0.018,-0.018,-0.014,-0.014,-0.018
79915,2007/06/08,,11,1,1311,65129010,NFX,NEWFIELD EXPLORATION CO,,NFX,211111,N,A,R,30044,0,1,1382,65129010,,,,,,,,,13.000,138.000,,,,,,,,,,,,,,,48.530,49.570,49.500,934998.000,0.008763,49.470,49.490,129985.000,1.000,1.000,49.000,,0.008763,0.011,0.011,0.006,0.006,0.011
79915,2007/06/11,,11,1,1311,65129010,NFX,NEWFIELD EXPLORATION CO,,NFX,211111,N,A,R,30044,0,1,1382,65129010,,,,,,,,,13.000,138.000,,,,,,,,,,,,,,,49.400,50.150,49.500,1675500.000,0.000000,49.480,49.500,129985.000,1.000,1.000,49.560,,0.000000,0.001,0.001,0.000,0.000,0.001
79915,2007/06/12,,11,1,1311,65129010,NFX,NEWFIELD EXPLORATION CO,,NFX,211111,N,A,R,30044,0,1,1382,65129010,,,,,,,,,13.000,138.000,,,,,,,,,,,,,,,48.710,49.840,49.420,1121400.000,-0.001616,49.420,49.500,129985.000,1.000,1.000,49.400,,-0.001616,-0.011,-0.011,-0.010,-0.010,-0.011
79915,2007/06/13,,11,1,1311,65129010,NFX,NEWFIELD EXPLORATION CO,,NFX,211111,N,A,R,30044,0,1,1382,65129010,,,,,,,,,13.000,138.000,,,,,,,,,,,,,,,48.780,49.490,49.270,1744400.000,-0.003035,49.220,49.280,129985.000,1.000,1.000,49.170,,-0.003035,0.014,0.014,0.009,0.008,0.015
79915,2007/06/14,,11,1,1311,65129010,NFX,NEWFIELD EXPLORATION CO,,NFX,211111,N,A,R,30044,0,1,1382,65129010,,,,,,,,,13.000,138.000,,,,,,,,,,,,,,,49.590,50.240,49.840,1545900.000,0.011569,49.760,49.840,129985.000,1.000,1.000,49.610,,0.011569,0.005,0.005,0.005,0.005,0.005
79915,2007/06/15,,11,1,1311,65129010,NFX,NEWFIELD EXPLORATION CO,,NFX,211111,N,A,R,30044,0,1,1382,65129010,,,,,,,,,13.000,138.000,,,,,,,,,,,,,,,49.850,50.580,50.110,1176900.000,0.005417,50.050,50.060,129985.000,1.000,1.000,50.310,,0.005417,0.007,0.007,0.008,0.008,0.007
79915,2007/06/18,,11,1,1311,65129010,NFX,NEWFIELD EXPLORATION CO,,NFX,211111,N,A,R,30044,0,1,1382,65129010,,,,,,,,,13.000,138.000,,,,,,,,,,,,,,,49.800,50.700,50.400,1149400.000,0.005787,50.360,50.400,129985.000,1.000,1.000,50.440,,0.005787,-0.001,-0.001,0.000,0.000,-0.001
79915,2007/06/19,,11,1,1311,65129010,NFX,NEWFIELD EXPLORATION CO,,NFX,211111,N,A,R,30044,0,1,1382,65129010,,,,,,,,,13.000,138.000,,,,,,,,,,,,,,,49.401,50.180,49.600,1176652.000,-0.015873,49.620,49.670,129985.000,1.000,1.000,50.100,,-0.015873,0.002,0.002,0.003,0.003,0.002
79915,2007/06/20,,11,1,1311,65129010,NFX,NEWFIELD EXPLORATION CO,,NFX,211111,N,A,R,30044,0,1,1382,65129010,,,,,,,,,13.000,138.000,,,,,,,,,,,,,,,48.220,50.160,48.550,1687154.000,-0.021169,48.470,48.550,129985.000,1.000,1.000,49.750,,-0.021169,-0.013,-0.013,-0.008,-0.008,-0.014
79915,2007/06/21,,11,1,1311,65129010,NFX,NEWFIELD EXPLORATION CO,,NFX,211111,N,A,R,30044,0,1,1382,65129010,,,,,,,,,13.000,138.000,,,,,,,,,,,,,,,48.790,50.800,49.960,2593165.000,0.029042,49.970,50.010,129985.000,1.000,1.000,50.500,,0.029042,0.005,0.005,0.002,0.002,0.006
79915,2007/06/22,,11,1,1311,65129010,NFX,NEWFIELD EXPLORATION CO,,NFX,211111,N,A,R,30044,0,1,1382,65129010,,,,,,,,,13.000,138.000,,,,,,,,,,,,,,,47.080,50.050,47.880,3433400.000,-0.041633,47.920,47.970,129985.000,1.000,1.000,50.000,,-0.041633,-0.011,-0.011,-0.006,-0.006,-0.013
79915,2007/06/25,,11,1,1311,65129010,NFX,NEWFIELD EXPLORATION CO,,NFX,211111,N,A,R,30044,0,1,1382,65129010,,,,,,,,,13.000,138.000,,,,,,,,,,,,,,,46.790,47.760,47.190,2294200.000,-0.014411,47.220,47.270,129985.000,1.000,1.000,47.250,,-0.014411,-0.005,-0.005,-0.006,-0.006,-0.003
79915,2007/06/26,,11,1,1311,65129010,NFX,NEWFIELD EXPLORATION CO,,NFX,211111,N,A,R,30044,0,1,1382,65129010,,,,,,,,,13.000,138.000,,,,,,,,,,,,,,,45.670,47.180,45.930,2493848.000,-0.026701,45.850,45.900,129985.000,1.000,1.000,47.010,,-0.026701,-0.004,-0.004,-0.003,-0.003,-0.003
79915,2007/06/27,,11,1,1311,65129010,NFX,NEWFIELD EXPLORATION CO,,NFX,211111,N,A,R,30044,0,1,1382,65129010,,,,,,,,,13.000,138.000,,,,,,,,,,,,,,,44.750,45.890,45.800,1774400.000,-0.002830,45.790,45.800,129985.000,1.000,1.000,45.220,,-0.002830,0.009,0.009,0.008,0.008,0.009
79915,2007/06/28,,11,1,1311,65129010,NFX,NEWFIELD EXPLORATION CO,,NFX,211111,N,A,R,30044,0,1,1382,65129010,,,,,,,,,13.000,138.000,,,,,,,,,,,,,,,45.150,46.710,45.240,1616868.000,-0.012227,45.150,45.220,129985.000,1.000,1.000,45.950,,-0.012227,0.001,0.001,0.002,0.002,-0.000
79915,2007/06/29,,11,1,1311,65129010,NFX,NEWFIELD EXPLORATION CO,,NFX,211111,N,A,R,30044,0,1,1382,65129010,,,,,,,,0.000,13.000,138.000,,,,,,,,,,,,,,,45.350,46.320,45.550,1719200.000,0.006852,45.470,45.500,129985.000,1.000,1.000,46.000,,0.006852,-0.001,-0.001,0.000,0.000,-0.002
79915,2007/07/02,,11,1,1311,65129010,NFX,NEWFIELD EXPLORATION CO,,NFX,211111,N,A,R,30044,0,1,1382,65129010,,,,,,,,,13.000,138.000,,,,,,,,,,,,,,,45.520,46.280,46.280,1325100.000,0.016026,46.190,46.230,129985.000,1.000,1.000,45.910,,0.016026,0.011,0.011,0.009,0.008,0.011
79915,2007/07/03,,11,1,1311,65129010,NFX,NEWFIELD EXPLORATION CO,,NFX,211111,N,A,R,30044,0,1,1382,65129010,,,,,,,,,13.000,138.000,,,,,,,,,,,,,,,45.980,46.870,46.810,638600.000,0.011452,46.770,46.890,129985.000,1.000,1.000,46.280,,0.011452,0.003,0.003,0.002,0.002,0.004
79915,2007/07/05,,11,1,1311,65129010,NFX,NEWFIELD EXPLORATION CO,,NFX,211111,N,A,R,30044,0,1,1382,65129010,,,,,,,,,13.000,138.000,,,,,,,,,,,,,,,45.980,46.880,46.710,1355200.000,-0.002136,46.690,46.700,129985.000,1.000,1.000,46.780,,-0.002136,0.001,0.001,0.002,0.002,0.000
79915,2007/07/06,,11,1,1311,65129010,NFX,NEWFIELD EXPLORATION CO,,NFX,211111,N,A,R,30044,0,1,1382,65129010,,,,,,,,,13.000,138.000,,,,,,,,,,,,,,,46.250,47.100,47.080,1273833.000,0.007921,47.030,47.070,129985.000,1.000,1.000,46.850,,0.007921,0.004,0.004,0.004,0.004,0.003
79915,2007/07/09,,11,1,1311,65129010,NFX,NEWFIELD EXPLORATION CO,,NFX,211111,N,A,R,30044,0,1,1382,65129010,,,,,,,,,13.000,138.000,,,,,,,,,,,,,,,46.920,47.960,47.860,1759000.000,0.016568,47.800,47.850,129985.000,1.000,1.000,47.000,,0.016568,0.002,0.002,0.002,0.002,0.001
79915,2007/07/10,,11,1,1311,65129010,NFX,NEWFIELD EXPLORATION CO,,NFX,211111,N,A,R,30044,0,1,1382,65129010,,,,,,,,,13.000,138.000,,,,,,,,,,,,,,,47.050,48.500,47.950,1836843.000,0.001880,47.890,47.960,129985.000,1.000,1.000,47.160,,0.001880,-0.014,-0.014,-0.010,-0.010,-0.014
79915,2007/07/11,,11,1,1311,65129010,NFX,NEWFIELD EXPLORATION CO,,NFX,211111,N,A,R,30044,0,1,1382,65129010,,,,,,,,,13.000,138.000,,,,,,,,,,,,,,,47.630,48.050,47.890,1237500.000,-0.001251,47.890,47.990,129985.000,1.000,1.000,47.630,,-0.001251,0.005,0.005,0.002,0.002,0.006
79915,2007/07/12,,11,1,1311,65129010,NFX,NEWFIELD EXPLORATION CO,,NFX,211111,N,A,R,30044,0,1,1382,65129010,,,,,,,,,13.000,138.000,,,,,,,,,,,,,,,47.160,48.300,48.150,1847100.000,0.005429,48.120,48.220,129985.000,1.000,1.000,48.140,,0.005429,0.018,0.017,0.011,0.011,0.019
79915,2007/07/13,,11,1,1311,65129010,NFX,NEWFIELD EXPLORATION CO,,NFX,211111,N,A,R,30044,0,1,1382,65129010,,,,,,,,,13.000,138.000,,,,,,,,,,,,,,,47.810,50.390,50.030,2324800.000,0.039045,49.990,50.010,129985.000,1.000,1.000,47.810,,0.039045,0.003,0.003,0.001,0.001,0.003
79915,2007/07/16,,11,1,1311,65129010,NFX,NEWFIELD EXPLORATION CO,,NFX,211111,N,A,R,30044,0,1,1382,65129010,,,,,,,,,13.000,138.000,,,,,,,,,,,,,,,49.335,50.080,49.420,2042800.000,-0.012193,49.410,49.420,129985.000,1.000,1.000,50.080,,-0.012193,-0.003,-0.003,-0.004,-0.004,-0.002
79915,2007/07/17,,11,1,1311,65129010,NFX,NEWFIELD EXPLORATION CO,,NFX,211111,N,A,R,30044,0,1,1382,65129010,,,,,,,,,13.000,138.000,,,,,,,,,,,,,,,49.430,51.100,49.960,2384200.000,0.010927,49.940,49.960,129985.000,1.000,1.000,49.980,,0.010927,-0.000,-0.000,0.000,0.000,-0.000
79915,2007/07/18,,11,1,1311,65129010,NFX,NEWFIELD EXPLORATION CO,,NFX,211111,N,A,R,30044,0,1,1382,65129010,,,,,,,,,13.000,138.000,,,,,,,,,,,,,,,49.500,51.000,50.770,1371600.000,0.016213,50.760,50.810,129985.000,1.000,1.000,49.990,,0.016213,-0.002,-0.002,-0.004,-0.004,-0.002
79915,2007/07/19,,11,1,1311,65129010,NFX,NEWFIELD EXPLORATION CO,,NFX,211111,N,A,R,30044,0,1,1382,65129010,,,,,,,,,13.000,138.000,,,,,,,,,,,,,,,50.580,51.380,50.970,1274700.000,0.003939,50.970,51.020,129985.000,1.000,1.000,50.950,,0.003939,0.005,0.005,0.006,0.006,0.004
79915,2007/07/20,,11,1,1311,65129010,NFX,NEWFIELD EXPLORATION CO,,NFX,211111,N,A,R,30044,0,1,1382,65129010,,,,,,,,,13.000,138.000,,,,,,,,,,,,,,,49.270,50.970,49.560,1692697.000,-0.027663,49.310,49.500,129985.000,1.000,1.000,50.610,,-0.027663,-0.012,-0.012,-0.009,-0.009,-0.012
79915,2007/07/23,,11,1,1311,65129010,NFX,NEWFIELD EXPLORATION CO,,NFX,211111,N,A,R,30044,0,1,1382,65129010,,,,,,,,,13.000,138.000,,,,,,,,,,,,,,,48.030,49.750,48.470,1272000.000,-0.021994,48.470,48.540,129985.000,1.000,1.000,49.750,,-0.021994,0.003,0.003,-0.000,-0.001,0.005
79915,2007/07/24,,11,1,1311,65129010,NFX,NEWFIELD EXPLORATION CO,,NFX,211111,N,A,R,30044,0,1,1382,65129010,,,,,,,,,13.000,138.000,,,,,,,,,,,,,,,46.060,47.910,46.420,1578686.000,-0.042294,46.310,46.360,129985.000,1.000,1.000,47.560,,-0.042294,-0.020,-0.020,-0.019,-0.019,-0.020
79915,2007/07/25,,11,1,1311,65129010,NFX,NEWFIELD EXPLORATION CO,,NFX,211111,N,A,R,30044,0,1,1382,65129010,,,,,,,,,13.000,138.000,,,,,,,,,,,,,,,46.080,48.230,47.850,1984331.000,0.030806,47.890,47.930,129985.000,1.000,1.000,46.800,,0.030806,0.003,0.003,-0.002,-0.003,0.005
79915,2007/07/26,,11,1,1311,65129010,NFX,NEWFIELD EXPLORATION CO,,NFX,211111,N,A,R,30044,0,1,1382,65129010,,,,,,,,,13.000,138.000,,,,,,,,,,,,,,,47.730,51.280,48.990,6125150.000,0.023825,48.780,48.800,129985.000,1.000,1.000,48.030,,0.023825,-0.024,-0.024,-0.022,-0.022,-0.023
79915,2007/07/27,,11,1,1311,65129010,NFX,NEWFIELD EXPLORATION CO,,NFX,211111,N,A,R,30044,0,1,1382,65129010,,,,,,,,,13.000,138.000,,,,,,,,,,,,,,,48.920,50.290,48.970,2815597.000,-0.000408,48.920,48.950,129985.000,1.000,1.000,49.380,,-0.000408,-0.015,-0.015,-0.011,-0.011,-0.016
79915,2007/07/30,,11,1,1311,65129010,NFX,NEWFIELD EXPLORATION CO,,NFX,211111,N,A,R,30044,0,1,1382,65129010,,,,,,,,,13.000,138.000,,,,,,,,,,,,,,,48.300,49.810,48.810,1928894.000,-0.003267,48.820,48.880,129985.000,1.000,1.000,48.850,,-0.003267,0.009,0.009,0.004,0.004,0.010
79915,2007/07/31,,11,1,1311,65129010,NFX,NEWFIELD EXPLORATION CO,,NFX,211111,N,A,R,30044,0,1,1382,65129010,,,,,,,,0.000,13.000,138.000,,,,,,,,,,,,,,,47.880,50.500,48.050,1949591.000,-0.015571,47.790,47.990,129985.000,1.000,1.000,49.590,,-0.015571,-0.010,-0.010,-0.004,-0.004,-0.013
79915,2007/08/01,,11,1,1311,65129010,NFX,NEWFIELD EXPLORATION CO,,NFX,211111,N,A,R,30044,0,1,1382,65129010,,,,,,,,,13.000,138.000,,,,,,,,,,,,,,,47.060,49.400,48.500,2044500.000,0.009365,47.700,49.140,129985.000,1.000,1.000,47.900,,0.009365,0.004,0.004,-0.006,-0.006,0.007
79915,2007/08/02,,11,1,1311,65129010,NFX,NEWFIELD EXPLORATION CO,,NFX,211111,N,A,R,30044,0,1,1382,65129010,,,,,,,,,13.000,138.000,,,,,,,,,,,,,,,47.540,49.180,48.330,1566213.000,-0.003505,48.240,48.280,129985.000,1.000,1.000,48.610,,-0.003505,0.006,0.006,0.004,0.004,0.004
79915,2007/08/03,,11,1,1311,65129010,NFX,NEWFIELD EXPLORATION CO,,NFX,211111,N,A,R,30044,0,1,1382,65129010,,,,,,,,,13.000,138.000,,,,,,,,,,,,,,,47.140,49.210,47.320,1650870.000,-0.020898,47.340,47.390,129985.000,1.000,1.000,48.220,,-0.020898,-0.026,-0.026,-0.023,-0.023,-0.027
79915,2007/08/06,,11,1,1311,65129010,NFX,NEWFIELD EXPLORATION CO,,NFX,211111,N,A,R,30044,0,1,1382,65129010,,,,,,,,,13.000,138.000,,,,,,,,,,,,,,,45.660,47.480,47.130,1512039.000,-0.004015,47.030,47.120,129985.000,1.000,1.000,47.100,,-0.004015,0.018,0.018,0.000,0.000,0.024
79915,2007/08/07,,11,1,1311,65129010,NFX,NEWFIELD EXPLORATION CO,,NFX,211111,N,A,R,30044,0,1,1382,65129010,,,,,,,,,13.000,138.000,,,,,,,,,,,,,,,46.330,47.810,47.230,1808113.000,0.002122,47.120,47.240,129985.000,1.000,1.000,46.840,,0.002122,0.007,0.007,0.005,0.005,0.006
79915,2007/08/08,,11,1,1311,65129010,NFX,NEWFIELD EXPLORATION CO,,NFX,211111,N,A,R,30044,0,1,1382,65129010,,,,,,,,,13.000,138.000,,,,,,,,,,,,,,,46.710,48.680,47.610,2083715.000,0.008046,47.620,47.610,129985.000,1.000,1.000,48.010,,0.008046,0.016,0.015,0.018,0.018,0.014
79915,2007/08/09,,11,1,1311,65129010,NFX,NEWFIELD EXPLORATION CO,,NFX,211111,N,A,R,30044,0,1,1382,65129010,,,,,,,,,13.000,138.000,,,,,,,,,,,,,,,46.510,49.870,48.190,2153501.000,0.012182,48.050,48.290,129985.000,1.000,1.000,46.510,,0.012182,-0.027,-0.027,-0.016,-0.016,-0.030
79915,2007/08/10,,11,1,1311,65129010,NFX,NEWFIELD EXPLORATION CO,,NFX,211111,N,A,R,30044,0,1,1382,65129010,,,,,,,,,13.000,138.000,,,,,,,,,,,,,,,46.710,48.850,48.040,1505111.000,-0.003113,48.100,48.130,129985.000,1.000,1.000,47.760,,-0.003113,-0.000,-0.001,-0.001,-0.001,0.000
79915,2007/08/13,,11,1,1311,65129010,NFX,NEWFIELD EXPLORATION CO,,NFX,211111,N,A,R,30044,0,1,1382,65129010,,,,,,,,,13.000,138.000,,,,,,,,,,,,,,,47.250,49.920,47.470,1416800.000,-0.011865,47.580,47.610,129985.000,1.000,1.000,48.500,,-0.011865,-0.001,-0.001,-0.002,-0.002,-0.000
79915,2007/08/14,,11,1,1311,65129010,NFX,NEWFIELD EXPLORATION CO,,NFX,211111,N,A,R,30044,0,1,1382,65129010,,,,,,,,,13.000,138.000,,,,,,,,,,,,,,,46.350,48.020,46.680,1072211.000,-0.016642,46.710,46.770,129985.000,1.000,1.000,47.710,,-0.016642,-0.019,-0.019,-0.017,-0.018,-0.018
79915,2007/08/15,,11,1,1311,65129010,NFX,NEWFIELD EXPLORATION CO,,NFX,211111,N,A,R,30044,0,1,1382,65129010,,,,,,,,,13.000,138.000,,,,,,,,,,,,,,,44.960,47.640,45.220,1749209.000,-0.031277,45.210,45.230,129985.000,1.000,1.000,46.710,,-0.031277,-0.016,-0.016,-0.017,-0.017,-0.014
79915,2007/08/16,,11,1,1311,65129010,NFX,NEWFIELD EXPLORATION CO,,NFX,211111,N,A,R,30044,0,1,1382,65129010,,,,,,,,,13.000,138.000,,,,,,,,,,,,,,,43.420,46.310,45.770,1724000.000,0.012163,45.730,45.770,129985.000,1.000,1.000,45.130,,0.012163,0.002,0.002,-0.004,-0.004,0.003
79915,2007/08/17,,11,1,1311,65129010,NFX,NEWFIELD EXPLORATION CO,,NFX,211111,N,A,R,30044,0,1,1382,65129010,,,,,,,,,13.000,138.000,,,,,,,,,,,,,,,45.590,58.080,46.360,1603700.000,0.012891,46.250,46.310,129985.000,1.000,1.000,47.390,,0.012891,0.024,0.024,0.021,0.021,0.025
79915,2007/08/20,,11,1,1311,65129010,NFX,NEWFIELD EXPLORATION CO,,NFX,211111,N,A,R,30044,0,1,1382,65129010,,,,,,,,,13.000,138.000,,,,,,,,,,,,,,,44.740,46.390,45.690,1079300.000,-0.014452,45.620,45.690,129985.000,1.000,1.000,46.000,,-0.014452,0.002,0.002,0.004,0.004,-0.000
79915,2007/08/21,,11,1,1311,65129010,NFX,NEWFIELD EXPLORATION CO,,NFX,211111,N,A,R,30044,0,1,1382,65129010,,,,,,,,,13.000,138.000,,,,,,,,,,,,,,,43.800,45.340,44.540,1477300.000,-0.025170,44.480,44.500,129985.000,1.000,1.000,45.320,,-0.025170,0.002,0.002,0.003,0.003,0.001
79915,2007/08/22,,11,1,1311,65129010,NFX,NEWFIELD EXPLORATION CO,,NFX,211111,N,A,R,30044,0,1,1382,65129010,,,,,,,,,13.000,138.000,,,,,,,,,,,,,,,43.680,45.080,44.330,1069600.000,-0.004715,44.300,44.320,129985.000,1.000,1.000,44.620,,-0.004715,0.013,0.013,0.013,0.013,0.012
79915,2007/08/23,,11,1,1311,65129010,NFX,NEWFIELD EXPLORATION CO,,NFX,211111,N,A,R,30044,0,1,1382,65129010,,,,,,,,,13.000,138.000,,,,,,,,,,,,,,,43.600,44.880,44.370,1003400.000,0.000902,44.320,44.360,129985.000,1.000,1.000,44.630,,0.000902,-0.002,-0.002,-0.003,-0.003,-0.001
79915,2007/08/24,,11,1,1311,65129010,NFX,NEWFIELD EXPLORATION CO,,NFX,211111,N,A,R,30044,0,1,1382,65129010,,,,,,,,,13.000,138.000,,,,,,,,,,,,,,,43.950,44.910,44.820,819500.000,0.010142,44.770,44.800,129985.000,1.000,1.000,44.310,,0.010142,0.012,0.012,0.010,0.010,0.012
79915,2007/08/27,,11,1,1311,65129010,NFX,NEWFIELD EXPLORATION CO,,NFX,211111,N,A,R,30044,0,1,1382,65129010,,,,,,,,,13.000,138.000,,,,,,,,,,,,,,,43.240,44.590,43.870,1043028.000,-0.021196,43.860,43.870,129985.000,1.000,1.000,44.590,,-0.021196,-0.008,-0.008,-0.005,-0.005,-0.009
79915,2007/08/28,,11,1,1311,65129010,NFX,NEWFIELD EXPLORATION CO,,NFX,211111,N,A,R,30044,0,1,1382,65129010,,,,,,,,,13.000,138.000,,,,,,,,,,,,,,,42.230,43.670,42.280,1427000.000,-0.036243,42.300,42.340,129985.000,1.000,1.000,43.440,,-0.036243,-0.023,-0.023,-0.018,-0.018,-0.023
79915,2007/08/29,,11,1,1311,65129010,NFX,NEWFIELD EXPLORATION CO,,NFX,211111,N,A,R,30044,0,1,1382,65129010,,,,,,,,,13.000,138.000,,,,,,,,,,,,,,,41.820,43.180,42.790,1814000.000,0.012062,42.570,42.820,129985.000,1.000,1.000,42.500,,0.012062,0.022,0.022,0.017,0.016,0.022
79915,2007/08/30,,11,1,1311,65129010,NFX,NEWFIELD EXPLORATION CO,,NFX,211111,N,A,R,30044,0,1,1382,65129010,,,,,,,,,13.000,138.000,,,,,,,,,,,,,,,42.140,43.570,42.940,1928500.000,0.003505,42.950,42.970,129985.000,1.000,1.000,42.210,,0.003505,-0.004,-0.004,-0.002,-0.002,-0.004
79915,2007/08/31,,11,1,1311,65129010,NFX,NEWFIELD EXPLORATION CO,,NFX,211111,N,A,R,30044,0,1,1382,65129010,,,,,,,,0.000,13.000,138.000,,,,,,,,,,,,,,,42.880,43.800,43.490,1126200.000,0.012809,43.430,43.460,130463.000,1.000,1.000,43.730,,0.012809,0.012,0.012,0.012,0.012,0.011
79915,2007/09/04,,11,1,1311,65129010,NFX,NEWFIELD EXPLORATION CO,,NFX,211111,N,A,R,30044,0,1,1382,65129010,,,,,,,,,13.000,138.000,,,,,,,,,,,,,,,43.200,45.340,45.030,1095600.000,0.035410,44.970,45.000,130463.000,1.000,1.000,43.510,,0.035410,0.011,0.011,0.008,0.008,0.010
79915,2007/09/05,,11,1,1311,65129010,NFX,NEWFIELD EXPLORATION CO,,NFX,211111,N,A,R,30044,0,1,1382,65129010,,,,,,,,,13.000,138.000,,,,,,,,,,,,,,,44.590,46.130,45.970,2257100.000,0.020875,45.890,46.030,130463.000,1.000,1.000,44.650,,0.020875,-0.010,-0.010,-0.008,-0.008,-0.012
79915,2007/09/06,,11,1,1311,65129010,NFX,NEWFIELD EXPLORATION CO,,NFX,211111,N,A,R,30044,0,1,1382,65129010,,,,,,,,,13.000,138.000,,,,,,,,,,,,,,,46.020,47.410,47.000,1835007.000,0.022406,46.930,46.980,130463.000,1.000,1.000,46.020,,0.022406,0.004,0.004,0.004,0.004,0.004
79915,2007/09/07,,11,1,1311,65129010,NFX,NEWFIELD EXPLORATION CO,,NFX,211111,N,A,R,30044,0,1,1382,65129010,,,,,,,,,13.000,138.000,,,,,,,,,,,,,,,45.030,46.580,45.690,1303500.000,-0.027872,45.650,45.690,130463.000,1.000,1.000,46.120,,-0.027872,-0.016,-0.016,-0.012,-0.012,-0.017
79915,2007/09/10,,11,1,1311,65129010,NFX,NEWFIELD EXPLORATION CO,,NFX,211111,N,A,R,30044,0,1,1382,65129010,,,,,,,,,13.000,138.000,,,,,,,,,,,,,,,44.340,46.080,45.330,747000.000,-0.007879,44.900,45.370,130463.000,1.000,1.000,45.710,,-0.007879,-0.003,-0.003,-0.006,-0.006,-0.001
79915,2007/09/11,,11,1,1311,65129010,NFX,NEWFIELD EXPLORATION CO,,NFX,211111,N,A,R,30044,0,1,1382,65129010,,,,,,,,,13.000,138.000,,,,,,,,,,,,,,,44.800,46.130,46.080,788700.000,0.016545,46.060,46.080,130463.000,1.000,1.000,45.440,,0.016545,0.014,0.013,0.010,0.010,0.014
79915,2007/09/12,,11,1,1311,65129010,NFX,NEWFIELD EXPLORATION CO,,NFX,211111,N,A,R,30044,0,1,1382,65129010,,,,,,,,,13.000,138.000,,,,,,,,,,,,,,,44.660,46.200,45.640,1497900.000,-0.009549,45.640,45.680,130463.000,1.000,1.000,45.280,,-0.009549,0.000,-0.000,-0.002,-0.002,0.000
79915,2007/09/13,,11,1,1311,65129010,NFX,NEWFIELD EXPLORATION CO,,NFX,211111,N,A,R,30044,0,1,1382,65129010,,,,,,,,,13.000,138.000,,,,,,,,,,,,,,,45.120,45.840,45.400,1146700.000,-0.005258,45.400,45.430,130463.000,1.000,1.000,45.680,,-0.005258,0.007,0.007,0.002,0.002,0.008
79915,2007/09/14,,11,1,1311,65129010,NFX,NEWFIELD EXPLORATION CO,,NFX,211111,N,A,R,30044,0,1,1382,65129010,,,,,,,,,13.000,138.000,,,,,,,,,,,,,,,44.920,46.800,46.520,804500.000,0.024670,46.400,46.410,130463.000,1.000,1.000,45.360,,0.024670,0.001,0.001,0.002,0.002,0.000
79915,2007/09/17,,11,1,1311,65129010,NFX,NEWFIELD EXPLORATION CO,,NFX,211111,N,A,R,30044,0,1,1382,65129010,,,,,,,,,13.000,138.000,,,,,,,,,,,,,,,46.080,47.460,46.680,1478000.000,0.003439,46.620,46.640,130463.000,1.000,1.000,46.310,,0.003439,-0.006,-0.006,-0.007,-0.007,-0.005
79915,2007/09/18,,11,1,1311,65129010,NFX,NEWFIELD EXPLORATION CO,,NFX,211111,N,A,R,30044,0,1,1382,65129010,,,,,,,,,13.000,138.000,,,,,,,,,,,,,,,46.390,47.890,47.800,983500.000,0.023993,47.760,47.790,130463.000,1.000,1.000,47.120,,0.023993,0.029,0.029,0.023,0.023,0.029
79915,2007/09/19,,11,1,1311,65129010,NFX,NEWFIELD EXPLORATION CO,,NFX,211111,N,A,R,30044,0,1,1382,65129010,,,,,,,,,13.000,138.000,,,,,,,,,,,,,,,47.980,49.470,48.320,1642400.000,0.010879,48.340,48.360,130463.000,1.000,1.000,47.980,,0.010879,0.006,0.006,0.008,0.008,0.006
79915,2007/09/20,,11,1,1311,65129010,NFX,NEWFIELD EXPLORATION CO,,NFX,211111,N,A,R,30044,0,1,1382,65129010,,,,,,,,,13.000,138.000,,,,,,,,,,,,,,,47.850,48.650,47.900,746100.000,-0.008692,47.930,47.940,130463.000,1.000,1.000,48.600,,-0.008692,-0.005,-0.005,-0.004,-0.004,-0.007
79915,2007/09/21,,11,1,1311,65129010,NFX,NEWFIELD EXPLORATION CO,,NFX,211111,N,A,R,30044,0,1,1382,65129010,,,,,,,,,13.000,138.000,,,,,,,,,,,,,,,47.900,48.980,48.050,811800.000,0.003131,48.080,48.110,130463.000,1.000,1.000,48.400,,0.003131,0.005,0.005,0.004,0.004,0.005
79915,2007/09/24,,11,1,1311,65129010,NFX,NEWFIELD EXPLORATION CO,,NFX,211111,N,A,R,30044,0,1,1382,65129010,,,,,,,,,13.000,138.000,,,,,,,,,,,,,,,46.920,48.050,47.070,1573600.000,-0.020395,47.060,47.070,130463.000,1.000,1.000,47.840,,-0.020395,-0.004,-0.004,-0.004,-0.004,-0.005
79915,2007/09/25,,11,1,1311,65129010,NFX,NEWFIELD EXPLORATION CO,,NFX,211111,N,A,R,30044,0,1,1382,65129010,,,,,,,,,13.000,138.000,,,,,,,,,,,,,,,46.350,46.970,46.790,1365400.000,-0.005949,46.790,46.830,130463.000,1.000,1.000,46.660,,-0.005949,-0.000,-0.000,-0.002,-0.002,-0.000
79915,2007/09/26,,11,1,1311,65129010,NFX,NEWFIELD EXPLORATION CO,,NFX,211111,N,A,R,30044,0,1,1382,65129010,,,,,,,,,13.000,138.000,,,,,,,,,,,,,,,46.300,47.570,46.920,702600.000,0.002778,46.860,46.910,130463.000,1.000,1.000,47.050,,0.002778,0.006,0.005,0.005,0.005,0.005
79915,2007/09/27,,11,1,1311,65129010,NFX,NEWFIELD EXPLORATION CO,,NFX,211111,N,A,R,30044,0,1,1382,65129010,,,,,,,,,13.000,138.000,,,,,,,,,,,,,,,47.000,48.140,47.800,750800.000,0.018755,47.740,47.750,130463.000,1.000,1.000,47.340,,0.018755,0.005,0.005,0.006,0.006,0.004
79915,2007/09/28,,11,1,1311,65129010,NFX,NEWFIELD EXPLORATION CO,,NFX,211111,N,A,R,30044,0,1,1382,65129010,,,,,,,,0.000,13.000,138.000,,,,,,,,,,,,,,,47.600,48.450,48.160,905800.000,0.007531,48.080,48.150,130463.000,1.000,1.000,47.900,,0.007531,-0.003,-0.003,-0.002,-0.002,-0.003
79915,2007/10/01,,11,1,1311,65129010,NFX,NEWFIELD EXPLORATION CO,,NFX,211111,N,A,R,30044,0,1,1382,65129010,,,,,,,,,13.000,138.000,,,,,,,,,,,,,,,47.520,49.090,47.900,1261800.000,-0.005399,47.860,47.870,130463.000,1.000,1.000,48.250,,-0.005399,0.014,0.014,0.013,0.012,0.013
79915,2007/10/02,,11,1,1311,65129010,NFX,NEWFIELD EXPLORATION CO,,NFX,211111,N,A,R,30044,0,1,1382,65129010,,,,,,,,,13.000,138.000,,,,,,,,,,,,,,,47.680,49.230,49.070,1232300.000,0.024426,49.020,49.060,130463.000,1.000,1.000,47.680,,0.024426,0.000,0.000,0.005,0.005,-0.000
79915,2007/10/03,,11,1,1311,65129010,NFX,NEWFIELD EXPLORATION CO,,NFX,211111,N,A,R,30044,0,1,1382,65129010,,,,,,,,,13.000,138.000,,,,,,,,,,,,,,,48.190,49.060,48.480,792400.000,-0.012024,48.540,48.580,130463.000,1.000,1.000,48.780,,-0.012024,-0.005,-0.005,-0.004,-0.004,-0.005
79915,2007/10/04,,11,1,1311,65129010,NFX,NEWFIELD EXPLORATION CO,,NFX,211111,N,A,R,30044,0,1,1382,65129010,,,,,,,,,13.000,138.000,,,,,,,,,,,,,,,48.050,49.460,49.140,1093600.000,0.013614,49.100,49.120,130463.000,1.000,1.000,48.740,,0.013614,0.003,0.003,0.003,0.003,0.002
79915,2007/10/05,,11,1,1311,65129010,NFX,NEWFIELD EXPLORATION CO,,NFX,211111,N,A,R,30044,0,1,1382,65129010,,,,,,,,,13.000,138.000,,,,,,,,,,,,,,,48.970,50.120,49.780,1038100.000,0.013024,49.710,49.750,130463.000,1.000,1.000,49.290,,0.013024,0.012,0.012,0.013,0.013,0.010
79915,2007/10/08,,11,1,1311,65129010,NFX,NEWFIELD EXPLORATION CO,,NFX,211111,N,A,R,30044,0,1,1382,65129010,,,,,,,,,13.000,138.000,,,,,,,,,,,,,,,48.630,50.020,49.170,1027700.000,-0.012254,49.250,49.260,130463.000,1.000,1.000,49.210,,-0.012254,-0.003,-0.003,-0.002,-0.002,-0.003
79915,2007/10/09,,11,1,1311,65129010,NFX,NEWFIELD EXPLORATION CO,,NFX,211111,N,A,R,30044,0,1,1382,65129010,,,,,,,,,13.000,138.000,,,,,,,,,,,,,,,49.330,51.000,50.850,1222600.000,0.034167,50.740,50.790,130463.000,1.000,1.000,49.440,,0.034167,0.008,0.008,0.006,0.006,0.008
79915,2007/10/10,,11,1,1311,65129010,NFX,NEWFIELD EXPLORATION CO,,NFX,211111,N,A,R,30044,0,1,1382,65129010,,,,,,,,,13.000,138.000,,,,,,,,,,,,,,,50.500,51.760,51.660,1257500.000,0.015929,51.570,51.580,130463.000,1.000,1.000,50.700,,0.015929,-0.000,-0.000,0.001,0.001,-0.002
79915,2007/10/11,,11,1,1311,65129010,NFX,NEWFIELD EXPLORATION CO,,NFX,211111,N,A,R,30044,0,1,1382,65129010,,,,,,,,,13.000,138.000,,,,,,,,,,,,,,,50.730,53.060,51.450,1537300.000,-0.004065,51.460,51.510,130463.000,1.000,1.000,51.660,,-0.004065,-0.005,-0.005,-0.007,-0.007,-0.005
79915,2007/10/12,,11,1,1311,65129010,NFX,NEWFIELD EXPLORATION CO,,NFX,211111,N,A,R,30044,0,1,1382,65129010,,,,,,,,,13.000,138.000,,,,,,,,,,,,,,,51.061,52.020,51.530,745600.000,0.001555,51.420,51.500,130463.000,1.000,1.000,51.830,,0.001555,0.005,0.005,0.005,0.005,0.005
79915,2007/10/15,,11,1,1311,65129010,NFX,NEWFIELD EXPLORATION CO,,NFX,211111,N,A,R,30044,0,1,1382,65129010,,,,,,,,,13.000,138.000,,,,,,,,,,,,,,,51.650,52.980,52.490,1269500.000,0.018630,52.390,52.410,130463.000,1.000,1.000,52.240,,0.018630,-0.009,-0.009,-0.008,-0.008,-0.008
79915,2007/10/16,,11,1,1311,65129010,NFX,NEWFIELD EXPLORATION CO,,NFX,211111,N,A,R,30044,0,1,1382,65129010,,,,,,,,,13.000,138.000,,,,,,,,,,,,,,,52.310,53.220,52.520,1154700.000,0.000572,52.520,52.570,130463.000,1.000,1.000,52.350,,0.000572,-0.007,-0.007,-0.006,-0.006,-0.007
79915,2007/10/17,,11,1,1311,65129010,NFX,NEWFIELD EXPLORATION CO,,NFX,211111,N,A,R,30044,0,1,1382,65129010,,,,,,,,,13.000,138.000,,,,,,,,,,,,,,,51.840,53.000,52.660,1015500.000,0.002666,52.690,52.720,130463.000,1.000,1.000,52.630,,0.002666,0.003,0.003,0.001,0.001,0.002
79915,2007/10/18,,11,1,1311,65129010,NFX,NEWFIELD EXPLORATION CO,,NFX,211111,N,A,R,30044,0,1,1382,65129010,,,,,,,,,13.000,138.000,,,,,,,,,,,,,,,51.840,52.630,52.440,853300.000,-0.004178,52.470,52.520,130463.000,1.000,1.000,52.630,,-0.004178,0.000,0.000,0.000,0.000,-0.001
79915,2007/10/19,,11,1,1311,65129010,NFX,NEWFIELD EXPLORATION CO,,NFX,211111,N,A,R,30044,0,1,1382,65129010,,,,,,,,,13.000,138.000,,,,,,,,,,,,,,,50.400,52.230,50.400,1270100.000,-0.038902,50.410,50.420,130463.000,1.000,1.000,52.230,,-0.038902,-0.025,-0.025,-0.021,-0.021,-0.026
79915,2007/10/22,,11,1,1311,65129010,NFX,NEWFIELD EXPLORATION CO,,NFX,211111,N,A,R,30044,0,1,1382,65129010,,,,,,,,,13.000,138.000,,,,,,,,,,,,,,,49.250,50.170,49.960,893800.000,-0.008730,49.880,49.890,130463.000,1.000,1.000,49.620,,-0.008730,0.003,0.003,0.004,0.004,0.004
79915,2007/10/23,,11,1,1311,65129010,NFX,NEWFIELD EXPLORATION CO,,NFX,211111,N,A,R,30044,0,1,1382,65129010,,,,,,,,,13.000,138.000,,,,,,,,,,,,,,,49.430,50.670,50.280,541200.000,0.006405,50.240,50.280,130463.000,1.000,1.000,50.270,,0.006405,0.010,0.010,0.007,0.007,0.009
79915,2007/10/24,,11,1,1311,65129010,NFX,NEWFIELD EXPLORATION CO,,NFX,211111,N,A,R,30044,0,1,1382,65129010,,,,,,,,,13.000,138.000,,,,,,,,,,,,,,,49.190,52.450,52.270,2068732.000,0.039578,52.100,52.150,130463.000,1.000,1.000,49.270,,0.039578,-0.003,-0.003,-0.005,-0.005,-0.002
79915,2007/10/25,,11,1,1311,65129010,NFX,NEWFIELD EXPLORATION CO,,NFX,211111,N,A,R,30044,0,1,1382,65129010,,,,,,,,,13.000,138.000,,,,,,,,,,,,,,,50.570,53.000,51.600,2380900.000,-0.012818,51.470,51.520,130463.000,1.000,1.000,52.510,,-0.012818,-0.001,-0.001,-0.002,-0.002,-0.001
79915,2007/10/26,,11,1,1311,65129010,NFX,NEWFIELD EXPLORATION CO,,NFX,211111,N,A,R,30044,0,1,1382,65129010,,,,,,,,,13.000,138.000,,,,,,,,,,,,,,,51.850,53.670,53.620,1660400.000,0.039147,53.550,53.590,130463.000,1.000,1.000,52.130,,0.039147,0.014,0.014,0.010,0.010,0.014
79915,2007/10/29,,11,1,1311,65129010,NFX,NEWFIELD EXPLORATION CO,,NFX,211111,N,A,R,30044,0,1,1382,65129010,,,,,,,,,13.000,138.000,,,,,,,,,,,,,,,53.290,55.000,53.480,1517600.000,-0.002611,53.520,53.570,130463.000,1.000,1.000,53.960,,-0.002611,0.005,0.005,0.003,0.003,0.004
79915,2007/10/30,,11,1,1311,65129010,NFX,NEWFIELD EXPLORATION CO,,NFX,211111,N,A,R,30044,0,1,1382,65129010,,,,,,,,,13.000,138.000,,,,,,,,,,,,,,,51.030,53.210,51.460,1389500.000,-0.037771,51.460,51.470,130463.000,1.000,1.000,53.060,,-0.037771,-0.007,-0.007,-0.006,-0.006,-0.006
79915,2007/10/31,,11,1,1311,65129010,NFX,NEWFIELD EXPLORATION CO,,NFX,211111,N,A,R,30044,0,1,1382,65129010,,,,,,,,0.000,13.000,138.000,,,,,,,,,,,,,,,51.590,53.900,53.840,1504750.000,0.046250,53.760,53.810,130905.000,1.000,1.000,51.910,,0.046250,0.013,0.013,0.010,0.010,0.012
79915,2007/11/01,,11,1,1311,65129010,NFX,NEWFIELD EXPLORATION CO,,NFX,211111,N,A,R,30044,0,1,1382,65129010,,,,,,,,,13.000,138.000,,,,,,,,,,,,,,,52.510,54.040,52.910,1419700.000,-0.017273,52.920,52.990,130905.000,1.000,1.000,53.130,,-0.017273,-0.026,-0.026,-0.024,-0.024,-0.026
79915,2007/11/02,,11,1,1311,65129010,NFX,NEWFIELD EXPLORATION CO,,NFX,211111,N,A,R,30044,0,1,1382,65129010,,,,,,,,,13.000,138.000,,,,,,,,,,,,,,,52.400,53.580,53.130,1672400.000,0.004158,53.130,53.210,130905.000,1.000,1.000,53.340,,0.004158,0.002,0.002,-0.000,-0.001,0.001
79915,2007/11/05,,11,1,1311,65129010,NFX,NEWFIELD EXPLORATION CO,,NFX,211111,N,A,R,30044,0,1,1382,65129010,,,,,,,,,13.000,138.000,,,,,,,,,,,,,,,52.020,52.900,52.660,1045735.000,-0.008846,52.550,52.610,130905.000,1.000,1.000,52.370,,-0.008846,-0.007,-0.007,-0.010,-0.010,-0.005
79915,2007/11/06,,11,1,1311,65129010,NFX,NEWFIELD EXPLORATION CO,,NFX,211111,N,A,R,30044,0,1,1382,65129010,,,,,,,,,13.000,138.000,,,,,,,,,,,,,,,52.850,53.620,52.940,1221200.000,0.005317,52.940,52.950,130905.000,1.000,1.000,53.010,,0.005317,0.013,0.013,0.006,0.006,0.012
79915,2007/11/07,,11,1,1311,65129010,NFX,NEWFIELD EXPLORATION CO,,NFX,211111,N,A,R,30044,0,1,1382,65129010,,,,,,,,,13.000,138.000,,,,,,,,,,,,,,,51.550,53.630,51.580,1380600.000,-0.025689,51.590,51.630,130905.000,1.000,1.000,52.910,,-0.025689,-0.027,-0.027,-0.023,-0.023,-0.029
79915,2007/11/08,,11,1,1311,65129010,NFX,NEWFIELD EXPLORATION CO,,NFX,211111,N,A,R,30044,0,1,1382,65129010,,,,,,,,,13.000,138.000,,,,,,,,,,,,,,,50.830,52.370,52.270,1618446.000,0.013377,52.140,52.230,130905.000,1.000,1.000,52.000,,0.013377,-0.001,-0.001,-0.001,-0.001,-0.001
79915,2007/11/09,,11,1,1311,65129010,NFX,NEWFIELD EXPLORATION CO,,NFX,211111,N,A,R,30044,0,1,1382,65129010,,,,,,,,,13.000,138.000,,,,,,,,,,,,,,,51.160,52.060,51.330,877600.000,-0.017984,51.280,51.290,130905.000,1.000,1.000,51.670,,-0.017984,-0.015,-0.015,-0.010,-0.010,-0.014
79915,2007/11/12,,11,1,1311,65129010,NFX,NEWFIELD EXPLORATION CO,,NFX,211111,N,A,R,30044,0,1,1382,65129010,,,,,,,,,13.000,138.000,,,,,,,,,,,,,,,48.780,51.130,48.990,1722319.000,-0.045587,48.960,49.050,130905.000,1.000,1.000,51.130,,-0.045587,-0.014,-0.014,-0.011,-0.011,-0.010
79915,2007/11/13,,11,1,1311,65129010,NFX,NEWFIELD EXPLORATION CO,,NFX,211111,N,A,R,30044,0,1,1382,65129010,,,,,,,,,13.000,138.000,,,,,,,,,,,,,,,49.020,50.540,50.050,1538240.000,0.021637,50.050,50.060,130905.000,1.000,1.000,49.420,,0.021637,0.028,0.028,0.018,0.018,0.029
79915,2007/11/14,,11,1,1311,65129010,NFX,NEWFIELD EXPLORATION CO,,NFX,211111,N,A,R,30044,0,1,1382,65129010,,,,,,,,,13.000,138.000,,,,,,,,,,,,,,,50.510,51.890,50.830,1145300.000,0.015584,50.790,50.810,130905.000,1.000,1.000,50.710,,0.015584,-0.006,-0.006,-0.005,-0.005,-0.007
79915,2007/11/15,,11,1,1311,65129010,NFX,NEWFIELD EXPLORATION CO,,NFX,211111,N,A,R,30044,0,1,1382,65129010,,,,,,,,,13.000,138.000,,,,,,,,,,,,,,,49.400,51.250,50.020,895200.000,-0.015935,49.980,50.050,130905.000,1.000,1.000,50.800,,-0.015935,-0.014,-0.014,-0.012,-0.012,-0.013
79915,2007/11/16,,11,1,1311,65129010,NFX,NEWFIELD EXPLORATION CO,,NFX,211111,N,A,R,30044,0,1,1382,65129010,,,,,,,,,13.000,138.000,,,,,,,,,,,,,,,50.060,51.350,51.340,1376200.000,0.026389,51.170,51.250,130905.000,1.000,1.000,50.420,,0.026389,0.005,0.005,-0.002,-0.002,0.005
79915,2007/11/19,,11,1,1311,65129010,NFX,NEWFIELD EXPLORATION CO,,NFX,211111,N,A,R,30044,0,1,1382,65129010,,,,,,,,,13.000,138.000,,,,,,,,,,,,,,,49.920,51.470,50.160,866905.000,-0.022984,50.170,50.200,130905.000,1.000,1.000,51.190,,-0.022984,-0.019,-0.019,-0.020,-0.020,-0.017
79915,2007/11/20,,11,1,1311,65129010,NFX,NEWFIELD EXPLORATION CO,,NFX,211111,N,A,R,30044,0,1,1382,65129010,,,,,,,,,13.000,138.000,,,,,,,,,,,,,,,49.410,51.160,49.710,1311329.000,-0.008971,49.650,49.680,130905.000,1.000,1.000,50.280,,-0.008971,0.004,0.004,-0.003,-0.004,0.004
79915,2007/11/21,,11,1,1311,65129010,NFX,NEWFIELD EXPLORATION CO,,NFX,211111,N,A,R,30044,0,1,1382,65129010,,,,,,,,,13.000,138.000,,,,,,,,,,,,,,,48.930,49.710,49.000,973400.000,-0.014283,49.000,49.050,130905.000,1.000,1.000,49.230,,-0.014283,-0.015,-0.015,-0.011,-0.011,-0.016
79915,2007/11/23,,11,1,1311,65129010,NFX,NEWFIELD EXPLORATION CO,,NFX,211111,N,A,R,30044,0,1,1382,65129010,,,,,,,,,13.000,138.000,,,,,,,,,,,,,,,48.980,49.700,49.180,420515.000,0.003673,49.180,49.250,130905.000,1.000,1.000,49.230,,0.003673,0.016,0.016,0.015,0.015,0.017
79915,2007/11/26,,11,1,1311,65129010,NFX,NEWFIELD EXPLORATION CO,,NFX,211111,N,A,R,30044,0,1,1382,65129010,,,,,,,,,13.000,138.000,,,,,,,,,,,,,,,48.400,50.370,48.560,986688.000,-0.012607,48.480,48.520,130905.000,1.000,1.000,49.170,,-0.012607,-0.020,-0.020,-0.017,-0.017,-0.023
79915,2007/11/27,,11,1,1311,65129010,NFX,NEWFIELD EXPLORATION CO,,NFX,211111,N,A,R,30044,0,1,1382,65129010,,,,,,,,,13.000,138.000,,,,,,,,,,,,,,,46.980,48.140,48.070,1407289.000,-0.010091,47.970,48.030,130905.000,1.000,1.000,47.100,,-0.010091,0.012,0.012,0.004,0.004,0.015
79915,2007/11/28,,11,1,1311,65129010,NFX,NEWFIELD EXPLORATION CO,,NFX,211111,N,A,R,30044,0,1,1382,65129010,,,,,,,,,13.000,138.000,,,,,,,,,,,,,,,47.570,49.140,48.210,1791811.000,0.002912,48.220,48.230,130905.000,1.000,1.000,48.370,,0.002912,0.029,0.029,0.024,0.024,0.029
79915,2007/11/29,,11,1,1311,65129010,NFX,NEWFIELD EXPLORATION CO,,NFX,211111,N,A,R,30044,0,1,1382,65129010,,,,,,,,,13.000,138.000,,,,,,,,,,,,,,,47.850,49.290,49.200,1882140.000,0.020535,49.140,49.190,130905.000,1.000,1.000,48.060,,0.020535,-0.000,-0.000,-0.000,-0.000,0.000
79915,2007/11/30,,11,1,1311,65129010,NFX,NEWFIELD EXPLORATION CO,,NFX,211111,N,A,R,30044,0,1,1382,65129010,,,,,,,,0.000,13.000,138.000,,,,,,,,,,,,,,,48.940,50.080,49.850,1199950.000,0.013211,49.700,49.780,130905.000,1.000,1.000,49.160,,0.013211,0.007,0.007,0.007,0.007,0.008
79915,2007/12/03,,11,1,1311,65129010,NFX,NEWFIELD EXPLORATION CO,,NFX,211111,N,A,R,30044,0,1,1382,65129010,,,,,,,,,13.000,138.000,,,,,,,,,,,,,,,49.950,51.170,51.110,1428000.000,0.025276,51.010,51.030,130905.000,1.000,1.000,50.100,,0.025276,-0.006,-0.006,-0.007,-0.007,-0.006
79915,2007/12/04,,11,1,1311,65129010,NFX,NEWFIELD EXPLORATION CO,,NFX,211111,N,A,R,30044,0,1,1382,65129010,,,,,,,,,13.000,138.000,,,,,,,,,,,,,,,50.240,50.920,50.590,992700.000,-0.010174,50.640,50.650,130905.000,1.000,1.000,50.720,,-0.010174,-0.007,-0.007,-0.007,-0.007,-0.007
79915,2007/12/05,,11,1,1311,65129010,NFX,NEWFIELD EXPLORATION CO,,NFX,211111,N,A,R,30044,0,1,1382,65129010,,,,,,,,,13.000,138.000,,,,,,,,,,,,,,,51.190,52.440,52.400,1095100.000,0.035778,52.340,52.360,130905.000,1.000,1.000,51.260,,0.035778,0.014,0.014,0.011,0.011,0.015
79915,2007/12/06,,11,1,1311,65129010,NFX,NEWFIELD EXPLORATION CO,,NFX,211111,N,A,R,30044,0,1,1382,65129010,,,,,,,,,13.000,138.000,,,,,,,,,,,,,,,52.210,54.460,54.310,1428500.000,0.036450,54.200,54.270,130905.000,1.000,1.000,52.230,,0.036450,0.016,0.016,0.017,0.017,0.015
79915,2007/12/07,,11,1,1311,65129010,NFX,NEWFIELD EXPLORATION CO,,NFX,211111,N,A,R,30044,0,1,1382,65129010,,,,,,,,,13.000,138.000,,,,,,,,,,,,,,,53.380,54.500,53.900,843100.000,-0.007549,53.800,53.850,130905.000,1.000,1.000,54.320,,-0.007549,-0.000,-0.000,0.002,0.002,-0.002
79915,2007/12/10,,11,1,1311,65129010,NFX,NEWFIELD EXPLORATION CO,,NFX,211111,N,A,R,30044,0,1,1382,65129010,,,,,,,,,13.000,138.000,,,,,,,,,,,,,,,53.030,54.460,53.750,925400.000,-0.002783,53.730,53.750,130905.000,1.000,1.000,54.010,,-0.002783,0.008,0.008,0.005,0.005,0.008
79915,2007/12/11,,11,1,1311,65129010,NFX,NEWFIELD EXPLORATION CO,,NFX,211111,N,A,R,30044,0,1,1382,65129010,,,,,,,,,13.000,138.000,,,,,,,,,,,,,,,52.550,54.440,52.630,1041600.000,-0.020837,52.640,52.670,130905.000,1.000,1.000,53.770,,-0.020837,-0.025,-0.025,-0.020,-0.020,-0.025
79915,2007/12/12,,11,1,1311,65129010,NFX,NEWFIELD EXPLORATION CO,,NFX,211111,N,A,R,30044,0,1,1382,65129010,,,,,,,,,13.000,138.000,,,,,,,,,,,,,,,53.160,54.320,53.960,1105200.000,0.025271,53.890,53.910,130905.000,1.000,1.000,53.640,,0.025271,0.006,0.005,0.002,0.002,0.006
79915,2007/12/13,,11,1,1311,65129010,NFX,NEWFIELD EXPLORATION CO,,NFX,211111,N,A,R,30044,0,1,1382,65129010,,,,,,,,,13.000,138.000,,,,,,,,,,,,,,,53.050,54.730,53.740,1217500.000,-0.004077,53.640,53.690,130905.000,1.000,1.000,53.610,,-0.004077,-0.001,-0.001,-0.005,-0.005,0.001
79915,2007/12/14,,11,1,1311,65129010,NFX,NEWFIELD EXPLORATION CO,,NFX,211111,N,A,R,30044,0,1,1382,65129010,,,,,,,,,13.000,138.000,,,,,,,,,,,,,,,51.930,53.050,52.020,1319500.000,-0.032006,52.050,52.110,130905.000,1.000,1.000,52.280,,-0.032006,-0.013,-0.014,-0.013,-0.013,-0.014
79915,2007/12/17,,11,1,1311,65129010,NFX,NEWFIELD EXPLORATION CO,,NFX,211111,N,A,R,30044,0,1,1382,65129010,,,,,,,,,13.000,138.000,,,,,,,,,,,,,,,49.980,52.480,50.300,1837600.000,-0.033064,50.320,50.350,130905.000,1.000,1.000,52.210,,-0.033064,-0.016,-0.016,-0.018,-0.018,-0.015
79915,2007/12/18,,11,1,1311,65129010,NFX,NEWFIELD EXPLORATION CO,,NFX,211111,N,A,R,30044,0,1,1382,65129010,,,,,,,,,13.000,138.000,,,,,,,,,,,,,,,49.420,51.110,49.810,2489800.000,-0.009742,49.850,49.890,130905.000,1.000,1.000,50.660,,-0.009742,0.006,0.006,0.008,0.007,0.006
79915,2007/12/19,,11,1,1311,65129010,NFX,NEWFIELD EXPLORATION CO,,NFX,211111,N,A,R,30044,0,1,1382,65129010,,,,,,,,,13.000,138.000,,,,,,,,,,,,,,,49.670,50.630,50.210,925100.000,0.008030,50.220,50.280,130905.000,1.000,1.000,49.860,,0.008030,-0.000,-0.000,0.000,0.000,-0.001
79915,2007/12/20,,11,1,1311,65129010,NFX,NEWFIELD EXPLORATION CO,,NFX,211111,N,A,R,30044,0,1,1382,65129010,,,,,,,,,13.000,138.000,,,,,,,,,,,,,,,49.880,51.400,51.400,873600.000,0.023701,51.210,51.290,130905.000,1.000,1.000,50.830,,0.023701,0.006,0.006,0.006,0.006,0.005
79915,2007/12/21,,11,1,1311,65129010,NFX,NEWFIELD EXPLORATION CO,,NFX,211111,N,A,R,30044,0,1,1382,65129010,,,,,,,,,13.000,138.000,,,,,,,,,,,,,,,51.250,52.000,51.710,972900.000,0.006031,51.610,51.620,130905.000,1.000,1.000,51.680,,0.006031,0.017,0.017,0.015,0.015,0.017
79915,2007/12/24,,11,1,1311,65129010,NFX,NEWFIELD EXPLORATION CO,,NFX,211111,N,A,R,30044,0,1,1382,65129010,,,,,,,,,13.000,138.000,,,,,,,,,,,,,,,51.490,52.030,51.750,246900.000,0.000774,51.670,51.760,130905.000,1.000,1.000,51.700,,0.000774,0.009,0.009,0.009,0.009,0.008
79915,2007/12/26,,11,1,1311,65129010,NFX,NEWFIELD EXPLORATION CO,,NFX,211111,N,A,R,30044,0,1,1382,65129010,,,,,,,,,13.000,138.000,,,,,,,,,,,,,,,51.620,52.360,52.140,872600.000,0.007536,52.090,52.140,130905.000,1.000,1.000,51.740,,0.007536,0.001,0.001,0.003,0.003,0.001
79915,2007/12/27,,11,1,1311,65129010,NFX,NEWFIELD EXPLORATION CO,,NFX,211111,N,A,R,30044,0,1,1382,65129010,,,,,,,,,13.000,138.000,,,,,,,,,,,,,,,51.740,52.560,52.140,496900.000,0.000000,52.070,52.120,130905.000,1.000,1.000,52.190,,0.000000,-0.014,-0.014,-0.014,-0.015,-0.014
79915,2007/12/28,,11,1,1311,65129010,NFX,NEWFIELD EXPLORATION CO,,NFX,211111,N,A,R,30044,0,1,1382,65129010,,,,,,,,,13.000,138.000,,,,,,,,,,,,,,,51.970,53.290,53.130,946400.000,0.018987,53.080,53.090,130905.000,1.000,1.000,52.570,,0.018987,0.002,0.002,-0.000,-0.000,0.001
79915,2007/12/31,,11,1,1311,65129010,NFX,NEWFIELD EXPLORATION CO,,NFX,211111,N,A,R,30044,0,1,1382,65129010,,,,,,,,0.000,13.000,138.000,,,,,,,,,,,,,,,52.590,53.540,52.700,508100.000,-0.008093,52.500,52.640,130905.000,1.000,1.000,53.190,,-0.008093,-0.007,-0.007,0.001,0.001,-0.007
79915,2008/01/02,,11,1,1311,65129010,NFX,NEWFIELD EXPLORATION CO,,NFX,211111,N,A,R,30044,0,1,1382,65129010,,,,,,,,,13.000,138.000,,,,,,,,,,,,,,,52.400,53.690,52.640,1078900.000,-0.001139,52.510,52.630,130905.000,1.000,1.000,52.690,,-0.001139,-0.012,-0.012,-0.007,-0.007,-0.014
79915,2008/01/03,,11,1,1311,65129010,NFX,NEWFIELD EXPLORATION CO,,NFX,211111,N,A,R,30044,0,1,1382,65129010,,,,,,,,,13.000,138.000,,,,,,,,,,,,,,,52.800,54.980,53.970,1493400.000,0.025266,53.910,53.930,130905.000,1.000,1.000,52.920,,0.025266,-0.001,-0.001,-0.005,-0.005,0.000
79915,2008/01/04,,11,1,1311,65129010,NFX,NEWFIELD EXPLORATION CO,,NFX,211111,N,A,R,30044,0,1,1382,65129010,,,,,,,,,13.000,138.000,,,,,,,,,,,,,,,52.730,53.740,52.970,963800.000,-0.018529,52.880,52.940,130905.000,1.000,1.000,53.350,,-0.018529,-0.026,-0.026,-0.022,-0.022,-0.025
79915,2008/01/07,,11,1,1311,65129010,NFX,NEWFIELD EXPLORATION CO,,NFX,211111,N,A,R,30044,0,1,1382,65129010,,,,,,,,,13.000,138.000,,,,,,,,,,,,,,,50.610,53.260,51.790,1490700.000,-0.022277,51.670,51.710,130905.000,1.000,1.000,53.100,,-0.022277,0.000,0.000,-0.002,-0.002,0.003
79915,2008/01/08,,11,1,1311,65129010,NFX,NEWFIELD EXPLORATION CO,,NFX,211111,N,A,R,30044,0,1,1382,65129010,,,,,,,,,13.000,138.000,,,,,,,,,,,,,,,50.550,52.360,50.710,1186200.000,-0.020853,50.640,50.700,130905.000,1.000,1.000,51.840,,-0.020853,-0.017,-0.017,-0.014,-0.014,-0.018
79915,2008/01/09,,11,1,1311,65129010,NFX,NEWFIELD EXPLORATION CO,,NFX,211111,N,A,R,30044,0,1,1382,65129010,,,,,,,,,13.000,138.000,,,,,,,,,,,,,,,50.390,51.870,51.580,1489900.000,0.017156,51.610,51.650,130905.000,1.000,1.000,50.580,,0.017156,0.010,0.010,-0.000,-0.001,0.014
79915,2008/01/10,,11,1,1311,65129010,NFX,NEWFIELD EXPLORATION CO,,NFX,211111,N,A,R,30044,0,1,1382,65129010,,,,,,,,,13.000,138.000,,,,,,,,,,,,,,,50.790,52.630,52.530,1174900.000,0.018418,52.280,52.670,130905.000,1.000,1.000,51.010,,0.018418,0.008,0.008,0.010,0.010,0.008
79915,2008/01/11,,11,1,1311,65129010,NFX,NEWFIELD EXPLORATION CO,,NFX,211111,N,A,R,30044,0,1,1382,65129010,,,,,,,,,13.000,138.000,,,,,,,,,,,,,,,51.650,53.150,52.260,1125100.000,-0.005140,52.170,52.230,130905.000,1.000,1.000,51.850,,-0.005140,-0.014,-0.014,-0.011,-0.011,-0.014
79915,2008/01/14,,11,1,1311,65129010,NFX,NEWFIELD EXPLORATION CO,,NFX,211111,N,A,R,30044,0,1,1382,65129010,,,,,,,,,13.000,138.000,,,,,,,,,,,,,,,53.200,54.690,54.570,1762400.000,0.044202,54.600,54.640,130905.000,1.000,1.000,53.200,,0.044202,0.010,0.010,0.008,0.008,0.011
79915,2008/01/15,,11,1,1311,65129010,NFX,NEWFIELD EXPLORATION CO,,NFX,211111,N,A,R,30044,0,1,1382,65129010,,,,,,,,,13.000,138.000,,,,,,,,,,,,,,,53.600,54.330,53.900,2133600.000,-0.012278,53.810,53.850,130905.000,1.000,1.000,53.710,,-0.012278,-0.025,-0.025,-0.018,-0.018,-0.025
79915,2008/01/16,,11,1,1311,65129010,NFX,NEWFIELD EXPLORATION CO,,NFX,211111,N,A,R,30044,0,1,1382,65129010,,,,,,,,,13.000,138.000,,,,,,,,,,,,,,,51.000,53.910,51.580,2332700.000,-0.043043,51.610,51.670,130905.000,1.000,1.000,53.480,,-0.043043,-0.007,-0.007,-0.000,-0.000,-0.006
79915,2008/01/17,,11,1,1311,65129010,NFX,NEWFIELD EXPLORATION CO,,NFX,211111,N,A,R,30044,0,1,1382,65129010,,,,,,,,,13.000,138.000,,,,,,,,,,,,,,,48.710,52.670,49.250,1822000.000,-0.045173,49.330,49.260,130905.000,1.000,1.000,51.720,,-0.045173,-0.028,-0.028,-0.022,-0.022,-0.029
79915,2008/01/18,,11,1,1311,65129010,NFX,NEWFIELD EXPLORATION CO,,NFX,211111,N,A,R,30044,0,1,1382,65129010,,,,,,,,,13.000,138.000,,,,,,,,,,,,,,,47.500,51.030,48.350,1811400.000,-0.018274,48.480,48.560,130905.000,1.000,1.000,49.350,,-0.018274,-0.006,-0.006,-0.007,-0.007,-0.006
79915,2008/01/22,,11,1,1311,65129010,NFX,NEWFIELD EXPLORATION CO,,NFX,211111,N,A,R,30044,0,1,1382,65129010,,,,,,,,,13.000,138.000,,,,,,,,,,,,,,,44.860,48.820,47.780,1876800.000,-0.011789,47.820,47.880,130905.000,1.000,1.000,46.510,,-0.011789,-0.009,-0.009,-0.010,-0.010,-0.011
79915,2008/01/23,,11,1,1311,65129010,NFX,NEWFIELD EXPLORATION CO,,NFX,211111,N,A,R,30044,0,1,1382,65129010,,,,,,,,,13.000,138.000,,,,,,,,,,,,,,,44.150,47.610,46.560,2055600.000,-0.025534,46.510,46.530,130905.000,1.000,1.000,46.960,,-0.025534,0.020,0.020,0.018,0.018,0.021
79915,2008/01/24,,11,1,1311,65129010,NFX,NEWFIELD EXPLORATION CO,,NFX,211111,N,A,R,30044,0,1,1382,65129010,,,,,,,,,13.000,138.000,,,,,,,,,,,,,,,46.660,48.250,47.930,1576100.000,0.029424,47.990,48.050,130905.000,1.000,1.000,47.060,,0.029424,0.013,0.013,0.011,0.011,0.010
79915,2008/01/25,,11,1,1311,65129010,NFX,NEWFIELD EXPLORATION CO,,NFX,211111,N,A,R,30044,0,1,1382,65129010,,,,,,,,,13.000,138.000,,,,,,,,,,,,,,,47.480,49.470,47.900,987800.000,-0.000626,47.880,47.950,130905.000,1.000,1.000,48.940,,-0.000626,-0.013,-0.013,-0.002,-0.002,-0.016
79915,2008/01/28,,11,1,1311,65129010,NFX,NEWFIELD EXPLORATION CO,,NFX,211111,N,A,R,30044,0,1,1382,65129010,,,,,,,,,13.000,138.000,,,,,,,,,,,,,,,47.060,49.410,49.370,976500.000,0.030689,49.250,49.360,130905.000,1.000,1.000,47.820,,0.030689,0.017,0.017,0.014,0.013,0.018
79915,2008/01/29,,11,1,1311,65129010,NFX,NEWFIELD EXPLORATION CO,,NFX,211111,N,A,R,30044,0,1,1382,65129010,,,,,,,,,13.000,138.000,,,,,,,,,,,,,,,49.080,50.480,50.380,1487400.000,0.020458,50.270,50.400,130905.000,1.000,1.000,49.310,,0.020458,0.006,0.006,0.008,0.008,0.006
79915,2008/01/30,,11,1,1311,65129010,NFX,NEWFIELD EXPLORATION CO,,NFX,211111,N,A,R,30044,0,1,1382,65129010,,,,,,,,,13.000,138.000,,,,,,,,,,,,,,,49.630,51.390,50.120,1662900.000,-0.005161,50.110,50.250,130905.000,1.000,1.000,50.050,,-0.005161,-0.005,-0.005,-0.003,-0.003,-0.005
79915,2008/01/31,,11,1,1311,65129010,NFX,NEWFIELD EXPLORATION CO,,NFX,211111,N,A,R,30044,0,1,1382,65129010,,,,,,,,0.000,13.000,138.000,,,,,,,,,,,,,,,48.310,50.130,49.920,1780000.000,-0.003990,49.800,49.870,130905.000,1.000,1.000,49.000,,-0.003990,0.015,0.015,0.015,0.015,0.017
79915,2008/02/01,,11,1,1311,65129010,NFX,NEWFIELD EXPLORATION CO,,NFX,211111,N,A,R,30044,0,1,1382,65129010,,,,,,,,,13.000,138.000,,,,,,,,,,,,,,,49.570,51.240,51.240,1312500.000,0.026442,51.080,51.090,130905.000,1.000,1.000,49.990,,0.026442,0.016,0.016,0.016,0.016,0.012
79915,2008/02/04,,11,1,1311,65129010,NFX,NEWFIELD EXPLORATION CO,,NFX,211111,N,A,R,30044,0,1,1382,65129010,,,,,,,,,13.000,138.000,,,,,,,,,,,,,,,50.580,52.190,51.690,744500.000,0.008782,51.580,51.640,130905.000,1.000,1.000,50.860,,0.008782,-0.009,-0.009,-0.003,-0.003,-0.010
79915,2008/02/05,,11,1,1311,65129010,NFX,NEWFIELD EXPLORATION CO,,NFX,211111,N,A,R,30044,0,1,1382,65129010,,,,,,,,,13.000,138.000,,,,,,,,,,,,,,,49.380,51.090,49.450,1380400.000,-0.043335,49.470,49.560,130905.000,1.000,1.000,51.050,,-0.043335,-0.031,-0.031,-0.022,-0.022,-0.032
79915,2008/02/06,,11,1,1311,65129010,NFX,NEWFIELD EXPLORATION CO,,NFX,211111,N,A,R,30044,0,1,1382,65129010,,,,,,,,,13.000,138.000,,,,,,,,,,,,,,,48.950,50.240,49.050,1161900.000,-0.008089,49.000,49.030,130905.000,1.000,1.000,49.800,,-0.008089,-0.008,-0.008,-0.007,-0.007,-0.008
79915,2008/02/07,,11,1,1311,65129010,NFX,NEWFIELD EXPLORATION CO,,NFX,211111,N,A,R,30044,0,1,1382,65129010,,,,,,,,,13.000,138.000,,,,,,,,,,,,,,,47.750,49.140,48.360,2385000.000,-0.014067,48.400,48.420,130905.000,1.000,1.000,48.870,,-0.014067,0.008,0.008,0.005,0.005,0.008
79915,2008/02/08,,11,1,1311,65129010,NFX,NEWFIELD EXPLORATION CO,,NFX,211111,N,A,R,30044,0,1,1382,65129010,,,,,,,,,13.000,138.000,,,,,,,,,,,,,,,48.000,50.000,49.770,1091400.000,0.029156,49.700,49.730,130905.000,1.000,1.000,48.000,,0.029156,-0.002,-0.002,-0.003,-0.003,-0.004
79915,2008/02/11,,11,1,1311,65129010,NFX,NEWFIELD EXPLORATION CO,,NFX,211111,N,A,R,30044,0,1,1382,65129010,,,,,,,,,13.000,138.000,,,,,,,,,,,,,,,50.050,53.250,52.700,2794000.000,0.058871,52.600,52.640,130905.000,1.000,1.000,50.170,,0.058871,0.006,0.006,0.003,0.003,0.006
79915,2008/02/12,,11,1,1311,65129010,NFX,NEWFIELD EXPLORATION CO,,NFX,211111,N,A,R,30044,0,1,1382,65129010,,,,,,,,,13.000,138.000,,,,,,,,,,,,,,,50.030,54.800,50.720,3160000.000,-0.037571,50.630,50.720,130905.000,1.000,1.000,51.920,,-0.037571,0.006,0.006,0.004,0.004,0.007
79915,2008/02/13,,11,1,1311,65129010,NFX,NEWFIELD EXPLORATION CO,,NFX,211111,N,A,R,30044,0,1,1382,65129010,,,,,,,,,13.000,138.000,,,,,,,,,,,,,,,49.800,51.210,50.530,2423400.000,-0.003746,50.470,50.480,130905.000,1.000,1.000,50.330,,-0.003746,0.014,0.014,0.013,0.013,0.014
79915,2008/02/14,,11,1,1311,65129010,NFX,NEWFIELD EXPLORATION CO,,NFX,211111,N,A,R,30044,0,1,1382,65129010,,,,,,,,,13.000,138.000,,,,,,,,,,,,,,,49.060,51.320,49.210,2674200.000,-0.026123,49.140,49.190,130905.000,1.000,1.000,50.370,,-0.026123,-0.013,-0.013,-0.014,-0.014,-0.013
79915,2008/02/15,,11,1,1311,65129010,NFX,NEWFIELD EXPLORATION CO,,NFX,211111,N,A,R,30044,0,1,1382,65129010,,,,,,,,,13.000,138.000,,,,,,,,,,,,,,,47.990,49.140,48.810,1474000.000,-0.008128,48.830,48.890,130905.000,1.000,1.000,49.070,,-0.008128,-0.000,-0.000,-0.004,-0.004,0.001
79915,2008/02/19,,11,1,1311,65129010,NFX,NEWFIELD EXPLORATION CO,,NFX,211111,N,A,R,30044,0,1,1382,65129010,,,,,,,,,13.000,138.000,,,,,,,,,,,,,,,49.550,51.040,50.260,2341700.000,0.029707,50.210,50.230,130905.000,1.000,1.000,49.550,,0.029707,0.001,0.001,0.003,0.003,-0.001
79915,2008/02/20,,11,1,1311,65129010,NFX,NEWFIELD EXPLORATION CO,,NFX,211111,N,A,R,30044,0,1,1382,65129010,,,,,,,,,13.000,138.000,,,,,,,,,,,,,,,48.810,51.810,51.650,2702800.000,0.027656,51.630,51.660,130905.000,1.000,1.000,49.340,,0.027656,0.009,0.009,0.005,0.005,0.008
79915,2008/02/21,,11,1,1311,65129010,NFX,NEWFIELD EXPLORATION CO,,NFX,211111,N,A,R,30044,0,1,1382,65129010,,,,,,,,,13.000,138.000,,,,,,,,,,,,,,,49.670,51.680,49.940,1167600.000,-0.033108,49.890,49.930,130905.000,1.000,1.000,51.680,,-0.033108,-0.012,-0.012,-0.010,-0.010,-0.013
79915,2008/02/22,,11,1,1311,65129010,NFX,NEWFIELD EXPLORATION CO,,NFX,211111,N,A,R,30044,0,1,1382,65129010,,,,,,,,,13.000,138.000,,,,,,,,,,,,,,,48.900,50.460,50.350,1618300.000,0.008210,50.380,50.420,130905.000,1.000,1.000,50.290,,0.008210,0.007,0.007,0.000,0.000,0.008
79915,2008/02/25,,11,1,1311,65129010,NFX,NEWFIELD EXPLORATION CO,,NFX,211111,N,A,R,30044,0,1,1382,65129010,,,,,,,,,13.000,138.000,,,,,,,,,,,,,,,50.440,53.330,53.200,2006400.000,0.056604,53.110,53.150,130905.000,1.000,1.000,50.630,,0.056604,0.015,0.015,0.013,0.013,0.014
79915,2008/02/26,,11,1,1311,65129010,NFX,NEWFIELD EXPLORATION CO,,NFX,211111,N,A,R,30044,0,1,1382,65129010,,,,,,,,,13.000,138.000,,,,,,,,,,,,,,,52.780,54.580,54.420,2639500.000,0.022932,54.330,54.370,130905.000,1.000,1.000,53.300,,0.022932,0.008,0.008,0.010,0.010,0.007
79915,2008/02/27,,11,1,1311,65129010,NFX,NEWFIELD EXPLORATION CO,,NFX,211111,N,A,R,30044,0,1,1382,65129010,,,,,,,,,13.000,138.000,,,,,,,,,,,,,,,52.960,54.730,53.420,1534400.000,-0.018376,53.460,53.500,130905.000,1.000,1.000,53.990,,-0.018376,-0.001,-0.001,-0.000,-0.000,-0.001
79915,2008/02/28,,11,1,1311,65129010,NFX,NEWFIELD EXPLORATION CO,,NFX,211111,N,A,R,30044,0,1,1382,65129010,,,,,,,,,13.000,138.000,,,,,,,,,,,,,,,53.260,56.850,56.700,3658900.000,0.061400,56.650,56.660,130905.000,1.000,1.000,53.800,,0.061400,-0.008,-0.008,-0.009,-0.009,-0.009
79915,2008/02/29,,11,1,1311,65129010,NFX,NEWFIELD EXPLORATION CO,,NFX,211111,N,A,R,30044,0,1,1382,65129010,,,,,,,,0.000,13.000,138.000,,,,,,,,,,,,,,,54.930,57.750,55.380,2416300.000,-0.023280,55.250,55.280,130905.000,1.000,1.000,56.890,,-0.023280,-0.026,-0.026,-0.020,-0.020,-0.027
79915,2008/03/03,,11,1,1311,65129010,NFX,NEWFIELD EXPLORATION CO,,NFX,211111,N,A,R,30044,0,1,1382,65129010,,,,,,,,,13.000,138.000,,,,,,,,,,,,,,,55.070,56.810,55.950,1682400.000,0.010293,55.880,55.920,130905.000,1.000,1.000,55.270,,0.010293,-0.000,-0.000,-0.005,-0.005,0.001
79915,2008/03/04,,11,1,1311,65129010,NFX,NEWFIELD EXPLORATION CO,,NFX,211111,N,A,R,30044,0,1,1382,65129010,,,,,,,,,13.000,138.000,,,,,,,,,,,,,,,53.850,56.230,54.800,1888500.000,-0.020554,54.830,54.850,130905.000,1.000,1.000,55.300,,-0.020554,-0.005,-0.005,-0.007,-0.007,-0.003
79915,2008/03/05,,11,1,1311,65129010,NFX,NEWFIELD EXPLORATION CO,,NFX,211111,N,A,R,30044,0,1,1382,65129010,,,,,,,,,13.000,138.000,,,,,,,,,,,,,,,55.220,57.250,57.220,2098700.000,0.044161,57.110,57.130,130905.000,1.000,1.000,55.560,,0.044161,0.007,0.007,0.003,0.003,0.005
79915,2008/03/06,,11,1,1311,65129010,NFX,NEWFIELD EXPLORATION CO,,NFX,211111,N,A,R,30044,0,1,1382,65129010,,,,,,,,,13.000,138.000,,,,,,,,,,,,,,,55.520,57.130,55.560,1791700.000,-0.029011,55.570,55.650,130905.000,1.000,1.000,56.930,,-0.029011,-0.022,-0.022,-0.021,-0.022,-0.022
79915,2008/03/07,,11,1,1311,65129010,NFX,NEWFIELD EXPLORATION CO,,NFX,211111,N,A,R,30044,0,1,1382,65129010,,,,,,,,,13.000,138.000,,,,,,,,,,,,,,,53.710,56.280,54.610,1262500.000,-0.017099,54.670,54.710,130905.000,1.000,1.000,55.230,,-0.017099,-0.009,-0.009,-0.008,-0.008,-0.008
79915,2008/03/10,,11,1,1311,65129010,NFX,NEWFIELD EXPLORATION CO,,NFX,211111,N,A,R,30044,0,1,1382,65129010,,,,,,,,,13.000,138.000,,,,,,,,,,,,,,,53.000,54.770,53.520,1106700.000,-0.019960,53.550,53.590,130905.000,1.000,1.000,54.770,,-0.019960,-0.018,-0.018,-0.021,-0.021,-0.015
79915,2008/03/11,,11,1,1311,65129010,NFX,NEWFIELD EXPLORATION CO,,NFX,211111,N,A,R,30044,0,1,1382,65129010,,,,,,,,,13.000,138.000,,,,,,,,,,,,,,,53.800,55.850,55.670,1001300.000,0.040172,55.650,55.720,130905.000,1.000,1.000,54.650,,0.040172,0.036,0.036,0.027,0.027,0.037
79915,2008/03/12,,11,1,1311,65129010,NFX,NEWFIELD EXPLORATION CO,,NFX,211111,N,A,R,30044,0,1,1382,65129010,,,,,,,,,13.000,138.000,,,,,,,,,,,,,,,54.090,56.382,54.650,1220800.000,-0.018322,54.570,54.670,130905.000,1.000,1.000,55.360,,-0.018322,-0.007,-0.007,-0.004,-0.005,-0.009
79915,2008/03/13,,11,1,1311,65129010,NFX,NEWFIELD EXPLORATION CO,,NFX,211111,N,A,R,30044,0,1,1382,65129010,,,,,,,,,13.000,138.000,,,,,,,,,,,,,,,53.680,56.990,56.680,1566300.000,0.037145,56.580,56.640,130905.000,1.000,1.000,54.080,,0.037145,0.007,0.007,0.007,0.007,0.005
79915,2008/03/14,,11,1,1311,65129010,NFX,NEWFIELD EXPLORATION CO,,NFX,211111,N,A,R,30044,0,1,1382,65129010,,,,,,,,,13.000,138.000,,,,,,,,,,,,,,,55.410,57.250,56.150,1576900.000,-0.009351,55.880,56.760,130905.000,1.000,1.000,56.600,,-0.009351,-0.020,-0.020,-0.018,-0.018,-0.021
79915,2008/03/17,,11,1,1311,65129010,NFX,NEWFIELD EXPLORATION CO,,NFX,211111,N,A,R,30044,0,1,1382,65129010,,,,,,,,,13.000,138.000,,,,,,,,,,,,,,,51.860,55.300,52.810,1971400.000,-0.059484,52.760,52.930,130905.000,1.000,1.000,54.800,,-0.059484,-0.015,-0.015,-0.021,-0.021,-0.009
79915,2008/03/18,,11,1,1311,65129010,NFX,NEWFIELD EXPLORATION CO,,NFX,211111,N,A,R,30044,0,1,1382,65129010,,,,,,,,,13.000,138.000,,,,,,,,,,,,,,,53.390,54.980,54.650,1408100.000,0.034842,54.650,54.760,130905.000,1.000,1.000,53.810,,0.034842,0.040,0.040,0.029,0.028,0.042
79915,2008/03/19,,11,1,1311,65129010,NFX,NEWFIELD EXPLORATION CO,,NFX,211111,N,A,R,30044,0,1,1382,65129010,,,,,,,,,13.000,138.000,,,,,,,,,,,,,,,50.610,54.620,50.690,1991200.000,-0.072461,50.610,50.680,130905.000,1.000,1.000,54.390,,-0.072461,-0.026,-0.026,-0.017,-0.017,-0.024
79915,2008/03/20,,11,1,1311,65129010,NFX,NEWFIELD EXPLORATION CO,,NFX,211111,N,A,R,30044,0,1,1382,65129010,,,,,,,,,13.000,138.000,,,,,,,,,,,,,,,48.970,51.020,50.240,2381600.000,-0.008877,50.180,50.360,130905.000,1.000,1.000,50.250,,-0.008877,0.021,0.021,0.015,0.015,0.024
79915,2008/03/24,,11,1,1311,65129010,NFX,NEWFIELD EXPLORATION CO,,NFX,211111,N,A,R,30044,0,1,1382,65129010,,,,,,,,,13.000,138.000,,,,,,,,,,,,,,,49.780,51.760,50.720,952200.000,0.009554,50.710,50.870,130905.000,1.000,1.000,50.310,,0.009554,0.018,0.018,0.022,0.022,0.015
79915,2008/03/25,,11,1,1311,65129010,NFX,NEWFIELD EXPLORATION CO,,NFX,211111,N,A,R,30044,0,1,1382,65129010,,,,,,,,,13.000,138.000,,,,,,,,,,,,,,,51.190,52.940,52.450,1300500.000,0.034109,52.270,52.400,130905.000,1.000,1.000,51.510,,0.034109,0.006,0.006,0.011,0.011,0.002
79915,2008/03/26,,11,1,1311,65129010,NFX,NEWFIELD EXPLORATION CO,,NFX,211111,N,A,R,30044,0,1,1382,65129010,,,,,,,,,13.000,138.000,,,,,,,,,,,,,,,52.330,54.060,53.880,1214100.000,0.027264,53.700,53.740,130905.000,1.000,1.000,52.330,,0.027264,-0.006,-0.006,-0.003,-0.003,-0.009
79915,2008/03/27,,11,1,1311,65129010,NFX,NEWFIELD EXPLORATION CO,,NFX,211111,N,A,R,30044,0,1,1382,65129010,,,,,,,,,13.000,138.000,,,,,,,,,,,,,,,52.540,54.660,52.600,1523800.000,-0.023757,52.570,52.600,130905.000,1.000,1.000,54.400,,-0.023757,-0.010,-0.010,-0.005,-0.005,-0.011
79915,2008/03/28,,11,1,1311,65129010,NFX,NEWFIELD EXPLORATION CO,,NFX,211111,N,A,R,30044,0,1,1382,65129010,,,,,,,,,13.000,138.000,,,,,,,,,,,,,,,51.740,53.600,52.040,1283200.000,-0.010646,51.970,52.030,130905.000,1.000,1.000,52.410,,-0.010646,-0.008,-0.008,-0.007,-0.007,-0.008
79915,2008/03/31,,11,1,1311,65129010,NFX,NEWFIELD EXPLORATION CO,,NFX,211111,N,A,R,30044,0,1,1382,65129010,,,,,,,,0.000,13.000,138.000,,,,,,,,,,,,,,,51.660,53.330,52.850,850900.000,0.015565,52.820,52.970,131683.000,1.000,1.000,52.310,,0.015565,0.005,0.005,0.005,0.005,0.006
79915,2008/04/01,,11,1,1311,65129010,NFX,NEWFIELD EXPLORATION CO,,NFX,211111,N,A,R,30044,0,1,1382,65129010,,,,,,,,,13.000,138.000,,,,,,,,,,,,,,,51.880,53.450,53.330,1232300.000,0.009082,53.270,53.320,131683.000,1.000,1.000,53.340,,0.009082,0.032,0.032,0.021,0.021,0.036
79915,2008/04/02,,11,1,1311,65129010,NFX,NEWFIELD EXPLORATION CO,,NFX,211111,N,A,R,30044,0,1,1382,65129010,,,,,,,,,13.000,138.000,,,,,,,,,,,,,,,53.310,54.370,53.920,1714600.000,0.011063,53.430,54.250,131683.000,1.000,1.000,54.000,,0.011063,0.000,0.000,0.003,0.003,-0.002
79915,2008/04/03,,11,1,1311,65129010,NFX,NEWFIELD EXPLORATION CO,,NFX,211111,N,A,R,30044,0,1,1382,65129010,,,,,,,,,13.000,138.000,,,,,,,,,,,,,,,53.340,54.990,53.730,1308900.000,-0.003524,53.770,53.800,131683.000,1.000,1.000,53.660,,-0.003524,0.003,0.003,0.002,0.002,0.001
79915,2008/04/04,,11,1,1311,65129010,NFX,NEWFIELD EXPLORATION CO,,NFX,211111,N,A,R,30044,0,1,1382,65129010,,,,,,,,,13.000,138.000,,,,,,,,,,,,,,,54.040,55.390,54.710,847900.000,0.018239,54.620,54.690,131683.000,1.000,1.000,54.090,,0.018239,0.002,0.002,0.003,0.003,0.001
79915,2008/04/07,,11,1,1311,65129010,NFX,NEWFIELD EXPLORATION CO,,NFX,211111,N,A,R,30044,0,1,1382,65129010,,,,,,,,,13.000,138.000,,,,,,,,,,,,,,,55.130,56.550,56.090,1446400.000,0.025224,55.980,56.060,131683.000,1.000,1.000,55.130,,0.025224,0.002,0.002,0.002,0.002,0.002
79915,2008/04/08,,11,1,1311,65129010,NFX,NEWFIELD EXPLORATION CO,,NFX,211111,N,A,R,30044,0,1,1382,65129010,,,,,,,,,13.000,138.000,,,,,,,,,,,,,,,55.660,57.860,56.990,1633700.000,0.016046,56.920,56.940,131683.000,1.000,1.000,55.800,,0.016046,-0.003,-0.003,-0.003,-0.003,-0.005
79915,2008/04/09,,11,1,1311,65129010,NFX,NEWFIELD EXPLORATION CO,,NFX,211111,N,A,R,30044,0,1,1382,65129010,,,,,,,,,13.000,138.000,,,,,,,,,,,,,,,56.810,58.360,56.950,1307100.000,-0.000702,57.060,57.100,131683.000,1.000,1.000,57.500,,-0.000702,-0.009,-0.009,-0.011,-0.012,-0.008
79915,2008/04/10,,11,1,1311,65129010,NFX,NEWFIELD EXPLORATION CO,,NFX,211111,N,A,R,30044,0,1,1382,65129010,,,,,,,,,13.000,138.000,,,,,,,,,,,,,,,56.220,57.510,57.230,884300.000,0.004917,57.110,57.190,131683.000,1.000,1.000,57.100,,0.004917,0.006,0.005,0.005,0.005,0.004
79915,2008/04/11,,11,1,1311,65129010,NFX,NEWFIELD EXPLORATION CO,,NFX,211111,N,A,R,30044,0,1,1382,65129010,,,,,,,,,13.000,138.000,,,,,,,,,,,,,,,56.150,57.180,56.250,691100.000,-0.017124,56.270,56.340,131683.000,1.000,1.000,56.600,,-0.017124,-0.020,-0.020,-0.016,-0.016,-0.020
79915,2008/04/14,,11,1,1311,65129010,NFX,NEWFIELD EXPLORATION CO,,NFX,211111,N,A,R,30044,0,1,1382,65129010,,,,,,,,,13.000,138.000,,,,,,,,,,,,,,,56.350,58.320,57.920,1351900.000,0.029689,57.890,57.920,131683.000,1.000,1.000,56.350,,0.029689,-0.003,-0.003,-0.004,-0.004,-0.003
79915,2008/04/15,,11,1,1311,65129010,NFX,NEWFIELD EXPLORATION CO,,NFX,211111,N,A,R,30044,0,1,1382,65129010,,,,,,,,,13.000,138.000,,,,,,,,,,,,,,,57.610,59.010,58.580,1388700.000,0.011395,58.580,58.610,131683.000,1.000,1.000,58.370,,0.011395,0.005,0.005,0.002,0.002,0.005
79915,2008/04/16,,11,1,1311,65129010,NFX,NEWFIELD EXPLORATION CO,,NFX,211111,N,A,R,30044,0,1,1382,65129010,,,,,,,,,13.000,138.000,,,,,,,,,,,,,,,59.000,62.060,61.700,1996700.000,0.053260,61.680,62.060,131683.000,1.000,1.000,59.070,,0.053260,0.024,0.024,0.018,0.018,0.023
79915,2008/04/17,,11,1,1311,65129010,NFX,NEWFIELD EXPLORATION CO,,NFX,211111,N,A,R,30044,0,1,1382,65129010,,,,,,,,,13.000,138.000,,,,,,,,,,,,,,,60.810,63.150,61.620,1763500.000,-0.001297,61.480,61.540,131683.000,1.000,1.000,62.300,,-0.001297,-0.001,-0.001,-0.002,-0.002,0.001
79915,2008/04/18,,11,1,1311,65129010,NFX,NEWFIELD EXPLORATION CO,,NFX,211111,N,A,R,30044,0,1,1382,65129010,,,,,,,,,13.000,138.000,,,,,,,,,,,,,,,61.030,64.460,64.020,1842800.000,0.038948,64.050,64.100,131683.000,1.000,1.000,62.080,,0.038948,0.017,0.017,0.012,0.012,0.018
79915,2008/04/21,,11,1,1311,65129010,NFX,NEWFIELD EXPLORATION CO,,NFX,211111,N,A,R,30044,0,1,1382,65129010,,,,,,,,,13.000,138.000,,,,,,,,,,,,,,,62.450,64.320,63.790,1801800.000,-0.003593,63.700,63.780,131683.000,1.000,1.000,63.860,,-0.003593,-0.001,-0.001,-0.002,-0.002,-0.002
79915,2008/04/22,,11,1,1311,65129010,NFX,NEWFIELD EXPLORATION CO,,NFX,211111,N,A,R,30044,0,1,1382,65129010,,,,,,,,,13.000,138.000,,,,,,,,,,,,,,,63.050,65.000,63.460,1492900.000,-0.005173,63.370,63.580,131683.000,1.000,1.000,63.370,,-0.005173,-0.009,-0.009,-0.013,-0.013,-0.009
79915,2008/04/23,,11,1,1311,65129010,NFX,NEWFIELD EXPLORATION CO,,NFX,211111,N,A,R,30044,0,1,1382,65129010,,,,,,,,,13.000,138.000,,,,,,,,,,,,,,,61.620,63.500,62.370,2008600.000,-0.017176,62.440,62.470,131683.000,1.000,1.000,63.470,,-0.017176,0.001,0.001,0.002,0.002,0.003
79915,2008/04/24,,11,1,1311,65129010,NFX,NEWFIELD EXPLORATION CO,,NFX,211111,N,A,R,30044,0,1,1382,65129010,,,,,,,,,13.000,138.000,,,,,,,,,,,,,,,60.700,63.950,61.900,1845700.000,-0.007536,61.930,61.940,131683.000,1.000,1.000,63.500,,-0.007536,0.005,0.005,0.008,0.008,0.006
79915,2008/04/25,,11,1,1311,65129010,NFX,NEWFIELD EXPLORATION CO,,NFX,211111,N,A,R,30044,0,1,1382,65129010,,,,,,,,,13.000,138.000,,,,,,,,,,,,,,,62.650,65.520,65.490,2409300.000,0.057997,65.330,65.400,131683.000,1.000,1.000,63.640,,0.057997,0.007,0.007,0.006,0.006,0.006
79915,2008/04/28,,11,1,1311,65129010,NFX,NEWFIELD EXPLORATION CO,,NFX,211111,N,A,R,30044,0,1,1382,65129010,,,,,,,,,13.000,138.000,,,,,,,,,,,,,,,64.030,65.750,64.220,1667500.000,-0.019392,64.240,64.280,131683.000,1.000,1.000,65.270,,-0.019392,0.000,0.000,0.004,0.004,-0.001
79915,2008/04/29,,11,1,1311,65129010,NFX,NEWFIELD EXPLORATION CO,,NFX,211111,N,A,R,30044,0,1,1382,65129010,,,,,,,,,13.000,138.000,,,,,,,,,,,,,,,60.430,64.110,60.810,2239200.000,-0.053099,60.850,60.890,131683.000,1.000,1.000,64.110,,-0.053099,-0.006,-0.006,-0.005,-0.005,-0.004
79915,2008/04/30,,11,1,1311,65129010,NFX,NEWFIELD EXPLORATION CO,,NFX,211111,N,A,R,30044,0,1,1382,65129010,,,,,,,,0.000,13.000,138.000,,,,,,,,,,,,,,,59.530,61.760,60.760,1949400.000,-0.000822,60.620,60.630,131748.000,1.000,1.000,61.030,,-0.000822,-0.002,-0.002,0.002,0.002,-0.004
79915,2008/05/01,,11,1,1311,65129010,NFX,NEWFIELD EXPLORATION CO,,NFX,211111,N,A,R,30044,0,1,1382,65129010,,,,,,,,,13.000,138.000,,,,,,,,,,,,,,,57.760,60.450,58.920,1971900.000,-0.030283,58.970,59.000,131748.000,1.000,1.000,60.450,,-0.030283,0.015,0.014,0.011,0.011,0.017
79915,2008/05/02,,11,1,1311,65129010,NFX,NEWFIELD EXPLORATION CO,,NFX,211111,N,A,R,30044,0,1,1382,65129010,,,,,,,,,13.000,138.000,,,,,,,,,,,,,,,59.240,60.680,60.000,1709300.000,0.018330,59.880,59.930,131748.000,1.000,1.000,59.670,,0.018330,0.003,0.003,0.000,0.000,0.003
79915,2008/05/05,,11,1,1311,65129010,NFX,NEWFIELD EXPLORATION CO,,NFX,211111,N,A,R,30044,0,1,1382,65129010,,,,,,,,,13.000,138.000,,,,,,,,,,,,,,,59.420,61.920,61.780,1213700.000,0.029667,61.650,61.660,131748.000,1.000,1.000,59.420,,0.029667,-0.003,-0.003,-0.001,-0.001,-0.005
79915,2008/05/06,,11,1,1311,65129010,NFX,NEWFIELD EXPLORATION CO,,NFX,211111,N,A,R,30044,0,1,1382,65129010,,,,,,,,,13.000,138.000,,,,,,,,,,,,,,,62.010,63.880,63.320,1570600.000,0.024927,63.190,63.260,131748.000,1.000,1.000,62.040,,0.024927,0.008,0.008,0.006,0.006,0.008
79915,2008/05/07,,11,1,1311,65129010,NFX,NEWFIELD EXPLORATION CO,,NFX,211111,N,A,R,30044,0,1,1382,65129010,,,,,,,,,13.000,138.000,,,,,,,,,,,,,,,61.750,64.050,62.340,1329500.000,-0.015477,62.190,62.260,131748.000,1.000,1.000,64.040,,-0.015477,-0.016,-0.016,-0.012,-0.012,-0.018
79915,2008/05/08,,11,1,1311,65129010,NFX,NEWFIELD EXPLORATION CO,,NFX,211111,N,A,R,30044,0,1,1382,65129010,,,,,,,,,13.000,138.000,,,,,,,,,,,,,,,60.550,62.970,62.540,1985600.000,0.003208,62.390,62.430,131748.000,1.000,1.000,62.090,,0.003208,0.005,0.005,0.002,0.002,0.004
79915,2008/05/09,,11,1,1311,65129010,NFX,NEWFIELD EXPLORATION CO,,NFX,211111,N,A,R,30044,0,1,1382,65129010,,,,,,,,,13.000,138.000,,,,,,,,,,,,,,,61.430,62.970,62.740,1137300.000,0.003198,62.540,62.680,131748.000,1.000,1.000,62.550,,0.003198,-0.005,-0.005,-0.001,-0.001,-0.007
79915,2008/05/12,,11,1,1311,65129010,NFX,NEWFIELD EXPLORATION CO,,NFX,211111,N,A,R,30044,0,1,1382,65129010,,,,,,,,,13.000,138.000,,,,,,,,,,,,,,,61.890,63.810,63.340,1595800.000,0.009563,63.210,63.220,131748.000,1.000,1.000,62.180,,0.009563,0.011,0.011,0.011,0.011,0.011
79915,2008/05/13,,11,1,1311,65129010,NFX,NEWFIELD EXPLORATION CO,,NFX,211111,N,A,R,30044,0,1,1382,65129010,,,,,,,,,13.000,138.000,,,,,,,,,,,,,,,62.400,64.980,64.660,1646000.000,0.020840,64.570,64.620,131748.000,1.000,1.000,63.020,,0.020840,0.001,0.001,0.003,0.002,-0.000
79915,2008/05/14,,11,1,1311,65129010,NFX,NEWFIELD EXPLORATION CO,,NFX,211111,N,A,R,30044,0,1,1382,65129010,,,,,,,,,13.000,138.000,,,,,,,,,,,,,,,62.480,65.030,62.510,1340200.000,-0.033251,62.570,62.590,131748.000,1.000,1.000,64.400,,-0.033251,0.003,0.003,0.002,0.002,0.004
79915,2008/05/15,,11,1,1311,65129010,NFX,NEWFIELD EXPLORATION CO,,NFX,211111,N,A,R,30044,0,1,1382,65129010,,,,,,,,,13.000,138.000,,,,,,,,,,,,,,,60.640,63.720,62.290,1664500.000,-0.003519,62.260,62.300,131748.000,1.000,1.000,63.050,,-0.003519,0.011,0.011,0.008,0.008,0.011
79915,2008/05/16,,11,1,1311,65129010,NFX,NEWFIELD EXPLORATION CO,,NFX,211111,N,A,R,30044,0,1,1382,65129010,,,,,,,,,13.000,138.000,,,,,,,,,,,,,,,62.680,64.930,64.230,1926400.000,0.031145,64.120,64.160,131748.000,1.000,1.000,63.410,,0.031145,0.002,0.002,0.001,0.001,0.001
79915,2008/05/19,,11,1,1311,65129010,NFX,NEWFIELD EXPLORATION CO,,NFX,211111,N,A,R,30044,0,1,1382,65129010,,,,,,,,,13.000,138.000,,,,,,,,,,,,,,,64.130,67.120,65.820,1653500.000,0.024755,65.650,65.660,131748.000,1.000,1.000,64.130,,0.024755,-0.000,-0.000,-0.000,-0.001,0.001
79915,2008/05/20,,11,1,1311,65129010,NFX,NEWFIELD EXPLORATION CO,,NFX,211111,N,A,R,30044,0,1,1382,65129010,,,,,,,,,13.000,138.000,,,,,,,,,,,,,,,65.370,68.190,67.960,2218400.000,0.032513,67.890,67.930,131748.000,1.000,1.000,65.590,,0.032513,-0.006,-0.006,-0.003,-0.004,-0.009
79915,2008/05/21,,11,1,1311,65129010,NFX,NEWFIELD EXPLORATION CO,,NFX,211111,N,A,R,30044,0,1,1382,65129010,,,,,,,,,13.000,138.000,,,,,,,,,,,,,,,67.200,69.770,67.210,2599800.000,-0.011036,67.260,67.280,131748.000,1.000,1.000,68.010,,-0.011036,-0.015,-0.015,-0.009,-0.009,-0.016
79915,2008/05/22,,11,1,1311,65129010,NFX,NEWFIELD EXPLORATION CO,,NFX,211111,N,A,R,30044,0,1,1382,65129010,,,,,,,,,13.000,138.000,,,,,,,,,,,,,,,65.300,68.710,65.730,2576400.000,-0.022020,65.730,65.740,131748.000,1.000,1.000,66.800,,-0.022020,0.003,0.003,0.003,0.003,0.003
79915,2008/05/23,,11,1,1311,65129010,NFX,NEWFIELD EXPLORATION CO,,NFX,211111,N,A,R,30044,0,1,1382,65129010,,,,,,,,,13.000,138.000,,,,,,,,,,,,,,,63.350,66.370,64.610,1464600.000,-0.017039,64.630,64.700,131748.000,1.000,1.000,65.830,,-0.017039,-0.012,-0.012,-0.007,-0.007,-0.013
79915,2008/05/27,,11,1,1311,65129010,NFX,NEWFIELD EXPLORATION CO,,NFX,211111,N,A,R,30044,0,1,1382,65129010,,,,,,,,,13.000,138.000,,,,,,,,,,,,,,,64.280,65.980,64.710,1523500.000,0.001548,64.760,64.810,131748.000,1.000,1.000,65.540,,0.001548,0.005,0.005,0.006,0.006,0.007
79915,2008/05/28,,11,1,1311,65129010,NFX,NEWFIELD EXPLORATION CO,,NFX,211111,N,A,R,30044,0,1,1382,65129010,,,,,,,,,13.000,138.000,,,,,,,,,,,,,,,63.145,64.950,64.920,2060100.000,0.003245,64.810,64.900,131748.000,1.000,1.000,64.060,,0.003245,0.006,0.006,0.004,0.003,0.004
79915,2008/05/29,,11,1,1311,65129010,NFX,NEWFIELD EXPLORATION CO,,NFX,211111,N,A,R,30044,0,1,1382,65129010,,,,,,,,,13.000,138.000,,,,,,,,,,,,,,,61.190,64.920,61.200,2528000.000,-0.057301,61.300,61.330,131748.000,1.000,1.000,64.670,,-0.057301,0.004,0.004,0.005,0.005,0.005
79915,2008/05/30,,11,1,1311,65129010,NFX,NEWFIELD EXPLORATION CO,,NFX,211111,N,A,R,30044,0,1,1382,65129010,,,,,,,,0.000,13.000,138.000,,,,,,,,,,,,,,,61.510,63.710,63.240,2515500.000,0.033333,62.940,63.130,131748.000,1.000,1.000,62.400,,0.033333,0.003,0.003,0.005,0.005,0.002
79915,2008/06/02,,11,1,1311,65129010,NFX,NEWFIELD EXPLORATION CO,,NFX,211111,N,A,R,30044,0,1,1382,65129010,,,,,,,,,13.000,138.000,,,,,,,,,,,,,,,62.870,64.540,63.770,1801000.000,0.008381,63.720,63.750,131748.000,1.000,1.000,62.930,,0.008381,-0.009,-0.009,-0.008,-0.008,-0.011
79915,2008/06/03,,11,1,1311,65129010,NFX,NEWFIELD EXPLORATION CO,,NFX,211111,N,A,R,30044,0,1,1382,65129010,,,,,,,,,13.000,138.000,,,,,,,,,,,,,,,62.540,65.310,62.700,2047900.000,-0.016779,62.760,62.800,131748.000,1.000,1.000,64.190,,-0.016779,-0.005,-0.005,-0.002,-0.002,-0.006
79915,2008/06/04,,11,1,1311,65129010,NFX,NEWFIELD EXPLORATION CO,,NFX,211111,N,A,R,30044,0,1,1382,65129010,,,,,,,,,13.000,138.000,,,,,,,,,,,,,,,61.920,64.010,61.940,2264600.000,-0.012121,61.570,62.380,131748.000,1.000,1.000,62.360,,-0.012121,-0.001,-0.001,0.001,0.001,-0.000
79915,2008/06/05,,11,1,1311,65129010,NFX,NEWFIELD EXPLORATION CO,,NFX,211111,N,A,R,30044,0,1,1382,65129010,,,,,,,,,13.000,138.000,,,,,,,,,,,,,,,62.900,65.810,65.710,3566400.000,0.060865,65.750,65.830,131748.000,1.000,1.000,63.500,,0.060865,0.020,0.020,0.015,0.015,0.019
79915,2008/06/06,,11,1,1311,65129010,NFX,NEWFIELD EXPLORATION CO,,NFX,211111,N,A,R,30044,0,1,1382,65129010,,,,,,,,,13.000,138.000,,,,,,,,,,,,,,,65.540,68.360,65.540,1975000.000,-0.002587,65.580,65.700,131748.000,1.000,1.000,65.730,,-0.002587,-0.027,-0.027,-0.020,-0.020,-0.031
79915,2008/06/09,,11,1,1311,65129010,NFX,NEWFIELD EXPLORATION CO,,NFX,211111,N,A,R,30044,0,1,1382,65129010,,,,,,,,,13.000,138.000,,,,,,,,,,,,,,,65.520,67.540,67.180,1812400.000,0.025023,67.010,67.090,131748.000,1.000,1.000,65.640,,0.025023,-0.001,-0.001,-0.008,-0.008,0.001
79915,2008/06/10,,11,1,1311,65129010,NFX,NEWFIELD EXPLORATION CO,,NFX,211111,N,A,R,30044,0,1,1382,65129010,,,,,,,,,13.000,138.000,,,,,,,,,,,,,,,62.950,67.500,63.750,2316000.000,-0.051057,63.770,63.820,131748.000,1.000,1.000,67.490,,-0.051057,-0.005,-0.005,-0.005,-0.005,-0.002
79915,2008/06/11,,11,1,1311,65129010,NFX,NEWFIELD EXPLORATION CO,,NFX,211111,N,A,R,30044,0,1,1382,65129010,,,,,,,,,13.000,138.000,,,,,,,,,,,,,,,63.230,65.470,64.520,2170500.000,0.012078,64.390,64.490,131748.000,1.000,1.000,63.940,,0.012078,-0.015,-0.015,-0.015,-0.015,-0.017
79915,2008/06/12,,11,1,1311,65129010,NFX,NEWFIELD EXPLORATION CO,,NFX,211111,N,A,R,30044,0,1,1382,65129010,,,,,,,,,13.000,138.000,,,,,,,,,,,,,,,62.400,64.350,62.600,1442800.000,-0.029758,62.670,62.700,131748.000,1.000,1.000,64.330,,-0.029758,0.001,0.001,0.001,0.001,0.003
79915,2008/06/13,,11,1,1311,65129010,NFX,NEWFIELD EXPLORATION CO,,NFX,211111,N,A,R,30044,0,1,1382,65129010,,,,,,,,,13.000,138.000,,,,,,,,,,,,,,,61.250,63.600,61.890,1482100.000,-0.011342,61.970,61.980,131748.000,1.000,1.000,63.090,,-0.011342,0.015,0.015,0.012,0.012,0.015
79915,2008/06/16,,11,1,1311,65129010,NFX,NEWFIELD EXPLORATION CO,,NFX,211111,N,A,R,30044,0,1,1382,65129010,,,,,,,,,13.000,138.000,,,,,,,,,,,,,,,61.950,64.860,63.920,1546500.000,0.032800,63.800,63.890,131748.000,1.000,1.000,62.450,,0.032800,0.003,0.003,0.005,0.005,0.000
79915,2008/06/17,,11,1,1311,65129010,NFX,NEWFIELD EXPLORATION CO,,NFX,211111,N,A,R,30044,0,1,1382,65129010,,,,,,,,,13.000,138.000,,,,,,,,,,,,,,,64.850,68.080,67.720,2420300.000,0.059449,67.570,67.620,131748.000,1.000,1.000,65.150,,0.059449,-0.004,-0.004,-0.004,-0.004,-0.007
79915,2008/06/18,,11,1,1311,65129010,NFX,NEWFIELD EXPLORATION CO,,NFX,211111,N,A,R,30044,0,1,1382,65129010,,,,,,,,,13.000,138.000,,,,,,,,,,,,,,,65.520,68.420,66.950,1808100.000,-0.011370,66.800,66.910,131748.000,1.000,1.000,68.020,,-0.011370,-0.008,-0.008,-0.008,-0.008,-0.010
79915,2008/06/19,,11,1,1311,65129010,NFX,NEWFIELD EXPLORATION CO,,NFX,211111,N,A,R,30044,0,1,1382,65129010,,,,,,,,,13.000,138.000,,,,,,,,,,,,,,,62.580,68.130,62.850,2423800.000,-0.061240,62.830,62.940,131748.000,1.000,1.000,67.910,,-0.061240,0.002,0.002,0.003,0.003,0.004
79915,2008/06/20,,11,1,1311,65129010,NFX,NEWFIELD EXPLORATION CO,,NFX,211111,N,A,R,30044,0,1,1382,65129010,,,,,,,,,13.000,138.000,,,,,,,,,,,,,,,63.450,64.900,64.210,3310900.000,0.021639,64.130,64.180,131748.000,1.000,1.000,63.450,,0.021639,-0.017,-0.018,-0.014,-0.014,-0.019
79915,2008/06/23,,11,1,1311,65129010,NFX,NEWFIELD EXPLORATION CO,,NFX,211111,N,A,R,30044,0,1,1382,65129010,,,,,,,,,13.000,138.000,,,,,,,,,,,,,,,64.230,67.840,67.840,1976200.000,0.056533,67.420,67.830,131748.000,1.000,1.000,64.230,,0.056533,-0.001,-0.001,-0.009,-0.009,0.000
79915,2008/06/24,,11,1,1311,65129010,NFX,NEWFIELD EXPLORATION CO,,NFX,211111,N,A,R,30044,0,1,1382,65129010,,,,,,,,,13.000,138.000,,,,,,,,,,,,,,,65.970,67.830,66.250,2122100.000,-0.023437,66.090,66.320,131748.000,1.000,1.000,67.510,,-0.023437,-0.006,-0.006,-0.010,-0.010,-0.003
79915,2008/06/25,,11,1,1311,65129010,NFX,NEWFIELD EXPLORATION CO,,NFX,211111,N,A,R,30044,0,1,1382,65129010,,,,,,,,,13.000,138.000,,,,,,,,,,,,,,,61.670,65.850,64.080,2207200.000,-0.032755,64.080,64.150,131748.000,1.000,1.000,65.850,,-0.032755,0.006,0.006,0.007,0.007,0.006
79915,2008/06/26,,11,1,1311,65129010,NFX,NEWFIELD EXPLORATION CO,,NFX,211111,N,A,R,30044,0,1,1382,65129010,,,,,,,,,13.000,138.000,,,,,,,,,,,,,,,62.180,65.600,63.820,1456500.000,-0.004057,63.750,64.390,131748.000,1.000,1.000,63.830,,-0.004057,-0.026,-0.026,-0.019,-0.020,-0.029
79915,2008/06/27,,11,1,1311,65129010,NFX,NEWFIELD EXPLORATION CO,,NFX,211111,N,A,R,30044,0,1,1382,65129010,,,,,,,,,13.000,138.000,,,,,,,,,,,,,,,63.820,66.270,64.710,1667300.000,0.013945,64.980,65.000,131748.000,1.000,1.000,63.820,,0.013945,-0.003,-0.003,-0.006,-0.006,-0.004
79915,2008/06/30,,11,1,1311,65129010,NFX,NEWFIELD EXPLORATION CO,,NFX,211111,N,A,R,30044,0,1,1382,65129010,,,,,,,,0.000,13.000,138.000,,,,,,,,,,,,,,,64.150,66.370,65.250,1129200.000,0.008345,65.100,65.180,131748.000,1.000,1.000,64.790,,0.008345,-0.001,-0.001,-0.006,-0.006,0.001
79915,2008/07/01,,11,1,1311,65129010,NFX,NEWFIELD EXPLORATION CO,,NFX,211111,N,A,R,30044,0,1,1382,65129010,,,,,,,,,13.000,138.000,,,,,,,,,,,,,,,64.230,66.910,66.700,1802100.000,0.022222,66.690,66.800,131748.000,1.000,1.000,64.680,,0.022222,0.002,0.002,-0.006,-0.006,0.004
79915,2008/07/02,,11,1,1311,65129010,NFX,NEWFIELD EXPLORATION CO,,NFX,211111,N,A,R,30044,0,1,1382,65129010,,,,,,,,,13.000,138.000,,,,,,,,,,,,,,,63.840,68.310,63.840,1894500.000,-0.042879,63.870,63.910,131748.000,1.000,1.000,67.310,,-0.042879,-0.021,-0.021,-0.018,-0.018,-0.018
79915,2008/07/03,,11,1,1311,65129010,NFX,NEWFIELD EXPLORATION CO,,NFX,211111,N,A,R,30044,0,1,1382,65129010,,,,,,,,,13.000,138.000,,,,,,,,,,,,,,,59.870,65.100,60.910,1797300.000,-0.045896,60.740,60.830,131748.000,1.000,1.000,63.870,,-0.045896,-0.002,-0.002,-0.006,-0.006,0.001
79915,2008/07/07,,11,1,1311,65129010,NFX,NEWFIELD EXPLORATION CO,,NFX,211111,N,A,R,30044,0,1,1382,65129010,,,,,,,,,13.000,138.000,,,,,,,,,,,,,,,57.360,61.260,59.370,3056600.000,-0.025283,59.390,59.400,131748.000,1.000,1.000,60.830,,-0.025283,-0.009,-0.009,-0.012,-0.012,-0.008
79915,2008/07/08,,11,1,1311,65129010,NFX,NEWFIELD EXPLORATION CO,,NFX,211111,N,A,R,30044,0,1,1382,65129010,,,,,,,,,13.000,138.000,,,,,,,,,,,,,,,56.320,58.970,58.550,3803200.000,-0.013812,58.410,58.430,131748.000,1.000,1.000,57.970,,-0.013812,0.017,0.017,0.018,0.018,0.017
79915,2008/07/09,,11,1,1311,65129010,NFX,NEWFIELD EXPLORATION CO,,NFX,211111,N,A,R,30044,0,1,1382,65129010,,,,,,,,,13.000,138.000,,,,,,,,,,,,,,,57.810,63.000,58.530,3394000.000,-0.000342,58.470,58.480,131748.000,1.000,1.000,60.030,,-0.000342,-0.019,-0.019,-0.014,-0.014,-0.023
79915,2008/07/10,,11,1,1311,65129010,NFX,NEWFIELD EXPLORATION CO,,NFX,211111,N,A,R,30044,0,1,1382,65129010,,,,,,,,,13.000,138.000,,,,,,,,,,,,,,,57.230,60.370,60.300,2641400.000,0.030241,60.200,60.240,131748.000,1.000,1.000,59.400,,0.030241,0.008,0.008,0.002,0.002,0.007
79915,2008/07/11,,11,1,1311,65129010,NFX,NEWFIELD EXPLORATION CO,,NFX,211111,N,A,R,30044,0,1,1382,65129010,,,,,,,,,13.000,138.000,,,,,,,,,,,,,,,59.290,62.580,60.730,2367400.000,0.007131,60.740,60.830,131748.000,1.000,1.000,60.540,,0.007131,-0.008,-0.008,-0.003,-0.003,-0.011
79915,2008/07/14,,11,1,1311,65129010,NFX,NEWFIELD EXPLORATION CO,,NFX,211111,N,A,R,30044,0,1,1382,65129010,,,,,,,,,13.000,138.000,,,,,,,,,,,,,,,59.720,61.720,60.580,1367100.000,-0.002470,60.520,60.570,131748.000,1.000,1.000,60.470,,-0.002470,-0.008,-0.008,-0.012,-0.012,-0.009
79915,2008/07/15,,11,1,1311,65129010,NFX,NEWFIELD EXPLORATION CO,,NFX,211111,N,A,R,30044,0,1,1382,65129010,,,,,,,,,13.000,138.000,,,,,,,,,,,,,,,56.920,61.040,56.930,2368800.000,-0.060251,56.940,56.990,131748.000,1.000,1.000,60.190,,-0.060251,-0.011,-0.012,-0.009,-0.009,-0.011
79915,2008/07/16,,11,1,1311,65129010,NFX,NEWFIELD EXPLORATION CO,,NFX,211111,N,A,R,30044,0,1,1382,65129010,,,,,,,,,13.000,138.000,,,,,,,,,,,,,,,54.110,57.930,55.750,2380100.000,-0.020727,55.760,55.790,131748.000,1.000,1.000,56.640,,-0.020727,0.024,0.024,0.027,0.026,0.025
79915,2008/07/17,,11,1,1311,65129010,NFX,NEWFIELD EXPLORATION CO,,NFX,211111,N,A,R,30044,0,1,1382,65129010,,,,,,,,,13.000,138.000,,,,,,,,,,,,,,,52.770,57.500,54.070,4206200.000,-0.030135,54.260,54.350,131748.000,1.000,1.000,55.760,,-0.030135,0.010,0.010,0.016,0.016,0.012
79915,2008/07/18,,11,1,1311,65129010,NFX,NEWFIELD EXPLORATION CO,,NFX,211111,N,A,R,30044,0,1,1382,65129010,,,,,,,,,13.000,138.000,,,,,,,,,,,,,,,53.430,56.190,54.070,2522600.000,0.000000,53.920,53.940,131748.000,1.000,1.000,54.900,,0.000000,0.000,0.000,0.001,0.001,0.000
79915,2008/07/21,,11,1,1311,65129010,NFX,NEWFIELD EXPLORATION CO,,NFX,211111,N,A,R,30044,0,1,1382,65129010,,,,,,,,,13.000,138.000,,,,,,,,,,,,,,,53.900,56.720,56.300,1868600.000,0.041243,56.180,56.210,131748.000,1.000,1.000,55.040,,0.041243,0.004,0.004,0.007,0.007,-0.001
79915,2008/07/22,,11,1,1311,65129010,NFX,NEWFIELD EXPLORATION CO,,NFX,211111,N,A,R,30044,0,1,1382,65129010,,,,,,,,,13.000,138.000,,,,,,,,,,,,,,,52.790,55.900,53.570,1943200.000,-0.048490,53.420,53.460,131748.000,1.000,1.000,55.900,,-0.048490,0.011,0.011,0.015,0.015,0.013
79915,2008/07/23,,11,1,1311,65129010,NFX,NEWFIELD EXPLORATION CO,,NFX,211111,N,A,R,30044,0,1,1382,65129010,,,,,,,,,13.000,138.000,,,,,,,,,,,,,,,50.300,53.350,52.000,3885400.000,-0.029307,52.110,52.150,131748.000,1.000,1.000,53.190,,-0.029307,0.002,0.002,0.007,0.007,0.004
79915,2008/07/24,,11,1,1311,65129010,NFX,NEWFIELD EXPLORATION CO,,NFX,211111,N,A,R,30044,0,1,1382,65129010,,,,,,,,,13.000,138.000,,,,,,,,,,,,,,,47.500,53.620,52.270,5834000.000,0.005192,52.300,52.340,131748.000,1.000,1.000,52.300,,0.005192,-0.024,-0.024,-0.019,-0.019,-0.023
79915,2008/07/25,,11,1,1311,65129010,NFX,NEWFIELD EXPLORATION CO,,NFX,211111,N,A,R,30044,0,1,1382,65129010,,,,,,,,,13.000,138.000,,,,,,,,,,,,,,,51.140,54.180,51.720,4051600.000,-0.010522,51.640,51.700,131748.000,1.000,1.000,51.900,,-0.010522,0.006,0.006,0.006,0.006,0.004
79915,2008/07/28,,11,1,1311,65129010,NFX,NEWFIELD EXPLORATION CO,,NFX,211111,N,A,R,30044,0,1,1382,65129010,,,,,,,,,13.000,138.000,,,,,,,,,,,,,,,51.640,54.240,51.730,2419600.000,0.000193,51.770,51.780,131748.000,1.000,1.000,51.770,,0.000193,-0.017,-0.017,-0.014,-0.014,-0.019
79915,2008/07/29,,11,1,1311,65129010,NFX,NEWFIELD EXPLORATION CO,,NFX,211111,N,A,R,30044,0,1,1382,65129010,,,,,,,,,13.000,138.000,,,,,,,,,,,,,,,49.160,51.490,50.200,3436300.000,-0.029577,50.100,50.190,131748.000,1.000,1.000,51.210,,-0.029577,0.021,0.021,0.017,0.017,0.023
79915,2008/07/30,,11,1,1311,65129010,NFX,NEWFIELD EXPLORATION CO,,NFX,211111,N,A,R,30044,0,1,1382,65129010,,,,,,,,,13.000,138.000,,,,,,,,,,,,,,,49.510,52.170,51.950,3844800.000,0.034861,51.850,51.860,131748.000,1.000,1.000,50.010,,0.034861,0.016,0.016,0.007,0.007,0.017
79915,2008/07/31,,11,1,1311,65129010,NFX,NEWFIELD EXPLORATION CO,,NFX,211111,N,A,R,30044,0,1,1382,65129010,,,,,,,,0.000,13.000,138.000,,,,,,,,,,,,,,,48.800,52.110,48.980,3667700.000,-0.057170,48.860,48.890,132194.000,1.000,1.000,52.110,,-0.057170,-0.012,-0.012,-0.003,-0.003,-0.013
79915,2008/08/01,,11,1,1311,65129010,NFX,NEWFIELD EXPLORATION CO,,NFX,211111,N,A,R,30044,0,1,1382,65129010,,,,,,,,,13.000,138.000,,,,,,,,,,,,,,,47.760,50.180,48.290,2885500.000,-0.014087,48.360,48.380,132194.000,1.000,1.000,49.020,,-0.014087,-0.005,-0.005,-0.001,-0.001,-0.006
79915,2008/08/04,,11,1,1311,65129010,NFX,NEWFIELD EXPLORATION CO,,NFX,211111,N,A,R,30044,0,1,1382,65129010,,,,,,,,,13.000,138.000,,,,,,,,,,,,,,,43.250,48.360,44.170,4236400.000,-0.085318,44.270,44.350,132194.000,1.000,1.000,48.350,,-0.085318,-0.013,-0.013,-0.012,-0.012,-0.009
79915,2008/08/05,,11,1,1311,65129010,NFX,NEWFIELD EXPLORATION CO,,NFX,211111,N,A,R,30044,0,1,1382,65129010,,,,,,,,,13.000,138.000,,,,,,,,,,,,,,,42.500,44.720,43.990,4006200.000,-0.004075,43.910,43.990,132194.000,1.000,1.000,43.470,,-0.004075,0.024,0.024,0.014,0.013,0.029
79915,2008/08/06,,11,1,1311,65129010,NFX,NEWFIELD EXPLORATION CO,,NFX,211111,N,A,R,30044,0,1,1382,65129010,,,,,,,,,13.000,138.000,,,,,,,,,,,,,,,43.770,45.520,45.200,2232300.000,0.027506,45.210,45.250,132194.000,1.000,1.000,44.030,,0.027506,0.006,0.005,0.007,0.007,0.003
79915,2008/08/07,,11,1,1311,65129010,NFX,NEWFIELD EXPLORATION CO,,NFX,211111,N,A,R,30044,0,1,1382,65129010,,,,,,,,,13.000,138.000,,,,,,,,,,,,,,,44.021,46.270,44.130,2412500.000,-0.023673,44.140,44.180,132194.000,1.000,1.000,45.590,,-0.023673,-0.017,-0.017,-0.013,-0.013,-0.018
79915,2008/08/08,,11,1,1311,65129010,NFX,NEWFIELD EXPLORATION CO,,NFX,211111,N,A,R,30044,0,1,1382,65129010,,,,,,,,,13.000,138.000,,,,,,,,,,,,,,,42.050,43.620,42.420,2541100.000,-0.038749,42.370,42.700,132194.000,1.000,1.000,43.440,,-0.038749,0.019,0.019,0.016,0.016,0.024
79915,2008/08/11,,11,1,1311,65129010,NFX,NEWFIELD EXPLORATION CO,,NFX,211111,N,A,R,30044,0,1,1382,65129010,,,,,,,,,13.000,138.000,,,,,,,,,,,,,,,41.130,43.190,42.940,2281900.000,0.012258,42.940,42.950,132194.000,1.000,1.000,42.460,,0.012258,0.007,0.007,0.011,0.011,0.007
79915,2008/08/12,,11,1,1311,65129010,NFX,NEWFIELD EXPLORATION CO,,NFX,211111,N,A,R,30044,0,1,1382,65129010,,,,,,,,,13.000,138.000,,,,,,,,,,,,,,,42.700,44.090,43.180,2466500.000,0.005589,43.090,43.100,132194.000,1.000,1.000,42.870,,0.005589,-0.010,-0.010,-0.006,-0.006,-0.012
79915,2008/08/13,,11,1,1311,65129010,NFX,NEWFIELD EXPLORATION CO,,NFX,211111,N,A,R,30044,0,1,1382,65129010,,,,,,,,,13.000,138.000,,,,,,,,,,,,,,,42.200,44.800,44.480,2702400.000,0.030107,44.290,44.350,132194.000,1.000,1.000,43.040,,0.030107,-0.000,-0.000,0.003,0.002,-0.003
79915,2008/08/14,,11,1,1311,65129010,NFX,NEWFIELD EXPLORATION CO,,NFX,211111,N,A,R,30044,0,1,1382,65129010,,,,,,,,,13.000,138.000,,,,,,,,,,,,,,,42.850,44.550,44.210,2864300.000,-0.006070,44.160,44.310,132194.000,1.000,1.000,44.100,,-0.006070,0.005,0.005,0.007,0.007,0.006
79915,2008/08/15,,11,1,1311,65129010,NFX,NEWFIELD EXPLORATION CO,,NFX,211111,N,A,R,30044,0,1,1382,65129010,,,,,,,,,13.000,138.000,,,,,,,,,,,,,,,42.800,44.590,44.120,2354600.000,-0.002036,44.160,44.170,132194.000,1.000,1.000,43.630,,-0.002036,0.001,0.001,-0.001,-0.001,0.004
79915,2008/08/18,,11,1,1311,65129010,NFX,NEWFIELD EXPLORATION CO,,NFX,211111,N,A,R,30044,0,1,1382,65129010,,,,,,,,,13.000,138.000,,,,,,,,,,,,,,,41.860,45.120,42.290,2555700.000,-0.041478,42.310,42.330,132194.000,1.000,1.000,44.620,,-0.041478,-0.013,-0.013,-0.010,-0.010,-0.015
79915,2008/08/19,,11,1,1311,65129010,NFX,NEWFIELD EXPLORATION CO,,NFX,211111,N,A,R,30044,0,1,1382,65129010,,,,,,,,,13.000,138.000,,,,,,,,,,,,,,,41.990,43.960,43.600,3202400.000,0.030977,43.610,43.650,132194.000,1.000,1.000,42.330,,0.030977,-0.009,-0.009,-0.012,-0.012,-0.009
79915,2008/08/20,,11,1,1311,65129010,NFX,NEWFIELD EXPLORATION CO,,NFX,211111,N,A,R,30044,0,1,1382,65129010,,,,,,,,,13.000,138.000,,,,,,,,,,,,,,,43.680,45.800,45.590,3489100.000,0.045642,45.510,45.530,132194.000,1.000,1.000,44.050,,0.045642,0.007,0.007,0.003,0.003,0.006
79915,2008/08/21,,11,1,1311,65129010,NFX,NEWFIELD EXPLORATION CO,,NFX,211111,N,A,R,30044,0,1,1382,65129010,,,,,,,,,13.000,138.000,,,,,,,,,,,,,,,45.680,47.070,45.980,1938500.000,0.008554,46.000,46.040,132194.000,1.000,1.000,46.410,,0.008554,0.003,0.003,-0.002,-0.002,0.002
79915,2008/08/22,,11,1,1311,65129010,NFX,NEWFIELD EXPLORATION CO,,NFX,211111,N,A,R,30044,0,1,1382,65129010,,,,,,,,,13.000,138.000,,,,,,,,,,,,,,,43.170,45.460,44.700,1662500.000,-0.027838,44.640,44.650,132194.000,1.000,1.000,45.460,,-0.027838,0.010,0.009,0.010,0.010,0.011
79915,2008/08/25,,11,1,1311,65129010,NFX,NEWFIELD EXPLORATION CO,,NFX,211111,N,A,R,30044,0,1,1382,65129010,,,,,,,,,13.000,138.000,,,,,,,,,,,,,,,43.830,45.320,44.580,1293000.000,-0.002685,44.600,44.620,132194.000,1.000,1.000,44.590,,-0.002685,-0.019,-0.019,-0.015,-0.015,-0.020
79915,2008/08/26,,11,1,1311,65129010,NFX,NEWFIELD EXPLORATION CO,,NFX,211111,N,A,R,30044,0,1,1382,65129010,,,,,,,,,13.000,138.000,,,,,,,,,,,,,,,45.080,46.710,46.320,2103100.000,0.039031,46.250,46.420,132194.000,1.000,1.000,45.080,,0.039031,0.004,0.004,0.003,0.003,0.004
79915,2008/08/27,,11,1,1311,65129010,NFX,NEWFIELD EXPLORATION CO,,NFX,211111,N,A,R,30044,0,1,1382,65129010,,,,,,,,,13.000,138.000,,,,,,,,,,,,,,,46.880,49.120,47.450,2229900.000,0.024396,47.280,47.300,132194.000,1.000,1.000,46.880,,0.024396,0.010,0.009,0.008,0.008,0.008
79915,2008/08/28,,11,1,1311,65129010,NFX,NEWFIELD EXPLORATION CO,,NFX,211111,N,A,R,30044,0,1,1382,65129010,,,,,,,,,13.000,138.000,,,,,,,,,,,,,,,44.330,47.860,45.560,2901000.000,-0.039831,45.460,45.540,132194.000,1.000,1.000,47.780,,-0.039831,0.014,0.014,0.013,0.013,0.015
79915,2008/08/29,,11,1,1311,65129010,NFX,NEWFIELD EXPLORATION CO,,NFX,211111,N,A,R,30044,0,1,1382,65129010,,,,,,,,0.000,13.000,138.000,,,,,,,,,,,,,,,44.970,46.130,45.220,1519500.000,-0.007463,45.270,45.300,132194.000,1.000,1.000,46.130,,-0.007463,-0.012,-0.012,-0.003,-0.003,-0.014
79915,2008/09/02,,11,1,1311,65129010,NFX,NEWFIELD EXPLORATION CO,,NFX,211111,N,A,R,30044,0,1,1382,65129010,,,,,,,,,13.000,138.000,,,,,,,,,,,,,,,39.980,44.490,40.440,4103300.000,-0.105705,40.460,40.470,132194.000,1.000,1.000,43.260,,-0.105705,-0.007,-0.007,-0.004,-0.004,-0.004
79915,2008/09/03,,11,1,1311,65129010,NFX,NEWFIELD EXPLORATION CO,,NFX,211111,N,A,R,30044,0,1,1382,65129010,,,,,,,,,13.000,138.000,,,,,,,,,,,,,,,38.120,41.160,38.890,4683200.000,-0.038328,38.810,38.840,132194.000,1.000,1.000,40.440,,-0.038328,-0.003,-0.003,-0.000,-0.001,-0.002
79915,2008/09/04,,11,1,1311,65129010,NFX,NEWFIELD EXPLORATION CO,,NFX,211111,N,A,R,30044,0,1,1382,65129010,,,,,,,,,13.000,138.000,,,,,,,,,,,,,,,38.620,41.040,40.400,4855900.000,0.038828,40.410,40.420,132194.000,1.000,1.000,38.880,,0.038828,-0.029,-0.029,-0.022,-0.022,-0.030
79915,2008/09/05,,11,1,1311,65129010,NFX,NEWFIELD EXPLORATION CO,,NFX,211111,N,A,R,30044,0,1,1382,65129010,,,,,,,,,13.000,138.000,,,,,,,,,,,,,,,39.150,42.090,42.050,4326400.000,0.040842,42.030,42.020,132194.000,1.000,1.000,40.250,,0.040842,0.004,0.004,-0.000,-0.000,0.004
79915,2008/09/08,,11,1,1311,65129010,NFX,NEWFIELD EXPLORATION CO,,NFX,211111,N,A,R,30044,0,1,1382,65129010,,,,,,,,,13.000,138.000,,,,,,,,,,,,,,,40.450,43.230,40.710,3339400.000,-0.031867,40.630,40.640,132194.000,1.000,1.000,43.000,,-0.031867,0.015,0.015,0.008,0.008,0.021
79915,2008/09/09,,11,1,1311,65129010,NFX,NEWFIELD EXPLORATION CO,,NFX,211111,N,A,R,30044,0,1,1382,65129010,,,,,,,,,13.000,138.000,,,,,,,,,,,,,,,35.050,38.950,35.190,6051500.000,-0.135593,35.210,35.230,132194.000,1.000,1.000,38.950,,-0.135593,-0.035,-0.035,-0.029,-0.029,-0.034
79915,2008/09/10,,11,1,1311,65129010,NFX,NEWFIELD EXPLORATION CO,,NFX,211111,N,A,R,30044,0,1,1382,65129010,,,,,,,,,13.000,138.000,,,,,,,,,,,,,,,35.690,37.370,36.660,4861500.000,0.041773,36.490,36.500,132194.000,1.000,1.000,36.380,,0.041773,0.009,0.008,0.004,0.003,0.006
79915,2008/09/11,,11,1,1311,65129010,NFX,NEWFIELD EXPLORATION CO,,NFX,211111,N,A,R,30044,0,1,1382,65129010,,,,,,,,,13.000,138.000,,,,,,,,,,,,,,,34.860,36.530,35.550,5063400.000,-0.030278,35.530,35.540,132194.000,1.000,1.000,36.500,,-0.030278,0.011,0.011,-0.003,-0.003,0.014
79915,2008/09/12,,11,1,1311,65129010,NFX,NEWFIELD EXPLORATION CO,,NFX,211111,N,A,R,30044,0,1,1382,65129010,,,,,,,,,13.000,138.000,,,,,,,,,,,,,,,35.590,37.710,37.330,3316600.000,0.050070,37.230,37.300,132194.000,1.000,1.000,36.000,,0.050070,0.005,0.005,0.005,0.005,0.002
79915,2008/09/15,,11,1,1311,65129010,NFX,NEWFIELD EXPLORATION CO,,NFX,211111,N,A,R,30044,0,1,1382,65129010,,,,,,,,,13.000,138.000,,,,,,,,,,,,,,,33.320,35.440,33.860,3611200.000,-0.092955,33.890,33.930,132194.000,1.000,1.000,34.510,,-0.092955,-0.046,-0.046,-0.039,-0.039,-0.047
79915,2008/09/16,,11,1,1311,65129010,NFX,NEWFIELD EXPLORATION CO,,NFX,211111,N,A,R,30044,0,1,1382,65129010,,,,,,,,,13.000,138.000,,,,,,,,,,,,,,,31.000,35.440,35.440,3314300.000,0.046663,35.300,35.330,132194.000,1.000,1.000,32.770,,0.046663,0.015,0.015,0.003,0.003,0.018
79915,2008/09/17,,11,1,1311,65129010,NFX,NEWFIELD EXPLORATION CO,,NFX,211111,N,A,R,30044,0,1,1382,65129010,,,,,,,,,13.000,138.000,,,,,,,,,,,,,,,33.520,36.520,35.040,3728300.000,-0.011287,34.850,35.250,132194.000,1.000,1.000,35.200,,-0.011287,-0.045,-0.046,-0.041,-0.041,-0.047
79915,2008/09/18,,11,1,1311,65129010,NFX,NEWFIELD EXPLORATION CO,,NFX,211111,N,A,R,30044,0,1,1382,65129010,,,,,,,,,13.000,138.000,,,,,,,,,,,,,,,34.590,37.890,37.050,3236600.000,0.057363,36.930,37.030,132194.000,1.000,1.000,35.990,,0.057363,0.044,0.044,0.042,0.041,0.043
79915,2008/09/19,,11,1,1311,65129010,NFX,NEWFIELD EXPLORATION CO,,NFX,211111,N,A,R,30044,0,1,1382,65129010,,,,,,,,,13.000,138.000,,,,,,,,,,,,,,,37.030,49.500,40.570,3211300.000,0.095007,40.500,40.550,132194.000,1.000,1.000,39.500,,0.095007,0.046,0.046,0.050,0.049,0.040
79915,2008/09/22,,11,1,1311,65129010,NFX,NEWFIELD EXPLORATION CO,,NFX,211111,N,A,R,30044,0,1,1382,65129010,,,,,,,,,13.000,138.000,,,,,,,,,,,,,,,39.560,42.100,40.600,2335400.000,0.000739,40.230,40.950,132194.000,1.000,1.000,40.840,,0.000739,-0.037,-0.037,-0.027,-0.027,-0.038
79915,2008/09/23,,11,1,1311,65129010,NFX,NEWFIELD EXPLORATION CO,,NFX,211111,N,A,R,30044,0,1,1382,65129010,,,,,,,,,13.000,138.000,,,,,,,,,,,,,,,39.060,41.810,39.180,2664000.000,-0.034975,39.080,39.260,132194.000,1.000,1.000,40.320,,-0.034975,-0.016,-0.016,-0.013,-0.013,-0.016
79915,2008/09/24,,11,1,1311,65129010,NFX,NEWFIELD EXPLORATION CO,,NFX,211111,N,A,R,30044,0,1,1382,65129010,,,,,,,,,13.000,138.000,,,,,,,,,,,,,,,36.410,39.880,36.600,3014000.000,-0.065850,36.580,36.600,132194.000,1.000,1.000,39.410,,-0.065850,-0.003,-0.003,-0.009,-0.009,-0.002
79915,2008/09/25,,11,1,1311,65129010,NFX,NEWFIELD EXPLORATION CO,,NFX,211111,N,A,R,30044,0,1,1382,65129010,,,,,,,,,13.000,138.000,,,,,,,,,,,,,,,35.330,37.120,35.830,3029000.000,-0.021038,35.780,35.810,132194.000,1.000,1.000,36.600,,-0.021038,0.017,0.017,0.009,0.009,0.020
79915,2008/09/26,,11,1,1311,65129010,NFX,NEWFIELD EXPLORATION CO,,NFX,211111,N,A,R,30044,0,1,1382,65129010,,,,,,,,,13.000,138.000,,,,,,,,,,,,,,,33.310,35.110,34.530,2563600.000,-0.036283,34.490,34.500,132194.000,1.000,1.000,34.400,,-0.036283,-0.002,-0.002,-0.008,-0.009,0.003
79915,2008/09/29,,11,1,1311,65129010,NFX,NEWFIELD EXPLORATION CO,,NFX,211111,N,A,R,30044,0,1,1382,65129010,,,,,,,,,13.000,138.000,,,,,,,,,,,,,,,28.000,32.940,29.940,3186800.000,-0.132928,29.530,29.640,132194.000,1.000,1.000,32.940,,-0.132928,-0.083,-0.083,-0.061,-0.061,-0.088
79915,2008/09/30,,11,1,1311,65129010,NFX,NEWFIELD EXPLORATION CO,,NFX,211111,N,A,R,30044,0,1,1382,65129010,,,,,,,,0.000,13.000,138.000,,,,,,,,,,,,,,,30.250,32.080,31.990,2222200.000,0.068470,31.860,31.930,132194.000,1.000,1.000,30.740,,0.068470,0.047,0.047,0.028,0.028,0.054
79915,2008/10/01,,11,1,1311,65129010,NFX,NEWFIELD EXPLORATION CO,,NFX,211111,N,A,R,30044,0,1,1382,65129010,,,,,,,,,13.000,138.000,,,,,,,,,,,,,,,29.270,31.280,30.220,3915800.000,-0.055330,30.080,30.140,132194.000,1.000,1.000,31.080,,-0.055330,-0.006,-0.006,-0.005,-0.005,-0.005
79915,2008/10/02,,11,1,1311,65129010,NFX,NEWFIELD EXPLORATION CO,,NFX,211111,N,A,R,30044,0,1,1382,65129010,,,,,,,,,13.000,138.000,,,,,,,,,,,,,,,26.960,29.740,27.180,3609600.000,-0.100596,27.300,27.320,132194.000,1.000,1.000,29.400,,-0.100596,-0.046,-0.046,-0.039,-0.039,-0.040
79915,2008/10/03,,11,1,1311,65129010,NFX,NEWFIELD EXPLORATION CO,,NFX,211111,N,A,R,30044,0,1,1382,65129010,,,,,,,,,13.000,138.000,,,,,,,,,,,,,,,26.740,29.480,27.480,3360400.000,0.011037,26.970,27.160,132194.000,1.000,1.000,27.320,,0.011037,-0.014,-0.014,-0.017,-0.017,-0.014
79915,2008/10/06,,11,1,1311,65129010,NFX,NEWFIELD EXPLORATION CO,,NFX,211111,N,A,R,30044,0,1,1382,65129010,,,,,,,,,13.000,138.000,,,,,,,,,,,,,,,22.300,26.400,24.750,3108900.000,-0.099345,24.810,24.820,132194.000,1.000,1.000,26.400,,-0.099345,-0.042,-0.042,-0.059,-0.059,-0.039
79915,2008/10/07,,11,1,1311,65129010,NFX,NEWFIELD EXPLORATION CO,,NFX,211111,N,A,R,30044,0,1,1382,65129010,,,,,,,,,13.000,138.000,,,,,,,,,,,,,,,22.500,25.750,23.000,2982700.000,-0.070707,22.600,22.710,132194.000,1.000,1.000,25.260,,-0.070707,-0.058,-0.058,-0.047,-0.047,-0.057
79915,2008/10/08,,11,1,1311,65129010,NFX,NEWFIELD EXPLORATION CO,,NFX,211111,N,A,R,30044,0,1,1382,65129010,,,,,,,,,13.000,138.000,,,,,,,,,,,,,,,21.000,24.420,22.950,5344300.000,-0.002174,22.970,22.980,132194.000,1.000,1.000,22.250,,-0.002174,-0.012,-0.012,-0.027,-0.027,-0.011
79915,2008/10/09,,11,1,1311,65129010,NFX,NEWFIELD EXPLORATION CO,,NFX,211111,N,A,R,30044,0,1,1382,65129010,,,,,,,,,13.000,138.000,,,,,,,,,,,,,,,20.900,24.120,21.170,3057400.000,-0.077560,21.230,21.280,132194.000,1.000,1.000,23.660,,-0.077560,-0.073,-0.073,-0.064,-0.064,-0.076
79915,2008/10/10,,11,1,1311,65129010,NFX,NEWFIELD EXPLORATION CO,,NFX,211111,N,A,R,30044,0,1,1382,65129010,,,,,,,,,13.000,138.000,,,,,,,,,,,,,,,17.330,21.390,19.470,4318800.000,-0.080302,19.740,19.810,132194.000,1.000,1.000,19.220,,-0.080302,-0.012,-0.012,-0.006,-0.007,-0.012
79915,2008/10/13,,11,1,1311,65129010,NFX,NEWFIELD EXPLORATION CO,,NFX,211111,N,A,R,30044,0,1,1382,65129010,,,,,,,,,13.000,138.000,,,,,,,,,,,,,,,20.870,23.480,23.000,2591100.000,0.181305,23.430,23.450,132194.000,1.000,1.000,20.920,,0.181305,0.115,0.115,0.107,0.107,0.116
79915,2008/10/14,,11,1,1311,65129010,NFX,NEWFIELD EXPLORATION CO,,NFX,211111,N,A,R,30044,0,1,1382,65129010,,,,,,,,,13.000,138.000,,,,,,,,,,,,,,,22.730,25.750,23.520,3490000.000,0.022609,23.410,23.420,132194.000,1.000,1.000,23.990,,0.022609,-0.009,-0.009,-0.002,-0.002,-0.005
79915,2008/10/15,,11,1,1311,65129010,NFX,NEWFIELD EXPLORATION CO,,NFX,211111,N,A,R,30044,0,1,1382,65129010,,,,,,,,,13.000,138.000,,,,,,,,,,,,,,,18.900,22.540,19.210,2906500.000,-0.183248,19.050,19.040,132194.000,1.000,1.000,21.960,,-0.183248,-0.090,-0.090,-0.071,-0.071,-0.090
79915,2008/10/16,,11,1,1311,65129010,NFX,NEWFIELD EXPLORATION CO,,NFX,211111,N,A,R,30044,0,1,1382,65129010,,,,,,,,,13.000,138.000,,,,,,,,,,,,,,,18.090,20.550,20.350,3131300.000,0.059344,20.230,20.280,132194.000,1.000,1.000,19.440,,0.059344,0.040,0.040,0.030,0.030,0.043
79915,2008/10/17,,11,1,1311,65129010,NFX,NEWFIELD EXPLORATION CO,,NFX,211111,N,A,R,30044,0,1,1382,65129010,,,,,,,,,13.000,138.000,,,,,,,,,,,,,,,19.260,22.430,20.510,2729700.000,0.007862,20.530,20.590,132194.000,1.000,1.000,19.770,,0.007862,-0.003,-0.003,0.002,0.002,-0.006
79915,2008/10/20,,11,1,1311,65129010,NFX,NEWFIELD EXPLORATION CO,,NFX,211111,N,A,R,30044,0,1,1382,65129010,,,,,,,,,13.000,138.000,,,,,,,,,,,,,,,21.260,23.820,23.730,2247900.000,0.156997,23.710,23.720,132194.000,1.000,1.000,21.270,,0.156997,0.047,0.047,0.036,0.035,0.048
79915,2008/10/21,,11,1,1311,65129010,NFX,NEWFIELD EXPLORATION CO,,NFX,211111,N,A,R,30044,0,1,1382,65129010,,,,,,,,,13.000,138.000,,,,,,,,,,,,,,,21.850,23.600,22.180,2153300.000,-0.065318,22.190,22.200,132194.000,1.000,1.000,22.640,,-0.065318,-0.031,-0.032,-0.021,-0.021,-0.031
79915,2008/10/22,,11,1,1311,65129010,NFX,NEWFIELD EXPLORATION CO,,NFX,211111,N,A,R,30044,0,1,1382,65129010,,,,,,,,,13.000,138.000,,,,,,,,,,,,,,,18.760,22.000,19.770,3502100.000,-0.108656,19.690,19.880,132194.000,1.000,1.000,22.000,,-0.108656,-0.059,-0.059,-0.049,-0.049,-0.061
79915,2008/10/23,,11,1,1311,65129010,NFX,NEWFIELD EXPLORATION CO,,NFX,211111,N,A,R,30044,0,1,1382,65129010,,,,,,,,,13.000,138.000,,,,,,,,,,,,,,,19.100,21.670,20.780,3504600.000,0.051088,20.910,20.920,132194.000,1.000,1.000,20.610,,0.051088,0.001,0.001,-0.020,-0.020,0.013
79915,2008/10/24,,11,1,1311,65129010,NFX,NEWFIELD EXPLORATION CO,,NFX,211111,N,A,R,30044,0,1,1382,65129010,,,,,,,,,13.000,138.000,,,,,,,,,,,,,,,17.783,20.440,20.100,1688600.000,-0.032724,20.060,20.070,132194.000,1.000,1.000,18.070,,-0.032724,-0.033,-0.033,-0.031,-0.031,-0.035
79915,2008/10/27,,11,1,1311,65129010,NFX,NEWFIELD EXPLORATION CO,,NFX,211111,N,A,R,30044,0,1,1382,65129010,,,,,,,,,13.000,138.000,,,,,,,,,,,,,,,18.510,20.270,18.550,2018500.000,-0.077114,18.550,18.630,132194.000,1.000,1.000,19.700,,-0.077114,-0.037,-0.037,-0.035,-0.035,-0.032
79915,2008/10/28,,11,1,1311,65129010,NFX,NEWFIELD EXPLORATION CO,,NFX,211111,N,A,R,30044,0,1,1382,65129010,,,,,,,,,13.000,138.000,,,,,,,,,,,,,,,18.160,20.300,20.260,2075400.000,0.092183,20.190,20.220,132194.000,1.000,1.000,19.390,,0.092183,0.095,0.095,0.050,0.050,0.108
79915,2008/10/29,,11,1,1311,65129010,NFX,NEWFIELD EXPLORATION CO,,NFX,211111,N,A,R,30044,0,1,1382,65129010,,,,,,,,,13.000,138.000,,,,,,,,,,,,,,,20.380,22.110,20.380,3912100.000,0.005923,20.290,20.430,132194.000,1.000,1.000,20.590,,0.005923,0.001,0.001,0.022,0.021,-0.011
79915,2008/10/30,,11,1,1311,65129010,NFX,NEWFIELD EXPLORATION CO,,NFX,211111,N,A,R,30044,0,1,1382,65129010,,,,,,,,,13.000,138.000,,,,,,,,,,,,,,,20.590,22.490,22.440,2796600.000,0.101080,22.310,22.530,132194.000,1.000,1.000,21.000,,0.101080,0.032,0.032,0.036,0.036,0.026
79915,2008/10/31,,11,1,1311,65129010,NFX,NEWFIELD EXPLORATION CO,,NFX,211111,N,A,R,30044,0,1,1382,65129010,,,,,,,,0.000,13.000,138.000,,,,,,,,,,,,,,,20.970,24.660,22.980,2730400.000,0.024064,22.830,23.140,132245.000,1.000,1.000,22.130,,0.024064,0.018,0.018,0.034,0.034,0.015
79915,2008/11/03,,11,1,1311,65129010,NFX,NEWFIELD EXPLORATION CO,,NFX,211111,N,A,R,30044,0,1,1382,65129010,,,,,,,,,13.000,138.000,,,,,,,,,,,,,,,21.880,23.200,22.410,2171800.000,-0.024804,22.420,22.430,132245.000,1.000,1.000,22.460,,-0.024804,-0.001,-0.001,0.009,0.009,-0.003
79915,2008/11/04,,11,1,1311,65129010,NFX,NEWFIELD EXPLORATION CO,,NFX,211111,N,A,R,30044,0,1,1382,65129010,,,,,,,,,13.000,138.000,,,,,,,,,,,,,,,22.910,24.640,24.400,2470700.000,0.088800,24.350,24.390,132245.000,1.000,1.000,23.340,,0.088800,0.039,0.039,0.027,0.027,0.041
79915,2008/11/05,,11,1,1311,65129010,NFX,NEWFIELD EXPLORATION CO,,NFX,211111,N,A,R,30044,0,1,1382,65129010,,,,,,,,,13.000,138.000,,,,,,,,,,,,,,,23.170,25.040,24.270,2995600.000,-0.005328,24.090,24.330,132245.000,1.000,1.000,23.340,,-0.005328,-0.051,-0.051,-0.037,-0.038,-0.053
79915,2008/11/06,,11,1,1311,65129010,NFX,NEWFIELD EXPLORATION CO,,NFX,211111,N,A,R,30044,0,1,1382,65129010,,,,,,,,,13.000,138.000,,,,,,,,,,,,,,,21.170,23.980,21.710,3118600.000,-0.105480,21.680,21.690,132245.000,1.000,1.000,23.870,,-0.105480,-0.049,-0.049,-0.038,-0.038,-0.050
79915,2008/11/07,,11,1,1311,65129010,NFX,NEWFIELD EXPLORATION CO,,NFX,211111,N,A,R,30044,0,1,1382,65129010,,,,,,,,,13.000,138.000,,,,,,,,,,,,,,,21.610,22.930,22.560,1488800.000,0.039152,22.460,22.520,132245.000,1.000,1.000,21.900,,0.039152,0.026,0.026,0.014,0.014,0.029
79915,2008/11/10,,11,1,1311,65129010,NFX,NEWFIELD EXPLORATION CO,,NFX,211111,N,A,R,30044,0,1,1382,65129010,,,,,,,,,13.000,138.000,,,,,,,,,,,,,,,22.070,24.330,22.630,1592100.000,0.003103,22.600,22.630,132245.000,1.000,1.000,23.450,,0.003103,-0.013,-0.013,-0.019,-0.019,-0.013
79915,2008/11/11,,11,1,1311,65129010,NFX,NEWFIELD EXPLORATION CO,,NFX,211111,N,A,R,30044,0,1,1382,65129010,,,,,,,,,13.000,138.000,,,,,,,,,,,,,,,20.710,22.150,21.450,1651200.000,-0.052143,21.380,21.410,132245.000,1.000,1.000,22.000,,-0.052143,-0.024,-0.024,-0.028,-0.028,-0.022
79915,2008/11/12,,11,1,1311,65129010,NFX,NEWFIELD EXPLORATION CO,,NFX,211111,N,A,R,30044,0,1,1382,65129010,,,,,,,,,13.000,138.000,,,,,,,,,,,,,,,18.860,20.950,18.950,2186200.000,-0.116550,18.960,19.000,132245.000,1.000,1.000,20.760,,-0.116550,-0.054,-0.054,-0.054,-0.055,-0.052
79915,2008/11/13,,11,1,1311,65129010,NFX,NEWFIELD EXPLORATION CO,,NFX,211111,N,A,R,30044,0,1,1382,65129010,,,,,,,,,13.000,138.000,,,,,,,,,,,,,,,17.440,20.730,20.680,3077500.000,0.091293,20.660,20.690,132245.000,1.000,1.000,19.160,,0.091293,0.068,0.068,0.048,0.048,0.069
79915,2008/11/14,,11,1,1311,65129010,NFX,NEWFIELD EXPLORATION CO,,NFX,211111,N,A,R,30044,0,1,1382,65129010,,,,,,,,,13.000,138.000,,,,,,,,,,,,,,,19.510,21.040,19.890,1968600.000,-0.038201,19.790,19.870,132245.000,1.000,1.000,19.750,,-0.038201,-0.044,-0.044,-0.040,-0.040,-0.042
79915,2008/11/17,,11,1,1311,65129010,NFX,NEWFIELD EXPLORATION CO,,NFX,211111,N,A,R,30044,0,1,1382,65129010,,,,,,,,,13.000,138.000,,,,,,,,,,,,,,,19.040,20.400,19.780,1982100.000,-0.005530,19.770,19.780,132245.000,1.000,1.000,19.780,,-0.005530,-0.024,-0.024,-0.022,-0.022,-0.026
79915,2008/11/18,,11,1,1311,65129010,NFX,NEWFIELD EXPLORATION CO,,NFX,211111,N,A,R,30044,0,1,1382,65129010,,,,,,,,,13.000,138.000,,,,,,,,,,,,,,,18.900,20.210,20.080,2132200.000,0.015167,20.040,20.080,132245.000,1.000,1.000,19.770,,0.015167,0.006,0.006,-0.011,-0.011,0.010
79915,2008/11/19,,11,1,1311,65129010,NFX,NEWFIELD EXPLORATION CO,,NFX,211111,N,A,R,30044,0,1,1382,65129010,,,,,,,,,13.000,138.000,,,,,,,,,,,,,,,18.840,20.490,19.050,2459400.000,-0.051295,19.050,19.060,132245.000,1.000,1.000,20.040,,-0.051295,-0.064,-0.064,-0.064,-0.065,-0.061
79915,2008/11/20,,11,1,1311,65129010,NFX,NEWFIELD EXPLORATION CO,,NFX,211111,N,A,R,30044,0,1,1382,65129010,,,,,,,,,13.000,138.000,,,,,,,,,,,,,,,15.540,18.550,15.620,3110800.000,-0.180052,15.650,15.670,132245.000,1.000,1.000,18.470,,-0.180052,-0.070,-0.070,-0.067,-0.067,-0.067
79915,2008/11/21,,11,1,1311,65129010,NFX,NEWFIELD EXPLORATION CO,,NFX,211111,N,A,R,30044,0,1,1382,65129010,,,,,,,,,13.000,138.000,,,,,,,,,,,,,,,15.900,18.960,17.820,2420000.000,0.140845,17.690,17.730,132245.000,1.000,1.000,16.210,,0.140845,0.061,0.061,0.033,0.033,0.063
79915,2008/11/24,,11,1,1311,65129010,NFX,NEWFIELD EXPLORATION CO,,NFX,211111,N,A,R,30044,0,1,1382,65129010,,,,,,,,,13.000,138.000,,,,,,,,,,,,,,,18.390,19.940,19.430,2442000.000,0.090348,19.310,19.340,132245.000,1.000,1.000,18.390,,0.090348,0.066,0.066,0.064,0.064,0.065
79915,2008/11/25,,11,1,1311,65129010,NFX,NEWFIELD EXPLORATION CO,,NFX,211111,N,A,R,30044,0,1,1382,65129010,,,,,,,,,13.000,138.000,,,,,,,,,,,,,,,18.470,19.960,19.710,2692500.000,0.014411,19.670,19.680,132245.000,1.000,1.000,19.600,,0.014411,0.010,0.010,0.015,0.015,0.007
79915,2008/11/26,,11,1,1311,65129010,NFX,NEWFIELD EXPLORATION CO,,NFX,211111,N,A,R,30044,0,1,1382,65129010,,,,,,,,,13.000,138.000,,,,,,,,,,,,,,,18.960,23.620,23.130,3653100.000,0.173516,23.070,23.110,132245.000,1.000,1.000,19.520,,0.173516,0.038,0.038,0.052,0.052,0.035
79915,2008/11/28,,11,1,1311,65129010,NFX,NEWFIELD EXPLORATION CO,,NFX,211111,N,A,R,30044,0,1,1382,65129010,,,,,,,,0.000,13.000,138.000,,,,,,,,,,,,,,,22.090,23.299,22.580,1514500.000,-0.023779,22.550,22.570,132245.000,1.000,1.000,22.660,,-0.023779,0.010,0.010,0.020,0.020,0.010
79915,2008/12/01,,11,1,1311,65129010,NFX,NEWFIELD EXPLORATION CO,,NFX,211111,N,A,R,30044,0,1,1382,65129010,,,,,,,,,13.000,138.000,,,,,,,,,,,,,,,19.320,21.420,19.430,2013000.000,-0.139504,19.370,19.410,132245.000,1.000,1.000,21.310,,-0.139504,-0.089,-0.089,-0.078,-0.078,-0.089
79915,2008/12/02,,11,1,1311,65129010,NFX,NEWFIELD EXPLORATION CO,,NFX,211111,N,A,R,30044,0,1,1382,65129010,,,,,,,,,13.000,138.000,,,,,,,,,,,,,,,18.610,20.480,20.360,3106000.000,0.047864,20.130,20.400,132245.000,1.000,1.000,19.840,,0.047864,0.038,0.038,0.035,0.035,0.040
79915,2008/12/03,,11,1,1311,65129010,NFX,NEWFIELD EXPLORATION CO,,NFX,211111,N,A,R,30044,0,1,1382,65129010,,,,,,,,,13.000,138.000,,,,,,,,,,,,,,,19.220,20.640,20.260,1721500.000,-0.004912,20.260,20.270,132245.000,1.000,1.000,19.680,,-0.004912,0.024,0.024,0.015,0.015,0.026
79915,2008/12/04,,11,1,1311,65129010,NFX,NEWFIELD EXPLORATION CO,,NFX,211111,N,A,R,30044,0,1,1382,65129010,,,,,,,,,13.000,138.000,,,,,,,,,,,,,,,16.610,20.120,17.250,2440000.000,-0.148569,17.250,17.270,132245.000,1.000,1.000,19.740,,-0.148569,-0.030,-0.030,-0.022,-0.022,-0.029
79915,2008/12/05,,11,1,1311,65129010,NFX,NEWFIELD EXPLORATION CO,,NFX,211111,N,A,R,30044,0,1,1382,65129010,,,,,,,,,13.000,138.000,,,,,,,,,,,,,,,15.450,17.020,16.960,2503000.000,-0.016812,16.930,16.950,132245.000,1.000,1.000,16.520,,-0.016812,0.036,0.036,0.026,0.026,0.036
79915,2008/12/08,,11,1,1311,65129010,NFX,NEWFIELD EXPLORATION CO,,NFX,211111,N,A,R,30044,0,1,1382,65129010,,,,,,,,,13.000,138.000,,,,,,,,,,,,,,,17.550,19.650,19.070,1764300.000,0.124410,19.020,19.040,132245.000,1.000,1.000,17.550,,0.124410,0.040,0.040,0.038,0.038,0.038
79915,2008/12/09,,11,1,1311,65129010,NFX,NEWFIELD EXPLORATION CO,,NFX,211111,N,A,R,30044,0,1,1382,65129010,,,,,,,,,13.000,138.000,,,,,,,,,,,,,,,18.500,20.510,19.520,1626900.000,0.023597,19.520,19.550,132245.000,1.000,1.000,18.970,,0.023597,-0.022,-0.022,-0.015,-0.015,-0.023
79915,2008/12/10,,11,1,1311,65129010,NFX,NEWFIELD EXPLORATION CO,,NFX,211111,N,A,R,30044,0,1,1382,65129010,,,,,,,,,13.000,138.000,,,,,,,,,,,,,,,20.110,22.110,21.540,2286300.000,0.103484,21.540,21.570,132245.000,1.000,1.000,20.110,,0.103484,0.015,0.015,0.022,0.022,0.012
79915,2008/12/11,,11,1,1311,65129010,NFX,NEWFIELD EXPLORATION CO,,NFX,211111,N,A,R,30044,0,1,1382,65129010,,,,,,,,,13.000,138.000,,,,,,,,,,,,,,,21.280,23.930,21.800,3926700.000,0.012070,21.800,21.810,132245.000,1.000,1.000,21.870,,0.012070,-0.030,-0.030,-0.026,-0.027,-0.029
79915,2008/12/12,,11,1,1311,65129010,NFX,NEWFIELD EXPLORATION CO,,NFX,211111,N,A,R,30044,0,1,1382,65129010,,,,,,,,,13.000,138.000,,,,,,,,,,,,,,,20.040,21.200,20.910,2045900.000,-0.040826,20.920,20.960,132245.000,1.000,1.000,20.120,,-0.040826,0.010,0.010,0.018,0.018,0.007
79915,2008/12/15,,11,1,1311,65129010,NFX,NEWFIELD EXPLORATION CO,,NFX,211111,N,A,R,30044,0,1,1382,65129010,,,,,,,,,13.000,138.000,,,,,,,,,,,,,,,19.650,22.500,20.120,1890900.000,-0.037781,20.180,20.190,132245.000,1.000,1.000,22.070,,-0.037781,-0.014,-0.014,-0.019,-0.020,-0.013
79915,2008/12/16,,11,1,1311,65129010,NFX,NEWFIELD EXPLORATION CO,,NFX,211111,N,A,R,30044,0,1,1382,65129010,,,,,,,,,13.000,138.000,,,,,,,,,,,,,,,19.730,20.970,20.750,2468000.000,0.031312,20.740,20.750,132245.000,1.000,1.000,20.530,,0.031312,0.053,0.053,0.047,0.047,0.051
79915,2008/12/17,,11,1,1311,65129010,NFX,NEWFIELD EXPLORATION CO,,NFX,211111,N,A,R,30044,0,1,1382,65129010,,,,,,,,,13.000,138.000,,,,,,,,,,,,,,,20.120,21.740,20.920,2562700.000,0.008193,20.870,20.880,132245.000,1.000,1.000,20.460,,0.008193,-0.005,-0.005,0.011,0.011,-0.010
79915,2008/12/18,,11,1,1311,65129010,NFX,NEWFIELD EXPLORATION CO,,NFX,211111,N,A,R,30044,0,1,1382,65129010,,,,,,,,,13.000,138.000,,,,,,,,,,,,,,,19.270,21.040,19.680,2107500.000,-0.059273,19.620,19.660,132245.000,1.000,1.000,20.890,,-0.059273,-0.021,-0.021,-0.012,-0.012,-0.021
79915,2008/12/19,,11,1,1311,65129010,NFX,NEWFIELD EXPLORATION CO,,NFX,211111,N,A,R,30044,0,1,1382,65129010,,,,,,,,,13.000,138.000,,,,,,,,,,,,,,,19.580,20.510,20.030,2104300.000,0.017785,19.930,20.030,132245.000,1.000,1.000,19.800,,0.017785,0.004,0.004,0.004,0.003,0.003
79915,2008/12/22,,11,1,1311,65129010,NFX,NEWFIELD EXPLORATION CO,,NFX,211111,N,A,R,30044,0,1,1382,65129010,,,,,,,,,13.000,138.000,,,,,,,,,,,,,,,17.910,20.050,18.500,2134100.000,-0.076385,18.410,18.470,132245.000,1.000,1.000,19.700,,-0.076385,-0.019,-0.019,-0.013,-0.013,-0.018
79915,2008/12/23,,11,1,1311,65129010,NFX,NEWFIELD EXPLORATION CO,,NFX,211111,N,A,R,30044,0,1,1382,65129010,,,,,,,,,13.000,138.000,,,,,,,,,,,,,,,17.560,19.130,17.990,2941200.000,-0.027568,17.930,17.960,132245.000,1.000,1.000,19.130,,-0.027568,-0.008,-0.008,-0.008,-0.008,-0.010
79915,2008/12/24,,11,1,1311,65129010,NFX,NEWFIELD EXPLORATION CO,,NFX,211111,N,A,R,30044,0,1,1382,65129010,,,,,,,,,13.000,138.000,,,,,,,,,,,,,,,16.980,17.750,17.370,1487500.000,-0.034464,17.340,17.360,132245.000,1.000,1.000,17.750,,-0.034464,0.005,0.004,0.005,0.005,0.006
79915,2008/12/26,,11,1,1311,65129010,NFX,NEWFIELD EXPLORATION CO,,NFX,211111,N,A,R,30044,0,1,1382,65129010,,,,,,,,,13.000,138.000,,,,,,,,,,,,,,,17.360,18.360,18.320,866500.000,0.054692,18.300,18.310,132245.000,1.000,1.000,17.540,,0.054692,0.007,0.007,0.011,0.011,0.005
79915,2008/12/29,,11,1,1311,65129010,NFX,NEWFIELD EXPLORATION CO,,NFX,211111,N,A,R,30044,0,1,1382,65129010,,,,,,,,,13.000,138.000,,,,,,,,,,,,,,,18.220,19.000,18.840,1446700.000,0.028384,18.780,18.800,132245.000,1.000,1.000,18.710,,0.028384,-0.004,-0.005,-0.015,-0.016,-0.004
79915,2008/12/30,,11,1,1311,65129010,NFX,NEWFIELD EXPLORATION CO,,NFX,211111,N,A,R,30044,0,1,1382,65129010,,,,,,,,,13.000,138.000,,,,,,,,,,,,,,,18.200,19.280,19.280,1382600.000,0.023355,19.230,19.260,132245.000,1.000,1.000,18.620,,0.023355,0.025,0.025,0.021,0.021,0.024
79915,2008/12/31,,11,1,1311,65129010,NFX,NEWFIELD EXPLORATION CO,,NFX,211111,N,A,R,30044,0,1,1382,65129010,,,,,,,,0.000,13.000,138.000,,,,,,,,,,,,,,,18.900,20.050,19.750,1337000.000,0.024378,19.760,19.800,132245.000,1.000,1.000,19.150,,0.024378,0.017,0.017,0.034,0.034,0.014
79915,2009/01/02,,11,1,1311,65129010,NFX,NEWFIELD EXPLORATION CO,,NFX,211111,N,A,R,30044,0,1,1382,65129010,,,,,,,,,13.000,138.000,,,,,,,,,,,,,,,19.850,21.290,21.110,2105100.000,0.068861,20.950,21.110,132245.000,1.000,1.000,19.850,,0.068861,0.031,0.030,0.038,0.038,0.032
79915,2009/01/05,,11,1,1311,65129010,NFX,NEWFIELD EXPLORATION CO,,NFX,211111,N,A,R,30044,0,1,1382,65129010,,,,,,,,,13.000,138.000,,,,,,,,,,,,,,,20.760,22.160,22.160,5828400.000,0.049739,22.090,22.120,132245.000,1.000,1.000,21.040,,0.049739,-0.001,-0.001,0.017,0.017,-0.005
79915,2009/01/06,,11,1,1311,65129010,NFX,NEWFIELD EXPLORATION CO,,NFX,211111,N,A,R,30044,0,1,1382,65129010,,,,,,,,,13.000,138.000,,,,,,,,,,,,,,,22.500,23.800,23.340,3205800.000,0.053249,23.270,23.300,132245.000,1.000,1.000,22.500,,0.053249,0.011,0.011,0.034,0.034,0.008
79915,2009/01/07,,11,1,1311,65129010,NFX,NEWFIELD EXPLORATION CO,,NFX,211111,N,A,R,30044,0,1,1382,65129010,,,,,,,,,13.000,138.000,,,,,,,,,,,,,,,21.100,23.060,21.690,1774700.000,-0.070694,21.750,21.780,132245.000,1.000,1.000,22.900,,-0.070694,-0.030,-0.031,-0.022,-0.022,-0.030
79915,2009/01/08,,11,1,1311,65129010,NFX,NEWFIELD EXPLORATION CO,,NFX,211111,N,A,R,30044,0,1,1382,65129010,,,,,,,,,13.000,138.000,,,,,,,,,,,,,,,21.320,22.560,22.370,1850700.000,0.031351,22.330,22.350,132245.000,1.000,1.000,21.430,,0.031351,0.006,0.006,0.012,0.012,0.003
79915,2009/01/09,,11,1,1311,65129010,NFX,NEWFIELD EXPLORATION CO,,NFX,211111,N,A,R,30044,0,1,1382,65129010,,,,,,,,,13.000,138.000,,,,,,,,,,,,,,,20.900,22.640,21.350,1211700.000,-0.045597,21.370,21.380,132245.000,1.000,1.000,22.540,,-0.045597,-0.022,-0.022,-0.019,-0.019,-0.021
79915,2009/01/12,,11,1,1311,65129010,NFX,NEWFIELD EXPLORATION CO,,NFX,211111,N,A,R,30044,0,1,1382,65129010,,,,,,,,,13.000,138.000,,,,,,,,,,,,,,,20.140,21.090,20.460,2293100.000,-0.041686,20.430,20.530,132245.000,1.000,1.000,20.770,,-0.041686,-0.026,-0.026,-0.027,-0.027,-0.023
79915,2009/01/13,,11,1,1311,65129010,NFX,NEWFIELD EXPLORATION CO,,NFX,211111,N,A,R,30044,0,1,1382,65129010,,,,,,,,,13.000,138.000,,,,,,,,,,,,,,,20.170,21.800,21.610,2848100.000,0.056207,21.560,21.570,132245.000,1.000,1.000,20.460,,0.056207,0.004,0.003,0.004,0.003,0.002
79915,2009/01/14,,11,1,1311,65129010,NFX,NEWFIELD EXPLORATION CO,,NFX,211111,N,A,R,30044,0,1,1382,65129010,,,,,,,,,13.000,138.000,,,,,,,,,,,,,,,19.190,21.600,19.490,3044900.000,-0.098103,19.490,19.500,132245.000,1.000,1.000,21.600,,-0.098103,-0.035,-0.035,-0.035,-0.035,-0.033
79915,2009/01/15,,11,1,1311,65129010,NFX,NEWFIELD EXPLORATION CO,,NFX,211111,N,A,R,30044,0,1,1382,65129010,,,,,,,,,13.000,138.000,,,,,,,,,,,,,,,18.400,20.000,19.840,1774200.000,0.017958,19.820,19.830,132245.000,1.000,1.000,19.480,,0.017958,0.005,0.005,0.006,0.006,0.001
79915,2009/01/16,,11,1,1311,65129010,NFX,NEWFIELD EXPLORATION CO,,NFX,211111,N,A,R,30044,0,1,1382,65129010,,,,,,,,,13.000,138.000,,,,,,,,,,,,,,,19.300,21.020,19.990,1940900.000,0.007560,20.010,20.030,132245.000,1.000,1.000,20.360,,0.007560,0.008,0.008,0.009,0.009,0.008
79915,2009/01/20,,11,1,1311,65129010,NFX,NEWFIELD EXPLORATION CO,,NFX,211111,N,A,R,30044,0,1,1382,65129010,,,,,,,,,13.000,138.000,,,,,,,,,,,,,,,17.710,20.080,17.740,2256200.000,-0.112556,17.740,17.750,132245.000,1.000,1.000,19.450,,-0.112556,-0.055,-0.055,-0.052,-0.052,-0.053
79915,2009/01/21,,11,1,1311,65129010,NFX,NEWFIELD EXPLORATION CO,,NFX,211111,N,A,R,30044,0,1,1382,65129010,,,,,,,,,13.000,138.000,,,,,,,,,,,,,,,17.880,19.360,19.290,1634900.000,0.087373,19.230,19.280,132245.000,1.000,1.000,18.280,,0.087373,0.043,0.043,0.036,0.036,0.043
79915,2009/01/22,,11,1,1311,65129010,NFX,NEWFIELD EXPLORATION CO,,NFX,211111,N,A,R,30044,0,1,1382,65129010,,,,,,,,,13.000,138.000,,,,,,,,,,,,,,,17.550,18.830,18.120,1952000.000,-0.060653,18.090,18.110,132245.000,1.000,1.000,18.460,,-0.060653,-0.018,-0.018,-0.022,-0.022,-0.015
79915,2009/01/23,,11,1,1311,65129010,NFX,NEWFIELD EXPLORATION CO,,NFX,211111,N,A,R,30044,0,1,1382,65129010,,,,,,,,,13.000,138.000,,,,,,,,,,,,,,,17.430,19.070,18.750,2574100.000,0.034768,18.690,18.810,132245.000,1.000,1.000,17.430,,0.034768,0.007,0.007,0.003,0.003,0.005
79915,2009/01/26,,11,1,1311,65129010,NFX,NEWFIELD EXPLORATION CO,,NFX,211111,N,A,R,30044,0,1,1382,65129010,,,,,,,,,13.000,138.000,,,,,,,,,,,,,,,18.601,19.840,18.950,1773100.000,0.010667,18.910,18.940,132245.000,1.000,1.000,18.930,,0.010667,0.006,0.006,0.010,0.010,0.006
79915,2009/01/27,,11,1,1311,65129010,NFX,NEWFIELD EXPLORATION CO,,NFX,211111,N,A,R,30044,0,1,1382,65129010,,,,,,,,,13.000,138.000,,,,,,,,,,,,,,,18.430,19.360,18.600,2018100.000,-0.018470,18.610,18.630,132245.000,1.000,1.000,18.960,,-0.018470,0.011,0.011,0.010,0.010,0.011
79915,2009/01/28,,11,1,1311,65129010,NFX,NEWFIELD EXPLORATION CO,,NFX,211111,N,A,R,30044,0,1,1382,65129010,,,,,,,,,13.000,138.000,,,,,,,,,,,,,,,18.690,19.770,19.710,1886400.000,0.059677,19.680,19.700,132245.000,1.000,1.000,19.180,,0.059677,0.034,0.034,0.031,0.030,0.034
79915,2009/01/29,,11,1,1311,65129010,NFX,NEWFIELD EXPLORATION CO,,NFX,211111,N,A,R,30044,0,1,1382,65129010,,,,,,,,,13.000,138.000,,,,,,,,,,,,,,,18.690,19.660,18.810,1458600.000,-0.045662,18.760,18.800,132245.000,1.000,1.000,19.240,,-0.045662,-0.033,-0.033,-0.029,-0.029,-0.033
79915,2009/01/30,,11,1,1311,65129010,NFX,NEWFIELD EXPLORATION CO,,NFX,211111,N,A,R,30044,0,1,1382,65129010,,,,,,,,0.000,13.000,138.000,,,,,,,,,,,,,,,18.910,20.010,19.190,2921000.000,0.020202,19.160,19.170,132245.000,1.000,1.000,19.620,,0.020202,-0.021,-0.021,-0.013,-0.013,-0.023
79915,2009/02/02,,11,1,1311,65129010,NFX,NEWFIELD EXPLORATION CO,,NFX,211111,N,A,R,30044,0,1,1382,65129010,,,,,,,,,13.000,138.000,,,,,,,,,,,,,,,18.200,18.910,18.420,1794300.000,-0.040125,18.450,18.480,132245.000,1.000,1.000,18.820,,-0.040125,-0.001,-0.001,0.002,0.001,-0.001
79915,2009/02/03,,11,1,1311,65129010,NFX,NEWFIELD EXPLORATION CO,,NFX,211111,N,A,R,30044,0,1,1382,65129010,,,,,,,,,13.000,138.000,,,,,,,,,,,,,,,18.470,19.120,19.060,1388800.000,0.034745,19.040,19.050,132245.000,1.000,1.000,18.600,,0.034745,0.014,0.014,0.009,0.009,0.016
79915,2009/02/04,,11,1,1311,65129010,NFX,NEWFIELD EXPLORATION CO,,NFX,211111,N,A,R,30044,0,1,1382,65129010,,,,,,,,,13.000,138.000,,,,,,,,,,,,,,,18.970,19.950,19.420,1389400.000,0.018888,19.380,19.510,132245.000,1.000,1.000,18.970,,0.018888,-0.004,-0.005,-0.004,-0.004,-0.007
79915,2009/02/05,,11,1,1311,65129010,NFX,NEWFIELD EXPLORATION CO,,NFX,211111,N,A,R,30044,0,1,1382,65129010,,,,,,,,,13.000,138.000,,,,,,,,,,,,,,,18.875,20.450,20.170,2762200.000,0.038620,20.130,20.140,132245.000,1.000,1.000,19.360,,0.038620,0.016,0.015,0.012,0.012,0.016
79915,2009/02/06,,11,1,1311,65129010,NFX,NEWFIELD EXPLORATION CO,,NFX,211111,N,A,R,30044,0,1,1382,65129010,,,,,,,,,13.000,138.000,,,,,,,,,,,,,,,19.810,22.650,22.570,4587200.000,0.118989,22.510,22.530,132245.000,1.000,1.000,19.810,,0.118989,0.028,0.028,0.027,0.027,0.027
79915,2009/02/09,,11,1,1311,65129010,NFX,NEWFIELD EXPLORATION CO,,NFX,211111,N,A,R,30044,0,1,1382,65129010,,,,,,,,,13.000,138.000,,,,,,,,,,,,,,,22.880,24.290,23.020,4408600.000,0.019938,23.010,23.020,132245.000,1.000,1.000,23.160,,0.019938,0.001,0.001,0.001,0.001,0.001
79915,2009/02/10,,11,1,1311,65129010,NFX,NEWFIELD EXPLORATION CO,,NFX,211111,N,A,R,30044,0,1,1382,65129010,,,,,,,,,13.000,138.000,,,,,,,,,,,,,,,21.650,23.730,21.890,4495100.000,-0.049088,21.890,21.930,132245.000,1.000,1.000,22.240,,-0.049088,-0.046,-0.046,-0.035,-0.035,-0.049
79915,2009/02/11,,11,1,1311,65129010,NFX,NEWFIELD EXPLORATION CO,,NFX,211111,N,A,R,30044,0,1,1382,65129010,,,,,,,,,13.000,138.000,,,,,,,,,,,,,,,20.900,22.650,21.170,3037800.000,-0.032892,21.180,21.190,132245.000,1.000,1.000,22.100,,-0.032892,0.007,0.007,0.005,0.004,0.008
79915,2009/02/12,,11,1,1311,65129010,NFX,NEWFIELD EXPLORATION CO,,NFX,211111,N,A,R,30044,0,1,1382,65129010,,,,,,,,,13.000,138.000,,,,,,,,,,,,,,,20.600,21.540,21.350,3144500.000,0.008503,21.410,21.470,132245.000,1.000,1.000,20.990,,0.008503,0.003,0.002,-0.001,-0.001,0.002
79915,2009/02/13,,11,1,1311,65129010,NFX,NEWFIELD EXPLORATION CO,,NFX,211111,N,A,R,30044,0,1,1382,65129010,,,,,,,,,13.000,138.000,,,,,,,,,,,,,,,21.375,22.540,21.800,3285000.000,0.021077,21.790,21.850,132245.000,1.000,1.000,21.400,,0.021077,-0.009,-0.009,-0.002,-0.002,-0.010
79915,2009/02/17,,11,1,1311,65129010,NFX,NEWFIELD EXPLORATION CO,,NFX,211111,N,A,R,30044,0,1,1382,65129010,,,,,,,,,13.000,138.000,,,,,,,,,,,,,,,20.150,21.600,20.530,4514900.000,-0.058257,20.510,20.520,132245.000,1.000,1.000,20.990,,-0.058257,-0.045,-0.045,-0.042,-0.042,-0.046
79915,2009/02/18,,11,1,1311,65129010,NFX,NEWFIELD EXPLORATION CO,,NFX,211111,N,A,R,30044,0,1,1382,65129010,,,,,,,,,13.000,138.000,,,,,,,,,,,,,,,19.830,20.940,20.110,3629700.000,-0.020458,20.150,20.150,132245.000,1.000,1.000,20.670,,-0.020458,-0.004,-0.004,-0.012,-0.012,-0.001
79915,2009/02/19,,11,1,1311,65129010,NFX,NEWFIELD EXPLORATION CO,,NFX,211111,N,A,R,30044,0,1,1382,65129010,,,,,,,,,13.000,138.000,,,,,,,,,,,,,,,19.710,20.840,19.840,3282400.000,-0.013426,19.820,19.840,132245.000,1.000,1.000,20.480,,-0.013426,-0.011,-0.012,-0.015,-0.015,-0.012
79915,2009/02/20,,11,1,1311,65129010,NFX,NEWFIELD EXPLORATION CO,,NFX,211111,N,A,R,30044,0,1,1382,65129010,,,,,,,,,13.000,138.000,,,,,,,,,,,,,,,18.350,19.870,19.100,3737200.000,-0.037298,19.100,19.120,132245.000,1.000,1.000,19.390,,-0.037298,-0.012,-0.012,-0.020,-0.020,-0.011
79915,2009/02/23,,11,1,1311,65129010,NFX,NEWFIELD EXPLORATION CO,,NFX,211111,N,A,R,30044,0,1,1382,65129010,,,,,,,,,13.000,138.000,,,,,,,,,,,,,,,17.590,19.510,17.680,2633300.000,-0.074346,17.670,17.660,132245.000,1.000,1.000,19.390,,-0.074346,-0.036,-0.036,-0.031,-0.031,-0.035
79915,2009/02/24,,11,1,1311,65129010,NFX,NEWFIELD EXPLORATION CO,,NFX,211111,N,A,R,30044,0,1,1382,65129010,,,,,,,,,13.000,138.000,,,,,,,,,,,,,,,17.610,19.090,18.750,3311300.000,0.060520,18.750,18.780,132245.000,1.000,1.000,17.860,,0.060520,0.040,0.040,0.038,0.038,0.040
79915,2009/02/25,,11,1,1311,65129010,NFX,NEWFIELD EXPLORATION CO,,NFX,211111,N,A,R,30044,0,1,1382,65129010,,,,,,,,,13.000,138.000,,,,,,,,,,,,,,,18.080,19.600,18.820,3267500.000,0.003733,18.790,18.800,132245.000,1.000,1.000,18.650,,0.003733,-0.011,-0.011,-0.016,-0.016,-0.011
79915,2009/02/26,,11,1,1311,65129010,NFX,NEWFIELD EXPLORATION CO,,NFX,211111,N,A,R,30044,0,1,1382,65129010,,,,,,,,,13.000,138.000,,,,,,,,,,,,,,,18.580,20.050,19.600,3777800.000,0.041445,19.570,19.710,132245.000,1.000,1.000,19.100,,0.041445,-0.012,-0.012,-0.007,-0.007,-0.016
79915,2009/02/27,,11,1,1311,65129010,NFX,NEWFIELD EXPLORATION CO,,NFX,211111,N,A,R,30044,0,1,1382,65129010,,,,,,,,0.000,13.000,138.000,,,,,,,,,,,,,,,18.550,20.200,19.330,2921000.000,-0.013776,19.310,19.330,132795.000,1.000,1.000,18.830,,-0.013776,-0.019,-0.019,-0.010,-0.010,-0.024
79915,2009/03/02,,11,1,1311,65129010,NFX,NEWFIELD EXPLORATION CO,,NFX,211111,N,A,R,30044,0,1,1382,65129010,,,,,,,,,13.000,138.000,,,,,,,,,,,,,,,17.090,18.930,17.230,2895300.000,-0.108639,17.230,17.260,132795.000,1.000,1.000,18.840,,-0.108639,-0.050,-0.050,-0.056,-0.056,-0.047
79915,2009/03/03,,11,1,1311,65129010,NFX,NEWFIELD EXPLORATION CO,,NFX,211111,N,A,R,30044,0,1,1382,65129010,,,,,,,,,13.000,138.000,,,,,,,,,,,,,,,17.390,18.840,18.160,4858900.000,0.053976,18.230,18.250,132795.000,1.000,1.000,17.570,,0.053976,-0.006,-0.006,-0.014,-0.014,-0.006
79915,2009/03/04,,11,1,1311,65129010,NFX,NEWFIELD EXPLORATION CO,,NFX,211111,N,A,R,30044,0,1,1382,65129010,,,,,,,,,13.000,138.000,,,,,,,,,,,,,,,18.420,20.590,20.040,5267800.000,0.103524,20.080,20.100,132795.000,1.000,1.000,18.600,,0.103524,0.026,0.026,0.030,0.030,0.024
79915,2009/03/05,,11,1,1311,65129010,NFX,NEWFIELD EXPLORATION CO,,NFX,211111,N,A,R,30044,0,1,1382,65129010,,,,,,,,,13.000,138.000,,,,,,,,,,,,,,,18.980,20.500,19.610,3512700.000,-0.021457,19.620,19.640,132795.000,1.000,1.000,19.320,,-0.021457,-0.042,-0.042,-0.049,-0.049,-0.043
79915,2009/03/06,,11,1,1311,65129010,NFX,NEWFIELD EXPLORATION CO,,NFX,211111,N,A,R,30044,0,1,1382,65129010,,,,,,,,,13.000,138.000,,,,,,,,,,,,,,,18.740,20.730,19.340,4808000.000,-0.013769,19.290,19.320,132795.000,1.000,1.000,19.950,,-0.013769,0.002,0.001,-0.002,-0.002,0.001
79915,2009/03/09,,11,1,1311,65129010,NFX,NEWFIELD EXPLORATION CO,,NFX,211111,N,A,R,30044,0,1,1382,65129010,,,,,,,,,13.000,138.000,,,,,,,,,,,,,,,19.010,20.270,19.440,2609800.000,0.005171,19.390,19.410,132795.000,1.000,1.000,19.270,,0.005171,-0.011,-0.012,-0.016,-0.017,-0.010
79915,2009/03/10,,11,1,1311,65129010,NFX,NEWFIELD EXPLORATION CO,,NFX,211111,N,A,R,30044,0,1,1382,65129010,,,,,,,,,13.000,138.000,,,,,,,,,,,,,,,19.940,21.180,20.910,3193800.000,0.075617,20.870,20.890,132795.000,1.000,1.000,20.040,,0.075617,0.063,0.063,0.063,0.062,0.064
79915,2009/03/11,,11,1,1311,65129010,NFX,NEWFIELD EXPLORATION CO,,NFX,211111,N,A,R,30044,0,1,1382,65129010,,,,,,,,,13.000,138.000,,,,,,,,,,,,,,,20.060,21.560,20.800,3102300.000,-0.005261,20.810,20.820,132795.000,1.000,1.000,21.000,,-0.005261,0.004,0.004,0.006,0.005,0.002
79915,2009/03/12,,11,1,1311,65129010,NFX,NEWFIELD EXPLORATION CO,,NFX,211111,N,A,R,30044,0,1,1382,65129010,,,,,,,,,13.000,138.000,,,,,,,,,,,,,,,20.420,21.960,21.880,2277600.000,0.051923,21.770,21.860,132795.000,1.000,1.000,21.060,,0.051923,0.042,0.042,0.051,0.051,0.041
79915,2009/03/13,,11,1,1311,65129010,NFX,NEWFIELD EXPLORATION CO,,NFX,211111,N,A,R,30044,0,1,1382,65129010,,,,,,,,,13.000,138.000,,,,,,,,,,,,,,,20.480,22.200,20.940,2841400.000,-0.042962,20.900,20.910,132795.000,1.000,1.000,22.050,,-0.042962,0.006,0.006,0.010,0.009,0.008
79915,2009/03/16,,11,1,1311,65129010,NFX,NEWFIELD EXPLORATION CO,,NFX,211111,N,A,R,30044,0,1,1382,65129010,,,,,,,,,13.000,138.000,,,,,,,,,,,,,,,20.860,22.250,21.390,2670600.000,0.021490,21.260,21.510,132795.000,1.000,1.000,21.370,,0.021490,-0.005,-0.005,0.001,0.001,-0.004
79915,2009/03/17,,11,1,1311,65129010,NFX,NEWFIELD EXPLORATION CO,,NFX,211111,N,A,R,30044,0,1,1382,65129010,,,,,,,,,13.000,138.000,,,,,,,,,,,,,,,21.060,22.780,22.780,2325400.000,0.064984,22.690,22.770,132795.000,1.000,1.000,21.410,,0.064984,0.031,0.031,0.030,0.030,0.032
79915,2009/03/18,,11,1,1311,65129010,NFX,NEWFIELD EXPLORATION CO,,NFX,211111,N,A,R,30044,0,1,1382,65129010,,,,,,,,,13.000,138.000,,,,,,,,,,,,,,,21.930,23.830,23.550,2793100.000,0.033802,23.390,23.550,132795.000,1.000,1.000,22.610,,0.033802,0.022,0.022,0.034,0.034,0.021
79915,2009/03/19,,11,1,1311,65129010,NFX,NEWFIELD EXPLORATION CO,,NFX,211111,N,A,R,30044,0,1,1382,65129010,,,,,,,,,13.000,138.000,,,,,,,,,,,,,,,23.980,25.370,24.740,2768200.000,0.050531,24.760,24.790,132795.000,1.000,1.000,23.980,,0.050531,-0.008,-0.008,0.008,0.008,-0.013
79915,2009/03/20,,11,1,1311,65129010,NFX,NEWFIELD EXPLORATION CO,,NFX,211111,N,A,R,30044,0,1,1382,65129010,,,,,,,,,13.000,138.000,,,,,,,,,,,,,,,22.990,25.200,23.070,2396900.000,-0.067502,23.070,23.080,132795.000,1.000,1.000,24.710,,-0.067502,-0.020,-0.020,-0.014,-0.014,-0.020
79915,2009/03/23,,11,1,1311,65129010,NFX,NEWFIELD EXPLORATION CO,,NFX,211111,N,A,R,30044,0,1,1382,65129010,,,,,,,,,13.000,138.000,,,,,,,,,,,,,,,23.880,25.420,25.420,3338200.000,0.101864,25.290,25.400,132795.000,1.000,1.000,23.930,,0.101864,0.069,0.069,0.065,0.065,0.071
79915,2009/03/24,,11,1,1311,65129010,NFX,NEWFIELD EXPLORATION CO,,NFX,211111,N,A,R,30044,0,1,1382,65129010,,,,,,,,,13.000,138.000,,,,,,,,,,,,,,,24.240,25.150,24.770,2066900.000,-0.025570,24.780,24.810,132795.000,1.000,1.000,24.780,,-0.025570,-0.020,-0.020,-0.016,-0.016,-0.020
79915,2009/03/25,,11,1,1311,65129010,NFX,NEWFIELD EXPLORATION CO,,NFX,211111,N,A,R,30044,0,1,1382,65129010,,,,,,,,,13.000,138.000,,,,,,,,,,,,,,,24.250,26.210,25.200,2713600.000,0.017360,25.120,25.140,132795.000,1.000,1.000,25.060,,0.017360,0.009,0.009,0.018,0.018,0.010
79915,2009/03/26,,11,1,1311,65129010,NFX,NEWFIELD EXPLORATION CO,,NFX,211111,N,A,R,30044,0,1,1382,65129010,,,,,,,,,13.000,138.000,,,,,,,,,,,,,,,24.860,26.500,25.230,3389200.000,0.001190,25.180,25.220,132795.000,1.000,1.000,25.670,,0.001190,0.025,0.025,0.036,0.036,0.023
79915,2009/03/27,,11,1,1311,65129010,NFX,NEWFIELD EXPLORATION CO,,NFX,211111,N,A,R,30044,0,1,1382,65129010,,,,,,,,,13.000,138.000,,,,,,,,,,,,,,,23.630,24.780,24.100,1538800.000,-0.044788,24.090,24.100,132795.000,1.000,1.000,24.780,,-0.044788,-0.022,-0.022,-0.022,-0.022,-0.020
79915,2009/03/30,,11,1,1311,65129010,NFX,NEWFIELD EXPLORATION CO,,NFX,211111,N,A,R,30044,0,1,1382,65129010,,,,,,,,,13.000,138.000,,,,,,,,,,,,,,,22.400,23.400,22.920,2059100.000,-0.048963,22.930,22.950,132795.000,1.000,1.000,23.270,,-0.048963,-0.036,-0.036,-0.032,-0.032,-0.035
79915,2009/03/31,,11,1,1311,65129010,NFX,NEWFIELD EXPLORATION CO,,NFX,211111,N,A,R,30044,0,1,1382,65129010,,,,,,,,0.000,13.000,138.000,,,,,,,,,,,,,,,22.590,23.500,22.700,3184200.000,-0.009599,22.660,22.670,132566.000,1.000,1.000,23.320,,-0.009599,0.014,0.014,0.020,0.020,0.013
79915,2009/04/01,,11,1,1311,65129010,NFX,NEWFIELD EXPLORATION CO,,NFX,211111,N,A,R,30044,0,1,1382,65129010,,,,,,,,,13.000,138.000,,,,,,,,,,,,,,,21.650,23.280,23.230,2388500.000,0.023348,23.180,23.200,132566.000,1.000,1.000,21.990,,0.023348,0.017,0.017,0.016,0.016,0.017
79915,2009/04/02,,11,1,1311,65129010,NFX,NEWFIELD EXPLORATION CO,,NFX,211111,N,A,R,30044,0,1,1382,65129010,,,,,,,,,13.000,138.000,,,,,,,,,,,,,,,24.000,24.980,24.500,2042500.000,0.054671,24.450,24.470,132566.000,1.000,1.000,24.020,,0.054671,0.032,0.032,0.039,0.039,0.029
79915,2009/04/03,,11,1,1311,65129010,NFX,NEWFIELD EXPLORATION CO,,NFX,211111,N,A,R,30044,0,1,1382,65129010,,,,,,,,,13.000,138.000,,,,,,,,,,,,,,,24.010,25.920,25.510,2006400.000,0.041224,25.460,25.470,132566.000,1.000,1.000,24.020,,0.041224,0.012,0.012,0.013,0.013,0.010
79915,2009/04/06,,11,1,1311,65129010,NFX,NEWFIELD EXPLORATION CO,,NFX,211111,N,A,R,30044,0,1,1382,65129010,,,,,,,,,13.000,138.000,,,,,,,,,,,,,,,24.940,25.940,25.870,2312700.000,0.014112,25.800,25.810,132566.000,1.000,1.000,25.100,,0.014112,-0.010,-0.010,-0.007,-0.007,-0.008
79915,2009/04/07,,11,1,1311,65129010,NFX,NEWFIELD EXPLORATION CO,,NFX,211111,N,A,R,30044,0,1,1382,65129010,,,,,,,,,13.000,138.000,,,,,,,,,,,,,,,24.570,25.520,24.660,1309000.000,-0.046772,24.660,24.670,132566.000,1.000,1.000,25.230,,-0.046772,-0.025,-0.025,-0.020,-0.020,-0.024
79915,2009/04/08,,11,1,1311,65129010,NFX,NEWFIELD EXPLORATION CO,,NFX,211111,N,A,R,30044,0,1,1382,65129010,,,,,,,,,13.000,138.000,,,,,,,,,,,,,,,24.030,25.550,25.290,988200.000,0.025547,25.280,25.290,132566.000,1.000,1.000,24.800,,0.025547,0.013,0.013,0.018,0.017,0.012
79915,2009/04/09,,11,1,1311,65129010,NFX,NEWFIELD EXPLORATION CO,,NFX,211111,N,A,R,30044,0,1,1382,65129010,,,,,,,,,13.000,138.000,,,,,,,,,,,,,,,25.780,26.980,26.590,1644600.000,0.051404,26.520,26.530,132566.000,1.000,1.000,26.180,,0.051404,0.039,0.039,0.046,0.046,0.038
79915,2009/04/13,,11,1,1311,65129010,NFX,NEWFIELD EXPLORATION CO,,NFX,211111,N,A,R,30044,0,1,1382,65129010,,,,,,,,,13.000,138.000,,,,,,,,,,,,,,,25.580,27.040,26.780,1467000.000,0.007146,26.790,26.830,132566.000,1.000,1.000,25.870,,0.007146,0.004,0.004,0.007,0.007,0.003
79915,2009/04/14,,11,1,1311,65129010,NFX,NEWFIELD EXPLORATION CO,,NFX,211111,N,A,R,30044,0,1,1382,65129010,,,,,,,,,13.000,138.000,,,,,,,,,,,,,,,26.250,27.950,27.450,2434700.000,0.025019,27.450,27.460,132566.000,1.000,1.000,26.710,,0.025019,-0.020,-0.020,-0.013,-0.013,-0.020
79915,2009/04/15,,11,1,1311,65129010,NFX,NEWFIELD EXPLORATION CO,,NFX,211111,N,A,R,30044,0,1,1382,65129010,,,,,,,,,13.000,138.000,,,,,,,,,,,,,,,26.750,27.620,27.300,1634200.000,-0.005465,27.260,27.280,132566.000,1.000,1.000,27.340,,-0.005465,0.012,0.012,0.014,0.014,0.013
79915,2009/04/16,,11,1,1311,65129010,NFX,NEWFIELD EXPLORATION CO,,NFX,211111,N,A,R,30044,0,1,1382,65129010,,,,,,,,,13.000,138.000,,,,,,,,,,,,,,,27.390,29.115,28.870,2606900.000,0.057509,28.840,28.850,132566.000,1.000,1.000,27.660,,0.057509,0.016,0.016,0.020,0.020,0.016
79915,2009/04/17,,11,1,1311,65129010,NFX,NEWFIELD EXPLORATION CO,,NFX,211111,N,A,R,30044,0,1,1382,65129010,,,,,,,,,13.000,138.000,,,,,,,,,,,,,,,28.300,29.420,28.770,2245400.000,-0.003464,28.790,28.800,132566.000,1.000,1.000,29.040,,-0.003464,0.006,0.006,0.014,0.014,0.005
79915,2009/04/20,,11,1,1311,65129010,NFX,NEWFIELD EXPLORATION CO,,NFX,211111,N,A,R,30044,0,1,1382,65129010,,,,,,,,,13.000,138.000,,,,,,,,,,,,,,,26.240,27.950,26.390,2089300.000,-0.082725,26.340,26.380,132566.000,1.000,1.000,27.790,,-0.082725,-0.045,-0.045,-0.042,-0.042,-0.043
79915,2009/04/21,,11,1,1311,65129010,NFX,NEWFIELD EXPLORATION CO,,NFX,211111,N,A,R,30044,0,1,1382,65129010,,,,,,,,,13.000,138.000,,,,,,,,,,,,,,,25.850,27.960,27.670,1956200.000,0.048503,27.630,27.650,132566.000,1.000,1.000,25.970,,0.048503,0.023,0.023,0.029,0.029,0.021
79915,2009/04/22,,11,1,1311,65129010,NFX,NEWFIELD EXPLORATION CO,,NFX,211111,N,A,R,30044,0,1,1382,65129010,,,,,,,,,13.000,138.000,,,,,,,,,,,,,,,26.910,28.210,27.500,2325300.000,-0.006144,27.500,27.520,132566.000,1.000,1.000,27.450,,-0.006144,-0.006,-0.006,0.005,0.005,-0.008
79915,2009/04/23,,11,1,1311,65129010,NFX,NEWFIELD EXPLORATION CO,,NFX,211111,N,A,R,30044,0,1,1382,65129010,,,,,,,,,13.000,138.000,,,,,,,,,,,,,,,27.770,30.320,30.000,4361700.000,0.090909,29.910,29.930,132566.000,1.000,1.000,27.990,,0.090909,0.009,0.009,0.002,0.002,0.010
79915,2009/04/24,,11,1,1311,65129010,NFX,NEWFIELD EXPLORATION CO,,NFX,211111,N,A,R,30044,0,1,1382,65129010,,,,,,,,,13.000,138.000,,,,,,,,,,,,,,,30.370,32.810,32.500,3684800.000,0.083333,32.500,32.510,132566.000,1.000,1.000,30.530,,0.083333,0.019,0.019,0.022,0.021,0.017
79915,2009/04/27,,11,1,1311,65129010,NFX,NEWFIELD EXPLORATION CO,,NFX,211111,N,A,R,30044,0,1,1382,65129010,,,,,,,,,13.000,138.000,,,,,,,,,,,,,,,30.750,33.200,32.820,2495000.000,0.009846,32.820,32.860,132566.000,1.000,1.000,31.500,,0.009846,-0.011,-0.011,-0.012,-0.012,-0.010
79915,2009/04/28,,11,1,1311,65129010,NFX,NEWFIELD EXPLORATION CO,,NFX,211111,N,A,R,30044,0,1,1382,65129010,,,,,,,,,13.000,138.000,,,,,,,,,,,,,,,31.450,32.570,31.620,3087100.000,-0.036563,31.530,31.570,132566.000,1.000,1.000,32.230,,-0.036563,-0.003,-0.003,0.005,0.005,-0.003
79915,2009/04/29,,11,1,1311,65129010,NFX,NEWFIELD EXPLORATION CO,,NFX,211111,N,A,R,30044,0,1,1382,65129010,,,,,,,,,13.000,138.000,,,,,,,,,,,,,,,30.930,32.510,31.180,3079800.000,-0.013915,31.170,31.180,132566.000,1.000,1.000,32.020,,-0.013915,0.024,0.024,0.029,0.028,0.022
79915,2009/04/30,,11,1,1311,65129010,NFX,NEWFIELD EXPLORATION CO,,NFX,211111,N,A,R,30044,0,1,1382,65129010,,,,,,,,0.000,13.000,138.000,,,,,,,,,,,,,,,30.570,32.000,31.180,2085700.000,0.000000,31.090,31.110,132616.000,1.000,1.000,31.570,,0.000000,-0.000,-0.001,0.004,0.004,-0.001
79915,2009/05/01,,11,1,1311,65129010,NFX,NEWFIELD EXPLORATION CO,,NFX,211111,N,A,R,30044,0,1,1382,65129010,,,,,,,,,13.000,138.000,,,,,,,,,,,,,,,30.450,32.880,32.600,3617200.000,0.045542,32.600,32.630,132616.000,1.000,1.000,31.180,,0.045542,0.006,0.006,0.008,0.008,0.005
79915,2009/05/04,,11,1,1311,65129010,NFX,NEWFIELD EXPLORATION CO,,NFX,211111,N,A,R,30044,0,1,1382,65129010,,,,,,,,,13.000,138.000,,,,,,,,,,,,,,,32.600,35.360,35.340,2097000.000,0.084049,35.270,35.280,132616.000,1.000,1.000,32.600,,0.084049,0.036,0.036,0.038,0.038,0.034
79915,2009/05/05,,11,1,1311,65129010,NFX,NEWFIELD EXPLORATION CO,,NFX,211111,N,A,R,30044,0,1,1382,65129010,,,,,,,,,13.000,138.000,,,,,,,,,,,,,,,32.450,35.230,32.580,2598500.000,-0.078098,32.590,32.600,132616.000,1.000,1.000,35.120,,-0.078098,-0.003,-0.004,0.003,0.003,-0.004
79915,2009/05/06,,11,1,1311,65129010,NFX,NEWFIELD EXPLORATION CO,,NFX,211111,N,A,R,30044,0,1,1382,65129010,,,,,,,,,13.000,138.000,,,,,,,,,,,,,,,33.120,35.030,34.540,2151100.000,0.060160,34.510,34.520,132616.000,1.000,1.000,33.440,,0.060160,0.016,0.016,0.015,0.015,0.017
79915,2009/05/07,,11,1,1311,65129010,NFX,NEWFIELD EXPLORATION CO,,NFX,211111,N,A,R,30044,0,1,1382,65129010,,,,,,,,,13.000,138.000,,,,,,,,,,,,,,,32.440,36.630,32.960,2217300.000,-0.045744,32.970,33.020,132616.000,1.000,1.000,35.560,,-0.045744,-0.015,-0.016,-0.011,-0.011,-0.013
79915,2009/05/08,,11,1,1311,65129010,NFX,NEWFIELD EXPLORATION CO,,NFX,211111,N,A,R,30044,0,1,1382,65129010,,,,,,,,,13.000,138.000,,,,,,,,,,,,,,,33.530,36.390,36.010,2862700.000,0.092536,35.860,35.910,132616.000,1.000,1.000,33.690,,0.092536,0.027,0.027,0.034,0.034,0.024
79915,2009/05/11,,11,1,1311,65129010,NFX,NEWFIELD EXPLORATION CO,,NFX,211111,N,A,R,30044,0,1,1382,65129010,,,,,,,,,13.000,138.000,,,,,,,,,,,,,,,33.580,35.470,33.730,3124700.000,-0.063316,33.760,33.790,132616.000,1.000,1.000,35.000,,-0.063316,-0.021,-0.021,-0.007,-0.007,-0.022
79915,2009/05/12,,11,1,1311,65129010,NFX,NEWFIELD EXPLORATION CO,,NFX,211111,N,A,R,30044,0,1,1382,65129010,,,,,,,,,13.000,138.000,,,,,,,,,,,,,,,32.300,35.200,33.480,2661900.000,-0.007412,33.480,33.490,132616.000,1.000,1.000,34.210,,-0.007412,-0.003,-0.003,-0.006,-0.006,-0.001
79915,2009/05/13,,11,1,1311,65129010,NFX,NEWFIELD EXPLORATION CO,,NFX,211111,N,A,R,30044,0,1,1382,65129010,,,,,,,,,13.000,138.000,,,,,,,,,,,,,,,30.970,32.900,31.720,2099300.000,-0.052569,31.770,31.790,132616.000,1.000,1.000,32.750,,-0.052569,-0.031,-0.032,-0.037,-0.037,-0.027
79915,2009/05/14,,11,1,1311,65129010,NFX,NEWFIELD EXPLORATION CO,,NFX,211111,N,A,R,30044,0,1,1382,65129010,,,,,,,,,13.000,138.000,,,,,,,,,,,,,,,31.050,32.860,32.610,2000800.000,0.028058,32.610,32.620,132616.000,1.000,1.000,31.450,,0.028058,0.012,0.012,0.014,0.014,0.010
79915,2009/05/15,,11,1,1311,65129010,NFX,NEWFIELD EXPLORATION CO,,NFX,211111,N,A,R,30044,0,1,1382,65129010,,,,,,,,,13.000,138.000,,,,,,,,,,,,,,,30.665,32.980,31.030,1451600.000,-0.048451,31.030,31.060,132616.000,1.000,1.000,31.990,,-0.048451,-0.011,-0.011,-0.008,-0.008,-0.011
79915,2009/05/18,,11,1,1311,65129010,NFX,NEWFIELD EXPLORATION CO,,NFX,211111,N,A,R,30044,0,1,1382,65129010,,,,,,,,,13.000,138.000,,,,,,,,,,,,,,,31.730,33.290,33.210,1740900.000,0.070255,33.160,33.210,132616.000,1.000,1.000,31.730,,0.070255,0.033,0.033,0.034,0.034,0.030
79915,2009/05/19,,11,1,1311,65129010,NFX,NEWFIELD EXPLORATION CO,,NFX,211111,N,A,R,30044,0,1,1382,65129010,,,,,,,,,13.000,138.000,,,,,,,,,,,,,,,32.570,34.005,33.660,2002600.000,0.013550,33.620,33.650,132616.000,1.000,1.000,32.850,,0.013550,0.001,0.000,0.005,0.005,-0.002
79915,2009/05/20,,11,1,1311,65129010,NFX,NEWFIELD EXPLORATION CO,,NFX,211111,N,A,R,30044,0,1,1382,65129010,,,,,,,,,13.000,138.000,,,,,,,,,,,,,,,34.280,36.310,34.880,2800500.000,0.036245,34.880,34.880,132616.000,1.000,1.000,34.280,,0.036245,-0.002,-0.002,0.000,0.000,-0.005
79915,2009/05/21,,11,1,1311,65129010,NFX,NEWFIELD EXPLORATION CO,,NFX,211111,N,A,R,30044,0,1,1382,65129010,,,,,,,,,13.000,138.000,,,,,,,,,,,,,,,32.520,34.310,33.770,2247700.000,-0.031823,33.770,33.810,132616.000,1.000,1.000,34.170,,-0.031823,-0.017,-0.017,-0.014,-0.014,-0.017
79915,2009/05/22,,11,1,1311,65129010,NFX,NEWFIELD EXPLORATION CO,,NFX,211111,N,A,R,30044,0,1,1382,65129010,,,,,,,,,13.000,138.000,,,,,,,,,,,,,,,33.360,34.310,33.920,2429500.000,0.004442,33.920,33.950,132616.000,1.000,1.000,33.950,,0.004442,-0.000,-0.000,0.001,0.001,-0.001
79915,2009/05/26,,11,1,1311,65129010,NFX,NEWFIELD EXPLORATION CO,,NFX,211111,N,A,R,30044,0,1,1382,65129010,,,,,,,,,13.000,138.000,,,,,,,,,,,,,,,32.220,34.780,34.740,2459300.000,0.024175,34.740,34.760,132616.000,1.000,1.000,32.870,,0.024175,0.028,0.028,0.027,0.027,0.026
79915,2009/05/27,,11,1,1311,65129010,NFX,NEWFIELD EXPLORATION CO,,NFX,211111,N,A,R,30044,0,1,1382,65129010,,,,,,,,,13.000,138.000,,,,,,,,,,,,,,,34.700,36.000,35.210,2023300.000,0.013529,35.210,35.260,132616.000,1.000,1.000,35.050,,0.013529,-0.017,-0.017,-0.010,-0.010,-0.019
79915,2009/05/28,,11,1,1311,65129010,NFX,NEWFIELD EXPLORATION CO,,NFX,211111,N,A,R,30044,0,1,1382,65129010,,,,,,,,,13.000,138.000,,,,,,,,,,,,,,,34.980,36.680,36.290,2123200.000,0.030673,36.280,36.290,132616.000,1.000,1.000,35.600,,0.030673,0.015,0.015,0.008,0.008,0.015
79915,2009/05/29,,11,1,1311,65129010,NFX,NEWFIELD EXPLORATION CO,,NFX,211111,N,A,R,30044,0,1,1382,65129010,,,,,,,,0.000,13.000,138.000,,,,,,,,,,,,,,,35.300,37.200,36.120,2468700.000,-0.004685,36.120,36.240,132616.000,1.000,1.000,37.050,,-0.004685,0.015,0.015,0.015,0.015,0.014
79915,2009/06/01,,11,1,1311,65129010,NFX,NEWFIELD EXPLORATION CO,,NFX,211111,N,A,R,30044,0,1,1382,65129010,,,,,,,,,13.000,138.000,,,,,,,,,,,,,,,36.620,38.740,37.660,2342900.000,0.042636,37.610,37.640,132616.000,1.000,1.000,37.050,,0.042636,0.027,0.027,0.029,0.029,0.026
79915,2009/06/02,,11,1,1311,65129010,NFX,NEWFIELD EXPLORATION CO,,NFX,211111,N,A,R,30044,0,1,1382,65129010,,,,,,,,,13.000,138.000,,,,,,,,,,,,,,,35.980,37.460,36.340,1932600.000,-0.035050,36.270,36.290,132616.000,1.000,1.000,37.240,,-0.035050,0.003,0.003,0.006,0.006,0.002
79915,2009/06/03,,11,1,1311,65129010,NFX,NEWFIELD EXPLORATION CO,,NFX,211111,N,A,R,30044,0,1,1382,65129010,,,,,,,,,13.000,138.000,,,,,,,,,,,,,,,34.010,36.000,34.580,2184600.000,-0.048431,34.540,34.570,132616.000,1.000,1.000,35.780,,-0.048431,-0.017,-0.017,-0.011,-0.011,-0.014
79915,2009/06/04,,11,1,1311,65129010,NFX,NEWFIELD EXPLORATION CO,,NFX,211111,N,A,R,30044,0,1,1382,65129010,,,,,,,,,13.000,138.000,,,,,,,,,,,,,,,35.170,36.320,36.050,2380900.000,0.042510,36.040,36.110,132616.000,1.000,1.000,35.170,,0.042510,0.014,0.013,0.020,0.020,0.011
79915,2009/06/05,,11,1,1311,65129010,NFX,NEWFIELD EXPLORATION CO,,NFX,211111,N,A,R,30044,0,1,1382,65129010,,,,,,,,,13.000,138.000,,,,,,,,,,,,,,,35.600,37.000,36.180,1778100.000,0.003606,36.140,36.150,132616.000,1.000,1.000,36.500,,0.003606,-0.003,-0.003,0.001,0.001,-0.003
79915,2009/06/08,,11,1,1311,65129010,NFX,NEWFIELD EXPLORATION CO,,NFX,211111,N,A,R,30044,0,1,1382,65129010,,,,,,,,,13.000,138.000,,,,,,,,,,,,,,,34.840,36.000,35.680,1698700.000,-0.013820,35.630,35.640,132616.000,1.000,1.000,35.410,,-0.013820,-0.003,-0.003,-0.004,-0.004,-0.001
79915,2009/06/09,,11,1,1311,65129010,NFX,NEWFIELD EXPLORATION CO,,NFX,211111,N,A,R,30044,0,1,1382,65129010,,,,,,,,,13.000,138.000,,,,,,,,,,,,,,,35.000,36.460,35.700,2058900.000,0.000561,35.560,35.720,132616.000,1.000,1.000,36.230,,0.000561,0.005,0.005,0.009,0.009,0.004
79915,2009/06/10,,11,1,1311,65129010,NFX,NEWFIELD EXPLORATION CO,,NFX,211111,N,A,R,30044,0,1,1382,65129010,,,,,,,,,13.000,138.000,,,,,,,,,,,,,,,35.170,36.670,36.180,1788600.000,0.013445,36.130,36.160,132616.000,1.000,1.000,36.670,,0.013445,-0.003,-0.003,-0.002,-0.002,-0.003
79915,2009/06/11,,11,1,1311,65129010,NFX,NEWFIELD EXPLORATION CO,,NFX,211111,N,A,R,30044,0,1,1382,65129010,,,,,,,,,13.000,138.000,,,,,,,,,,,,,,,36.250,38.380,37.400,2397100.000,0.033720,37.360,37.410,132616.000,1.000,1.000,36.440,,0.033720,0.007,0.007,0.011,0.010,0.006
79915,2009/06/12,,11,1,1311,65129010,NFX,NEWFIELD EXPLORATION CO,,NFX,211111,N,A,R,30044,0,1,1382,65129010,,,,,,,,,13.000,138.000,,,,,,,,,,,,,,,36.340,37.170,36.660,1675600.000,-0.019786,36.660,36.680,132616.000,1.000,1.000,36.760,,-0.019786,-0.001,-0.001,-0.003,-0.003,0.001
79915,2009/06/15,,11,1,1311,65129010,NFX,NEWFIELD EXPLORATION CO,,NFX,211111,N,A,R,30044,0,1,1382,65129010,,,,,,,,,13.000,138.000,,,,,,,,,,,,,,,35.260,36.510,35.740,1777900.000,-0.025095,35.770,35.800,132616.000,1.000,1.000,35.880,,-0.025095,-0.025,-0.025,-0.023,-0.023,-0.024
79915,2009/06/16,,11,1,1311,65129010,NFX,NEWFIELD EXPLORATION CO,,NFX,211111,N,A,R,30044,0,1,1382,65129010,,,,,,,,,13.000,138.000,,,,,,,,,,,,,,,34.800,36.950,35.180,2610000.000,-0.015669,35.170,35.180,132616.000,1.000,1.000,36.280,,-0.015669,-0.013,-0.013,-0.011,-0.012,-0.013
79915,2009/06/17,,11,1,1311,65129010,NFX,NEWFIELD EXPLORATION CO,,NFX,211111,N,A,R,30044,0,1,1382,65129010,,,,,,,,,13.000,138.000,,,,,,,,,,,,,,,33.080,35.030,33.950,2834100.000,-0.034963,34.020,34.040,132616.000,1.000,1.000,34.950,,-0.034963,-0.003,-0.003,-0.002,-0.002,-0.001
79915,2009/06/18,,11,1,1311,65129010,NFX,NEWFIELD EXPLORATION CO,,NFX,211111,N,A,R,30044,0,1,1382,65129010,,,,,,,,,13.000,138.000,,,,,,,,,,,,,,,33.170,34.350,33.820,1486300.000,-0.003829,33.850,33.880,132616.000,1.000,1.000,34.050,,-0.003829,0.007,0.006,0.003,0.003,0.008
79915,2009/06/19,,11,1,1311,65129010,NFX,NEWFIELD EXPLORATION CO,,NFX,211111,N,A,R,30044,0,1,1382,65129010,,,,,,,,,13.000,138.000,,,,,,,,,,,,,,,32.590,34.450,32.890,1836400.000,-0.027499,32.830,32.840,132616.000,1.000,1.000,34.410,,-0.027499,0.004,0.004,0.006,0.006,0.003
79915,2009/06/22,,11,1,1311,65129010,NFX,NEWFIELD EXPLORATION CO,,NFX,211111,N,A,R,30044,0,1,1382,65129010,,,,,,,,,13.000,138.000,,,,,,,,,,,,,,,30.070,32.120,30.690,2102200.000,-0.066890,30.740,30.750,132616.000,1.000,1.000,32.120,,-0.066890,-0.033,-0.033,-0.033,-0.034,-0.031
79915,2009/06/23,,11,1,1311,65129010,NFX,NEWFIELD EXPLORATION CO,,NFX,211111,N,A,R,30044,0,1,1382,65129010,,,,,,,,,13.000,138.000,,,,,,,,,,,,,,,30.100,31.140,30.390,2876900.000,-0.009775,30.360,30.390,132616.000,1.000,1.000,31.100,,-0.009775,0.002,0.002,-0.003,-0.003,0.002
79915,2009/06/24,,11,1,1311,65129010,NFX,NEWFIELD EXPLORATION CO,,NFX,211111,N,A,R,30044,0,1,1382,65129010,,,,,,,,,13.000,138.000,,,,,,,,,,,,,,,30.230,31.280,30.590,1311800.000,0.006581,30.550,30.580,132616.000,1.000,1.000,30.710,,0.006581,0.009,0.009,0.009,0.009,0.007
79915,2009/06/25,,11,1,1311,65129010,NFX,NEWFIELD EXPLORATION CO,,NFX,211111,N,A,R,30044,0,1,1382,65129010,,,,,,,,,13.000,138.000,,,,,,,,,,,,,,,30.160,31.150,31.070,3133900.000,0.015691,31.070,31.080,132616.000,1.000,1.000,30.540,,0.015691,0.022,0.022,0.022,0.022,0.021
79915,2009/06/26,,11,1,1311,65129010,NFX,NEWFIELD EXPLORATION CO,,NFX,211111,N,A,R,30044,0,1,1382,65129010,,,,,,,,,13.000,138.000,,,,,,,,,,,,,,,30.470,31.910,31.680,2394500.000,0.019633,31.580,31.590,132616.000,1.000,1.000,30.960,,0.019633,0.001,0.001,0.010,0.009,-0.001
79915,2009/06/29,,11,1,1311,65129010,NFX,NEWFIELD EXPLORATION CO,,NFX,211111,N,A,R,30044,0,1,1382,65129010,,,,,,,,,13.000,138.000,,,,,,,,,,,,,,,31.880,32.860,32.240,1907900.000,0.017677,32.230,32.240,132616.000,1.000,1.000,31.880,,0.017677,0.008,0.008,0.003,0.003,0.009
79915,2009/06/30,,11,1,1311,65129010,NFX,NEWFIELD EXPLORATION CO,,NFX,211111,N,A,R,30044,0,1,1382,65129010,,,,,,,,0.000,13.000,138.000,,,,,,,,,,,,,,,31.970,33.170,32.670,2839500.000,0.013337,32.670,32.680,132616.000,1.000,1.000,32.280,,0.013337,-0.008,-0.008,-0.002,-0.002,-0.009
79915,2009/07/01,,11,1,1311,65129010,NFX,NEWFIELD EXPLORATION CO,,NFX,211111,N,A,R,30044,0,1,1382,65129010,,,,,,,,,13.000,138.000,,,,,,,,,,,,,,,32.670,34.010,32.740,1611600.000,0.002143,32.690,32.700,132616.000,1.000,1.000,33.520,,0.002143,0.006,0.006,0.012,0.012,0.004
79915,2009/07/02,,11,1,1311,65129010,NFX,NEWFIELD EXPLORATION CO,,NFX,211111,N,A,R,30044,0,1,1382,65129010,,,,,,,,,13.000,138.000,,,,,,,,,,,,,,,31.120,31.980,31.690,1688000.000,-0.032071,31.670,31.680,132616.000,1.000,1.000,31.970,,-0.032071,-0.028,-0.028,-0.025,-0.025,-0.029
79915,2009/07/06,,11,1,1311,65129010,NFX,NEWFIELD EXPLORATION CO,,NFX,211111,N,A,R,30044,0,1,1382,65129010,,,,,,,,,13.000,138.000,,,,,,,,,,,,,,,29.260,30.900,30.270,3079800.000,-0.044809,30.320,30.320,132616.000,1.000,1.000,30.870,,-0.044809,-0.002,-0.002,-0.009,-0.009,0.003
79915,2009/07/07,,11,1,1311,65129010,NFX,NEWFIELD EXPLORATION CO,,NFX,211111,N,A,R,30044,0,1,1382,65129010,,,,,,,,,13.000,138.000,,,,,,,,,,,,,,,29.460,30.470,29.510,1439200.000,-0.025107,29.510,29.520,132616.000,1.000,1.000,30.250,,-0.025107,-0.020,-0.020,-0.016,-0.016,-0.020
79915,2009/07/08,,11,1,1311,65129010,NFX,NEWFIELD EXPLORATION CO,,NFX,211111,N,A,R,30044,0,1,1382,65129010,,,,,,,,,13.000,138.000,,,,,,,,,,,,,,,27.920,29.970,29.130,1882400.000,-0.012877,29.070,29.080,132616.000,1.000,1.000,29.580,,-0.012877,-0.004,-0.004,-0.011,-0.011,-0.002
79915,2009/07/09,,11,1,1311,65129010,NFX,NEWFIELD EXPLORATION CO,,NFX,211111,N,A,R,30044,0,1,1382,65129010,,,,,,,,,13.000,138.000,,,,,,,,,,,,,,,29.150,30.680,30.220,2275800.000,0.037418,30.250,30.270,132616.000,1.000,1.000,29.530,,0.037418,0.005,0.005,0.005,0.005,0.004
79915,2009/07/10,,11,1,1311,65129010,NFX,NEWFIELD EXPLORATION CO,,NFX,211111,N,A,R,30044,0,1,1382,65129010,,,,,,,,,13.000,138.000,,,,,,,,,,,,,,,28.970,30.610,30.320,1696500.000,0.003309,30.290,30.300,132616.000,1.000,1.000,29.350,,0.003309,-0.003,-0.003,-0.000,-0.000,-0.004
79915,2009/07/13,,11,1,1311,65129010,NFX,NEWFIELD EXPLORATION CO,,NFX,211111,N,A,R,30044,0,1,1382,65129010,,,,,,,,,13.000,138.000,,,,,,,,,,,,,,,29.390,31.290,31.180,1767800.000,0.028364,31.200,31.210,132616.000,1.000,1.000,30.390,,0.028364,0.024,0.024,0.016,0.016,0.025
79915,2009/07/14,,11,1,1311,65129010,NFX,NEWFIELD EXPLORATION CO,,NFX,211111,N,A,R,30044,0,1,1382,65129010,,,,,,,,,13.000,138.000,,,,,,,,,,,,,,,31.590,32.920,32.580,2243500.000,0.044901,32.530,32.540,132616.000,1.000,1.000,32.920,,0.044901,0.007,0.007,0.008,0.008,0.005
79915,2009/07/15,,11,1,1311,65129010,NFX,NEWFIELD EXPLORATION CO,,NFX,211111,N,A,R,30044,0,1,1382,65129010,,,,,,,,,13.000,138.000,,,,,,,,,,,,,,,33.040,33.890,33.170,2117700.000,0.018109,33.190,33.210,132616.000,1.000,1.000,33.420,,0.018109,0.031,0.031,0.030,0.030,0.030
79915,2009/07/16,,11,1,1311,65129010,NFX,NEWFIELD EXPLORATION CO,,NFX,211111,N,A,R,30044,0,1,1382,65129010,,,,,,,,,13.000,138.000,,,,,,,,,,,,,,,32.690,34.360,34.020,2648400.000,0.025626,34.000,34.010,132616.000,1.000,1.000,32.860,,0.025626,0.009,0.009,0.008,0.008,0.009
79915,2009/07/17,,11,1,1311,65129010,NFX,NEWFIELD EXPLORATION CO,,NFX,211111,N,A,R,30044,0,1,1382,65129010,,,,,,,,,13.000,138.000,,,,,,,,,,,,,,,33.460,34.900,34.620,1605300.000,0.017637,34.560,34.570,132616.000,1.000,1.000,33.870,,0.017637,-0.000,-0.000,-0.002,-0.002,-0.000
79915,2009/07/20,,11,1,1311,65129010,NFX,NEWFIELD EXPLORATION CO,,NFX,211111,N,A,R,30044,0,1,1382,65129010,,,,,,,,,13.000,138.000,,,,,,,,,,,,,,,34.470,35.610,35.460,1687400.000,0.024263,35.440,35.430,132616.000,1.000,1.000,35.270,,0.024263,0.013,0.013,0.015,0.015,0.011
79915,2009/07/21,,11,1,1311,65129010,NFX,NEWFIELD EXPLORATION CO,,NFX,211111,N,A,R,30044,0,1,1382,65129010,,,,,,,,,13.000,138.000,,,,,,,,,,,,,,,34.500,36.370,35.360,1529700.000,-0.002820,35.300,35.320,132616.000,1.000,1.000,35.710,,-0.002820,0.002,0.002,-0.002,-0.002,0.004
79915,2009/07/22,,11,1,1311,65129010,NFX,NEWFIELD EXPLORATION CO,,NFX,211111,N,A,R,30044,0,1,1382,65129010,,,,,,,,,13.000,138.000,,,,,,,,,,,,,,,34.600,35.670,35.520,2047900.000,0.004525,35.510,35.520,132616.000,1.000,1.000,34.670,,0.004525,0.001,0.000,0.006,0.006,-0.001
79915,2009/07/23,,11,1,1311,65129010,NFX,NEWFIELD EXPLORATION CO,,NFX,211111,N,A,R,30044,0,1,1382,65129010,,,,,,,,,13.000,138.000,,,,,,,,,,,,,,,36.660,39.820,39.360,5085200.000,0.108108,39.310,39.330,132616.000,1.000,1.000,36.800,,0.108108,0.024,0.024,0.023,0.023,0.023
79915,2009/07/24,,11,1,1311,65129010,NFX,NEWFIELD EXPLORATION CO,,NFX,211111,N,A,R,30044,0,1,1382,65129010,,,,,,,,,13.000,138.000,,,,,,,,,,,,,,,39.490,40.600,40.530,4217100.000,0.029726,40.570,40.590,132616.000,1.000,1.000,39.830,,0.029726,0.004,0.004,0.007,0.007,0.003
79915,2009/07/27,,11,1,1311,65129010,NFX,NEWFIELD EXPLORATION CO,,NFX,211111,N,A,R,30044,0,1,1382,65129010,,,,,,,,,13.000,138.000,,,,,,,,,,,,,,,39.660,40.850,40.590,2961600.000,0.001480,40.620,40.640,132616.000,1.000,1.000,40.560,,0.001480,0.003,0.003,0.007,0.007,0.003
79915,2009/07/28,,11,1,1311,65129010,NFX,NEWFIELD EXPLORATION CO,,NFX,211111,N,A,R,30044,0,1,1382,65129010,,,,,,,,,13.000,138.000,,,,,,,,,,,,,,,38.360,40.030,39.290,3255800.000,-0.032028,39.230,39.240,132616.000,1.000,1.000,39.760,,-0.032028,-0.004,-0.004,0.001,0.001,-0.003
79915,2009/07/29,,11,1,1311,65129010,NFX,NEWFIELD EXPLORATION CO,,NFX,211111,N,A,R,30044,0,1,1382,65129010,,,,,,,,,13.000,138.000,,,,,,,,,,,,,,,37.110,38.520,37.970,2370700.000,-0.033596,37.990,38.000,132616.000,1.000,1.000,38.490,,-0.033596,-0.006,-0.007,-0.005,-0.005,-0.005
79915,2009/07/30,,11,1,1311,65129010,NFX,NEWFIELD EXPLORATION CO,,NFX,211111,N,A,R,30044,0,1,1382,65129010,,,,,,,,,13.000,138.000,,,,,,,,,,,,,,,38.490,39.670,39.270,1265500.000,0.034238,39.230,39.260,132616.000,1.000,1.000,38.630,,0.034238,0.013,0.013,0.015,0.015,0.012
79915,2009/07/31,,11,1,1311,65129010,NFX,NEWFIELD EXPLORATION CO,,NFX,211111,N,A,R,30044,0,1,1382,65129010,,,,,,,,0.000,13.000,138.000,,,,,,,,,,,,,,,38.400,39.690,39.330,1537100.000,0.001528,39.360,39.390,132658.000,1.000,1.000,38.980,,0.001528,0.003,0.003,0.005,0.005,0.001
79915,2009/08/03,,11,1,1311,65129010,NFX,NEWFIELD EXPLORATION CO,,NFX,211111,N,A,R,30044,0,1,1382,65129010,,,,,,,,,13.000,138.000,,,,,,,,,,,,,,,40.000,41.760,41.290,1605600.000,0.049835,41.240,41.260,132658.000,1.000,1.000,40.000,,0.049835,0.018,0.018,0.019,0.019,0.015
79915,2009/08/04,,11,1,1311,65129010,NFX,NEWFIELD EXPLORATION CO,,NFX,211111,N,A,R,30044,0,1,1382,65129010,,,,,,,,,13.000,138.000,,,,,,,,,,,,,,,40.410,41.190,40.900,1224600.000,-0.009445,40.890,40.900,132658.000,1.000,1.000,40.880,,-0.009445,0.003,0.002,0.007,0.007,0.003
79915,2009/08/05,,11,1,1311,65129010,NFX,NEWFIELD EXPLORATION CO,,NFX,211111,N,A,R,30044,0,1,1382,65129010,,,,,,,,,13.000,138.000,,,,,,,,,,,,,,,40.490,41.130,40.820,1248300.000,-0.001956,40.870,40.880,132658.000,1.000,1.000,40.790,,-0.001956,-0.002,-0.002,0.001,0.000,-0.003
79915,2009/08/06,,11,1,1311,65129010,NFX,NEWFIELD EXPLORATION CO,,NFX,211111,N,A,R,30044,0,1,1382,65129010,,,,,,,,,13.000,138.000,,,,,,,,,,,,,,,39.670,40.900,40.220,1225000.000,-0.014699,40.120,40.140,132658.000,1.000,1.000,40.900,,-0.014699,-0.008,-0.008,-0.007,-0.007,-0.006
79915,2009/08/07,,11,1,1311,65129010,NFX,NEWFIELD EXPLORATION CO,,NFX,211111,N,A,R,30044,0,1,1382,65129010,,,,,,,,,13.000,138.000,,,,,,,,,,,,,,,39.770,40.900,40.270,1280300.000,0.001243,40.270,40.310,132658.000,1.000,1.000,40.870,,0.001243,0.013,0.013,0.018,0.018,0.013
79915,2009/08/10,,11,1,1311,65129010,NFX,NEWFIELD EXPLORATION CO,,NFX,211111,N,A,R,30044,0,1,1382,65129010,,,,,,,,,13.000,138.000,,,,,,,,,,,,,,,39.570,40.800,40.150,775800.000,-0.002980,40.180,40.200,132658.000,1.000,1.000,40.080,,-0.002980,-0.004,-0.004,0.002,0.002,-0.003
79915,2009/08/11,,11,1,1311,65129010,NFX,NEWFIELD EXPLORATION CO,,NFX,211111,N,A,R,30044,0,1,1382,65129010,,,,,,,,,13.000,138.000,,,,,,,,,,,,,,,39.230,40.280,39.250,1110700.000,-0.022416,39.290,39.300,132658.000,1.000,1.000,39.940,,-0.022416,-0.014,-0.014,-0.012,-0.012,-0.013
79915,2009/08/12,,11,1,1311,65129010,NFX,NEWFIELD EXPLORATION CO,,NFX,211111,N,A,R,30044,0,1,1382,65129010,,,,,,,,,13.000,138.000,,,,,,,,,,,,,,,37.810,39.540,39.300,1771600.000,0.001274,39.270,39.300,132658.000,1.000,1.000,38.150,,0.001274,0.012,0.012,0.012,0.012,0.012
79915,2009/08/13,,11,1,1311,65129010,NFX,NEWFIELD EXPLORATION CO,,NFX,211111,N,A,R,30044,0,1,1382,65129010,,,,,,,,,13.000,138.000,,,,,,,,,,,,,,,39.010,40.590,40.350,1138700.000,0.026718,40.290,40.300,132658.000,1.000,1.000,39.680,,0.026718,0.008,0.008,0.007,0.007,0.007
79915,2009/08/14,,11,1,1311,65129010,NFX,NEWFIELD EXPLORATION CO,,NFX,211111,N,A,R,30044,0,1,1382,65129010,,,,,,,,,13.000,138.000,,,,,,,,,,,,,,,38.830,40.210,39.380,1126500.000,-0.024040,39.400,39.430,132658.000,1.000,1.000,40.180,,-0.024040,-0.010,-0.010,-0.012,-0.012,-0.009
79915,2009/08/17,,11,1,1311,65129010,NFX,NEWFIELD EXPLORATION CO,,NFX,211111,N,A,R,30044,0,1,1382,65129010,,,,,,,,,13.000,138.000,,,,,,,,,,,,,,,37.020,38.390,37.690,1201200.000,-0.042915,37.630,37.650,132658.000,1.000,1.000,38.390,,-0.042915,-0.026,-0.026,-0.026,-0.026,-0.024
79915,2009/08/18,,11,1,1311,65129010,NFX,NEWFIELD EXPLORATION CO,,NFX,211111,N,A,R,30044,0,1,1382,65129010,,,,,,,,,13.000,138.000,,,,,,,,,,,,,,,37.650,38.290,38.220,865800.000,0.014062,38.160,38.190,132658.000,1.000,1.000,37.820,,0.014062,0.012,0.012,0.015,0.015,0.010
79915,2009/08/19,,11,1,1311,65129010,NFX,NEWFIELD EXPLORATION CO,,NFX,211111,N,A,R,30044,0,1,1382,65129010,,,,,,,,,13.000,138.000,,,,,,,,,,,,,,,37.400,39.800,39.260,1687500.000,0.027211,39.210,39.220,132658.000,1.000,1.000,37.890,,0.027211,0.007,0.007,0.007,0.006,0.007
79915,2009/08/20,,11,1,1311,65129010,NFX,NEWFIELD EXPLORATION CO,,NFX,211111,N,A,R,30044,0,1,1382,65129010,,,,,,,,,13.000,138.000,,,,,,,,,,,,,,,39.070,40.400,40.340,1225100.000,0.027509,40.360,40.380,132658.000,1.000,1.000,39.270,,0.027509,0.011,0.011,0.010,0.010,0.011
79915,2009/08/21,,11,1,1311,65129010,NFX,NEWFIELD EXPLORATION CO,,NFX,211111,N,A,R,30044,0,1,1382,65129010,,,,,,,,,13.000,138.000,,,,,,,,,,,,,,,40.640,41.560,41.420,1536600.000,0.026772,41.350,41.380,132658.000,1.000,1.000,40.920,,0.026772,0.018,0.018,0.016,0.016,0.019
79915,2009/08/24,,11,1,1311,65129010,NFX,NEWFIELD EXPLORATION CO,,NFX,211111,N,A,R,30044,0,1,1382,65129010,,,,,,,,,13.000,138.000,,,,,,,,,,,,,,,40.520,42.360,40.940,1452700.000,-0.011589,40.890,40.930,132658.000,1.000,1.000,41.610,,-0.011589,-0.001,-0.001,0.001,0.001,-0.001
79915,2009/08/25,,11,1,1311,65129010,NFX,NEWFIELD EXPLORATION CO,,NFX,211111,N,A,R,30044,0,1,1382,65129010,,,,,,,,,13.000,138.000,,,,,,,,,,,,,,,38.860,41.670,39.230,2338700.000,-0.041768,39.180,39.190,132658.000,1.000,1.000,41.160,,-0.041768,0.003,0.003,0.005,0.005,0.002
79915,2009/08/26,,11,1,1311,65129010,NFX,NEWFIELD EXPLORATION CO,,NFX,211111,N,A,R,30044,0,1,1382,65129010,,,,,,,,,13.000,138.000,,,,,,,,,,,,,,,38.540,39.330,39.030,1361800.000,-0.005098,39.000,39.030,132658.000,1.000,1.000,39.130,,-0.005098,-0.001,-0.001,0.003,0.003,0.000
79915,2009/08/27,,11,1,1311,65129010,NFX,NEWFIELD EXPLORATION CO,,NFX,211111,N,A,R,30044,0,1,1382,65129010,,,,,,,,,13.000,138.000,,,,,,,,,,,,,,,37.580,39.445,39.100,1150200.000,0.001793,39.110,39.120,132658.000,1.000,1.000,38.730,,0.001793,0.003,0.003,0.003,0.003,0.003
79915,2009/08/28,,11,1,1311,65129010,NFX,NEWFIELD EXPLORATION CO,,NFX,211111,N,A,R,30044,0,1,1382,65129010,,,,,,,,,13.000,138.000,,,,,,,,,,,,,,,38.800,40.030,39.880,1447700.000,0.019949,39.830,39.840,132658.000,1.000,1.000,39.660,,0.019949,-0.001,-0.002,-0.002,-0.002,-0.002
79915,2009/08/31,,11,1,1311,65129010,NFX,NEWFIELD EXPLORATION CO,,NFX,211111,N,A,R,30044,0,1,1382,65129010,,,,,,,,0.000,13.000,138.000,,,,,,,,,,,,,,,38.090,39.030,38.690,954100.000,-0.029840,38.660,38.680,132658.000,1.000,1.000,38.740,,-0.029840,-0.009,-0.009,-0.009,-0.009,-0.008
79915,2009/09/01,,11,1,1311,65129010,NFX,NEWFIELD EXPLORATION CO,,NFX,211111,N,A,R,30044,0,1,1382,65129010,,,,,,,,,13.000,138.000,,,,,,,,,,,,,,,38.140,39.510,38.410,1790000.000,-0.007237,38.410,38.460,132658.000,1.000,1.000,38.500,,-0.007237,-0.022,-0.022,-0.020,-0.020,-0.022
79915,2009/09/02,,11,1,1311,65129010,NFX,NEWFIELD EXPLORATION CO,,NFX,211111,N,A,R,30044,0,1,1382,65129010,,,,,,,,,13.000,138.000,,,,,,,,,,,,,,,37.880,38.860,38.020,1303900.000,-0.010154,37.980,38.010,132658.000,1.000,1.000,38.340,,-0.010154,-0.003,-0.003,-0.001,-0.001,-0.003
79915,2009/09/03,,11,1,1311,65129010,NFX,NEWFIELD EXPLORATION CO,,NFX,211111,N,A,R,30044,0,1,1382,65129010,,,,,,,,,13.000,138.000,,,,,,,,,,,,,,,37.850,38.660,38.050,999600.000,0.000789,38.040,38.050,132658.000,1.000,1.000,38.480,,0.000789,0.011,0.011,0.011,0.011,0.009
79915,2009/09/04,,11,1,1311,65129010,NFX,NEWFIELD EXPLORATION CO,,NFX,211111,N,A,R,30044,0,1,1382,65129010,,,,,,,,,13.000,138.000,,,,,,,,,,,,,,,37.760,39.197,39.120,717300.000,0.028121,39.120,39.150,132658.000,1.000,1.000,37.950,,0.028121,0.014,0.014,0.013,0.013,0.013
79915,2009/09/08,,11,1,1311,65129010,NFX,NEWFIELD EXPLORATION CO,,NFX,211111,N,A,R,30044,0,1,1382,65129010,,,,,,,,,13.000,138.000,,,,,,,,,,,,,,,39.810,40.870,40.390,1149600.000,0.032464,40.410,40.420,132658.000,1.000,1.000,39.810,,0.032464,0.010,0.010,0.012,0.012,0.009
79915,2009/09/09,,11,1,1311,65129010,NFX,NEWFIELD EXPLORATION CO,,NFX,211111,N,A,R,30044,0,1,1382,65129010,,,,,,,,,13.000,138.000,,,,,,,,,,,,,,,40.190,41.430,40.920,949000.000,0.013122,40.870,40.890,132658.000,1.000,1.000,40.510,,0.013122,0.008,0.008,0.012,0.012,0.008
79915,2009/09/10,,11,1,1311,65129010,NFX,NEWFIELD EXPLORATION CO,,NFX,211111,N,A,R,30044,0,1,1382,65129010,,,,,,,,,13.000,138.000,,,,,,,,,,,,,,,40.410,42.540,42.500,1672000.000,0.038612,42.460,42.470,132658.000,1.000,1.000,41.410,,0.038612,0.011,0.011,0.013,0.013,0.010
79915,2009/09/11,,11,1,1311,65129010,NFX,NEWFIELD EXPLORATION CO,,NFX,211111,N,A,R,30044,0,1,1382,65129010,,,,,,,,,13.000,138.000,,,,,,,,,,,,,,,42.600,44.470,42.990,1616300.000,0.011529,42.990,43.030,132658.000,1.000,1.000,42.760,,0.011529,0.000,-0.000,0.002,0.002,-0.001
79915,2009/09/14,,11,1,1311,65129010,NFX,NEWFIELD EXPLORATION CO,,NFX,211111,N,A,R,30044,0,1,1382,65129010,,,,,,,,,13.000,138.000,,,,,,,,,,,,,,,42.030,44.170,44.100,1352600.000,0.025820,44.080,44.250,132658.000,1.000,1.000,42.330,,0.025820,0.006,0.006,0.008,0.008,0.006
79915,2009/09/15,,11,1,1311,65129010,NFX,NEWFIELD EXPLORATION CO,,NFX,211111,N,A,R,30044,0,1,1382,65129010,,,,,,,,,13.000,138.000,,,,,,,,,,,,,,,44.131,46.000,45.050,1888700.000,0.021542,45.060,45.100,132658.000,1.000,1.000,44.200,,0.021542,0.006,0.006,0.009,0.009,0.003
79915,2009/09/16,,11,1,1311,65129010,NFX,NEWFIELD EXPLORATION CO,,NFX,211111,N,A,R,30044,0,1,1382,65129010,,,,,,,,,13.000,138.000,,,,,,,,,,,,,,,44.500,46.620,46.560,1810400.000,0.033518,46.590,46.600,132658.000,1.000,1.000,44.500,,0.033518,0.016,0.016,0.017,0.017,0.015
79915,2009/09/17,,11,1,1311,65129010,NFX,NEWFIELD EXPLORATION CO,,NFX,211111,N,A,R,30044,0,1,1382,65129010,,,,,,,,,13.000,138.000,,,,,,,,,,,,,,,43.444,46.550,44.810,3120700.000,-0.037586,44.730,44.740,132658.000,1.000,1.000,46.300,,-0.037586,-0.004,-0.004,0.000,0.000,-0.003
79915,2009/09/18,,11,1,1311,65129010,NFX,NEWFIELD EXPLORATION CO,,NFX,211111,N,A,R,30044,0,1,1382,65129010,,,,,,,,,13.000,138.000,,,,,,,,,,,,,,,43.690,45.300,44.010,1586500.000,-0.017853,43.930,43.960,132658.000,1.000,1.000,45.050,,-0.017853,0.002,0.002,0.002,0.002,0.003
79915,2009/09/21,,11,1,1311,65129010,NFX,NEWFIELD EXPLORATION CO,,NFX,211111,N,A,R,30044,0,1,1382,65129010,,,,,,,,,13.000,138.000,,,,,,,,,,,,,,,42.720,43.580,43.450,1384800.000,-0.012724,43.390,43.440,132658.000,1.000,1.000,43.240,,-0.012724,-0.004,-0.004,-0.002,-0.002,-0.003
79915,2009/09/22,,11,1,1311,65129010,NFX,NEWFIELD EXPLORATION CO,,NFX,211111,N,A,R,30044,0,1,1382,65129010,,,,,,,,,13.000,138.000,,,,,,,,,,,,,,,43.560,44.590,43.950,1759500.000,0.011507,43.880,43.890,132658.000,1.000,1.000,44.590,,0.011507,0.009,0.009,0.010,0.009,0.007
79915,2009/09/23,,11,1,1311,65129010,NFX,NEWFIELD EXPLORATION CO,,NFX,211111,N,A,R,30044,0,1,1382,65129010,,,,,,,,,13.000,138.000,,,,,,,,,,,,,,,42.210,44.210,43.000,1420800.000,-0.021615,42.990,43.000,132658.000,1.000,1.000,43.990,,-0.021615,-0.010,-0.010,-0.005,-0.005,-0.010
79915,2009/09/24,,11,1,1311,65129010,NFX,NEWFIELD EXPLORATION CO,,NFX,211111,N,A,R,30044,0,1,1382,65129010,,,,,,,,,13.000,138.000,,,,,,,,,,,,,,,40.890,43.180,41.250,2345700.000,-0.040698,41.260,41.290,132658.000,1.000,1.000,42.940,,-0.040698,-0.013,-0.013,-0.016,-0.016,-0.010
79915,2009/09/25,,11,1,1311,65129010,NFX,NEWFIELD EXPLORATION CO,,NFX,211111,N,A,R,30044,0,1,1382,65129010,,,,,,,,,13.000,138.000,,,,,,,,,,,,,,,40.450,41.780,41.190,2158300.000,-0.001455,41.220,41.260,132658.000,1.000,1.000,41.190,,-0.001455,-0.006,-0.006,-0.002,-0.002,-0.006
79915,2009/09/28,,11,1,1311,65129010,NFX,NEWFIELD EXPLORATION CO,,NFX,211111,N,A,R,30044,0,1,1382,65129010,,,,,,,,,13.000,138.000,,,,,,,,,,,,,,,41.030,42.150,41.830,1932000.000,0.015538,41.850,41.860,132658.000,1.000,1.000,41.400,,0.015538,0.018,0.018,0.016,0.016,0.018
79915,2009/09/29,,11,1,1311,65129010,NFX,NEWFIELD EXPLORATION CO,,NFX,211111,N,A,R,30044,0,1,1382,65129010,,,,,,,,,13.000,138.000,,,,,,,,,,,,,,,41.390,42.490,42.200,1594700.000,0.008845,42.200,42.210,132658.000,1.000,1.000,41.510,,0.008845,-0.001,-0.001,0.000,0.000,-0.002
79915,2009/09/30,,11,1,1311,65129010,NFX,NEWFIELD EXPLORATION CO,,NFX,211111,N,A,R,30044,0,1,1382,65129010,,,,,,,,0.000,13.000,138.000,,,,,,,,,,,,,,,41.340,42.980,42.560,1743900.000,0.008531,42.580,42.610,132658.000,1.000,1.000,42.400,,0.008531,-0.003,-0.003,-0.004,-0.004,-0.003
79915,2009/10/01,,11,1,1311,65129010,NFX,NEWFIELD EXPLORATION CO,,NFX,211111,N,A,R,30044,0,1,1382,65129010,,,,,,,,,13.000,138.000,,,,,,,,,,,,,,,41.300,42.750,41.380,1801500.000,-0.027726,41.320,41.330,132658.000,1.000,1.000,42.380,,-0.027726,-0.027,-0.027,-0.024,-0.024,-0.026
79915,2009/10/02,,11,1,1311,65129010,NFX,NEWFIELD EXPLORATION CO,,NFX,211111,N,A,R,30044,0,1,1382,65129010,,,,,,,,,13.000,138.000,,,,,,,,,,,,,,,40.410,41.970,41.530,1763600.000,0.003625,41.530,41.550,132658.000,1.000,1.000,40.610,,0.003625,-0.005,-0.005,-0.007,-0.007,-0.005
79915,2009/10/05,,11,1,1311,65129010,NFX,NEWFIELD EXPLORATION CO,,NFX,211111,N,A,R,30044,0,1,1382,65129010,,,,,,,,,13.000,138.000,,,,,,,,,,,,,,,41.310,43.890,43.780,2257200.000,0.054178,43.710,43.720,132658.000,1.000,1.000,41.530,,0.054178,0.016,0.016,0.016,0.016,0.015
79915,2009/10/06,,11,1,1311,65129010,NFX,NEWFIELD EXPLORATION CO,,NFX,211111,N,A,R,30044,0,1,1382,65129010,,,,,,,,,13.000,138.000,,,,,,,,,,,,,,,45.060,46.990,45.760,3016000.000,0.045226,45.770,45.820,132658.000,1.000,1.000,45.190,,0.045226,0.015,0.015,0.013,0.013,0.014
79915,2009/10/07,,11,1,1311,65129010,NFX,NEWFIELD EXPLORATION CO,,NFX,211111,N,A,R,30044,0,1,1382,65129010,,,,,,,,,13.000,138.000,,,,,,,,,,,,,,,44.280,45.850,44.960,2141200.000,-0.017483,44.890,44.930,132658.000,1.000,1.000,45.730,,-0.017483,0.003,0.003,0.002,0.002,0.003
79915,2009/10/08,,11,1,1311,65129010,NFX,NEWFIELD EXPLORATION CO,,NFX,211111,N,A,R,30044,0,1,1382,65129010,,,,,,,,,13.000,138.000,,,,,,,,,,,,,,,45.180,46.420,45.950,1739500.000,0.022020,45.890,45.950,132658.000,1.000,1.000,45.510,,0.022020,0.010,0.010,0.009,0.009,0.007
79915,2009/10/09,,11,1,1311,65129010,NFX,NEWFIELD EXPLORATION CO,,NFX,211111,N,A,R,30044,0,1,1382,65129010,,,,,,,,,13.000,138.000,,,,,,,,,,,,,,,45.050,46.240,45.660,1163000.000,-0.006311,45.550,45.610,132658.000,1.000,1.000,45.940,,-0.006311,0.005,0.005,0.007,0.007,0.006
79915,2009/10/12,,11,1,1311,65129010,NFX,NEWFIELD EXPLORATION CO,,NFX,211111,N,A,R,30044,0,1,1382,65129010,,,,,,,,,13.000,138.000,,,,,,,,,,,,,,,45.660,47.288,45.910,1392700.000,0.005475,45.860,45.900,132658.000,1.000,1.000,46.580,,0.005475,0.004,0.004,0.001,0.001,0.004
79915,2009/10/13,,11,1,1311,65129010,NFX,NEWFIELD EXPLORATION CO,,NFX,211111,N,A,R,30044,0,1,1382,65129010,,,,,,,,,13.000,138.000,,,,,,,,,,,,,,,44.960,46.720,46.630,1503500.000,0.015683,46.580,46.600,132658.000,1.000,1.000,45.870,,0.015683,-0.002,-0.002,-0.000,-0.001,-0.003
79915,2009/10/14,,11,1,1311,65129010,NFX,NEWFIELD EXPLORATION CO,,NFX,211111,N,A,R,30044,0,1,1382,65129010,,,,,,,,,13.000,138.000,,,,,,,,,,,,,,,47.270,48.680,47.720,1937600.000,0.023376,47.750,47.760,132658.000,1.000,1.000,48.030,,0.023376,0.018,0.018,0.014,0.014,0.018
79915,2009/10/15,,11,1,1311,65129010,NFX,NEWFIELD EXPLORATION CO,,NFX,211111,N,A,R,30044,0,1,1382,65129010,,,,,,,,,13.000,138.000,,,,,,,,,,,,,,,47.530,48.800,48.530,2576400.000,0.016974,48.420,48.450,132658.000,1.000,1.000,48.180,,0.016974,0.002,0.002,0.000,0.000,0.004
79915,2009/10/16,,11,1,1311,65129010,NFX,NEWFIELD EXPLORATION CO,,NFX,211111,N,A,R,30044,0,1,1382,65129010,,,,,,,,,13.000,138.000,,,,,,,,,,,,,,,47.510,48.780,47.940,2168600.000,-0.012157,47.960,48.010,132658.000,1.000,1.000,48.500,,-0.012157,-0.008,-0.008,-0.006,-0.006,-0.008
79915,2009/10/19,,11,1,1311,65129010,NFX,NEWFIELD EXPLORATION CO,,NFX,211111,N,A,R,30044,0,1,1382,65129010,,,,,,,,,13.000,138.000,,,,,,,,,,,,,,,47.840,49.300,49.250,1278000.000,0.027326,49.170,49.180,132658.000,1.000,1.000,48.160,,0.027326,0.010,0.010,0.008,0.008,0.009
79915,2009/10/20,,11,1,1311,65129010,NFX,NEWFIELD EXPLORATION CO,,NFX,211111,N,A,R,30044,0,1,1382,65129010,,,,,,,,,13.000,138.000,,,,,,,,,,,,,,,47.620,49.360,49.160,1477900.000,-0.001827,49.050,49.130,132658.000,1.000,1.000,49.350,,-0.001827,-0.008,-0.008,-0.009,-0.009,-0.006
79915,2009/10/21,,11,1,1311,65129010,NFX,NEWFIELD EXPLORATION CO,,NFX,211111,N,A,R,30044,0,1,1382,65129010,,,,,,,,,13.000,138.000,,,,,,,,,,,,,,,47.920,50.280,48.040,2524900.000,-0.022783,48.100,48.180,132658.000,1.000,1.000,49.170,,-0.022783,-0.008,-0.008,-0.007,-0.007,-0.009
79915,2009/10/22,,11,1,1311,65129010,NFX,NEWFIELD EXPLORATION CO,,NFX,211111,N,A,R,30044,0,1,1382,65129010,,,,,,,,,13.000,138.000,,,,,,,,,,,,,,,45.540,48.610,47.500,3298900.000,-0.011241,47.480,47.490,132658.000,1.000,1.000,47.440,,-0.011241,0.010,0.010,0.007,0.007,0.011
79915,2009/10/23,,11,1,1311,65129010,NFX,NEWFIELD EXPLORATION CO,,NFX,211111,N,A,R,30044,0,1,1382,65129010,,,,,,,,,13.000,138.000,,,,,,,,,,,,,,,45.450,48.620,46.080,2505900.000,-0.029895,46.120,46.160,132658.000,1.000,1.000,48.060,,-0.029895,-0.013,-0.013,-0.013,-0.013,-0.012
79915,2009/10/26,,11,1,1311,65129010,NFX,NEWFIELD EXPLORATION CO,,NFX,211111,N,A,R,30044,0,1,1382,65129010,,,,,,,,,13.000,138.000,,,,,,,,,,,,,,,44.770,47.760,45.250,1339100.000,-0.018012,45.200,45.240,132658.000,1.000,1.000,46.530,,-0.018012,-0.013,-0.013,-0.013,-0.013,-0.012
79915,2009/10/27,,11,1,1311,65129010,NFX,NEWFIELD EXPLORATION CO,,NFX,211111,N,A,R,30044,0,1,1382,65129010,,,,,,,,,13.000,138.000,,,,,,,,,,,,,,,44.760,46.300,45.300,1652900.000,0.001105,45.230,45.270,132658.000,1.000,1.000,45.540,,0.001105,-0.006,-0.006,-0.010,-0.010,-0.003
79915,2009/10/28,,11,1,1311,65129010,NFX,NEWFIELD EXPLORATION CO,,NFX,211111,N,A,R,30044,0,1,1382,65129010,,,,,,,,,13.000,138.000,,,,,,,,,,,,,,,41.870,44.920,42.020,2460200.000,-0.072406,41.970,42.010,132658.000,1.000,1.000,44.850,,-0.072406,-0.024,-0.024,-0.030,-0.031,-0.020
79915,2009/10/29,,11,1,1311,65129010,NFX,NEWFIELD EXPLORATION CO,,NFX,211111,N,A,R,30044,0,1,1382,65129010,,,,,,,,,13.000,138.000,,,,,,,,,,,,,,,42.550,44.390,43.630,1947400.000,0.038315,43.630,43.640,132658.000,1.000,1.000,42.550,,0.038315,0.024,0.024,0.020,0.020,0.023
79915,2009/10/30,,11,1,1311,65129010,NFX,NEWFIELD EXPLORATION CO,,NFX,211111,N,A,R,30044,0,1,1382,65129010,,,,,,,,0.000,13.000,138.000,,,,,,,,,,,,,,,40.140,43.470,41.020,2160900.000,-0.059821,41.000,41.010,132868.000,1.000,1.000,43.470,,-0.059821,-0.028,-0.028,-0.024,-0.024,-0.028
79915,2009/11/02,,11,1,1311,65129010,NFX,NEWFIELD EXPLORATION CO,,NFX,211111,N,A,R,30044,0,1,1382,65129010,,,,,,,,,13.000,138.000,,,,,,,,,,,,,,,40.910,42.720,41.850,2029500.000,0.020234,41.770,41.810,132868.000,1.000,1.000,41.720,,0.020234,0.005,0.005,-0.001,-0.001,0.006
79915,2009/11/03,,11,1,1311,65129010,NFX,NEWFIELD EXPLORATION CO,,NFX,211111,N,A,R,30044,0,1,1382,65129010,,,,,,,,,13.000,138.000,,,,,,,,,,,,,,,40.808,43.790,43.360,2331500.000,0.036081,43.290,43.310,132868.000,1.000,1.000,41.220,,0.036081,0.006,0.006,0.009,0.009,0.002
79915,2009/11/04,,11,1,1311,65129010,NFX,NEWFIELD EXPLORATION CO,,NFX,211111,N,A,R,30044,0,1,1382,65129010,,,,,,,,,13.000,138.000,,,,,,,,,,,,,,,41.990,44.350,42.140,3271400.000,-0.028137,42.060,42.100,132868.000,1.000,1.000,43.920,,-0.028137,0.001,0.001,-0.002,-0.003,0.001
79915,2009/11/05,,11,1,1311,65129010,NFX,NEWFIELD EXPLORATION CO,,NFX,211111,N,A,R,30044,0,1,1382,65129010,,,,,,,,,13.000,138.000,,,,,,,,,,,,,,,41.610,43.440,43.440,1968100.000,0.030850,43.400,43.410,132868.000,1.000,1.000,42.450,,0.030850,0.019,0.019,0.020,0.020,0.019
79915,2009/11/06,,11,1,1311,65129010,NFX,NEWFIELD EXPLORATION CO,,NFX,211111,N,A,R,30044,0,1,1382,65129010,,,,,,,,,13.000,138.000,,,,,,,,,,,,,,,42.410,43.650,42.870,1240900.000,-0.013122,42.820,42.870,132868.000,1.000,1.000,42.800,,-0.013122,0.002,0.001,-0.001,-0.001,0.003
79915,2009/11/09,,11,1,1311,65129010,NFX,NEWFIELD EXPLORATION CO,,NFX,211111,N,A,R,30044,0,1,1382,65129010,,,,,,,,,13.000,138.000,,,,,,,,,,,,,,,43.420,45.110,45.090,1510500.000,0.051784,45.040,45.060,132868.000,1.000,1.000,43.420,,0.051784,0.023,0.023,0.016,0.016,0.022
79915,2009/11/10,,11,1,1311,65129010,NFX,NEWFIELD EXPLORATION CO,,NFX,211111,N,A,R,30044,0,1,1382,65129010,,,,,,,,,13.000,138.000,,,,,,,,,,,,,,,44.550,45.760,45.630,1922500.000,0.011976,45.600,45.620,132868.000,1.000,1.000,44.550,,0.011976,-0.001,-0.001,-0.006,-0.007,-0.000
79915,2009/11/11,,11,1,1311,65129010,NFX,NEWFIELD EXPLORATION CO,,NFX,211111,N,A,R,30044,0,1,1382,65129010,,,,,,,,,13.000,138.000,,,,,,,,,,,,,,,45.770,46.670,46.070,1675200.000,0.009643,46.100,46.120,132868.000,1.000,1.000,46.240,,0.009643,0.005,0.005,0.006,0.006,0.005
79915,2009/11/12,,11,1,1311,65129010,NFX,NEWFIELD EXPLORATION CO,,NFX,211111,N,A,R,30044,0,1,1382,65129010,,,,,,,,,13.000,138.000,,,,,,,,,,,,,,,43.470,45.900,43.800,1584900.000,-0.049273,43.770,43.800,132868.000,1.000,1.000,45.750,,-0.049273,-0.012,-0.012,-0.014,-0.014,-0.010
79915,2009/11/13,,11,1,1311,65129010,NFX,NEWFIELD EXPLORATION CO,,NFX,211111,N,A,R,30044,0,1,1382,65129010,,,,,,,,,13.000,138.000,,,,,,,,,,,,,,,43.280,44.410,44.180,1334400.000,0.008676,44.140,44.170,132868.000,1.000,1.000,43.880,,0.008676,0.007,0.007,0.008,0.008,0.006
79915,2009/11/16,,11,1,1311,65129010,NFX,NEWFIELD EXPLORATION CO,,NFX,211111,N,A,R,30044,0,1,1382,65129010,,,,,,,,,13.000,138.000,,,,,,,,,,,,,,,44.790,45.790,45.360,1326700.000,0.026709,45.320,45.350,132868.000,1.000,1.000,44.790,,0.026709,0.016,0.015,0.017,0.017,0.014
79915,2009/11/17,,11,1,1311,65129010,NFX,NEWFIELD EXPLORATION CO,,NFX,211111,N,A,R,30044,0,1,1382,65129010,,,,,,,,,13.000,138.000,,,,,,,,,,,,,,,43.630,45.930,43.950,2182100.000,-0.031085,43.910,43.950,132868.000,1.000,1.000,45.230,,-0.031085,0.001,0.001,-0.002,-0.002,0.001
79915,2009/11/18,,11,1,1311,65129010,NFX,NEWFIELD EXPLORATION CO,,NFX,211111,N,A,R,30044,0,1,1382,65129010,,,,,,,,,13.000,138.000,,,,,,,,,,,,,,,43.390,44.460,43.950,1789600.000,0.000000,43.960,43.990,132868.000,1.000,1.000,44.090,,0.000000,-0.001,-0.001,-0.001,-0.001,-0.000
79915,2009/11/19,,11,1,1311,65129010,NFX,NEWFIELD EXPLORATION CO,,NFX,211111,N,A,R,30044,0,1,1382,65129010,,,,,,,,,13.000,138.000,,,,,,,,,,,,,,,42.140,43.790,42.380,1220000.000,-0.035722,42.350,42.370,132868.000,1.000,1.000,43.580,,-0.035722,-0.014,-0.014,-0.015,-0.015,-0.013
79915,2009/11/20,,11,1,1311,65129010,NFX,NEWFIELD EXPLORATION CO,,NFX,211111,N,A,R,30044,0,1,1382,65129010,,,,,,,,,13.000,138.000,,,,,,,,,,,,,,,40.790,42.130,41.120,2252500.000,-0.029731,41.140,41.180,132868.000,1.000,1.000,42.130,,-0.029731,-0.004,-0.004,-0.001,-0.001,-0.003
79915,2009/11/23,,11,1,1311,65129010,NFX,NEWFIELD EXPLORATION CO,,NFX,211111,N,A,R,30044,0,1,1382,65129010,,,,,,,,,13.000,138.000,,,,,,,,,,,,,,,41.740,43.060,41.970,1944300.000,0.020671,41.930,41.960,132868.000,1.000,1.000,42.540,,0.020671,0.013,0.013,0.011,0.011,0.014
79915,2009/11/24,,11,1,1311,65129010,NFX,NEWFIELD EXPLORATION CO,,NFX,211111,N,A,R,30044,0,1,1382,65129010,,,,,,,,,13.000,138.000,,,,,,,,,,,,,,,41.050,43.200,42.880,2431100.000,0.021682,42.840,42.850,132868.000,1.000,1.000,41.850,,0.021682,-0.001,-0.001,-0.002,-0.002,-0.001
79915,2009/11/25,,11,1,1311,65129010,NFX,NEWFIELD EXPLORATION CO,,NFX,211111,N,A,R,30044,0,1,1382,65129010,,,,,,,,,13.000,138.000,,,,,,,,,,,,,,,42.210,43.830,43.730,1545400.000,0.019823,43.670,43.690,132868.000,1.000,1.000,43.310,,0.019823,0.006,0.006,0.004,0.004,0.005
79915,2009/11/27,,11,1,1311,65129010,NFX,NEWFIELD EXPLORATION CO,,NFX,211111,N,A,R,30044,0,1,1382,65129010,,,,,,,,,13.000,138.000,,,,,,,,,,,,,,,41.210,42.900,42.420,732000.000,-0.029957,42.330,42.380,132868.000,1.000,1.000,41.930,,-0.029957,-0.019,-0.019,-0.017,-0.017,-0.017
79915,2009/11/30,,11,1,1311,65129010,NFX,NEWFIELD EXPLORATION CO,,NFX,211111,N,A,R,30044,0,1,1382,65129010,,,,,,,,0.000,13.000,138.000,,,,,,,,,,,,,,,41.590,42.600,42.280,1245800.000,-0.003300,42.280,42.300,132868.000,1.000,1.000,42.170,,-0.003300,0.004,0.004,0.002,0.002,0.004
79915,2009/12/01,,11,1,1311,65129010,NFX,NEWFIELD EXPLORATION CO,,NFX,211111,N,A,R,30044,0,1,1382,65129010,,,,,,,,,13.000,138.000,,,,,,,,,,,,,,,42.740,43.500,43.450,1263300.000,0.027673,43.390,43.420,132868.000,1.000,1.000,42.760,,0.027673,0.014,0.014,0.013,0.012,0.012
79915,2009/12/02,,11,1,1311,65129010,NFX,NEWFIELD EXPLORATION CO,,NFX,211111,N,A,R,30044,0,1,1382,65129010,,,,,,,,,13.000,138.000,,,,,,,,,,,,,,,42.370,43.780,42.650,1367700.000,-0.018412,42.650,42.660,132868.000,1.000,1.000,43.100,,-0.018412,0.002,0.002,0.006,0.006,0.000
79915,2009/12/03,,11,1,1311,65129010,NFX,NEWFIELD EXPLORATION CO,,NFX,211111,N,A,R,30044,0,1,1382,65129010,,,,,,,,,13.000,138.000,,,,,,,,,,,,,,,41.210,42.950,41.240,2417100.000,-0.033060,41.240,41.250,132868.000,1.000,1.000,42.750,,-0.033060,-0.009,-0.009,-0.007,-0.007,-0.008
79915,2009/12/04,,11,1,1311,65129010,NFX,NEWFIELD EXPLORATION CO,,NFX,211111,N,A,R,30044,0,1,1382,65129010,,,,,,,,,13.000,138.000,,,,,,,,,,,,,,,40.440,42.950,41.070,1486400.000,-0.004122,41.080,41.090,132868.000,1.000,1.000,42.090,,-0.004122,0.005,0.005,0.011,0.011,0.006
79915,2009/12/07,,11,1,1311,65129010,NFX,NEWFIELD EXPLORATION CO,,NFX,211111,N,A,R,30044,0,1,1382,65129010,,,,,,,,,13.000,138.000,,,,,,,,,,,,,,,40.640,41.870,41.020,1081300.000,-0.001217,40.960,40.970,132868.000,1.000,1.000,40.820,,-0.001217,-0.002,-0.002,0.002,0.002,-0.002
79915,2009/12/08,,11,1,1311,65129010,NFX,NEWFIELD EXPLORATION CO,,NFX,211111,N,A,R,30044,0,1,1382,65129010,,,,,,,,,13.000,138.000,,,,,,,,,,,,,,,39.840,40.900,39.990,1193600.000,-0.025110,39.970,39.990,132868.000,1.000,1.000,40.580,,-0.025110,-0.011,-0.011,-0.008,-0.008,-0.010
79915,2009/12/09,,11,1,1311,65129010,NFX,NEWFIELD EXPLORATION CO,,NFX,211111,N,A,R,30044,0,1,1382,65129010,,,,,,,,,13.000,138.000,,,,,,,,,,,,,,,39.260,40.360,39.670,1370200.000,-0.008002,39.670,39.700,132868.000,1.000,1.000,40.210,,-0.008002,0.004,0.003,0.002,0.002,0.004
79915,2009/12/10,,11,1,1311,65129010,NFX,NEWFIELD EXPLORATION CO,,NFX,211111,N,A,R,30044,0,1,1382,65129010,,,,,,,,,13.000,138.000,,,,,,,,,,,,,,,40.070,41.670,41.660,1584800.000,0.050164,41.620,41.650,132868.000,1.000,1.000,40.090,,0.050164,0.005,0.005,-0.001,-0.001,0.006
79915,2009/12/11,,11,1,1311,65129010,NFX,NEWFIELD EXPLORATION CO,,NFX,211111,N,A,R,30044,0,1,1382,65129010,,,,,,,,,13.000,138.000,,,,,,,,,,,,,,,41.045,42.210,41.180,1757800.000,-0.011522,41.200,41.210,132868.000,1.000,1.000,42.010,,-0.011522,0.003,0.003,0.005,0.005,0.004
79915,2009/12/14,,11,1,1311,65129010,NFX,NEWFIELD EXPLORATION CO,,NFX,211111,N,A,R,30044,0,1,1382,65129010,,,,,,,,,13.000,138.000,,,,,,,,,,,,,,,43.060,45.250,44.420,2998100.000,0.078679,44.420,44.450,132868.000,1.000,1.000,43.410,,0.078679,0.008,0.008,0.010,0.010,0.007
79915,2009/12/15,,11,1,1311,65129010,NFX,NEWFIELD EXPLORATION CO,,NFX,211111,N,A,R,30044,0,1,1382,65129010,,,,,,,,,13.000,138.000,,,,,,,,,,,,,,,43.900,45.860,45.560,1815600.000,0.025664,45.490,45.500,132868.000,1.000,1.000,44.210,,0.025664,-0.005,-0.005,-0.004,-0.004,-0.006
79915,2009/12/16,,11,1,1311,65129010,NFX,NEWFIELD EXPLORATION CO,,NFX,211111,N,A,R,30044,0,1,1382,65129010,,,,,,,,,13.000,138.000,,,,,,,,,,,,,,,45.010,46.440,46.310,1641600.000,0.016462,46.270,46.280,132868.000,1.000,1.000,45.790,,0.016462,0.003,0.003,0.005,0.005,0.001
79915,2009/12/17,,11,1,1311,65129010,NFX,NEWFIELD EXPLORATION CO,,NFX,211111,N,A,R,30044,0,1,1382,65129010,,,,,,,,,13.000,138.000,,,,,,,,,,,,,,,45.340,46.610,46.330,1784500.000,0.000432,46.370,46.390,132868.000,1.000,1.000,46.070,,0.000432,-0.013,-0.013,-0.010,-0.010,-0.012
79915,2009/12/18,,11,1,1311,65129010,NFX,NEWFIELD EXPLORATION CO,,NFX,211111,N,A,R,30044,0,1,1382,65129010,,,,,,,,,13.000,138.000,,,,,,,,,,,,,,,46.610,47.920,47.260,2359800.000,0.020073,47.300,47.290,132868.000,1.000,1.000,46.610,,0.020073,0.006,0.006,0.005,0.005,0.006
79915,2009/12/21,,11,1,1311,65129010,NFX,NEWFIELD EXPLORATION CO,,NFX,211111,N,A,R,30044,0,1,1382,65129010,,,,,,,,,13.000,138.000,,,,,,,,,,,,,,,47.580,48.540,47.870,1363400.000,0.012907,47.820,47.860,132868.000,1.000,1.000,47.750,,0.012907,0.010,0.010,0.009,0.009,0.011
79915,2009/12/22,,11,1,1311,65129010,NFX,NEWFIELD EXPLORATION CO,,NFX,211111,N,A,R,30044,0,1,1382,65129010,,,,,,,,,13.000,138.000,,,,,,,,,,,,,,,47.460,48.500,48.080,1143600.000,0.004387,48.030,48.050,132868.000,1.000,1.000,47.890,,0.004387,0.005,0.004,0.006,0.006,0.004
79915,2009/12/23,,11,1,1311,65129010,NFX,NEWFIELD EXPLORATION CO,,NFX,211111,N,A,R,30044,0,1,1382,65129010,,,,,,,,,13.000,138.000,,,,,,,,,,,,,,,48.310,50.100,50.030,1675400.000,0.040557,50.050,50.060,132868.000,1.000,1.000,48.820,,0.040557,0.005,0.004,0.009,0.008,0.002
79915,2009/12/24,,11,1,1311,65129010,NFX,NEWFIELD EXPLORATION CO,,NFX,211111,N,A,R,30044,0,1,1382,65129010,,,,,,,,,13.000,138.000,,,,,,,,,,,,,,,49.960,50.709,50.430,281400.000,0.007995,50.410,50.430,132868.000,1.000,1.000,50.300,,0.007995,0.005,0.005,0.005,0.005,0.005
79915,2009/12/28,,11,1,1311,65129010,NFX,NEWFIELD EXPLORATION CO,,NFX,211111,N,A,R,30044,0,1,1382,65129010,,,,,,,,,13.000,138.000,,,,,,,,,,,,,,,49.550,51.270,49.770,1472300.000,-0.013087,49.770,49.810,132868.000,1.000,1.000,51.110,,-0.013087,0.001,0.001,-0.000,-0.000,0.001
79915,2009/12/29,,11,1,1311,65129010,NFX,NEWFIELD EXPLORATION CO,,NFX,211111,N,A,R,30044,0,1,1382,65129010,,,,,,,,,13.000,138.000,,,,,,,,,,,,,,,49.040,51.050,49.530,1180600.000,-0.004822,49.530,49.570,132868.000,1.000,1.000,49.980,,-0.004822,-0.001,-0.001,0.002,0.001,-0.001
79915,2009/12/30,,11,1,1311,65129010,NFX,NEWFIELD EXPLORATION CO,,NFX,211111,N,A,R,30044,0,1,1382,65129010,,,,,,,,,13.000,138.000,,,,,,,,,,,,,,,48.670,49.650,49.320,892900.000,-0.004240,49.240,49.280,132868.000,1.000,1.000,49.160,,-0.004240,-0.001,-0.001,0.000,0.000,0.000
79915,2009/12/31,,11,1,1311,65129010,NFX,NEWFIELD EXPLORATION CO,,NFX,211111,N,A,R,30044,0,1,1382,65129010,,,,,,,,0.000,13.000,138.000,,,,,,,,,,,,,,,48.200,49.680,48.230,653800.000,-0.022101,48.240,48.290,132868.000,1.000,1.000,49.460,,-0.022101,-0.009,-0.009,-0.003,-0.003,-0.010
79915,2010/01/04,,11,1,1311,65129010,NFX,NEWFIELD EXPLORATION CO,,NFX,211111,N,A,R,30044,0,1,1382,65129010,,,,,,,,,13.000,138.000,,,,,,,,,,,,,,,49.210,50.340,49.920,1164900.000,0.035040,49.870,49.880,132868.000,1.000,1.000,49.660,,0.035040,0.017,0.017,0.019,0.019,0.016
79915,2010/01/05,,11,1,1311,65129010,NFX,NEWFIELD EXPLORATION CO,,NFX,211111,N,A,R,30044,0,1,1382,65129010,,,,,,,,,13.000,138.000,,,,,,,,,,,,,,,49.390,51.270,50.650,1758300.000,0.014623,50.630,50.650,132868.000,1.000,1.000,50.200,,0.014623,0.003,0.003,0.002,0.002,0.003
79915,2010/01/06,,11,1,1311,65129010,NFX,NEWFIELD EXPLORATION CO,,NFX,211111,N,A,R,30044,0,1,1382,65129010,,,,,,,,,13.000,138.000,,,,,,,,,,,,,,,49.780,51.410,51.140,1109000.000,0.009674,51.100,51.140,132868.000,1.000,1.000,50.510,,0.009674,0.002,0.002,0.003,0.003,0.001
79915,2010/01/07,,11,1,1311,65129010,NFX,NEWFIELD EXPLORATION CO,,NFX,211111,N,A,R,30044,0,1,1382,65129010,,,,,,,,,13.000,138.000,,,,,,,,,,,,,,,49.850,51.020,50.380,1142800.000,-0.014861,50.330,50.370,132868.000,1.000,1.000,50.870,,-0.014861,0.003,0.003,0.007,0.007,0.004
79915,2010/01/08,,11,1,1311,65129010,NFX,NEWFIELD EXPLORATION CO,,NFX,211111,N,A,R,30044,0,1,1382,65129010,,,,,,,,,13.000,138.000,,,,,,,,,,,,,,,49.390,50.550,50.460,937200.000,0.001588,50.510,50.550,132868.000,1.000,1.000,50.120,,0.001588,0.004,0.004,0.007,0.007,0.003
79915,2010/01/11,,11,1,1311,65129010,NFX,NEWFIELD EXPLORATION CO,,NFX,211111,N,A,R,30044,0,1,1382,65129010,,,,,,,,,13.000,138.000,,,,,,,,,,,,,,,49.060,51.440,49.640,874600.000,-0.016250,49.600,49.610,132868.000,1.000,1.000,51.000,,-0.016250,0.001,0.001,0.004,0.004,0.002
79915,2010/01/12,,11,1,1311,65129010,NFX,NEWFIELD EXPLORATION CO,,NFX,211111,N,A,R,30044,0,1,1382,65129010,,,,,,,,,13.000,138.000,,,,,,,,,,,,,,,47.940,49.210,48.940,1627200.000,-0.014102,48.950,49.000,132868.000,1.000,1.000,48.650,,-0.014102,-0.011,-0.011,-0.010,-0.010,-0.009
79915,2010/01/13,,11,1,1311,65129010,NFX,NEWFIELD EXPLORATION CO,,NFX,211111,N,A,R,30044,0,1,1382,65129010,,,,,,,,,13.000,138.000,,,,,,,,,,,,,,,49.060,50.740,50.620,1627400.000,0.034328,50.590,50.620,132868.000,1.000,1.000,49.060,,0.034328,0.009,0.009,0.009,0.009,0.008
79915,2010/01/14,,11,1,1311,65129010,NFX,NEWFIELD EXPLORATION CO,,NFX,211111,N,A,R,30044,0,1,1382,65129010,,,,,,,,,13.000,138.000,,,,,,,,,,,,,,,51.090,54.070,53.170,2802800.000,0.050375,53.210,53.250,132868.000,1.000,1.000,51.090,,0.050375,0.002,0.002,0.004,0.004,0.002
79915,2010/01/15,,11,1,1311,65129010,NFX,NEWFIELD EXPLORATION CO,,NFX,211111,N,A,R,30044,0,1,1382,65129010,,,,,,,,,13.000,138.000,,,,,,,,,,,,,,,52.150,53.340,52.940,1305400.000,-0.004326,52.870,52.900,132868.000,1.000,1.000,53.020,,-0.004326,-0.011,-0.011,-0.009,-0.009,-0.011
79915,2010/01/19,,11,1,1311,65129010,NFX,NEWFIELD EXPLORATION CO,,NFX,211111,N,A,R,30044,0,1,1382,65129010,,,,,,,,,13.000,138.000,,,,,,,,,,,,,,,52.580,53.420,53.340,1599900.000,0.007556,53.350,53.360,132868.000,1.000,1.000,52.890,,0.007556,0.012,0.012,0.011,0.011,0.013
79915,2010/01/20,,11,1,1311,65129010,NFX,NEWFIELD EXPLORATION CO,,NFX,211111,N,A,R,30044,0,1,1382,65129010,,,,,,,,,13.000,138.000,,,,,,,,,,,,,,,51.880,52.970,52.520,2267500.000,-0.015373,52.510,52.520,132868.000,1.000,1.000,52.520,,-0.015373,-0.011,-0.011,-0.009,-0.009,-0.011
79915,2010/01/21,,11,1,1311,65129010,NFX,NEWFIELD EXPLORATION CO,,NFX,211111,N,A,R,30044,0,1,1382,65129010,,,,,,,,,13.000,138.000,,,,,,,,,,,,,,,51.750,53.450,52.330,1677900.000,-0.003618,52.330,52.340,132868.000,1.000,1.000,53.140,,-0.003618,-0.018,-0.018,-0.014,-0.014,-0.019
79915,2010/01/22,,11,1,1311,65129010,NFX,NEWFIELD EXPLORATION CO,,NFX,211111,N,A,R,30044,0,1,1382,65129010,,,,,,,,,13.000,138.000,,,,,,,,,,,,,,,50.470,52.170,50.560,1390100.000,-0.033824,50.560,50.600,132868.000,1.000,1.000,51.960,,-0.033824,-0.021,-0.021,-0.014,-0.014,-0.022
79915,2010/01/25,,11,1,1311,65129010,NFX,NEWFIELD EXPLORATION CO,,NFX,211111,N,A,R,30044,0,1,1382,65129010,,,,,,,,,13.000,138.000,,,,,,,,,,,,,,,50.680,51.845,51.490,1104500.000,0.018394,51.520,51.540,132868.000,1.000,1.000,51.230,,0.018394,0.004,0.004,0.001,0.001,0.005
79915,2010/01/26,,11,1,1311,65129010,NFX,NEWFIELD EXPLORATION CO,,NFX,211111,N,A,R,30044,0,1,1382,65129010,,,,,,,,,13.000,138.000,,,,,,,,,,,,,,,50.560,51.690,50.620,1185600.000,-0.016897,50.630,50.640,132868.000,1.000,1.000,51.260,,-0.016897,-0.005,-0.005,-0.006,-0.006,-0.004
79915,2010/01/27,,11,1,1311,65129010,NFX,NEWFIELD EXPLORATION CO,,NFX,211111,N,A,R,30044,0,1,1382,65129010,,,,,,,,,13.000,138.000,,,,,,,,,,,,,,,48.200,51.170,49.200,1709400.000,-0.028052,49.210,49.220,132868.000,1.000,1.000,50.310,,-0.028052,0.004,0.004,0.002,0.002,0.005
79915,2010/01/28,,11,1,1311,65129010,NFX,NEWFIELD EXPLORATION CO,,NFX,211111,N,A,R,30044,0,1,1382,65129010,,,,,,,,,13.000,138.000,,,,,,,,,,,,,,,47.460,49.880,49.510,1857900.000,0.006301,49.470,49.510,132868.000,1.000,1.000,49.420,,0.006301,-0.011,-0.011,-0.009,-0.009,-0.012
79915,2010/01/29,,11,1,1311,65129010,NFX,NEWFIELD EXPLORATION CO,,NFX,211111,N,A,R,30044,0,1,1382,65129010,,,,,,,,0.000,13.000,138.000,,,,,,,,,,,,,,,48.650,51.660,48.940,3197800.000,-0.011513,48.960,48.970,132868.000,1.000,1.000,49.860,,-0.011513,-0.010,-0.010,-0.008,-0.008,-0.010
79915,2010/02/01,,11,1,1311,65129010,NFX,NEWFIELD EXPLORATION CO,,NFX,211111,N,A,R,30044,0,1,1382,65129010,,,,,,,,,13.000,138.000,,,,,,,,,,,,,,,49.850,51.960,51.950,1683000.000,0.061504,51.890,51.920,132868.000,1.000,1.000,50.000,,0.061504,0.015,0.015,0.011,0.011,0.014
79915,2010/02/02,,11,1,1311,65129010,NFX,NEWFIELD EXPLORATION CO,,NFX,211111,N,A,R,30044,0,1,1382,65129010,,,,,,,,,13.000,138.000,,,,,,,,,,,,,,,51.070,53.330,53.270,1655400.000,0.025409,53.200,53.230,132868.000,1.000,1.000,52.060,,0.025409,0.012,0.012,0.009,0.009,0.013
79915,2010/02/03,,11,1,1311,65129010,NFX,NEWFIELD EXPLORATION CO,,NFX,211111,N,A,R,30044,0,1,1382,65129010,,,,,,,,,13.000,138.000,,,,,,,,,,,,,,,51.810,53.080,51.940,1434300.000,-0.024967,51.940,51.990,132868.000,1.000,1.000,52.800,,-0.024967,-0.005,-0.005,-0.004,-0.004,-0.005
79915,2010/02/04,,11,1,1311,65129010,NFX,NEWFIELD EXPLORATION CO,,NFX,211111,N,A,R,30044,0,1,1382,65129010,,,,,,,,,13.000,138.000,,,,,,,,,,,,,,,49.000,51.280,49.290,2006600.000,-0.051020,49.230,49.240,132868.000,1.000,1.000,51.280,,-0.051020,-0.032,-0.032,-0.028,-0.028,-0.031
79915,2010/02/05,,11,1,1311,65129010,NFX,NEWFIELD EXPLORATION CO,,NFX,211111,N,A,R,30044,0,1,1382,65129010,,,,,,,,,13.000,138.000,,,,,,,,,,,,,,,48.030,49.980,49.800,2705200.000,0.010347,49.840,49.870,132868.000,1.000,1.000,49.220,,0.010347,0.003,0.003,0.000,0.000,0.003
79915,2010/02/08,,11,1,1311,65129010,NFX,NEWFIELD EXPLORATION CO,,NFX,211111,N,A,R,30044,0,1,1382,65129010,,,,,,,,,13.000,138.000,,,,,,,,,,,,,,,48.790,50.630,49.140,924800.000,-0.013253,49.120,49.130,132868.000,1.000,1.000,49.930,,-0.013253,-0.008,-0.008,-0.005,-0.005,-0.009
79915,2010/02/09,,11,1,1311,65129010,NFX,NEWFIELD EXPLORATION CO,,NFX,211111,N,A,R,30044,0,1,1382,65129010,,,,,,,,,13.000,138.000,,,,,,,,,,,,,,,49.451,50.880,49.890,1458800.000,0.015263,49.900,49.910,132868.000,1.000,1.000,50.000,,0.015263,0.014,0.014,0.012,0.012,0.013
79915,2010/02/10,,11,1,1311,65129010,NFX,NEWFIELD EXPLORATION CO,,NFX,211111,N,A,R,30044,0,1,1382,65129010,,,,,,,,,13.000,138.000,,,,,,,,,,,,,,,48.830,50.210,49.870,1412100.000,-0.000401,49.820,49.860,132868.000,1.000,1.000,49.520,,-0.000401,-0.001,-0.002,0.000,-0.000,-0.002
79915,2010/02/11,,11,1,1311,65129010,NFX,NEWFIELD EXPLORATION CO,,NFX,211111,N,A,R,30044,0,1,1382,65129010,,,,,,,,,13.000,138.000,,,,,,,,,,,,,,,49.480,51.290,51.100,994500.000,0.024664,51.100,51.110,132868.000,1.000,1.000,49.730,,0.024664,0.012,0.012,0.013,0.013,0.010
79915,2010/02/12,,11,1,1311,65129010,NFX,NEWFIELD EXPLORATION CO,,NFX,211111,N,A,R,30044,0,1,1382,65129010,,,,,,,,,13.000,138.000,,,,,,,,,,,,,,,49.930,52.020,52.020,1307000.000,0.018004,51.960,52.010,132868.000,1.000,1.000,50.240,,0.018004,-0.001,-0.001,0.003,0.003,-0.003
79915,2010/02/16,,11,1,1311,65129010,NFX,NEWFIELD EXPLORATION CO,,NFX,211111,N,A,R,30044,0,1,1382,65129010,,,,,,,,,13.000,138.000,,,,,,,,,,,,,,,52.280,53.140,52.690,2531700.000,0.012880,52.610,52.670,132868.000,1.000,1.000,52.760,,0.012880,0.018,0.018,0.014,0.014,0.018
79915,2010/02/17,,11,1,1311,65129010,NFX,NEWFIELD EXPLORATION CO,,NFX,211111,N,A,R,30044,0,1,1382,65129010,,,,,,,,,13.000,138.000,,,,,,,,,,,,,,,47.920,52.250,50.750,3789300.000,-0.036819,50.700,50.740,132868.000,1.000,1.000,47.920,,-0.036819,0.005,0.004,0.005,0.005,0.004
79915,2010/02/18,,11,1,1311,65129010,NFX,NEWFIELD EXPLORATION CO,,NFX,211111,N,A,R,30044,0,1,1382,65129010,,,,,,,,,13.000,138.000,,,,,,,,,,,,,,,50.010,51.410,50.680,1611600.000,-0.001379,50.690,50.750,132868.000,1.000,1.000,50.740,,-0.001379,0.006,0.006,0.004,0.004,0.007
79915,2010/02/19,,11,1,1311,65129010,NFX,NEWFIELD EXPLORATION CO,,NFX,211111,N,A,R,30044,0,1,1382,65129010,,,,,,,,,13.000,138.000,,,,,,,,,,,,,,,49.620,50.970,50.620,1760500.000,-0.001184,50.570,50.600,132868.000,1.000,1.000,50.470,,-0.001184,0.002,0.002,0.002,0.002,0.002
79915,2010/02/22,,11,1,1311,65129010,NFX,NEWFIELD EXPLORATION CO,,NFX,211111,N,A,R,30044,0,1,1382,65129010,,,,,,,,,13.000,138.000,,,,,,,,,,,,,,,48.810,51.170,49.340,1681800.000,-0.025286,49.350,49.410,132868.000,1.000,1.000,50.940,,-0.025286,-0.001,-0.001,0.002,0.002,-0.001
79915,2010/02/23,,11,1,1311,65129010,NFX,NEWFIELD EXPLORATION CO,,NFX,211111,N,A,R,30044,0,1,1382,65129010,,,,,,,,,13.000,138.000,,,,,,,,,,,,,,,47.680,49.430,48.000,3129100.000,-0.027158,47.960,47.970,132868.000,1.000,1.000,49.100,,-0.027158,-0.013,-0.013,-0.008,-0.008,-0.012
79915,2010/02/24,,11,1,1311,65129010,NFX,NEWFIELD EXPLORATION CO,,NFX,211111,N,A,R,30044,0,1,1382,65129010,,,,,,,,,13.000,138.000,,,,,,,,,,,,,,,48.030,49.560,49.180,2150300.000,0.024583,49.110,49.170,132868.000,1.000,1.000,48.030,,0.024583,0.009,0.008,0.005,0.005,0.010
79915,2010/02/25,,11,1,1311,65129010,NFX,NEWFIELD EXPLORATION CO,,NFX,211111,N,A,R,30044,0,1,1382,65129010,,,,,,,,,13.000,138.000,,,,,,,,,,,,,,,47.880,50.340,50.150,2639400.000,0.019723,50.160,50.180,132868.000,1.000,1.000,48.190,,0.019723,-0.001,-0.001,-0.001,-0.001,-0.002
79915,2010/02/26,,11,1,1311,65129010,NFX,NEWFIELD EXPLORATION CO,,NFX,211111,N,A,R,30044,0,1,1382,65129010,,,,,,,,0.000,13.000,138.000,,,,,,,,,,,,,,,49.560,51.140,51.070,1866800.000,0.018345,50.980,51.020,133064.000,1.000,1.000,49.560,,0.018345,0.002,0.002,0.002,0.002,0.001
79915,2010/03/01,,11,1,1311,65129010,NFX,NEWFIELD EXPLORATION CO,,NFX,211111,N,A,R,30044,0,1,1382,65129010,,,,,,,,,13.000,138.000,,,,,,,,,,,,,,,51.270,52.730,52.140,3300700.000,0.020952,52.100,52.110,133064.000,1.000,1.000,51.470,,0.020952,0.012,0.012,0.013,0.013,0.010
79915,2010/03/02,,11,1,1311,65129010,NFX,NEWFIELD EXPLORATION CO,,NFX,211111,N,A,R,30044,0,1,1382,65129010,,,,,,,,,13.000,138.000,,,,,,,,,,,,,,,52.060,53.230,52.930,2539300.000,0.015152,52.960,52.990,133064.000,1.000,1.000,52.080,,0.015152,0.004,0.004,0.008,0.008,0.002
79915,2010/03/03,,11,1,1311,65129010,NFX,NEWFIELD EXPLORATION CO,,NFX,211111,N,A,R,30044,0,1,1382,65129010,,,,,,,,,13.000,138.000,,,,,,,,,,,,,,,53.160,54.000,53.650,2070100.000,0.013603,53.630,53.660,133064.000,1.000,1.000,53.160,,0.013603,0.002,0.001,0.003,0.003,0.000
79915,2010/03/04,,11,1,1311,65129010,NFX,NEWFIELD EXPLORATION CO,,NFX,211111,N,A,R,30044,0,1,1382,65129010,,,,,,,,,13.000,138.000,,,,,,,,,,,,,,,52.250,54.260,52.400,2210200.000,-0.023299,52.390,52.400,133064.000,1.000,1.000,53.770,,-0.023299,0.003,0.003,0.005,0.005,0.004
79915,2010/03/05,,11,1,1311,65129010,NFX,NEWFIELD EXPLORATION CO,,NFX,211111,N,A,R,30044,0,1,1382,65129010,,,,,,,,,13.000,138.000,,,,,,,,,,,,,,,52.690,53.150,52.840,1088900.000,0.008397,52.760,52.770,133064.000,1.000,1.000,52.930,,0.008397,0.014,0.014,0.015,0.015,0.014
79915,2010/03/08,,11,1,1311,65129010,NFX,NEWFIELD EXPLORATION CO,,NFX,211111,N,A,R,30044,0,1,1382,65129010,,,,,,,,,13.000,138.000,,,,,,,,,,,,,,,52.495,53.330,52.660,1302200.000,-0.003407,52.640,52.660,133064.000,1.000,1.000,53.010,,-0.003407,0.001,0.001,0.004,0.004,-0.000
79915,2010/03/09,,11,1,1311,65129010,NFX,NEWFIELD EXPLORATION CO,,NFX,211111,N,A,R,30044,0,1,1382,65129010,,,,,,,,,13.000,138.000,,,,,,,,,,,,,,,52.250,53.110,52.570,1399000.000,-0.001709,52.580,52.600,133064.000,1.000,1.000,52.290,,-0.001709,0.002,0.002,0.003,0.002,0.002
79915,2010/03/10,,11,1,1311,65129010,NFX,NEWFIELD EXPLORATION CO,,NFX,211111,N,A,R,30044,0,1,1382,65129010,,,,,,,,,13.000,138.000,,,,,,,,,,,,,,,52.280,54.320,54.310,2867900.000,0.033099,54.300,54.310,133064.000,1.000,1.000,52.310,,0.033099,0.005,0.005,0.006,0.006,0.005
79915,2010/03/11,,11,1,1311,65129010,NFX,NEWFIELD EXPLORATION CO,,NFX,211111,N,A,R,30044,0,1,1382,65129010,,,,,,,,,13.000,138.000,,,,,,,,,,,,,,,53.780,55.000,54.860,2165800.000,0.010127,54.820,54.830,133064.000,1.000,1.000,53.780,,0.010127,0.004,0.004,0.003,0.003,0.004
79915,2010/03/12,,11,1,1311,65129010,NFX,NEWFIELD EXPLORATION CO,,NFX,211111,N,A,R,30044,0,1,1382,65129010,,,,,,,,,13.000,138.000,,,,,,,,,,,,,,,54.350,55.200,54.810,1901800.000,-0.000911,54.770,54.800,133064.000,1.000,1.000,54.960,,-0.000911,0.001,0.001,0.001,0.001,-0.000
79915,2010/03/15,,11,1,1311,65129010,NFX,NEWFIELD EXPLORATION CO,,NFX,211111,N,A,R,30044,0,1,1382,65129010,,,,,,,,,13.000,138.000,,,,,,,,,,,,,,,52.540,54.560,53.640,1343300.000,-0.021347,53.660,53.690,133064.000,1.000,1.000,54.480,,-0.021347,-0.001,-0.001,-0.003,-0.003,0.000
79915,2010/03/16,,11,1,1311,65129010,NFX,NEWFIELD EXPLORATION CO,,NFX,211111,N,A,R,30044,0,1,1382,65129010,,,,,,,,,13.000,138.000,,,,,,,,,,,,,,,53.400,54.300,54.250,1153800.000,0.011372,54.200,54.240,133064.000,1.000,1.000,53.930,,0.011372,0.009,0.009,0.007,0.007,0.008
79915,2010/03/17,,11,1,1311,65129010,NFX,NEWFIELD EXPLORATION CO,,NFX,211111,N,A,R,30044,0,1,1382,65129010,,,,,,,,,13.000,138.000,,,,,,,,,,,,,,,54.060,55.000,54.220,1305600.000,-0.000553,54.230,54.240,133064.000,1.000,1.000,54.690,,-0.000553,0.006,0.006,0.005,0.005,0.006
79915,2010/03/18,,11,1,1311,65129010,NFX,NEWFIELD EXPLORATION CO,,NFX,211111,N,A,R,30044,0,1,1382,65129010,,,,,,,,,13.000,138.000,,,,,,,,,,,,,,,51.030,54.720,51.340,3037000.000,-0.053117,51.340,51.360,133064.000,1.000,1.000,54.330,,-0.053117,-0.002,-0.002,-0.003,-0.003,-0.000
79915,2010/03/19,,11,1,1311,65129010,NFX,NEWFIELD EXPLORATION CO,,NFX,211111,N,A,R,30044,0,1,1382,65129010,,,,,,,,,13.000,138.000,,,,,,,,,,,,,,,49.780,51.510,49.980,2600000.000,-0.026490,49.990,50.030,133064.000,1.000,1.000,51.370,,-0.026490,-0.007,-0.007,-0.008,-0.008,-0.005
79915,2010/03/22,,11,1,1311,65129010,NFX,NEWFIELD EXPLORATION CO,,NFX,211111,N,A,R,30044,0,1,1382,65129010,,,,,,,,,13.000,138.000,,,,,,,,,,,,,,,48.750,49.730,49.530,1959900.000,-0.009004,49.480,49.490,133064.000,1.000,1.000,49.400,,-0.009004,0.006,0.006,0.006,0.006,0.005
79915,2010/03/23,,11,1,1311,65129010,NFX,NEWFIELD EXPLORATION CO,,NFX,211111,N,A,R,30044,0,1,1382,65129010,,,,,,,,,13.000,138.000,,,,,,,,,,,,,,,49.660,50.720,50.590,1902500.000,0.021401,50.600,50.620,133064.000,1.000,1.000,49.680,,0.021401,0.008,0.008,0.008,0.008,0.007
79915,2010/03/24,,11,1,1311,65129010,NFX,NEWFIELD EXPLORATION CO,,NFX,211111,N,A,R,30044,0,1,1382,65129010,,,,,,,,,13.000,138.000,,,,,,,,,,,,,,,49.530,50.740,49.870,2240900.000,-0.014232,49.800,49.850,133064.000,1.000,1.000,50.020,,-0.014232,-0.007,-0.007,-0.005,-0.005,-0.005
79915,2010/03/25,,11,1,1311,65129010,NFX,NEWFIELD EXPLORATION CO,,NFX,211111,N,A,R,30044,0,1,1382,65129010,,,,,,,,,13.000,138.000,,,,,,,,,,,,,,,48.250,50.690,48.350,1586200.000,-0.030479,48.380,48.410,133064.000,1.000,1.000,50.420,,-0.030479,-0.002,-0.002,-0.003,-0.004,-0.002
79915,2010/03/26,,11,1,1311,65129010,NFX,NEWFIELD EXPLORATION CO,,NFX,211111,N,A,R,30044,0,1,1382,65129010,,,,,,,,,13.000,138.000,,,,,,,,,,,,,,,47.210,48.650,47.590,2019500.000,-0.015719,47.560,47.580,133064.000,1.000,1.000,48.650,,-0.015719,0.001,0.001,0.001,0.001,0.001
79915,2010/03/29,,11,1,1311,65129010,NFX,NEWFIELD EXPLORATION CO,,NFX,211111,N,A,R,30044,0,1,1382,65129010,,,,,,,,,13.000,138.000,,,,,,,,,,,,,,,47.880,49.910,49.860,1745800.000,0.047699,49.810,49.840,133064.000,1.000,1.000,47.920,,0.047699,0.007,0.007,0.006,0.005,0.006
79915,2010/03/30,,11,1,1311,65129010,NFX,NEWFIELD EXPLORATION CO,,NFX,211111,N,A,R,30044,0,1,1382,65129010,,,,,,,,,13.000,138.000,,,,,,,,,,,,,,,49.760,51.040,50.630,2277700.000,0.015443,50.600,50.640,133064.000,1.000,1.000,49.800,,0.015443,0.000,0.000,0.002,0.002,0.000
79915,2010/03/31,,11,1,1311,65129010,NFX,NEWFIELD EXPLORATION CO,,NFX,211111,N,A,R,30044,0,1,1382,65129010,,,,,,,,0.000,13.000,138.000,,,,,,,,,,,,,,,50.540,52.560,52.050,2974900.000,0.028047,52.060,52.110,133449.000,1.000,1.000,50.590,,0.028047,-0.003,-0.003,-0.003,-0.003,-0.003
79915,2010/04/01,,11,1,1311,65129010,NFX,NEWFIELD EXPLORATION CO,,NFX,211111,N,A,R,30044,0,1,1382,65129010,,,,,,,,,13.000,138.000,,,,,,,,,,,,,,,52.520,54.860,54.330,2573500.000,0.043804,54.260,54.310,133449.000,1.000,1.000,52.520,,0.043804,0.009,0.009,0.007,0.007,0.007
79915,2010/04/05,,11,1,1311,65129010,NFX,NEWFIELD EXPLORATION CO,,NFX,211111,N,A,R,30044,0,1,1382,65129010,,,,,,,,,13.000,138.000,,,,,,,,,,,,,,,54.590,55.550,55.490,1272200.000,0.021351,55.420,55.430,133449.000,1.000,1.000,54.670,,0.021351,0.010,0.010,0.013,0.013,0.008
79915,2010/04/06,,11,1,1311,65129010,NFX,NEWFIELD EXPLORATION CO,,NFX,211111,N,A,R,30044,0,1,1382,65129010,,,,,,,,,13.000,138.000,,,,,,,,,,,,,,,55.050,55.920,55.780,1170100.000,0.005226,55.740,55.760,133449.000,1.000,1.000,55.230,,0.005226,0.002,0.002,0.005,0.005,0.002
79915,2010/04/07,,11,1,1311,65129010,NFX,NEWFIELD EXPLORATION CO,,NFX,211111,N,A,R,30044,0,1,1382,65129010,,,,,,,,,13.000,138.000,,,,,,,,,,,,,,,54.810,55.960,55.570,1521600.000,-0.003765,55.560,55.580,133449.000,1.000,1.000,55.550,,-0.003765,-0.005,-0.006,-0.001,-0.001,-0.006
79915,2010/04/08,,11,1,1311,65129010,NFX,NEWFIELD EXPLORATION CO,,NFX,211111,N,A,R,30044,0,1,1382,65129010,,,,,,,,,13.000,138.000,,,,,,,,,,,,,,,52.940,55.610,55.470,2179000.000,-0.001800,55.420,55.470,133449.000,1.000,1.000,54.290,,-0.001800,0.003,0.003,0.003,0.003,0.003
79915,2010/04/09,,11,1,1311,65129010,NFX,NEWFIELD EXPLORATION CO,,NFX,211111,N,A,R,30044,0,1,1382,65129010,,,,,,,,,13.000,138.000,,,,,,,,,,,,,,,55.000,57.000,55.210,2051300.000,-0.004687,55.200,55.210,133449.000,1.000,1.000,56.160,,-0.004687,0.007,0.007,0.006,0.006,0.007
79915,2010/04/12,,11,1,1311,65129010,NFX,NEWFIELD EXPLORATION CO,,NFX,211111,N,A,R,30044,0,1,1382,65129010,,,,,,,,,13.000,138.000,,,,,,,,,,,,,,,54.070,55.400,54.360,1717000.000,-0.015396,54.320,54.350,133449.000,1.000,1.000,55.250,,-0.015396,0.002,0.002,0.004,0.004,0.002
79915,2010/04/13,,11,1,1311,65129010,NFX,NEWFIELD EXPLORATION CO,,NFX,211111,N,A,R,30044,0,1,1382,65129010,,,,,,,,,13.000,138.000,,,,,,,,,,,,,,,53.120,54.650,53.800,1926900.000,-0.010302,53.780,53.800,133449.000,1.000,1.000,54.200,,-0.010302,0.001,0.001,0.002,0.001,0.001
79915,2010/04/14,,11,1,1311,65129010,NFX,NEWFIELD EXPLORATION CO,,NFX,211111,N,A,R,30044,0,1,1382,65129010,,,,,,,,,13.000,138.000,,,,,,,,,,,,,,,53.001,54.420,54.000,1261000.000,0.003717,53.980,53.990,133449.000,1.000,1.000,54.420,,0.003717,0.012,0.012,0.015,0.015,0.011
79915,2010/04/15,,11,1,1311,65129010,NFX,NEWFIELD EXPLORATION CO,,NFX,211111,N,A,R,30044,0,1,1382,65129010,,,,,,,,,13.000,138.000,,,,,,,,,,,,,,,53.670,54.250,53.730,1010900.000,-0.005000,53.750,53.780,133449.000,1.000,1.000,53.740,,-0.005000,0.000,0.000,0.003,0.003,0.001
79915,2010/04/16,,11,1,1311,65129010,NFX,NEWFIELD EXPLORATION CO,,NFX,211111,N,A,R,30044,0,1,1382,65129010,,,,,,,,,13.000,138.000,,,,,,,,,,,,,,,52.050,53.750,52.740,1353600.000,-0.018425,52.710,52.740,133449.000,1.000,1.000,53.270,,-0.018425,-0.016,-0.016,-0.011,-0.011,-0.016
79915,2010/04/19,,11,1,1311,65129010,NFX,NEWFIELD EXPLORATION CO,,NFX,211111,N,A,R,30044,0,1,1382,65129010,,,,,,,,,13.000,138.000,,,,,,,,,,,,,,,51.300,52.730,52.610,1285300.000,-0.002465,52.560,52.590,133449.000,1.000,1.000,52.310,,-0.002465,0.002,0.002,-0.003,-0.003,0.005
79915,2010/04/20,,11,1,1311,65129010,NFX,NEWFIELD EXPLORATION CO,,NFX,211111,N,A,R,30044,0,1,1382,65129010,,,,,,,,,13.000,138.000,,,,,,,,,,,,,,,53.020,54.350,54.060,1107400.000,0.027561,54.070,54.110,133449.000,1.000,1.000,53.020,,0.027561,0.010,0.010,0.012,0.012,0.008
79915,2010/04/21,,11,1,1311,65129010,NFX,NEWFIELD EXPLORATION CO,,NFX,211111,N,A,R,30044,0,1,1382,65129010,,,,,,,,,13.000,138.000,,,,,,,,,,,,,,,53.360,54.420,53.660,1079700.000,-0.007399,53.670,53.680,133449.000,1.000,1.000,54.250,,-0.007399,-0.001,-0.001,0.003,0.003,-0.001
79915,2010/04/22,,11,1,1311,65129010,NFX,NEWFIELD EXPLORATION CO,,NFX,211111,N,A,R,30044,0,1,1382,65129010,,,,,,,,,13.000,138.000,,,,,,,,,,,,,,,52.610,53.930,53.710,1301600.000,0.000932,53.720,53.750,133449.000,1.000,1.000,52.730,,0.000932,0.004,0.004,0.008,0.007,0.002
79915,2010/04/23,,11,1,1311,65129010,NFX,NEWFIELD EXPLORATION CO,,NFX,211111,N,A,R,30044,0,1,1382,65129010,,,,,,,,,13.000,138.000,,,,,,,,,,,,,,,53.980,56.890,56.740,2063800.000,0.056414,56.690,56.730,133449.000,1.000,1.000,53.980,,0.056414,0.007,0.007,0.010,0.010,0.007
79915,2010/04/26,,11,1,1311,65129010,NFX,NEWFIELD EXPLORATION CO,,NFX,211111,N,A,R,30044,0,1,1382,65129010,,,,,,,,,13.000,138.000,,,,,,,,,,,,,,,56.100,58.100,57.150,2053700.000,0.007226,57.180,57.210,133449.000,1.000,1.000,56.490,,0.007226,-0.003,-0.003,0.003,0.003,-0.004
79915,2010/04/27,,11,1,1311,65129010,NFX,NEWFIELD EXPLORATION CO,,NFX,211111,N,A,R,30044,0,1,1382,65129010,,,,,,,,,13.000,138.000,,,,,,,,,,,,,,,55.430,57.740,55.690,3090200.000,-0.025547,55.710,55.740,133449.000,1.000,1.000,56.440,,-0.025547,-0.024,-0.024,-0.019,-0.019,-0.023
79915,2010/04/28,,11,1,1311,65129010,NFX,NEWFIELD EXPLORATION CO,,NFX,211111,N,A,R,30044,0,1,1382,65129010,,,,,,,,,13.000,138.000,,,,,,,,,,,,,,,55.570,57.790,57.120,2212100.000,0.025678,57.060,57.080,133449.000,1.000,1.000,56.240,,0.025678,0.005,0.005,0.002,0.001,0.006
79915,2010/04/29,,11,1,1311,65129010,NFX,NEWFIELD EXPLORATION CO,,NFX,211111,N,A,R,30044,0,1,1382,65129010,,,,,,,,,13.000,138.000,,,,,,,,,,,,,,,57.010,59.500,58.020,2772300.000,0.015756,57.990,58.020,133449.000,1.000,1.000,57.690,,0.015756,0.014,0.014,0.013,0.013,0.013
79915,2010/04/30,,11,1,1311,65129010,NFX,NEWFIELD EXPLORATION CO,,NFX,211111,N,A,R,30044,0,1,1382,65129010,,,,,,,,0.000,13.000,138.000,,,,,,,,,,,,,,,58.140,60.500,58.190,3873700.000,0.002930,58.200,58.210,133449.000,1.000,1.000,58.700,,0.002930,-0.017,-0.017,-0.015,-0.015,-0.017
79915,2010/05/03,,11,1,1311,65129010,NFX,NEWFIELD EXPLORATION CO,,NFX,211111,N,A,R,30044,0,1,1382,65129010,,,,,,,,,13.000,138.000,,,,,,,,,,,,,,,57.780,59.805,59.260,1564200.000,0.018388,59.240,59.260,133449.000,1.000,1.000,58.460,,0.018388,0.013,0.013,0.011,0.011,0.013
79915,2010/05/04,,11,1,1311,65129010,NFX,NEWFIELD EXPLORATION CO,,NFX,211111,N,A,R,30044,0,1,1382,65129010,,,,,,,,,13.000,138.000,,,,,,,,,,,,,,,57.100,59.030,57.750,1577700.000,-0.025481,57.770,57.800,133449.000,1.000,1.000,58.150,,-0.025481,-0.025,-0.025,-0.024,-0.024,-0.024
79915,2010/05/05,,11,1,1311,65129010,NFX,NEWFIELD EXPLORATION CO,,NFX,211111,N,A,R,30044,0,1,1382,65129010,,,,,,,,,13.000,138.000,,,,,,,,,,,,,,,54.240,56.650,54.660,3364700.000,-0.053506,54.710,54.740,133449.000,1.000,1.000,55.850,,-0.053506,-0.009,-0.009,-0.014,-0.014,-0.007
79915,2010/05/06,,11,1,1311,65129010,NFX,NEWFIELD EXPLORATION CO,,NFX,211111,N,A,R,30044,0,1,1382,65129010,,,,,,,,,13.000,138.000,,,,,,,,,,,,,,,49.930,56.000,53.150,2714900.000,-0.027625,53.130,53.140,133449.000,1.000,1.000,54.040,,-0.027625,-0.033,-0.033,-0.034,-0.034,-0.032
79915,2010/05/07,,11,1,1311,65129010,NFX,NEWFIELD EXPLORATION CO,,NFX,211111,N,A,R,30044,0,1,1382,65129010,,,,,,,,,13.000,138.000,,,,,,,,,,,,,,,50.200,53.460,51.080,3970900.000,-0.038946,51.010,51.030,133449.000,1.000,1.000,52.740,,-0.038946,-0.016,-0.016,-0.017,-0.017,-0.015
79915,2010/05/10,,11,1,1311,65129010,NFX,NEWFIELD EXPLORATION CO,,NFX,211111,N,A,R,30044,0,1,1382,65129010,,,,,,,,,13.000,138.000,,,,,,,,,,,,,,,53.060,54.880,54.780,2281100.000,0.072435,54.750,54.770,133449.000,1.000,1.000,53.500,,0.072435,0.045,0.045,0.043,0.043,0.044
79915,2010/05/11,,11,1,1311,65129010,NFX,NEWFIELD EXPLORATION CO,,NFX,211111,N,A,R,30044,0,1,1382,65129010,,,,,,,,,13.000,138.000,,,,,,,,,,,,,,,53.830,55.630,54.340,1633500.000,-0.008032,54.320,54.340,133449.000,1.000,1.000,53.830,,-0.008032,-0.001,-0.001,0.004,0.004,-0.003
79915,2010/05/12,,11,1,1311,65129010,NFX,NEWFIELD EXPLORATION CO,,NFX,211111,N,A,R,30044,0,1,1382,65129010,,,,,,,,,13.000,138.000,,,,,,,,,,,,,,,54.710,56.850,56.690,1611300.000,0.043246,56.650,56.670,133449.000,1.000,1.000,54.710,,0.043246,0.016,0.016,0.019,0.019,0.014
79915,2010/05/13,,11,1,1311,65129010,NFX,NEWFIELD EXPLORATION CO,,NFX,211111,N,A,R,30044,0,1,1382,65129010,,,,,,,,,13.000,138.000,,,,,,,,,,,,,,,55.740,57.260,56.340,1337100.000,-0.006174,56.320,56.330,133449.000,1.000,1.000,56.130,,-0.006174,-0.011,-0.011,-0.005,-0.005,-0.012
79915,2010/05/14,,11,1,1311,65129010,NFX,NEWFIELD EXPLORATION CO,,NFX,211111,N,A,R,30044,0,1,1382,65129010,,,,,,,,,13.000,138.000,,,,,,,,,,,,,,,53.450,56.040,53.970,1763800.000,-0.042066,53.990,54.000,133449.000,1.000,1.000,55.990,,-0.042066,-0.019,-0.019,-0.019,-0.019,-0.019
79915,2010/05/17,,11,1,1311,65129010,NFX,NEWFIELD EXPLORATION CO,,NFX,211111,N,A,R,30044,0,1,1382,65129010,,,,,,,,,13.000,138.000,,,,,,,,,,,,,,,51.370,54.460,52.510,1679100.000,-0.027052,52.520,52.560,133449.000,1.000,1.000,54.000,,-0.027052,-0.001,-0.001,-0.003,-0.003,0.001
79915,2010/05/18,,11,1,1311,65129010,NFX,NEWFIELD EXPLORATION CO,,NFX,211111,N,A,R,30044,0,1,1382,65129010,,,,,,,,,13.000,138.000,,,,,,,,,,,,,,,51.240,53.920,51.440,1877800.000,-0.020377,51.450,51.470,133449.000,1.000,1.000,53.450,,-0.020377,-0.014,-0.014,-0.013,-0.013,-0.014
79915,2010/05/19,,11,1,1311,65129010,NFX,NEWFIELD EXPLORATION CO,,NFX,211111,N,A,R,30044,0,1,1382,65129010,,,,,,,,,13.000,138.000,,,,,,,,,,,,,,,48.870,51.430,50.070,2329700.000,-0.026633,50.090,50.110,133449.000,1.000,1.000,51.050,,-0.026633,-0.007,-0.007,-0.013,-0.013,-0.005
79915,2010/05/20,,11,1,1311,65129010,NFX,NEWFIELD EXPLORATION CO,,NFX,211111,N,A,R,30044,0,1,1382,65129010,,,,,,,,,13.000,138.000,,,,,,,,,,,,,,,46.520,48.610,46.600,3360900.000,-0.069303,46.620,46.630,133449.000,1.000,1.000,48.600,,-0.069303,-0.040,-0.040,-0.039,-0.039,-0.039
79915,2010/05/21,,11,1,1311,65129010,NFX,NEWFIELD EXPLORATION CO,,NFX,211111,N,A,R,30044,0,1,1382,65129010,,,,,,,,,13.000,138.000,,,,,,,,,,,,,,,44.810,48.430,48.100,2761400.000,0.032189,48.110,48.130,133449.000,1.000,1.000,45.410,,0.032189,0.015,0.015,0.012,0.012,0.015
79915,2010/05/24,,11,1,1311,65129010,NFX,NEWFIELD EXPLORATION CO,,NFX,211111,N,A,R,30044,0,1,1382,65129010,,,,,,,,,13.000,138.000,,,,,,,,,,,,,,,47.000,48.140,47.100,1750600.000,-0.020790,47.110,47.140,133449.000,1.000,1.000,48.140,,-0.020790,-0.012,-0.012,-0.007,-0.007,-0.013
79915,2010/05/25,,11,1,1311,65129010,NFX,NEWFIELD EXPLORATION CO,,NFX,211111,N,A,R,30044,0,1,1382,65129010,,,,,,,,,13.000,138.000,,,,,,,,,,,,,,,45.190,47.840,47.740,1952200.000,0.013588,47.750,47.780,133449.000,1.000,1.000,45.660,,0.013588,-0.000,-0.000,-0.006,-0.006,0.000
79915,2010/05/26,,11,1,1311,65129010,NFX,NEWFIELD EXPLORATION CO,,NFX,211111,N,A,R,30044,0,1,1382,65129010,,,,,,,,,13.000,138.000,,,,,,,,,,,,,,,47.760,49.740,48.030,1964600.000,0.006075,47.990,48.030,133449.000,1.000,1.000,48.890,,0.006075,-0.003,-0.003,0.005,0.004,-0.006
79915,2010/05/27,,11,1,1311,65129010,NFX,NEWFIELD EXPLORATION CO,,NFX,211111,N,A,R,30044,0,1,1382,65129010,,,,,,,,,13.000,138.000,,,,,,,,,,,,,,,49.370,51.040,51.000,2517600.000,0.061836,51.030,51.040,133449.000,1.000,1.000,49.630,,0.061836,0.035,0.035,0.034,0.034,0.033
79915,2010/05/28,,11,1,1311,65129010,NFX,NEWFIELD EXPLORATION CO,,NFX,211111,N,A,R,30044,0,1,1382,65129010,,,,,,,,0.000,13.000,138.000,,,,,,,,,,,,,,,50.530,52.660,52.060,3455200.000,0.020784,52.090,52.120,133399.000,1.000,1.000,51.000,,0.020784,-0.012,-0.012,-0.007,-0.007,-0.012
79915,2010/06/01,,11,1,1311,65129010,NFX,NEWFIELD EXPLORATION CO,,NFX,211111,N,A,R,30044,0,1,1382,65129010,,,,,,,,,13.000,138.000,,,,,,,,,,,,,,,49.330,53.000,49.470,3178700.000,-0.049750,49.440,49.470,133399.000,1.000,1.000,52.830,,-0.049750,-0.019,-0.019,-0.021,-0.021,-0.017
79915,2010/06/02,,11,1,1311,65129010,NFX,NEWFIELD EXPLORATION CO,,NFX,211111,N,A,R,30044,0,1,1382,65129010,,,,,,,,,13.000,138.000,,,,,,,,,,,,,,,49.200,51.400,51.390,3364800.000,0.038811,51.360,51.380,133399.000,1.000,1.000,50.070,,0.038811,0.027,0.026,0.020,0.020,0.026
79915,2010/06/03,,11,1,1311,65129010,NFX,NEWFIELD EXPLORATION CO,,NFX,211111,N,A,R,30044,0,1,1382,65129010,,,,,,,,,13.000,138.000,,,,,,,,,,,,,,,50.110,52.550,52.180,2137500.000,0.015373,52.180,52.190,133399.000,1.000,1.000,51.880,,0.015373,0.005,0.005,0.006,0.005,0.004
79915,2010/06/04,,11,1,1311,65129010,NFX,NEWFIELD EXPLORATION CO,,NFX,211111,N,A,R,30044,0,1,1382,65129010,,,,,,,,,13.000,138.000,,,,,,,,,,,,,,,49.600,53.060,49.910,2040100.000,-0.043503,49.940,49.980,133399.000,1.000,1.000,50.330,,-0.043503,-0.036,-0.036,-0.032,-0.032,-0.034
79915,2010/06/07,,11,1,1311,65129010,NFX,NEWFIELD EXPLORATION CO,,NFX,211111,N,A,R,30044,0,1,1382,65129010,,,,,,,,,13.000,138.000,,,,,,,,,,,,,,,49.830,51.660,49.940,1592900.000,0.000601,49.940,49.970,133399.000,1.000,1.000,50.230,,0.000601,-0.014,-0.014,-0.018,-0.018,-0.014
79915,2010/06/08,,11,1,1311,65129010,NFX,NEWFIELD EXPLORATION CO,,NFX,211111,N,A,R,30044,0,1,1382,65129010,,,,,,,,,13.000,138.000,,,,,,,,,,,,,,,49.630,51.840,51.650,1922900.000,0.034241,51.640,51.650,133399.000,1.000,1.000,50.100,,0.034241,0.009,0.009,-0.001,-0.001,0.011
79915,2010/06/09,,11,1,1311,65129010,NFX,NEWFIELD EXPLORATION CO,,NFX,211111,N,A,R,30044,0,1,1382,65129010,,,,,,,,,13.000,138.000,,,,,,,,,,,,,,,51.280,54.410,51.630,1735400.000,-0.000387,51.650,51.680,133399.000,1.000,1.000,52.280,,-0.000387,-0.004,-0.004,-0.000,-0.000,-0.006
79915,2010/06/10,,11,1,1311,65129010,NFX,NEWFIELD EXPLORATION CO,,NFX,211111,N,A,R,30044,0,1,1382,65129010,,,,,,,,,13.000,138.000,,,,,,,,,,,,,,,52.355,54.000,53.800,1782000.000,0.042030,53.780,53.790,133399.000,1.000,1.000,53.060,,0.042030,0.030,0.029,0.025,0.025,0.030
79915,2010/06/11,,11,1,1311,65129010,NFX,NEWFIELD EXPLORATION CO,,NFX,211111,N,A,R,30044,0,1,1382,65129010,,,,,,,,,13.000,138.000,,,,,,,,,,,,,,,53.030,54.590,54.390,1714600.000,0.010967,54.400,54.440,133399.000,1.000,1.000,53.030,,0.010967,0.006,0.006,0.009,0.009,0.004
79915,2010/06/14,,11,1,1311,65129010,NFX,NEWFIELD EXPLORATION CO,,NFX,211111,N,A,R,30044,0,1,1382,65129010,,,,,,,,,13.000,138.000,,,,,,,,,,,,,,,53.970,55.500,54.230,1488400.000,-0.002942,54.240,54.310,133399.000,1.000,1.000,55.000,,-0.002942,0.000,-0.000,0.004,0.004,-0.002
79915,2010/06/15,,11,1,1311,65129010,NFX,NEWFIELD EXPLORATION CO,,NFX,211111,N,A,R,30044,0,1,1382,65129010,,,,,,,,,13.000,138.000,,,,,,,,,,,,,,,55.200,57.120,57.050,1998400.000,0.052001,56.970,57.010,133399.000,1.000,1.000,55.200,,0.052001,0.024,0.024,0.019,0.019,0.023
79915,2010/06/16,,11,1,1311,65129010,NFX,NEWFIELD EXPLORATION CO,,NFX,211111,N,A,R,30044,0,1,1382,65129010,,,,,,,,,13.000,138.000,,,,,,,,,,,,,,,55.850,57.100,56.750,1783500.000,-0.005259,56.680,56.700,133399.000,1.000,1.000,56.330,,-0.005259,-0.001,-0.001,-0.002,-0.002,-0.001
79915,2010/06/17,,11,1,1311,65129010,NFX,NEWFIELD EXPLORATION CO,,NFX,211111,N,A,R,30044,0,1,1382,65129010,,,,,,,,,13.000,138.000,,,,,,,,,,,,,,,55.650,57.180,56.280,1640500.000,-0.008282,56.310,56.320,133399.000,1.000,1.000,56.800,,-0.008282,0.001,0.001,-0.000,-0.000,0.001
79915,2010/06/18,,11,1,1311,65129010,NFX,NEWFIELD EXPLORATION CO,,NFX,211111,N,A,R,30044,0,1,1382,65129010,,,,,,,,,13.000,138.000,,,,,,,,,,,,,,,55.300,56.420,55.510,1949400.000,-0.013682,55.460,55.490,133399.000,1.000,1.000,55.750,,-0.013682,0.002,0.002,0.003,0.003,0.001
79915,2010/06/21,,11,1,1311,65129010,NFX,NEWFIELD EXPLORATION CO,,NFX,211111,N,A,R,30044,0,1,1382,65129010,,,,,,,,,13.000,138.000,,,,,,,,,,,,,,,55.510,57.540,55.970,1523800.000,0.008287,55.900,55.930,133399.000,1.000,1.000,55.980,,0.008287,-0.004,-0.004,-0.006,-0.006,-0.004
79915,2010/06/22,,11,1,1311,65129010,NFX,NEWFIELD EXPLORATION CO,,NFX,211111,N,A,R,30044,0,1,1382,65129010,,,,,,,,,13.000,138.000,,,,,,,,,,,,,,,53.400,55.870,53.510,1402200.000,-0.043952,53.580,53.590,133399.000,1.000,1.000,55.620,,-0.043952,-0.016,-0.016,-0.014,-0.014,-0.016
79915,2010/06/23,,11,1,1311,65129010,NFX,NEWFIELD EXPLORATION CO,,NFX,211111,N,A,R,30044,0,1,1382,65129010,,,,,,,,,13.000,138.000,,,,,,,,,,,,,,,52.360,53.830,53.430,1189000.000,-0.001495,53.480,53.490,133399.000,1.000,1.000,53.400,,-0.001495,-0.003,-0.003,-0.002,-0.002,-0.003
79915,2010/06/24,,11,1,1311,65129010,NFX,NEWFIELD EXPLORATION CO,,NFX,211111,N,A,R,30044,0,1,1382,65129010,,,,,,,,,13.000,138.000,,,,,,,,,,,,,,,51.810,53.370,52.100,1167900.000,-0.024892,52.070,52.090,133399.000,1.000,1.000,53.000,,-0.024892,-0.016,-0.016,-0.012,-0.012,-0.017
79915,2010/06/25,,11,1,1311,65129010,NFX,NEWFIELD EXPLORATION CO,,NFX,211111,N,A,R,30044,0,1,1382,65129010,,,,,,,,,13.000,138.000,,,,,,,,,,,,,,,51.230,52.950,52.270,1717900.000,0.003263,52.270,52.350,133399.000,1.000,1.000,52.150,,0.003263,0.006,0.006,0.010,0.010,0.003
79915,2010/06/28,,11,1,1311,65129010,NFX,NEWFIELD EXPLORATION CO,,NFX,211111,N,A,R,30044,0,1,1382,65129010,,,,,,,,,13.000,138.000,,,,,,,,,,,,,,,51.320,52.490,51.760,1087800.000,-0.009757,51.750,51.760,133399.000,1.000,1.000,51.820,,-0.009757,-0.003,-0.003,-0.005,-0.005,-0.002
79915,2010/06/29,,11,1,1311,65129010,NFX,NEWFIELD EXPLORATION CO,,NFX,211111,N,A,R,30044,0,1,1382,65129010,,,,,,,,,13.000,138.000,,,,,,,,,,,,,,,48.760,50.770,49.160,1606800.000,-0.050232,49.100,49.120,133399.000,1.000,1.000,50.680,,-0.050232,-0.033,-0.033,-0.031,-0.031,-0.031
79915,2010/06/30,,11,1,1311,65129010,NFX,NEWFIELD EXPLORATION CO,,NFX,211111,N,A,R,30044,0,1,1382,65129010,,,,,,,,0.000,13.000,138.000,,,,,,,,,,,,,,,48.310,49.900,48.860,1705100.000,-0.006103,48.870,48.900,133399.000,1.000,1.000,49.030,,-0.006103,-0.009,-0.009,-0.006,-0.006,-0.010
79915,2010/07/01,,11,1,1311,65129010,NFX,NEWFIELD EXPLORATION CO,,NFX,211111,N,A,R,30044,0,1,1382,65129010,,,,,,,,,13.000,138.000,,,,,,,,,,,,,,,46.180,49.420,47.790,2524100.000,-0.021899,47.820,47.860,133399.000,1.000,1.000,49.000,,-0.021899,-0.004,-0.004,-0.008,-0.008,-0.003
79915,2010/07/02,,11,1,1311,65129010,NFX,NEWFIELD EXPLORATION CO,,NFX,211111,N,A,R,30044,0,1,1382,65129010,,,,,,,,,13.000,138.000,,,,,,,,,,,,,,,46.970,48.630,47.330,1112200.000,-0.009625,47.310,47.330,133399.000,1.000,1.000,48.300,,-0.009625,-0.005,-0.005,-0.004,-0.004,-0.005
79915,2010/07/06,,11,1,1311,65129010,NFX,NEWFIELD EXPLORATION CO,,NFX,211111,N,A,R,30044,0,1,1382,65129010,,,,,,,,,13.000,138.000,,,,,,,,,,,,,,,47.810,49.570,48.530,1786900.000,0.025354,48.470,48.500,133399.000,1.000,1.000,49.000,,0.025354,0.003,0.003,-0.006,-0.006,0.005
79915,2010/07/07,,11,1,1311,65129010,NFX,NEWFIELD EXPLORATION CO,,NFX,211111,N,A,R,30044,0,1,1382,65129010,,,,,,,,,13.000,138.000,,,,,,,,,,,,,,,48.650,51.130,51.060,2041900.000,0.052133,51.060,51.070,133399.000,1.000,1.000,48.790,,0.052133,0.031,0.031,0.022,0.022,0.031
79915,2010/07/08,,11,1,1311,65129010,NFX,NEWFIELD EXPLORATION CO,,NFX,211111,N,A,R,30044,0,1,1382,65129010,,,,,,,,,13.000,138.000,,,,,,,,,,,,,,,51.010,52.670,52.450,1566100.000,0.027223,52.410,52.430,133399.000,1.000,1.000,51.940,,0.027223,0.010,0.010,0.010,0.010,0.009
79915,2010/07/09,,11,1,1311,65129010,NFX,NEWFIELD EXPLORATION CO,,NFX,211111,N,A,R,30044,0,1,1382,65129010,,,,,,,,,13.000,138.000,,,,,,,,,,,,,,,50.390,52.500,52.030,3099800.000,-0.008008,51.950,51.970,133399.000,1.000,1.000,52.350,,-0.008008,0.009,0.009,0.012,0.012,0.007
79915,2010/07/12,,11,1,1311,65129010,NFX,NEWFIELD EXPLORATION CO,,NFX,211111,N,A,R,30044,0,1,1382,65129010,,,,,,,,,13.000,138.000,,,,,,,,,,,,,,,49.980,51.870,50.870,2016800.000,-0.022295,50.870,50.900,133399.000,1.000,1.000,51.570,,-0.022295,-0.001,-0.001,-0.005,-0.006,0.001
79915,2010/07/13,,11,1,1311,65129010,NFX,NEWFIELD EXPLORATION CO,,NFX,211111,N,A,R,30044,0,1,1382,65129010,,,,,,,,,13.000,138.000,,,,,,,,,,,,,,,50.780,51.890,51.460,1050500.000,0.011598,51.390,51.400,133399.000,1.000,1.000,51.890,,0.011598,0.017,0.017,0.022,0.021,0.015
79915,2010/07/14,,11,1,1311,65129010,NFX,NEWFIELD EXPLORATION CO,,NFX,211111,N,A,R,30044,0,1,1382,65129010,,,,,,,,,13.000,138.000,,,,,,,,,,,,,,,50.530,52.630,51.380,863900.000,-0.001555,51.350,51.360,133399.000,1.000,1.000,51.040,,-0.001555,-0.001,-0.001,-0.001,-0.001,-0.000
79915,2010/07/15,,11,1,1311,65129010,NFX,NEWFIELD EXPLORATION CO,,NFX,211111,N,A,R,30044,0,1,1382,65129010,,,,,,,,,13.000,138.000,,,,,,,,,,,,,,,50.060,51.490,51.260,1127100.000,-0.002336,51.200,51.240,133399.000,1.000,1.000,51.390,,-0.002336,0.000,0.000,-0.004,-0.004,0.001
79915,2010/07/16,,11,1,1311,65129010,NFX,NEWFIELD EXPLORATION CO,,NFX,211111,N,A,R,30044,0,1,1382,65129010,,,,,,,,,13.000,138.000,,,,,,,,,,,,,,,49.090,50.670,49.560,1297600.000,-0.033164,49.600,49.630,133399.000,1.000,1.000,50.590,,-0.033164,-0.029,-0.029,-0.024,-0.024,-0.029
79915,2010/07/19,,11,1,1311,65129010,NFX,NEWFIELD EXPLORATION CO,,NFX,211111,N,A,R,30044,0,1,1382,65129010,,,,,,,,,13.000,138.000,,,,,,,,,,,,,,,49.160,50.290,50.090,958200.000,0.010694,50.110,50.130,133399.000,1.000,1.000,49.700,,0.010694,0.005,0.005,0.003,0.003,0.006
79915,2010/07/20,,11,1,1311,65129010,NFX,NEWFIELD EXPLORATION CO,,NFX,211111,N,A,R,30044,0,1,1382,65129010,,,,,,,,,13.000,138.000,,,,,,,,,,,,,,,48.920,51.580,51.270,1279600.000,0.023558,51.190,51.200,133399.000,1.000,1.000,48.930,,0.023558,0.013,0.012,0.012,0.011,0.011
79915,2010/07/21,,11,1,1311,65129010,NFX,NEWFIELD EXPLORATION CO,,NFX,211111,N,A,R,30044,0,1,1382,65129010,,,,,,,,,13.000,138.000,,,,,,,,,,,,,,,49.610,51.690,50.110,927800.000,-0.022625,50.100,50.110,133399.000,1.000,1.000,51.630,,-0.022625,-0.013,-0.013,-0.010,-0.010,-0.013
79915,2010/07/22,,11,1,1311,65129010,NFX,NEWFIELD EXPLORATION CO,,NFX,211111,N,A,R,30044,0,1,1382,65129010,,,,,,,,,13.000,138.000,,,,,,,,,,,,,,,50.940,52.460,52.210,2233700.000,0.041908,52.130,52.190,133399.000,1.000,1.000,50.940,,0.041908,0.024,0.023,0.023,0.023,0.023
79915,2010/07/23,,11,1,1311,65129010,NFX,NEWFIELD EXPLORATION CO,,NFX,211111,N,A,R,30044,0,1,1382,65129010,,,,,,,,,13.000,138.000,,,,,,,,,,,,,,,50.170,52.340,51.500,2193500.000,-0.013599,51.420,51.470,133399.000,1.000,1.000,51.820,,-0.013599,0.010,0.010,0.014,0.014,0.008
79915,2010/07/26,,11,1,1311,65129010,NFX,NEWFIELD EXPLORATION CO,,NFX,211111,N,A,R,30044,0,1,1382,65129010,,,,,,,,,13.000,138.000,,,,,,,,,,,,,,,51.340,52.750,52.640,908600.000,0.022136,52.620,52.630,133399.000,1.000,1.000,51.390,,0.022136,0.012,0.012,0.014,0.014,0.011
79915,2010/07/27,,11,1,1311,65129010,NFX,NEWFIELD EXPLORATION CO,,NFX,211111,N,A,R,30044,0,1,1382,65129010,,,,,,,,,13.000,138.000,,,,,,,,,,,,,,,52.160,53.800,53.360,2554000.000,0.013678,53.370,53.380,133399.000,1.000,1.000,53.020,,0.013678,-0.003,-0.003,-0.002,-0.002,-0.001
79915,2010/07/28,,11,1,1311,65129010,NFX,NEWFIELD EXPLORATION CO,,NFX,211111,N,A,R,30044,0,1,1382,65129010,,,,,,,,,13.000,138.000,,,,,,,,,,,,,,,52.960,54.240,53.410,1611500.000,0.000937,53.360,53.390,133399.000,1.000,1.000,53.100,,0.000937,-0.007,-0.008,-0.008,-0.008,-0.007
79915,2010/07/29,,11,1,1311,65129010,NFX,NEWFIELD EXPLORATION CO,,NFX,211111,N,A,R,30044,0,1,1382,65129010,,,,,,,,,13.000,138.000,,,,,,,,,,,,,,,52.440,54.680,53.200,1476700.000,-0.003932,53.160,53.200,133399.000,1.000,1.000,53.920,,-0.003932,-0.003,-0.003,0.000,0.000,-0.004
79915,2010/07/30,,11,1,1311,65129010,NFX,NEWFIELD EXPLORATION CO,,NFX,211111,N,A,R,30044,0,1,1382,65129010,,,,,,,,0.000,13.000,138.000,,,,,,,,,,,,,,,52.280,53.790,53.460,1377500.000,0.004887,53.410,53.420,133606.000,1.000,1.000,52.330,,0.004887,0.002,0.002,0.003,0.003,0.000
79915,2010/08/02,,11,1,1311,65129010,NFX,NEWFIELD EXPLORATION CO,,NFX,211111,N,A,R,30044,0,1,1382,65129010,,,,,,,,,13.000,138.000,,,,,,,,,,,,,,,54.050,55.240,54.990,1539400.000,0.028620,54.960,54.980,133606.000,1.000,1.000,54.850,,0.028620,0.021,0.021,0.014,0.014,0.022
79915,2010/08/03,,11,1,1311,65129010,NFX,NEWFIELD EXPLORATION CO,,NFX,211111,N,A,R,30044,0,1,1382,65129010,,,,,,,,,13.000,138.000,,,,,,,,,,,,,,,54.300,55.450,54.420,1558000.000,-0.010366,54.430,54.450,133606.000,1.000,1.000,54.700,,-0.010366,-0.005,-0.005,-0.005,-0.005,-0.005
79915,2010/08/04,,11,1,1311,65129010,NFX,NEWFIELD EXPLORATION CO,,NFX,211111,N,A,R,30044,0,1,1382,65129010,,,,,,,,,13.000,138.000,,,,,,,,,,,,,,,54.190,55.434,54.830,1142500.000,0.007534,54.760,54.810,133606.000,1.000,1.000,54.870,,0.007534,0.007,0.007,0.007,0.007,0.006
79915,2010/08/05,,11,1,1311,65129010,NFX,NEWFIELD EXPLORATION CO,,NFX,211111,N,A,R,30044,0,1,1382,65129010,,,,,,,,,13.000,138.000,,,,,,,,,,,,,,,54.270,55.360,54.810,891700.000,-0.000365,54.780,54.800,133606.000,1.000,1.000,54.330,,-0.000365,-0.002,-0.003,-0.004,-0.004,-0.001
79915,2010/08/06,,11,1,1311,65129010,NFX,NEWFIELD EXPLORATION CO,,NFX,211111,N,A,R,30044,0,1,1382,65129010,,,,,,,,,13.000,138.000,,,,,,,,,,,,,,,53.010,54.830,54.220,1283000.000,-0.010764,54.170,54.220,133606.000,1.000,1.000,54.060,,-0.010764,-0.004,-0.004,-0.003,-0.003,-0.004
79915,2010/08/09,,11,1,1311,65129010,NFX,NEWFIELD EXPLORATION CO,,NFX,211111,N,A,R,30044,0,1,1382,65129010,,,,,,,,,13.000,138.000,,,,,,,,,,,,,,,54.240,55.880,55.650,1625800.000,0.026374,55.630,55.650,133606.000,1.000,1.000,55.840,,0.026374,0.006,0.006,0.007,0.007,0.005
79915,2010/08/10,,11,1,1311,65129010,NFX,NEWFIELD EXPLORATION CO,,NFX,211111,N,A,R,30044,0,1,1382,65129010,,,,,,,,,13.000,138.000,,,,,,,,,,,,,,,54.450,55.580,55.340,1326800.000,-0.005571,55.280,55.320,133606.000,1.000,1.000,54.720,,-0.005571,-0.008,-0.008,-0.012,-0.012,-0.006
79915,2010/08/11,,11,1,1311,65129010,NFX,NEWFIELD EXPLORATION CO,,NFX,211111,N,A,R,30044,0,1,1382,65129010,,,,,,,,,13.000,138.000,,,,,,,,,,,,,,,52.250,54.470,52.720,1676300.000,-0.047344,52.740,52.760,133606.000,1.000,1.000,54.040,,-0.047344,-0.029,-0.030,-0.029,-0.029,-0.028
79915,2010/08/12,,11,1,1311,65129010,NFX,NEWFIELD EXPLORATION CO,,NFX,211111,N,A,R,30044,0,1,1382,65129010,,,,,,,,,13.000,138.000,,,,,,,,,,,,,,,51.040,52.140,51.350,1958800.000,-0.025986,51.330,51.340,133606.000,1.000,1.000,51.340,,-0.025986,-0.005,-0.005,-0.003,-0.003,-0.005
79915,2010/08/13,,11,1,1311,65129010,NFX,NEWFIELD EXPLORATION CO,,NFX,211111,N,A,R,30044,0,1,1382,65129010,,,,,,,,,13.000,138.000,,,,,,,,,,,,,,,50.560,52.260,50.600,1613500.000,-0.014606,50.630,50.650,133606.000,1.000,1.000,51.100,,-0.014606,-0.004,-0.004,-0.004,-0.004,-0.004
79915,2010/08/16,,11,1,1311,65129010,NFX,NEWFIELD EXPLORATION CO,,NFX,211111,N,A,R,30044,0,1,1382,65129010,,,,,,,,,13.000,138.000,,,,,,,,,,,,,,,49.700,50.490,50.340,1925500.000,-0.005138,50.360,50.370,133606.000,1.000,1.000,50.150,,-0.005138,0.001,0.001,0.004,0.004,0.000
79915,2010/08/17,,11,1,1311,65129010,NFX,NEWFIELD EXPLORATION CO,,NFX,211111,N,A,R,30044,0,1,1382,65129010,,,,,,,,,13.000,138.000,,,,,,,,,,,,,,,50.930,52.940,52.370,1644800.000,0.040326,52.340,52.360,133606.000,1.000,1.000,51.180,,0.040326,0.014,0.014,0.012,0.012,0.012
79915,2010/08/18,,11,1,1311,65129010,NFX,NEWFIELD EXPLORATION CO,,NFX,211111,N,A,R,30044,0,1,1382,65129010,,,,,,,,,13.000,138.000,,,,,,,,,,,,,,,51.350,52.440,51.830,1141700.000,-0.010311,51.840,51.850,133606.000,1.000,1.000,52.350,,-0.010311,0.002,0.002,0.002,0.002,0.001
79915,2010/08/19,,11,1,1311,65129010,NFX,NEWFIELD EXPLORATION CO,,NFX,211111,N,A,R,30044,0,1,1382,65129010,,,,,,,,,13.000,138.000,,,,,,,,,,,,,,,50.510,51.700,50.920,1201200.000,-0.017557,50.930,50.940,133606.000,1.000,1.000,51.430,,-0.017557,-0.017,-0.017,-0.017,-0.017,-0.017
79915,2010/08/20,,11,1,1311,65129010,NFX,NEWFIELD EXPLORATION CO,,NFX,211111,N,A,R,30044,0,1,1382,65129010,,,,,,,,,13.000,138.000,,,,,,,,,,,,,,,48.980,50.610,49.510,1837800.000,-0.027690,49.510,49.520,133606.000,1.000,1.000,50.560,,-0.027690,-0.003,-0.003,-0.002,-0.002,-0.004
79915,2010/08/23,,11,1,1311,65129010,NFX,NEWFIELD EXPLORATION CO,,NFX,211111,N,A,R,30044,0,1,1382,65129010,,,,,,,,,13.000,138.000,,,,,,,,,,,,,,,49.340,50.130,49.420,1050200.000,-0.001818,49.400,49.410,133606.000,1.000,1.000,49.780,,-0.001818,-0.005,-0.005,-0.009,-0.009,-0.004
79915,2010/08/24,,11,1,1311,65129010,NFX,NEWFIELD EXPLORATION CO,,NFX,211111,N,A,R,30044,0,1,1382,65129010,,,,,,,,,13.000,138.000,,,,,,,,,,,,,,,47.670,49.050,48.210,1592400.000,-0.024484,48.230,48.260,133606.000,1.000,1.000,48.500,,-0.024484,-0.014,-0.014,-0.012,-0.012,-0.015
79915,2010/08/25,,11,1,1311,65129010,NFX,NEWFIELD EXPLORATION CO,,NFX,211111,N,A,R,30044,0,1,1382,65129010,,,,,,,,,13.000,138.000,,,,,,,,,,,,,,,46.150,47.820,46.980,2774500.000,-0.025513,46.990,47.000,133606.000,1.000,1.000,47.730,,-0.025513,0.005,0.004,0.006,0.006,0.003
79915,2010/08/26,,11,1,1311,65129010,NFX,NEWFIELD EXPLORATION CO,,NFX,211111,N,A,R,30044,0,1,1382,65129010,,,,,,,,,13.000,138.000,,,,,,,,,,,,,,,46.500,47.680,46.750,1080100.000,-0.004896,46.690,46.710,133606.000,1.000,1.000,47.330,,-0.004896,-0.007,-0.007,-0.005,-0.005,-0.008
79915,2010/08/27,,11,1,1311,65129010,NFX,NEWFIELD EXPLORATION CO,,NFX,211111,N,A,R,30044,0,1,1382,65129010,,,,,,,,,13.000,138.000,,,,,,,,,,,,,,,46.110,47.960,47.790,695900.000,0.022246,47.800,47.820,133606.000,1.000,1.000,47.300,,0.022246,0.018,0.018,0.019,0.018,0.017
79915,2010/08/30,,11,1,1311,65129010,NFX,NEWFIELD EXPLORATION CO,,NFX,211111,N,A,R,30044,0,1,1382,65129010,,,,,,,,,13.000,138.000,,,,,,,,,,,,,,,47.610,49.600,48.450,1823100.000,0.013810,48.450,48.460,133606.000,1.000,1.000,47.660,,0.013810,-0.014,-0.014,-0.014,-0.014,-0.015
79915,2010/08/31,,11,1,1311,65129010,NFX,NEWFIELD EXPLORATION CO,,NFX,211111,N,A,R,30044,0,1,1382,65129010,,,,,,,,0.000,13.000,138.000,,,,,,,,,,,,,,,47.570,48.660,48.010,1419200.000,-0.009082,47.980,48.000,133606.000,1.000,1.000,48.240,,-0.009082,0.000,0.000,0.000,0.000,0.000
79915,2010/09/01,,11,1,1311,65129010,NFX,NEWFIELD EXPLORATION CO,,NFX,211111,N,A,R,30044,0,1,1382,65129010,,,,,,,,,13.000,138.000,,,,,,,,,,,,,,,48.780,49.760,49.240,1390200.000,0.025620,49.180,49.210,133606.000,1.000,1.000,49.130,,0.025620,0.029,0.029,0.025,0.025,0.030
79915,2010/09/02,,11,1,1311,65129010,NFX,NEWFIELD EXPLORATION CO,,NFX,211111,N,A,R,30044,0,1,1382,65129010,,,,,,,,,13.000,138.000,,,,,,,,,,,,,,,48.820,50.080,50.010,909600.000,0.015638,49.970,49.980,133606.000,1.000,1.000,49.220,,0.015638,0.010,0.009,0.008,0.008,0.009
79915,2010/09/03,,11,1,1311,65129010,NFX,NEWFIELD EXPLORATION CO,,NFX,211111,N,A,R,30044,0,1,1382,65129010,,,,,,,,,13.000,138.000,,,,,,,,,,,,,,,50.270,51.330,51.160,1060900.000,0.022995,51.110,51.130,133606.000,1.000,1.000,50.820,,0.022995,0.013,0.013,0.012,0.012,0.013
79915,2010/09/07,,11,1,1311,65129010,NFX,NEWFIELD EXPLORATION CO,,NFX,211111,N,A,R,30044,0,1,1382,65129010,,,,,,,,,13.000,138.000,,,,,,,,,,,,,,,50.030,50.780,50.270,538200.000,-0.017396,50.220,50.260,133606.000,1.000,1.000,50.760,,-0.017396,-0.012,-0.012,-0.012,-0.012,-0.011
79915,2010/09/08,,11,1,1311,65129010,NFX,NEWFIELD EXPLORATION CO,,NFX,211111,N,A,R,30044,0,1,1382,65129010,,,,,,,,,13.000,138.000,,,,,,,,,,,,,,,50.340,51.200,50.650,655400.000,0.007559,50.650,50.680,133606.000,1.000,1.000,50.340,,0.007559,0.006,0.006,0.006,0.006,0.006
79915,2010/09/09,,11,1,1311,65129010,NFX,NEWFIELD EXPLORATION CO,,NFX,211111,N,A,R,30044,0,1,1382,65129010,,,,,,,,,13.000,138.000,,,,,,,,,,,,,,,50.380,51.550,50.670,1850400.000,0.000395,50.700,50.710,133606.000,1.000,1.000,51.470,,0.000395,0.004,0.004,0.002,0.002,0.005
79915,2010/09/10,,11,1,1311,65129010,NFX,NEWFIELD EXPLORATION CO,,NFX,211111,N,A,R,30044,0,1,1382,65129010,,,,,,,,,13.000,138.000,,,,,,,,,,,,,,,50.660,51.760,51.270,1455200.000,0.011841,51.250,51.260,133606.000,1.000,1.000,50.870,,0.011841,0.004,0.004,0.004,0.004,0.005
79915,2010/09/13,,11,1,1311,65129010,NFX,NEWFIELD EXPLORATION CO,,NFX,211111,N,A,R,30044,0,1,1382,65129010,,,,,,,,,13.000,138.000,,,,,,,,,,,,,,,51.793,52.880,52.660,1587500.000,0.027111,52.680,52.690,133606.000,1.000,1.000,52.080,,0.027111,0.013,0.013,0.016,0.015,0.011
79915,2010/09/14,,11,1,1311,65129010,NFX,NEWFIELD EXPLORATION CO,,NFX,211111,N,A,R,30044,0,1,1382,65129010,,,,,,,,,13.000,138.000,,,,,,,,,,,,,,,52.210,53.480,52.900,1632800.000,0.004558,52.890,52.900,133606.000,1.000,1.000,52.670,,0.004558,-0.000,-0.000,-0.001,-0.001,-0.001
79915,2010/09/15,,11,1,1311,65129010,NFX,NEWFIELD EXPLORATION CO,,NFX,211111,N,A,R,30044,0,1,1382,65129010,,,,,,,,,13.000,138.000,,,,,,,,,,,,,,,52.290,52.840,52.560,1373100.000,-0.006427,52.560,52.590,133606.000,1.000,1.000,52.680,,-0.006427,0.003,0.003,0.001,0.001,0.004
79915,2010/09/16,,11,1,1311,65129010,NFX,NEWFIELD EXPLORATION CO,,NFX,211111,N,A,R,30044,0,1,1382,65129010,,,,,,,,,13.000,138.000,,,,,,,,,,,,,,,52.290,53.390,53.310,1504300.000,0.014269,53.270,53.300,133606.000,1.000,1.000,52.570,,0.014269,-0.001,-0.001,-0.003,-0.003,-0.000
79915,2010/09/17,,11,1,1311,65129010,NFX,NEWFIELD EXPLORATION CO,,NFX,211111,N,A,R,30044,0,1,1382,65129010,,,,,,,,,13.000,138.000,,,,,,,,,,,,,,,52.770,53.630,53.010,1160700.000,-0.005628,52.940,52.950,133606.000,1.000,1.000,53.630,,-0.005628,0.001,0.001,0.003,0.003,0.001
79915,2010/09/20,,11,1,1311,65129010,NFX,NEWFIELD EXPLORATION CO,,NFX,211111,N,A,R,30044,0,1,1382,65129010,,,,,,,,,13.000,138.000,,,,,,,,,,,,,,,52.700,54.070,53.980,1030200.000,0.018298,53.960,53.970,133606.000,1.000,1.000,53.120,,0.018298,0.015,0.015,0.017,0.017,0.015
79915,2010/09/21,,11,1,1311,65129010,NFX,NEWFIELD EXPLORATION CO,,NFX,211111,N,A,R,30044,0,1,1382,65129010,,,,,,,,,13.000,138.000,,,,,,,,,,,,,,,53.195,54.070,53.690,1107000.000,-0.005372,53.660,53.680,133606.000,1.000,1.000,53.820,,-0.005372,-0.003,-0.003,-0.003,-0.003,-0.003
79915,2010/09/22,,11,1,1311,65129010,NFX,NEWFIELD EXPLORATION CO,,NFX,211111,N,A,R,30044,0,1,1382,65129010,,,,,,,,,13.000,138.000,,,,,,,,,,,,,,,53.050,54.440,53.170,666500.000,-0.009685,53.170,53.180,133606.000,1.000,1.000,53.570,,-0.009685,-0.005,-0.005,-0.005,-0.005,-0.005
79915,2010/09/23,,11,1,1311,65129010,NFX,NEWFIELD EXPLORATION CO,,NFX,211111,N,A,R,30044,0,1,1382,65129010,,,,,,,,,13.000,138.000,,,,,,,,,,,,,,,52.480,53.770,53.490,1158100.000,0.006018,53.520,53.530,133606.000,1.000,1.000,52.530,,0.006018,-0.008,-0.008,-0.006,-0.006,-0.008
79915,2010/09/24,,11,1,1311,65129010,NFX,NEWFIELD EXPLORATION CO,,NFX,211111,N,A,R,30044,0,1,1382,65129010,,,,,,,,,13.000,138.000,,,,,,,,,,,,,,,54.070,55.480,55.180,1623900.000,0.031595,55.180,55.200,133606.000,1.000,1.000,54.400,,0.031595,0.021,0.021,0.020,0.020,0.021
79915,2010/09/27,,11,1,1311,65129010,NFX,NEWFIELD EXPLORATION CO,,NFX,211111,N,A,R,30044,0,1,1382,65129010,,,,,,,,,13.000,138.000,,,,,,,,,,,,,,,55.020,56.750,55.700,1820100.000,0.009424,55.710,55.730,133606.000,1.000,1.000,55.190,,0.009424,-0.004,-0.004,-0.001,-0.002,-0.006
79915,2010/09/28,,11,1,1311,65129010,NFX,NEWFIELD EXPLORATION CO,,NFX,211111,N,A,R,30044,0,1,1382,65129010,,,,,,,,,13.000,138.000,,,,,,,,,,,,,,,54.210,56.330,56.260,1693500.000,0.010054,56.210,56.230,133606.000,1.000,1.000,55.700,,0.010054,0.006,0.006,0.007,0.007,0.005
79915,2010/09/29,,11,1,1311,65129010,NFX,NEWFIELD EXPLORATION CO,,NFX,211111,N,A,R,30044,0,1,1382,65129010,,,,,,,,,13.000,138.000,,,,,,,,,,,,,,,56.020,57.660,57.310,1635800.000,0.018663,57.270,57.300,133606.000,1.000,1.000,56.570,,0.018663,-0.001,-0.001,0.002,0.002,-0.003
79915,2010/09/30,,11,1,1311,65129010,NFX,NEWFIELD EXPLORATION CO,,NFX,211111,N,A,R,30044,0,1,1382,65129010,,,,,,,,0.000,13.000,138.000,,,,,,,,,,,,,,,56.900,57.990,57.440,2643000.000,0.002268,57.440,57.450,133606.000,1.000,1.000,57.840,,0.002268,-0.002,-0.002,0.001,0.001,-0.003
79915,2010/10/01,,11,1,1311,65129010,NFX,NEWFIELD EXPLORATION CO,,NFX,211111,N,A,R,30044,0,1,1382,65129010,,,,,,,,,13.000,138.000,,,,,,,,,,,,,,,57.820,59.020,58.640,1922200.000,0.020891,58.600,58.630,133606.000,1.000,1.000,58.110,,0.020891,0.005,0.005,0.004,0.004,0.004
79915,2010/10/04,,11,1,1311,65129010,NFX,NEWFIELD EXPLORATION CO,,NFX,211111,N,A,R,30044,0,1,1382,65129010,,,,,,,,,13.000,138.000,,,,,,,,,,,,,,,56.700,59.000,57.000,2433800.000,-0.027967,57.020,57.030,133606.000,1.000,1.000,58.540,,-0.027967,-0.008,-0.009,-0.009,-0.009,-0.008
79915,2010/10/05,,11,1,1311,65129010,NFX,NEWFIELD EXPLORATION CO,,NFX,211111,N,A,R,30044,0,1,1382,65129010,,,,,,,,,13.000,138.000,,,,,,,,,,,,,,,57.260,58.240,57.520,1826400.000,0.009123,57.490,57.510,133606.000,1.000,1.000,57.970,,0.009123,0.021,0.021,0.019,0.019,0.021
79915,2010/10/06,,11,1,1311,65129010,NFX,NEWFIELD EXPLORATION CO,,NFX,211111,N,A,R,30044,0,1,1382,65129010,,,,,,,,,13.000,138.000,,,,,,,,,,,,,,,57.360,58.140,57.710,1327400.000,0.003303,57.660,57.700,133606.000,1.000,1.000,57.390,,0.003303,-0.000,-0.001,-0.000,-0.001,-0.001
79915,2010/10/07,,11,1,1311,65129010,NFX,NEWFIELD EXPLORATION CO,,NFX,211111,N,A,R,30044,0,1,1382,65129010,,,,,,,,,13.000,138.000,,,,,,,,,,,,,,,57.320,58.290,57.690,1336300.000,-0.000347,57.680,57.690,133606.000,1.000,1.000,58.060,,-0.000347,-0.002,-0.002,-0.002,-0.002,-0.002
79915,2010/10/08,,11,1,1311,65129010,NFX,NEWFIELD EXPLORATION CO,,NFX,211111,N,A,R,30044,0,1,1382,65129010,,,,,,,,,13.000,138.000,,,,,,,,,,,,,,,57.640,58.850,58.490,788400.000,0.013867,58.440,58.480,133606.000,1.000,1.000,57.720,,0.013867,0.008,0.008,0.010,0.010,0.006
79915,2010/10/11,,11,1,1311,65129010,NFX,NEWFIELD EXPLORATION CO,,NFX,211111,N,A,R,30044,0,1,1382,65129010,,,,,,,,,13.000,138.000,,,,,,,,,,,,,,,58.450,59.250,58.870,695500.000,0.006497,58.830,58.840,133606.000,1.000,1.000,58.570,,0.006497,0.001,0.001,0.002,0.002,0.000
79915,2010/10/12,,11,1,1311,65129010,NFX,NEWFIELD EXPLORATION CO,,NFX,211111,N,A,R,30044,0,1,1382,65129010,,,,,,,,,13.000,138.000,,,,,,,,,,,,,,,57.640,58.660,58.420,1031600.000,-0.007644,58.380,58.410,133606.000,1.000,1.000,58.500,,-0.007644,0.004,0.004,0.004,0.004,0.004
79915,2010/10/13,,11,1,1311,65129010,NFX,NEWFIELD EXPLORATION CO,,NFX,211111,N,A,R,30044,0,1,1382,65129010,,,,,,,,,13.000,138.000,,,,,,,,,,,,,,,58.750,60.000,59.840,1214100.000,0.024307,59.800,59.810,133606.000,1.000,1.000,58.820,,0.024307,0.009,0.009,0.011,0.011,0.007
79915,2010/10/14,,11,1,1311,65129010,NFX,NEWFIELD EXPLORATION CO,,NFX,211111,N,A,R,30044,0,1,1382,65129010,,,,,,,,,13.000,138.000,,,,,,,,,,,,,,,59.080,60.720,59.750,877800.000,-0.001504,59.680,59.720,133606.000,1.000,1.000,59.780,,-0.001504,-0.004,-0.004,-0.002,-0.002,-0.004
79915,2010/10/15,,11,1,1311,65129010,NFX,NEWFIELD EXPLORATION CO,,NFX,211111,N,A,R,30044,0,1,1382,65129010,,,,,,,,,13.000,138.000,,,,,,,,,,,,,,,59.120,60.390,59.670,793800.000,-0.001339,59.610,59.660,133606.000,1.000,1.000,60.200,,-0.001339,0.001,0.001,-0.001,-0.001,0.002
79915,2010/10/18,,11,1,1311,65129010,NFX,NEWFIELD EXPLORATION CO,,NFX,211111,N,A,R,30044,0,1,1382,65129010,,,,,,,,,13.000,138.000,,,,,,,,,,,,,,,59.060,60.400,59.770,1191500.000,0.001676,59.750,59.770,133606.000,1.000,1.000,59.380,,0.001676,0.006,0.006,0.006,0.006,0.007
79915,2010/10/19,,11,1,1311,65129010,NFX,NEWFIELD EXPLORATION CO,,NFX,211111,N,A,R,30044,0,1,1382,65129010,,,,,,,,,13.000,138.000,,,,,,,,,,,,,,,57.670,59.320,58.010,1362200.000,-0.029446,58.010,58.040,133606.000,1.000,1.000,58.820,,-0.029446,-0.017,-0.017,-0.017,-0.017,-0.016
79915,2010/10/20,,11,1,1311,65129010,NFX,NEWFIELD EXPLORATION CO,,NFX,211111,N,A,R,30044,0,1,1382,65129010,,,,,,,,,13.000,138.000,,,,,,,,,,,,,,,57.530,59.110,58.850,1752900.000,0.014480,58.810,58.830,133606.000,1.000,1.000,58.360,,0.014480,0.011,0.011,0.010,0.010,0.011
79915,2010/10/21,,11,1,1311,65129010,NFX,NEWFIELD EXPLORATION CO,,NFX,211111,N,A,R,30044,0,1,1382,65129010,,,,,,,,,13.000,138.000,,,,,,,,,,,,,,,58.040,59.990,58.910,1052900.000,0.001020,58.910,58.930,133606.000,1.000,1.000,58.920,,0.001020,0.000,0.000,-0.003,-0.003,0.002
79915,2010/10/22,,11,1,1311,65129010,NFX,NEWFIELD EXPLORATION CO,,NFX,211111,N,A,R,30044,0,1,1382,65129010,,,,,,,,,13.000,138.000,,,,,,,,,,,,,,,58.870,60.250,59.110,1178600.000,0.003395,59.110,59.140,133606.000,1.000,1.000,59.240,,0.003395,0.003,0.003,0.005,0.005,0.002
79915,2010/10/25,,11,1,1311,65129010,NFX,NEWFIELD EXPLORATION CO,,NFX,211111,N,A,R,30044,0,1,1382,65129010,,,,,,,,,13.000,138.000,,,,,,,,,,,,,,,59.680,61.000,59.990,1457700.000,0.014888,60.000,60.030,133606.000,1.000,1.000,59.780,,0.014888,0.004,0.004,0.005,0.005,0.002
79915,2010/10/26,,11,1,1311,65129010,NFX,NEWFIELD EXPLORATION CO,,NFX,211111,N,A,R,30044,0,1,1382,65129010,,,,,,,,,13.000,138.000,,,,,,,,,,,,,,,59.270,60.390,60.140,1050100.000,0.002500,60.150,60.170,133606.000,1.000,1.000,59.690,,0.002500,-0.000,-0.000,0.001,0.001,0.000
79915,2010/10/27,,11,1,1311,65129010,NFX,NEWFIELD EXPLORATION CO,,NFX,211111,N,A,R,30044,0,1,1382,65129010,,,,,,,,,13.000,138.000,,,,,,,,,,,,,,,57.950,59.410,58.740,1417100.000,-0.023279,58.680,58.710,133606.000,1.000,1.000,59.240,,-0.023279,-0.003,-0.003,-0.004,-0.004,-0.003
79915,2010/10/28,,11,1,1311,65129010,NFX,NEWFIELD EXPLORATION CO,,NFX,211111,N,A,R,30044,0,1,1382,65129010,,,,,,,,,13.000,138.000,,,,,,,,,,,,,,,58.470,59.350,58.870,643400.000,0.002213,58.850,58.870,133606.000,1.000,1.000,59.130,,0.002213,0.001,0.001,-0.001,-0.001,0.001
79915,2010/10/29,,11,1,1311,65129010,NFX,NEWFIELD EXPLORATION CO,,NFX,211111,N,A,R,30044,0,1,1382,65129010,,,,,,,,0.000,13.000,138.000,,,,,,,,,,,,,,,58.460,59.880,59.620,663500.000,0.012740,59.600,59.620,133876.000,1.000,1.000,58.540,,0.012740,0.002,0.002,0.004,0.004,-0.000
79915,2010/11/01,,11,1,1311,65129010,NFX,NEWFIELD EXPLORATION CO,,NFX,211111,N,A,R,30044,0,1,1382,65129010,,,,,,,,,13.000,138.000,,,,,,,,,,,,,,,58.610,61.200,59.060,1715600.000,-0.009393,58.990,59.000,133876.000,1.000,1.000,60.320,,-0.009393,0.000,0.000,-0.003,-0.004,0.001
79915,2010/11/02,,11,1,1311,65129010,NFX,NEWFIELD EXPLORATION CO,,NFX,211111,N,A,R,30044,0,1,1382,65129010,,,,,,,,,13.000,138.000,,,,,,,,,,,,,,,59.280,61.000,60.730,775700.000,0.028276,60.740,60.770,133876.000,1.000,1.000,59.720,,0.028276,0.009,0.009,0.012,0.012,0.008
79915,2010/11/03,,11,1,1311,65129010,NFX,NEWFIELD EXPLORATION CO,,NFX,211111,N,A,R,30044,0,1,1382,65129010,,,,,,,,,13.000,138.000,,,,,,,,,,,,,,,59.650,61.060,60.830,1233700.000,0.001647,60.790,60.830,133876.000,1.000,1.000,60.970,,0.001647,0.003,0.003,0.002,0.002,0.004
79915,2010/11/04,,11,1,1311,65129010,NFX,NEWFIELD EXPLORATION CO,,NFX,211111,N,A,R,30044,0,1,1382,65129010,,,,,,,,,13.000,138.000,,,,,,,,,,,,,,,61.470,63.820,63.760,1655200.000,0.048167,63.690,63.730,133876.000,1.000,1.000,61.520,,0.048167,0.020,0.020,0.017,0.017,0.019
79915,2010/11/05,,11,1,1311,65129010,NFX,NEWFIELD EXPLORATION CO,,NFX,211111,N,A,R,30044,0,1,1382,65129010,,,,,,,,,13.000,138.000,,,,,,,,,,,,,,,62.720,64.650,64.590,1239500.000,0.013018,64.530,64.550,133876.000,1.000,1.000,62.720,,0.013018,0.004,0.004,0.005,0.004,0.004
79915,2010/11/08,,11,1,1311,65129010,NFX,NEWFIELD EXPLORATION CO,,NFX,211111,N,A,R,30044,0,1,1382,65129010,,,,,,,,,13.000,138.000,,,,,,,,,,,,,,,64.065,65.780,65.100,1291100.000,0.007896,65.120,65.150,133876.000,1.000,1.000,64.270,,0.007896,-0.001,-0.001,0.002,0.002,-0.002
79915,2010/11/09,,11,1,1311,65129010,NFX,NEWFIELD EXPLORATION CO,,NFX,211111,N,A,R,30044,0,1,1382,65129010,,,,,,,,,13.000,138.000,,,,,,,,,,,,,,,64.130,66.360,64.420,910500.000,-0.010445,64.400,64.420,133876.000,1.000,1.000,65.550,,-0.010445,-0.008,-0.009,-0.009,-0.009,-0.008
79915,2010/11/10,,11,1,1311,65129010,NFX,NEWFIELD EXPLORATION CO,,NFX,211111,N,A,R,30044,0,1,1382,65129010,,,,,,,,,13.000,138.000,,,,,,,,,,,,,,,64.120,66.450,66.230,1126400.000,0.028097,66.250,66.280,133876.000,1.000,1.000,64.470,,0.028097,0.005,0.005,0.006,0.006,0.004
79915,2010/11/11,,11,1,1311,65129010,NFX,NEWFIELD EXPLORATION CO,,NFX,211111,N,A,R,30044,0,1,1382,65129010,,,,,,,,,13.000,138.000,,,,,,,,,,,,,,,65.420,66.440,66.300,1231400.000,0.001057,66.270,66.280,133876.000,1.000,1.000,65.420,,0.001057,-0.004,-0.004,-0.004,-0.004,-0.004
79915,2010/11/12,,11,1,1311,65129010,NFX,NEWFIELD EXPLORATION CO,,NFX,211111,N,A,R,30044,0,1,1382,65129010,,,,,,,,,13.000,138.000,,,,,,,,,,,,,,,64.690,66.700,65.800,1369300.000,-0.007541,65.740,65.770,133876.000,1.000,1.000,65.500,,-0.007541,-0.013,-0.013,-0.013,-0.013,-0.012
79915,2010/11/15,,11,1,1311,65129010,NFX,NEWFIELD EXPLORATION CO,,NFX,211111,N,A,R,30044,0,1,1382,65129010,,,,,,,,,13.000,138.000,,,,,,,,,,,,,,,64.570,66.310,65.380,1013100.000,-0.006383,65.390,65.400,133876.000,1.000,1.000,65.230,,-0.006383,-0.001,-0.001,-0.001,-0.001,-0.001
79915,2010/11/16,,11,1,1311,65129010,NFX,NEWFIELD EXPLORATION CO,,NFX,211111,N,A,R,30044,0,1,1382,65129010,,,,,,,,,13.000,138.000,,,,,,,,,,,,,,,63.080,64.300,63.900,1517400.000,-0.022637,63.880,63.890,133876.000,1.000,1.000,64.290,,-0.022637,-0.017,-0.017,-0.017,-0.017,-0.016
79915,2010/11/17,,11,1,1311,65129010,NFX,NEWFIELD EXPLORATION CO,,NFX,211111,N,A,R,30044,0,1,1382,65129010,,,,,,,,,13.000,138.000,,,,,,,,,,,,,,,63.640,64.528,64.220,1055900.000,0.005008,64.220,64.240,133876.000,1.000,1.000,63.900,,0.005008,0.002,0.001,0.003,0.003,0.000
79915,2010/11/18,,11,1,1311,65129010,NFX,NEWFIELD EXPLORATION CO,,NFX,211111,N,A,R,30044,0,1,1382,65129010,,,,,,,,,13.000,138.000,,,,,,,,,,,,,,,65.190,67.230,66.210,1432200.000,0.030987,66.220,66.250,133876.000,1.000,1.000,65.300,,0.030987,0.016,0.016,0.013,0.012,0.015
79915,2010/11/19,,11,1,1311,65129010,NFX,NEWFIELD EXPLORATION CO,,NFX,211111,N,A,R,30044,0,1,1382,65129010,,,,,,,,,13.000,138.000,,,,,,,,,,,,,,,65.150,67.900,67.810,1306300.000,0.024166,67.750,67.760,133876.000,1.000,1.000,66.110,,0.024166,0.004,0.004,0.004,0.004,0.003
79915,2010/11/22,,11,1,1311,65129010,NFX,NEWFIELD EXPLORATION CO,,NFX,211111,N,A,R,30044,0,1,1382,65129010,,,,,,,,,13.000,138.000,,,,,,,,,,,,,,,66.270,68.050,68.010,1141900.000,0.002949,67.960,68.000,133876.000,1.000,1.000,67.350,,0.002949,-0.000,-0.000,0.001,0.001,-0.002
79915,2010/11/23,,11,1,1311,65129010,NFX,NEWFIELD EXPLORATION CO,,NFX,211111,N,A,R,30044,0,1,1382,65129010,,,,,,,,,13.000,138.000,,,,,,,,,,,,,,,65.980,67.060,66.890,1115700.000,-0.016468,66.860,66.870,133876.000,1.000,1.000,66.860,,-0.016468,-0.014,-0.014,-0.010,-0.010,-0.014
79915,2010/11/24,,11,1,1311,65129010,NFX,NEWFIELD EXPLORATION CO,,NFX,211111,N,A,R,30044,0,1,1382,65129010,,,,,,,,,13.000,138.000,,,,,,,,,,,,,,,67.010,67.920,67.600,1158200.000,0.010614,67.590,67.600,133876.000,1.000,1.000,67.290,,0.010614,0.016,0.016,0.014,0.014,0.015
79915,2010/11/26,,11,1,1311,65129010,NFX,NEWFIELD EXPLORATION CO,,NFX,211111,N,A,R,30044,0,1,1382,65129010,,,,,,,,,13.000,138.000,,,,,,,,,,,,,,,66.770,67.800,66.790,224800.000,-0.011982,66.830,66.880,133876.000,1.000,1.000,66.950,,-0.011982,-0.007,-0.007,-0.003,-0.003,-0.007
79915,2010/11/29,,11,1,1311,65129010,NFX,NEWFIELD EXPLORATION CO,,NFX,211111,N,A,R,30044,0,1,1382,65129010,,,,,,,,,13.000,138.000,,,,,,,,,,,,,,,65.670,67.200,66.950,999600.000,0.002396,66.970,66.980,133876.000,1.000,1.000,66.460,,0.002396,-0.001,-0.001,-0.001,-0.001,-0.001
79915,2010/11/30,,11,1,1311,65129010,NFX,NEWFIELD EXPLORATION CO,,NFX,211111,N,A,R,30044,0,1,1382,65129010,,,,,,,,0.000,13.000,138.000,,,,,,,,,,,,,,,65.810,67.310,66.830,969600.000,-0.001792,66.750,66.790,133876.000,1.000,1.000,66.050,,-0.001792,-0.006,-0.006,-0.005,-0.005,-0.006
79915,2010/12/01,,11,1,1311,65129010,NFX,NEWFIELD EXPLORATION CO,,NFX,211111,N,A,R,30044,0,1,1382,65129010,,,,,,,,,13.000,138.000,,,,,,,,,,,,,,,67.480,68.840,68.450,1068800.000,0.024241,68.490,68.520,133876.000,1.000,1.000,68.100,,0.024241,0.021,0.021,0.013,0.013,0.022
79915,2010/12/02,,11,1,1311,65129010,NFX,NEWFIELD EXPLORATION CO,,NFX,211111,N,A,R,30044,0,1,1382,65129010,,,,,,,,,13.000,138.000,,,,,,,,,,,,,,,68.360,69.740,69.720,1043700.000,0.018554,69.700,69.710,133876.000,1.000,1.000,68.420,,0.018554,0.012,0.012,0.009,0.009,0.013
79915,2010/12/03,,11,1,1311,65129010,NFX,NEWFIELD EXPLORATION CO,,NFX,211111,N,A,R,30044,0,1,1382,65129010,,,,,,,,,13.000,138.000,,,,,,,,,,,,,,,69.150,70.400,70.130,802700.000,0.005881,70.140,70.180,133876.000,1.000,1.000,69.360,,0.005881,0.004,0.004,0.005,0.005,0.003
79915,2010/12/06,,11,1,1311,65129010,NFX,NEWFIELD EXPLORATION CO,,NFX,211111,N,A,R,30044,0,1,1382,65129010,,,,,,,,,13.000,138.000,,,,,,,,,,,,,,,70.070,71.159,70.870,1178900.000,0.010552,70.840,70.860,133876.000,1.000,1.000,70.160,,0.010552,0.000,-0.000,0.003,0.003,-0.001
79915,2010/12/07,,11,1,1311,65129010,NFX,NEWFIELD EXPLORATION CO,,NFX,211111,N,A,R,30044,0,1,1382,65129010,,,,,,,,,13.000,138.000,,,,,,,,,,,,,,,71.150,72.150,71.480,1193100.000,0.008607,71.440,71.470,133876.000,1.000,1.000,71.660,,0.008607,0.000,0.000,0.000,0.000,0.001
79915,2010/12/08,,11,1,1311,65129010,NFX,NEWFIELD EXPLORATION CO,,NFX,211111,N,A,R,30044,0,1,1382,65129010,,,,,,,,,13.000,138.000,,,,,,,,,,,,,,,69.810,71.780,70.070,836100.000,-0.019726,70.020,70.060,133876.000,1.000,1.000,71.630,,-0.019726,0.002,0.001,-0.001,-0.001,0.004
79915,2010/12/09,,11,1,1311,65129010,NFX,NEWFIELD EXPLORATION CO,,NFX,211111,N,A,R,30044,0,1,1382,65129010,,,,,,,,,13.000,138.000,,,,,,,,,,,,,,,69.240,70.470,70.040,627900.000,-0.000428,70.010,70.030,133876.000,1.000,1.000,70.470,,-0.000428,0.004,0.003,0.003,0.003,0.004
79915,2010/12/10,,11,1,1311,65129010,NFX,NEWFIELD EXPLORATION CO,,NFX,211111,N,A,R,30044,0,1,1382,65129010,,,,,,,,,13.000,138.000,,,,,,,,,,,,,,,70.550,72.700,72.370,3091600.000,0.033267,72.410,72.430,133876.000,1.000,1.000,71.840,,0.033267,0.006,0.006,0.007,0.007,0.006
79915,2010/12/13,,11,1,1311,65129010,NFX,NEWFIELD EXPLORATION CO,,NFX,211111,N,A,R,30044,0,1,1382,65129010,,,,,,,,,13.000,138.000,,,,,,,,,,,,,,,71.360,73.190,71.460,1700200.000,-0.012574,71.410,71.430,133876.000,1.000,1.000,72.740,,-0.012574,0.000,-0.000,-0.001,-0.002,0.000
79915,2010/12/14,,11,1,1311,65129010,NFX,NEWFIELD EXPLORATION CO,,NFX,211111,N,A,R,30044,0,1,1382,65129010,,,,,,,,,13.000,138.000,,,,,,,,,,,,,,,70.560,72.040,71.120,1432200.000,-0.004758,71.050,71.080,133876.000,1.000,1.000,71.550,,-0.004758,0.000,0.000,-0.001,-0.002,0.001
79915,2010/12/15,,11,1,1311,65129010,NFX,NEWFIELD EXPLORATION CO,,NFX,211111,N,A,R,30044,0,1,1382,65129010,,,,,,,,,13.000,138.000,,,,,,,,,,,,,,,71.080,72.920,71.530,1440000.000,0.005765,71.460,71.520,133876.000,1.000,1.000,71.110,,0.005765,-0.005,-0.005,-0.004,-0.004,-0.005
79915,2010/12/16,,11,1,1311,65129010,NFX,NEWFIELD EXPLORATION CO,,NFX,211111,N,A,R,30044,0,1,1382,65129010,,,,,,,,,13.000,138.000,,,,,,,,,,,,,,,70.800,71.880,71.680,1092900.000,0.002097,71.680,71.700,133876.000,1.000,1.000,71.640,,0.002097,0.006,0.006,0.008,0.008,0.006
79915,2010/12/17,,11,1,1311,65129010,NFX,NEWFIELD EXPLORATION CO,,NFX,211111,N,A,R,30044,0,1,1382,65129010,,,,,,,,,13.000,138.000,,,,,,,,,,,,,,,71.010,73.015,71.010,20286300.000,-0.009347,71.510,71.550,133876.000,1.000,1.000,72.270,,-0.009347,0.002,0.001,0.004,0.003,0.001
79915,2010/12/20,,11,1,1311,65129010,NFX,NEWFIELD EXPLORATION CO,,NFX,211111,N,A,R,30044,0,1,1382,65129010,,,,,,,,,13.000,138.000,,,,,,,,,,,,,,,70.360,71.640,71.210,2051100.000,0.002816,71.170,71.180,133876.000,1.000,1.000,71.600,,0.002816,0.002,0.002,0.001,0.001,0.003
79915,2010/12/21,,11,1,1311,65129010,NFX,NEWFIELD EXPLORATION CO,,NFX,211111,N,A,R,30044,0,1,1382,65129010,,,,,,,,,13.000,138.000,,,,,,,,,,,,,,,71.220,73.100,73.040,1655900.000,0.025699,73.020,73.030,133876.000,1.000,1.000,71.450,,0.025699,0.007,0.007,0.009,0.008,0.006
79915,2010/12/22,,11,1,1311,65129010,NFX,NEWFIELD EXPLORATION CO,,NFX,211111,N,A,R,30044,0,1,1382,65129010,,,,,,,,,13.000,138.000,,,,,,,,,,,,,,,72.450,73.580,73.000,2139000.000,-0.000548,72.960,72.980,133876.000,1.000,1.000,73.060,,-0.000548,0.003,0.003,0.003,0.003,0.003
79915,2010/12/23,,11,1,1311,65129010,NFX,NEWFIELD EXPLORATION CO,,NFX,211111,N,A,R,30044,0,1,1382,65129010,,,,,,,,,13.000,138.000,,,,,,,,,,,,,,,72.600,73.550,72.930,935600.000,-0.000959,72.900,72.920,133876.000,1.000,1.000,72.990,,-0.000959,-0.001,-0.001,0.000,0.000,-0.002
79915,2010/12/27,,11,1,1311,65129010,NFX,NEWFIELD EXPLORATION CO,,NFX,211111,N,A,R,30044,0,1,1382,65129010,,,,,,,,,13.000,138.000,,,,,,,,,,,,,,,71.130,72.470,71.460,1110300.000,-0.020156,71.470,71.500,133876.000,1.000,1.000,72.370,,-0.020156,0.001,0.001,0.003,0.003,0.001
79915,2010/12/28,,11,1,1311,65129010,NFX,NEWFIELD EXPLORATION CO,,NFX,211111,N,A,R,30044,0,1,1382,65129010,,,,,,,,,13.000,138.000,,,,,,,,,,,,,,,71.160,72.370,71.990,909200.000,0.007417,71.950,71.960,133876.000,1.000,1.000,71.650,,0.007417,0.001,0.001,-0.000,-0.000,0.001
79915,2010/12/29,,11,1,1311,65129010,NFX,NEWFIELD EXPLORATION CO,,NFX,211111,N,A,R,30044,0,1,1382,65129010,,,,,,,,,13.000,138.000,,,,,,,,,,,,,,,71.680,72.620,72.480,686200.000,0.006807,72.430,72.450,133876.000,1.000,1.000,72.240,,0.006807,0.003,0.002,0.004,0.004,0.001
79915,2010/12/30,,11,1,1311,65129010,NFX,NEWFIELD EXPLORATION CO,,NFX,211111,N,A,R,30044,0,1,1382,65129010,,,,,,,,,13.000,138.000,,,,,,,,,,,,,,,71.700,73.000,72.020,849800.000,-0.006347,72.000,72.010,133876.000,1.000,1.000,72.350,,-0.006347,-0.001,-0.001,0.001,0.001,-0.002
79915,2010/12/31,,11,1,1311,65129010,NFX,NEWFIELD EXPLORATION CO,,NFX,211111,N,A,R,30044,0,1,1382,65129010,,,,,,,,0.000,13.000,138.000,,,,,,,,,,,,,,,71.640,72.680,72.110,725600.000,0.001250,72.110,72.150,133876.000,1.000,1.000,72.020,,0.001250,-0.000,-0.000,0.001,0.001,-0.000
79915,2011/01/03,,11,1,1311,65129010,NFX,NEWFIELD EXPLORATION CO,,NFX,211111,N,A,R,30044,0,1,1382,65129010,,,,,,,,,13.000,138.000,,,,,,,,,,,,,,,72.560,73.160,72.790,1218700.000,0.009430,72.720,72.750,133876.000,1.000,1.000,73.090,,0.009430,0.011,0.011,0.013,0.013,0.011
79915,2011/01/04,,11,1,1311,65129010,NFX,NEWFIELD EXPLORATION CO,,NFX,211111,N,A,R,30044,0,1,1382,65129010,,,,,,,,,13.000,138.000,,,,,,,,,,,,,,,70.450,73.190,71.280,1829400.000,-0.020745,71.360,71.410,133876.000,1.000,1.000,73.070,,-0.020745,-0.004,-0.004,-0.007,-0.007,-0.001
79915,2011/01/05,,11,1,1311,65129010,NFX,NEWFIELD EXPLORATION CO,,NFX,211111,N,A,R,30044,0,1,1382,65129010,,,,,,,,,13.000,138.000,,,,,,,,,,,,,,,70.970,72.630,72.370,1523500.000,0.015292,72.380,72.400,133876.000,1.000,1.000,71.060,,0.015292,0.005,0.005,0.008,0.008,0.005
79915,2011/01/06,,11,1,1311,65129010,NFX,NEWFIELD EXPLORATION CO,,NFX,211111,N,A,R,30044,0,1,1382,65129010,,,,,,,,,13.000,138.000,,,,,,,,,,,,,,,70.780,73.160,71.060,1034700.000,-0.018101,71.070,71.100,133876.000,1.000,1.000,72.580,,-0.018101,-0.003,-0.003,-0.001,-0.001,-0.002
79915,2011/01/07,,11,1,1311,65129010,NFX,NEWFIELD EXPLORATION CO,,NFX,211111,N,A,R,30044,0,1,1382,65129010,,,,,,,,,13.000,138.000,,,,,,,,,,,,,,,70.000,71.230,70.820,1587300.000,-0.003377,70.830,70.840,133876.000,1.000,1.000,70.780,,-0.003377,-0.002,-0.002,-0.003,-0.003,-0.002
79915,2011/01/10,,11,1,1311,65129010,NFX,NEWFIELD EXPLORATION CO,,NFX,211111,N,A,R,30044,0,1,1382,65129010,,,,,,,,,13.000,138.000,,,,,,,,,,,,,,,70.520,72.250,72.050,1340900.000,0.017368,72.060,72.070,133876.000,1.000,1.000,70.520,,0.017368,-0.001,-0.001,0.002,0.002,-0.001
79915,2011/01/11,,11,1,1311,65129010,NFX,NEWFIELD EXPLORATION CO,,NFX,211111,N,A,R,30044,0,1,1382,65129010,,,,,,,,,13.000,138.000,,,,,,,,,,,,,,,70.320,72.650,71.050,2358300.000,-0.013879,71.040,71.050,133876.000,1.000,1.000,72.520,,-0.013879,0.005,0.005,0.006,0.006,0.004
79915,2011/01/12,,11,1,1311,65129010,NFX,NEWFIELD EXPLORATION CO,,NFX,211111,N,A,R,30044,0,1,1382,65129010,,,,,,,,,13.000,138.000,,,,,,,,,,,,,,,71.390,72.910,72.730,1381700.000,0.023645,72.680,72.700,133876.000,1.000,1.000,71.800,,0.023645,0.009,0.009,0.008,0.008,0.009
79915,2011/01/13,,11,1,1311,65129010,NFX,NEWFIELD EXPLORATION CO,,NFX,211111,N,A,R,30044,0,1,1382,65129010,,,,,,,,,13.000,138.000,,,,,,,,,,,,,,,71.380,72.790,71.860,1275200.000,-0.011962,71.810,71.830,133876.000,1.000,1.000,72.660,,-0.011962,-0.002,-0.002,-0.001,-0.001,-0.002
79915,2011/01/14,,11,1,1311,65129010,NFX,NEWFIELD EXPLORATION CO,,NFX,211111,N,A,R,30044,0,1,1382,65129010,,,,,,,,,13.000,138.000,,,,,,,,,,,,,,,69.930,71.790,71.060,2058600.000,-0.011133,71.020,71.050,133876.000,1.000,1.000,71.750,,-0.011133,0.007,0.007,0.005,0.005,0.007
79915,2011/01/18,,11,1,1311,65129010,NFX,NEWFIELD EXPLORATION CO,,NFX,211111,N,A,R,30044,0,1,1382,65129010,,,,,,,,,13.000,138.000,,,,,,,,,,,,,,,70.710,72.080,71.880,1375400.000,0.011540,71.920,71.930,133876.000,1.000,1.000,70.830,,0.011540,0.002,0.002,0.003,0.003,0.001
79915,2011/01/19,,11,1,1311,65129010,NFX,NEWFIELD EXPLORATION CO,,NFX,211111,N,A,R,30044,0,1,1382,65129010,,,,,,,,,13.000,138.000,,,,,,,,,,,,,,,69.590,72.340,69.950,1628600.000,-0.026850,69.920,69.930,133876.000,1.000,1.000,72.010,,-0.026850,-0.012,-0.012,-0.016,-0.016,-0.010
79915,2011/01/20,,11,1,1311,65129010,NFX,NEWFIELD EXPLORATION CO,,NFX,211111,N,A,R,30044,0,1,1382,65129010,,,,,,,,,13.000,138.000,,,,,,,,,,,,,,,67.330,69.410,68.780,1678700.000,-0.016726,68.760,68.770,133876.000,1.000,1.000,69.330,,-0.016726,-0.004,-0.004,-0.008,-0.008,-0.001
79915,2011/01/21,,11,1,1311,65129010,NFX,NEWFIELD EXPLORATION CO,,NFX,211111,N,A,R,30044,0,1,1382,65129010,,,,,,,,,13.000,138.000,,,,,,,,,,,,,,,68.190,70.000,68.340,1380400.000,-0.006397,68.300,68.340,133876.000,1.000,1.000,69.810,,-0.006397,0.001,0.001,-0.000,-0.000,0.002
79915,2011/01/24,,11,1,1311,65129010,NFX,NEWFIELD EXPLORATION CO,,NFX,211111,N,A,R,30044,0,1,1382,65129010,,,,,,,,,13.000,138.000,,,,,,,,,,,,,,,67.730,68.630,68.220,2076300.000,-0.001756,68.260,68.270,133876.000,1.000,1.000,68.340,,-0.001756,0.006,0.006,0.006,0.006,0.006
79915,2011/01/25,,11,1,1311,65129010,NFX,NEWFIELD EXPLORATION CO,,NFX,211111,N,A,R,30044,0,1,1382,65129010,,,,,,,,,13.000,138.000,,,,,,,,,,,,,,,67.170,68.420,67.670,2623000.000,-0.008062,67.720,67.730,133876.000,1.000,1.000,68.160,,-0.008062,-0.000,-0.000,-0.001,-0.001,0.000
79915,2011/01/26,,11,1,1311,65129010,NFX,NEWFIELD EXPLORATION CO,,NFX,211111,N,A,R,30044,0,1,1382,65129010,,,,,,,,,13.000,138.000,,,,,,,,,,,,,,,67.910,70.280,69.900,1989000.000,0.032954,69.920,69.950,133876.000,1.000,1.000,67.950,,0.032954,0.007,0.007,0.012,0.012,0.004
79915,2011/01/27,,11,1,1311,65129010,NFX,NEWFIELD EXPLORATION CO,,NFX,211111,N,A,R,30044,0,1,1382,65129010,,,,,,,,,13.000,138.000,,,,,,,,,,,,,,,68.280,69.370,69.060,2301400.000,-0.012017,69.070,69.080,133876.000,1.000,1.000,68.930,,-0.012017,0.002,0.002,0.002,0.002,0.002
79915,2011/01/28,,11,1,1311,65129010,NFX,NEWFIELD EXPLORATION CO,,NFX,211111,N,A,R,30044,0,1,1382,65129010,,,,,,,,,13.000,138.000,,,,,,,,,,,,,,,68.340,69.630,69.040,1655000.000,-0.000290,69.010,69.030,133876.000,1.000,1.000,69.040,,-0.000290,-0.017,-0.017,-0.018,-0.018,-0.018
79915,2011/01/31,,11,1,1311,65129010,NFX,NEWFIELD EXPLORATION CO,,NFX,211111,N,A,R,30044,0,1,1382,65129010,,,,,,,,0.000,13.000,138.000,,,,,,,,,,,,,,,69.420,73.290,73.170,2240200.000,0.059820,73.170,73.190,133876.000,1.000,1.000,69.480,,0.059820,0.008,0.008,0.005,0.005,0.008
79915,2011/02/01,,11,1,1311,65129010,NFX,NEWFIELD EXPLORATION CO,,NFX,211111,N,A,R,30044,0,1,1382,65129010,,,,,,,,,13.000,138.000,,,,,,,,,,,,,,,73.220,74.330,74.120,1397600.000,0.012984,74.070,74.090,133876.000,1.000,1.000,73.460,,0.012984,0.017,0.017,0.015,0.015,0.017
79915,2011/02/02,,11,1,1311,65129010,NFX,NEWFIELD EXPLORATION CO,,NFX,211111,N,A,R,30044,0,1,1382,65129010,,,,,,,,,13.000,138.000,,,,,,,,,,,,,,,73.580,75.440,74.730,1407300.000,0.008230,74.730,74.750,133876.000,1.000,1.000,73.580,,0.008230,-0.002,-0.002,-0.001,-0.001,-0.003
79915,2011/02/03,,11,1,1311,65129010,NFX,NEWFIELD EXPLORATION CO,,NFX,211111,N,A,R,30044,0,1,1382,65129010,,,,,,,,,13.000,138.000,,,,,,,,,,,,,,,73.680,75.190,74.480,1085000.000,-0.003345,74.430,74.500,133876.000,1.000,1.000,74.760,,-0.003345,0.003,0.003,0.002,0.002,0.002
79915,2011/02/04,,11,1,1311,65129010,NFX,NEWFIELD EXPLORATION CO,,NFX,211111,N,A,R,30044,0,1,1382,65129010,,,,,,,,,13.000,138.000,,,,,,,,,,,,,,,73.550,75.340,74.700,1030300.000,0.002954,74.670,74.690,133876.000,1.000,1.000,74.770,,0.002954,0.002,0.002,0.001,0.001,0.003
79915,2011/02/07,,11,1,1311,65129010,NFX,NEWFIELD EXPLORATION CO,,NFX,211111,N,A,R,30044,0,1,1382,65129010,,,,,,,,,13.000,138.000,,,,,,,,,,,,,,,72.850,76.550,73.040,1958500.000,-0.022222,73.010,73.020,133876.000,1.000,1.000,74.960,,-0.022222,0.006,0.006,0.007,0.007,0.006
79915,2011/02/08,,11,1,1311,65129010,NFX,NEWFIELD EXPLORATION CO,,NFX,211111,N,A,R,30044,0,1,1382,65129010,,,,,,,,,13.000,138.000,,,,,,,,,,,,,,,70.850,72.360,71.880,2118900.000,-0.015882,71.830,71.840,133876.000,1.000,1.000,72.360,,-0.015882,0.005,0.004,0.004,0.004,0.004
79915,2011/02/09,,11,1,1311,65129010,NFX,NEWFIELD EXPLORATION CO,,NFX,211111,N,A,R,30044,0,1,1382,65129010,,,,,,,,,13.000,138.000,,,,,,,,,,,,,,,70.210,71.960,70.490,1530200.000,-0.019338,70.430,70.440,133876.000,1.000,1.000,71.710,,-0.019338,-0.003,-0.004,-0.004,-0.004,-0.003
79915,2011/02/10,,11,1,1311,65129010,NFX,NEWFIELD EXPLORATION CO,,NFX,211111,N,A,R,30044,0,1,1382,65129010,,,,,,,,,13.000,138.000,,,,,,,,,,,,,,,70.110,71.160,70.810,1230000.000,0.004540,70.750,70.760,133876.000,1.000,1.000,70.280,,0.004540,0.001,0.001,0.000,0.000,0.001
79915,2011/02/11,,11,1,1311,65129010,NFX,NEWFIELD EXPLORATION CO,,NFX,211111,N,A,R,30044,0,1,1382,65129010,,,,,,,,,13.000,138.000,,,,,,,,,,,,,,,69.990,71.290,70.910,948200.000,0.001412,70.950,70.960,133876.000,1.000,1.000,70.690,,0.001412,0.006,0.006,0.007,0.006,0.006
79915,2011/02/14,,11,1,1311,65129010,NFX,NEWFIELD EXPLORATION CO,,NFX,211111,N,A,R,30044,0,1,1382,65129010,,,,,,,,,13.000,138.000,,,,,,,,,,,,,,,70.530,72.260,72.040,946600.000,0.015936,72.010,72.020,133876.000,1.000,1.000,70.710,,0.015936,0.003,0.003,0.003,0.003,0.002
79915,2011/02/15,,11,1,1311,65129010,NFX,NEWFIELD EXPLORATION CO,,NFX,211111,N,A,R,30044,0,1,1382,65129010,,,,,,,,,13.000,138.000,,,,,,,,,,,,,,,70.800,72.200,71.490,1178600.000,-0.007635,71.470,71.480,133876.000,1.000,1.000,71.680,,-0.007635,-0.003,-0.003,-0.003,-0.003,-0.003
79915,2011/02/16,,11,1,1311,65129010,NFX,NEWFIELD EXPLORATION CO,,NFX,211111,N,A,R,30044,0,1,1382,65129010,,,,,,,,,13.000,138.000,,,,,,,,,,,,,,,71.110,72.660,71.570,1905500.000,0.001119,71.600,71.620,133876.000,1.000,1.000,71.760,,0.001119,0.008,0.007,0.006,0.006,0.006
79915,2011/02/17,,11,1,1311,65129010,NFX,NEWFIELD EXPLORATION CO,,NFX,211111,N,A,R,30044,0,1,1382,65129010,,,,,,,,,13.000,138.000,,,,,,,,,,,,,,,67.380,70.450,69.200,6147800.000,-0.033114,69.150,69.160,133876.000,1.000,1.000,70.350,,-0.033114,0.004,0.004,0.006,0.006,0.003
79915,2011/02/18,,11,1,1311,65129010,NFX,NEWFIELD EXPLORATION CO,,NFX,211111,N,A,R,30044,0,1,1382,65129010,,,,,,,,,13.000,138.000,,,,,,,,,,,,,,,67.500,69.990,68.530,2851800.000,-0.009682,68.490,68.500,133876.000,1.000,1.000,69.690,,-0.009682,0.001,0.001,0.001,0.001,0.002
79915,2011/02/22,,11,1,1311,65129010,NFX,NEWFIELD EXPLORATION CO,,NFX,211111,N,A,R,30044,0,1,1382,65129010,,,,,,,,,13.000,138.000,,,,,,,,,,,,,,,65.720,69.850,65.980,3115700.000,-0.037210,65.980,65.990,133876.000,1.000,1.000,67.910,,-0.037210,-0.021,-0.021,-0.021,-0.021,-0.021
79915,2011/02/23,,11,1,1311,65129010,NFX,NEWFIELD EXPLORATION CO,,NFX,211111,N,A,R,30044,0,1,1382,65129010,,,,,,,,,13.000,138.000,,,,,,,,,,,,,,,65.990,68.550,68.060,2731100.000,0.031525,68.090,68.100,133876.000,1.000,1.000,66.070,,0.031525,-0.007,-0.007,-0.008,-0.009,-0.006
79915,2011/02/24,,11,1,1311,65129010,NFX,NEWFIELD EXPLORATION CO,,NFX,211111,N,A,R,30044,0,1,1382,65129010,,,,,,,,,13.000,138.000,,,,,,,,,,,,,,,67.900,69.620,69.320,2554900.000,0.018513,69.320,69.350,133876.000,1.000,1.000,68.330,,0.018513,-0.000,-0.000,0.003,0.003,-0.001
79915,2011/02/25,,11,1,1311,65129010,NFX,NEWFIELD EXPLORATION CO,,NFX,211111,N,A,R,30044,0,1,1382,65129010,,,,,,,,,13.000,138.000,,,,,,,,,,,,,,,69.420,73.310,72.140,3383800.000,0.040681,72.090,72.130,133876.000,1.000,1.000,69.600,,0.040681,0.013,0.013,0.015,0.015,0.011
79915,2011/02/28,,11,1,1311,65129010,NFX,NEWFIELD EXPLORATION CO,,NFX,211111,N,A,R,30044,0,1,1382,65129010,,,,,,,,0.000,13.000,138.000,,,,,,,,,,,,,,,71.230,73.190,72.790,1528200.000,0.009010,72.810,72.830,134337.000,1.000,1.000,72.470,,0.009010,0.005,0.005,0.003,0.003,0.006
79915,2011/03/01,,11,1,1311,65129010,NFX,NEWFIELD EXPLORATION CO,,NFX,211111,N,A,R,30044,0,1,1382,65129010,,,,,,,,,13.000,138.000,,,,,,,,,,,,,,,70.420,73.100,70.570,2114500.000,-0.030499,70.580,70.590,134337.000,1.000,1.000,72.980,,-0.030499,-0.015,-0.015,-0.011,-0.011,-0.016
79915,2011/03/02,,11,1,1311,65129010,NFX,NEWFIELD EXPLORATION CO,,NFX,211111,N,A,R,30044,0,1,1382,65129010,,,,,,,,,13.000,138.000,,,,,,,,,,,,,,,69.560,70.570,70.150,1836500.000,-0.005952,70.120,70.130,134337.000,1.000,1.000,70.550,,-0.005952,0.003,0.003,0.003,0.003,0.002
79915,2011/03/03,,11,1,1311,65129010,NFX,NEWFIELD EXPLORATION CO,,NFX,211111,N,A,R,30044,0,1,1382,65129010,,,,,,,,,13.000,138.000,,,,,,,,,,,,,,,69.180,70.850,70.640,1649900.000,0.006985,70.610,70.640,134337.000,1.000,1.000,70.660,,0.006985,0.016,0.016,0.013,0.013,0.017
79915,2011/03/04,,11,1,1311,65129010,NFX,NEWFIELD EXPLORATION CO,,NFX,211111,N,A,R,30044,0,1,1382,65129010,,,,,,,,,13.000,138.000,,,,,,,,,,,,,,,70.650,72.160,72.010,1608000.000,0.019394,72.000,72.010,134337.000,1.000,1.000,70.850,,0.019394,-0.006,-0.006,-0.003,-0.003,-0.007
79915,2011/03/07,,11,1,1311,65129010,NFX,NEWFIELD EXPLORATION CO,,NFX,211111,N,A,R,30044,0,1,1382,65129010,,,,,,,,,13.000,138.000,,,,,,,,,,,,,,,71.801,74.320,72.010,1774100.000,0.000000,72.030,72.040,134337.000,1.000,1.000,72.190,,0.000000,-0.009,-0.009,-0.010,-0.010,-0.008
79915,2011/03/08,,11,1,1311,65129010,NFX,NEWFIELD EXPLORATION CO,,NFX,211111,N,A,R,30044,0,1,1382,65129010,,,,,,,,,13.000,138.000,,,,,,,,,,,,,,,69.940,72.040,70.160,1433900.000,-0.025691,70.200,70.210,134337.000,1.000,1.000,72.040,,-0.025691,0.008,0.008,0.009,0.009,0.009
79915,2011/03/09,,11,1,1311,65129010,NFX,NEWFIELD EXPLORATION CO,,NFX,211111,N,A,R,30044,0,1,1382,65129010,,,,,,,,,13.000,138.000,,,,,,,,,,,,,,,69.810,72.330,71.330,1897300.000,0.016676,71.340,71.350,134337.000,1.000,1.000,69.810,,0.016676,-0.002,-0.003,-0.003,-0.003,-0.001
79915,2011/03/10,,11,1,1311,65129010,NFX,NEWFIELD EXPLORATION CO,,NFX,211111,N,A,R,30044,0,1,1382,65129010,,,,,,,,,13.000,138.000,,,,,,,,,,,,,,,68.410,70.230,68.460,2458000.000,-0.040236,68.470,68.500,134337.000,1.000,1.000,70.150,,-0.040236,-0.020,-0.020,-0.020,-0.020,-0.019
79915,2011/03/11,,11,1,1311,65129010,NFX,NEWFIELD EXPLORATION CO,,NFX,211111,N,A,R,30044,0,1,1382,65129010,,,,,,,,,13.000,138.000,,,,,,,,,,,,,,,67.550,70.800,70.390,1035500.000,0.028192,70.340,70.350,134337.000,1.000,1.000,67.740,,0.028192,0.007,0.007,0.003,0.003,0.007
79915,2011/03/14,,11,1,1311,65129010,NFX,NEWFIELD EXPLORATION CO,,NFX,211111,N,A,R,30044,0,1,1382,65129010,,,,,,,,,13.000,138.000,,,,,,,,,,,,,,,69.720,71.270,71.060,1118900.000,0.009518,71.080,71.090,134337.000,1.000,1.000,70.020,,0.009518,-0.005,-0.006,-0.007,-0.007,-0.006
79915,2011/03/15,,11,1,1311,65129010,NFX,NEWFIELD EXPLORATION CO,,NFX,211111,N,A,R,30044,0,1,1382,65129010,,,,,,,,,13.000,138.000,,,,,,,,,,,,,,,68.310,70.100,69.680,2121200.000,-0.019420,69.660,69.670,134337.000,1.000,1.000,68.520,,-0.019420,-0.011,-0.011,-0.011,-0.011,-0.011
79915,2011/03/16,,11,1,1311,65129010,NFX,NEWFIELD EXPLORATION CO,,NFX,211111,N,A,R,30044,0,1,1382,65129010,,,,,,,,,13.000,138.000,,,,,,,,,,,,,,,67.810,71.040,68.460,1848300.000,-0.017509,68.470,68.510,134337.000,1.000,1.000,69.870,,-0.017509,-0.017,-0.017,-0.010,-0.010,-0.019
79915,2011/03/17,,11,1,1311,65129010,NFX,NEWFIELD EXPLORATION CO,,NFX,211111,N,A,R,30044,0,1,1382,65129010,,,,,,,,,13.000,138.000,,,,,,,,,,,,,,,69.330,71.140,70.810,1461100.000,0.034327,70.800,70.810,134337.000,1.000,1.000,69.610,,0.034327,0.012,0.012,0.007,0.007,0.013
79915,2011/03/18,,11,1,1311,65129010,NFX,NEWFIELD EXPLORATION CO,,NFX,211111,N,A,R,30044,0,1,1382,65129010,,,,,,,,,13.000,138.000,,,,,,,,,,,,,,,70.940,72.330,72.060,2331200.000,0.017653,72.020,72.030,134337.000,1.000,1.000,71.860,,0.017653,0.005,0.005,0.008,0.008,0.004
79915,2011/03/21,,11,1,1311,65129010,NFX,NEWFIELD EXPLORATION CO,,NFX,211111,N,A,R,30044,0,1,1382,65129010,,,,,,,,,13.000,138.000,,,,,,,,,,,,,,,73.680,75.370,75.230,2094200.000,0.043991,75.200,75.210,134337.000,1.000,1.000,73.680,,0.043991,0.016,0.016,0.016,0.016,0.015
79915,2011/03/22,,11,1,1311,65129010,NFX,NEWFIELD EXPLORATION CO,,NFX,211111,N,A,R,30044,0,1,1382,65129010,,,,,,,,,13.000,138.000,,,,,,,,,,,,,,,75.380,77.930,75.580,2809500.000,0.004652,75.590,75.620,134337.000,1.000,1.000,75.500,,0.004652,-0.003,-0.003,-0.001,-0.001,-0.004
79915,2011/03/23,,11,1,1311,65129010,NFX,NEWFIELD EXPLORATION CO,,NFX,211111,N,A,R,30044,0,1,1382,65129010,,,,,,,,,13.000,138.000,,,,,,,,,,,,,,,72.951,75.550,73.240,2808300.000,-0.030961,73.240,73.250,134337.000,1.000,1.000,75.210,,-0.030961,0.003,0.003,0.003,0.003,0.003
79915,2011/03/24,,11,1,1311,65129010,NFX,NEWFIELD EXPLORATION CO,,NFX,211111,N,A,R,30044,0,1,1382,65129010,,,,,,,,,13.000,138.000,,,,,,,,,,,,,,,72.250,73.890,72.770,2258300.000,-0.006417,72.780,72.810,134337.000,1.000,1.000,73.660,,-0.006417,0.009,0.008,0.006,0.006,0.009
79915,2011/03/25,,11,1,1311,65129010,NFX,NEWFIELD EXPLORATION CO,,NFX,211111,N,A,R,30044,0,1,1382,65129010,,,,,,,,,13.000,138.000,,,,,,,,,,,,,,,72.680,76.320,75.680,1651000.000,0.039989,75.640,75.650,134337.000,1.000,1.000,72.990,,0.039989,0.003,0.003,0.004,0.004,0.003
79915,2011/03/28,,11,1,1311,65129010,NFX,NEWFIELD EXPLORATION CO,,NFX,211111,N,A,R,30044,0,1,1382,65129010,,,,,,,,,13.000,138.000,,,,,,,,,,,,,,,74.410,76.550,74.420,1195700.000,-0.016649,74.440,74.470,134337.000,1.000,1.000,75.740,,-0.016649,-0.003,-0.003,-0.002,-0.002,-0.003
79915,2011/03/29,,11,1,1311,65129010,NFX,NEWFIELD EXPLORATION CO,,NFX,211111,N,A,R,30044,0,1,1382,65129010,,,,,,,,,13.000,138.000,,,,,,,,,,,,,,,73.980,76.850,76.450,1070400.000,0.027278,76.430,76.450,134337.000,1.000,1.000,74.590,,0.027278,0.007,0.007,0.006,0.005,0.007
79915,2011/03/30,,11,1,1311,65129010,NFX,NEWFIELD EXPLORATION CO,,NFX,211111,N,A,R,30044,0,1,1382,65129010,,,,,,,,,13.000,138.000,,,,,,,,,,,,,,,75.550,77.370,76.070,1702900.000,-0.004971,76.090,76.100,134337.000,1.000,1.000,76.900,,-0.004971,0.008,0.008,0.008,0.008,0.007
79915,2011/03/31,,11,1,1311,65129010,NFX,NEWFIELD EXPLORATION CO,,NFX,211111,N,A,R,30044,0,1,1382,65129010,,,,,,,,0.000,13.000,138.000,,,,,,,,,,,,,,,75.890,77.240,76.010,1526000.000,-0.000789,76.020,76.030,134398.000,1.000,1.000,76.280,,-0.000789,-0.001,-0.001,0.002,0.002,-0.002
79915,2011/04/01,,11,1,1311,65129010,NFX,NEWFIELD EXPLORATION CO,,NFX,211111,N,A,R,30044,0,1,1382,65129010,,,,,,,,,13.000,138.000,,,,,,,,,,,,,,,75.630,77.320,75.880,1659800.000,-0.001710,75.810,75.820,134398.000,1.000,1.000,77.070,,-0.001710,0.005,0.005,0.004,0.003,0.005
79915,2011/04/04,,11,1,1311,65129010,NFX,NEWFIELD EXPLORATION CO,,NFX,211111,N,A,R,30044,0,1,1382,65129010,,,,,,,,,13.000,138.000,,,,,,,,,,,,,,,75.070,76.560,75.220,1202800.000,-0.008698,75.180,75.220,134398.000,1.000,1.000,76.300,,-0.008698,0.001,0.001,0.001,0.001,0.000
79915,2011/04/05,,11,1,1311,65129010,NFX,NEWFIELD EXPLORATION CO,,NFX,211111,N,A,R,30044,0,1,1382,65129010,,,,,,,,,13.000,138.000,,,,,,,,,,,,,,,75.060,76.470,75.650,1621400.000,0.005717,75.660,75.670,134398.000,1.000,1.000,75.160,,0.005717,0.001,0.001,0.002,0.002,-0.000
79915,2011/04/06,,11,1,1311,65129010,NFX,NEWFIELD EXPLORATION CO,,NFX,211111,N,A,R,30044,0,1,1382,65129010,,,,,,,,,13.000,138.000,,,,,,,,,,,,,,,74.470,76.330,75.070,1178400.000,-0.007667,75.070,75.080,134398.000,1.000,1.000,76.320,,-0.007667,0.002,0.001,0.003,0.003,0.002
79915,2011/04/07,,11,1,1311,65129010,NFX,NEWFIELD EXPLORATION CO,,NFX,211111,N,A,R,30044,0,1,1382,65129010,,,,,,,,,13.000,138.000,,,,,,,,,,,,,,,74.300,75.810,75.250,1026800.000,0.002398,75.260,75.270,134398.000,1.000,1.000,74.940,,0.002398,-0.002,-0.002,-0.003,-0.003,-0.002
79915,2011/04/08,,11,1,1311,65129010,NFX,NEWFIELD EXPLORATION CO,,NFX,211111,N,A,R,30044,0,1,1382,65129010,,,,,,,,,13.000,138.000,,,,,,,,,,,,,,,75.390,76.750,75.960,1003200.000,0.009435,75.920,75.930,134398.000,1.000,1.000,76.050,,0.009435,-0.003,-0.003,-0.005,-0.005,-0.004
79915,2011/04/11,,11,1,1311,65129010,NFX,NEWFIELD EXPLORATION CO,,NFX,211111,N,A,R,30044,0,1,1382,65129010,,,,,,,,,13.000,138.000,,,,,,,,,,,,,,,72.160,75.860,72.590,1699800.000,-0.044365,72.510,72.520,134398.000,1.000,1.000,75.770,,-0.044365,-0.005,-0.005,-0.006,-0.007,-0.003
79915,2011/04/12,,11,1,1311,65129010,NFX,NEWFIELD EXPLORATION CO,,NFX,211111,N,A,R,30044,0,1,1382,65129010,,,,,,,,,13.000,138.000,,,,,,,,,,,,,,,69.430,71.780,70.490,1718600.000,-0.028930,70.510,70.530,134398.000,1.000,1.000,71.730,,-0.028930,-0.009,-0.009,-0.010,-0.010,-0.008
79915,2011/04/13,,11,1,1311,65129010,NFX,NEWFIELD EXPLORATION CO,,NFX,211111,N,A,R,30044,0,1,1382,65129010,,,,,,,,,13.000,138.000,,,,,,,,,,,,,,,70.360,72.330,70.700,1172600.000,0.002979,70.690,70.700,134398.000,1.000,1.000,71.190,,0.002979,0.001,0.001,0.002,0.001,0.000
79915,2011/04/14,,11,1,1311,65129010,NFX,NEWFIELD EXPLORATION CO,,NFX,211111,N,A,R,30044,0,1,1382,65129010,,,,,,,,,13.000,138.000,,,,,,,,,,,,,,,69.300,70.610,70.180,1786500.000,-0.007355,70.180,70.190,134398.000,1.000,1.000,70.110,,-0.007355,0.001,0.001,0.003,0.003,0.000
79915,2011/04/15,,11,1,1311,65129010,NFX,NEWFIELD EXPLORATION CO,,NFX,211111,N,A,R,30044,0,1,1382,65129010,,,,,,,,,13.000,138.000,,,,,,,,,,,,,,,69.780,71.855,71.100,1354900.000,0.013109,71.130,71.140,134398.000,1.000,1.000,70.280,,0.013109,0.004,0.004,0.005,0.005,0.004
79915,2011/04/18,,11,1,1311,65129010,NFX,NEWFIELD EXPLORATION CO,,NFX,211111,N,A,R,30044,0,1,1382,65129010,,,,,,,,,13.000,138.000,,,,,,,,,,,,,,,68.690,70.380,69.930,1473400.000,-0.016456,69.940,69.960,134398.000,1.000,1.000,70.120,,-0.016456,-0.012,-0.012,-0.011,-0.012,-0.011
79915,2011/04/19,,11,1,1311,65129010,NFX,NEWFIELD EXPLORATION CO,,NFX,211111,N,A,R,30044,0,1,1382,65129010,,,,,,,,,13.000,138.000,,,,,,,,,,,,,,,69.480,71.750,71.700,1870600.000,0.025311,71.690,71.700,134398.000,1.000,1.000,70.040,,0.025311,0.006,0.006,0.004,0.003,0.006
79915,2011/04/20,,11,1,1311,65129010,NFX,NEWFIELD EXPLORATION CO,,NFX,211111,N,A,R,30044,0,1,1382,65129010,,,,,,,,,13.000,138.000,,,,,,,,,,,,,,,72.140,73.330,72.460,1764000.000,0.010600,72.430,72.450,134398.000,1.000,1.000,72.690,,0.010600,0.014,0.014,0.013,0.013,0.014
79915,2011/04/21,,11,1,1311,65129010,NFX,NEWFIELD EXPLORATION CO,,NFX,211111,N,A,R,30044,0,1,1382,65129010,,,,,,,,,13.000,138.000,,,,,,,,,,,,,,,70.230,72.260,71.690,2213100.000,-0.010627,71.630,71.660,134398.000,1.000,1.000,72.260,,-0.010627,0.006,0.006,0.005,0.005,0.005
79915,2011/04/25,,11,1,1311,65129010,NFX,NEWFIELD EXPLORATION CO,,NFX,211111,N,A,R,30044,0,1,1382,65129010,,,,,,,,,13.000,138.000,,,,,,,,,,,,,,,70.340,71.610,70.420,1255900.000,-0.017715,70.410,70.420,134398.000,1.000,1.000,71.610,,-0.017715,-0.002,-0.002,-0.001,-0.001,-0.002
79915,2011/04/26,,11,1,1311,65129010,NFX,NEWFIELD EXPLORATION CO,,NFX,211111,N,A,R,30044,0,1,1382,65129010,,,,,,,,,13.000,138.000,,,,,,,,,,,,,,,69.950,70.850,70.190,1367700.000,-0.003266,70.160,70.170,134398.000,1.000,1.000,70.850,,-0.003266,0.008,0.008,0.005,0.005,0.009
79915,2011/04/27,,11,1,1311,65129010,NFX,NEWFIELD EXPLORATION CO,,NFX,211111,N,A,R,30044,0,1,1382,65129010,,,,,,,,,13.000,138.000,,,,,,,,,,,,,,,68.510,70.600,69.710,2474100.000,-0.006839,69.670,69.690,134398.000,1.000,1.000,70.590,,-0.006839,0.006,0.006,0.005,0.005,0.006
79915,2011/04/28,,11,1,1311,65129010,NFX,NEWFIELD EXPLORATION CO,,NFX,211111,N,A,R,30044,0,1,1382,65129010,,,,,,,,,13.000,138.000,,,,,,,,,,,,,,,68.480,70.480,69.860,2970400.000,0.002152,69.870,69.890,134398.000,1.000,1.000,69.520,,0.002152,0.003,0.003,0.002,0.002,0.004
79915,2011/04/29,,11,1,1311,65129010,NFX,NEWFIELD EXPLORATION CO,,NFX,211111,N,A,R,30044,0,1,1382,65129010,,,,,,,,0.000,13.000,138.000,,,,,,,,,,,,,,,70.040,71.250,70.800,1584800.000,0.013456,70.760,70.770,134475.000,1.000,1.000,70.140,,0.013456,0.003,0.003,0.004,0.004,0.002
79915,2011/05/02,,11,1,1311,65129010,NFX,NEWFIELD EXPLORATION CO,,NFX,211111,N,A,R,30044,0,1,1382,65129010,,,,,,,,,13.000,138.000,,,,,,,,,,,,,,,69.610,71.420,70.080,2061800.000,-0.010170,70.060,70.070,134475.000,1.000,1.000,71.340,,-0.010170,-0.004,-0.004,-0.006,-0.006,-0.002
79915,2011/05/03,,11,1,1311,65129010,NFX,NEWFIELD EXPLORATION CO,,NFX,211111,N,A,R,30044,0,1,1382,65129010,,,,,,,,,13.000,138.000,,,,,,,,,,,,,,,66.840,69.710,67.370,1926600.000,-0.038670,67.380,67.390,134475.000,1.000,1.000,69.710,,-0.038670,-0.007,-0.007,-0.009,-0.009,-0.003
79915,2011/05/04,,11,1,1311,65129010,NFX,NEWFIELD EXPLORATION CO,,NFX,211111,N,A,R,30044,0,1,1382,65129010,,,,,,,,,13.000,138.000,,,,,,,,,,,,,,,65.640,67.490,66.880,2839400.000,-0.007273,66.840,66.850,134475.000,1.000,1.000,67.330,,-0.007273,-0.008,-0.008,-0.009,-0.009,-0.007
79915,2011/05/05,,11,1,1311,65129010,NFX,NEWFIELD EXPLORATION CO,,NFX,211111,N,A,R,30044,0,1,1382,65129010,,,,,,,,,13.000,138.000,,,,,,,,,,,,,,,64.570,67.150,66.180,2378200.000,-0.010466,66.180,66.190,134475.000,1.000,1.000,66.125,,-0.010466,-0.009,-0.010,-0.006,-0.006,-0.009
79915,2011/05/06,,11,1,1311,65129010,NFX,NEWFIELD EXPLORATION CO,,NFX,211111,N,A,R,30044,0,1,1382,65129010,,,,,,,,,13.000,138.000,,,,,,,,,,,,,,,66.430,68.370,67.600,2519300.000,0.021457,67.600,67.630,134475.000,1.000,1.000,67.310,,0.021457,0.005,0.005,0.005,0.005,0.004
79915,2011/05/09,,11,1,1311,65129010,NFX,NEWFIELD EXPLORATION CO,,NFX,211111,N,A,R,30044,0,1,1382,65129010,,,,,,,,,13.000,138.000,,,,,,,,,,,,,,,67.770,70.870,70.640,3449300.000,0.044970,70.650,70.670,134475.000,1.000,1.000,67.770,,0.044970,0.006,0.006,0.007,0.007,0.005
79915,2011/05/10,,11,1,1311,65129010,NFX,NEWFIELD EXPLORATION CO,,NFX,211111,N,A,R,30044,0,1,1382,65129010,,,,,,,,,13.000,138.000,,,,,,,,,,,,,,,69.830,71.330,71.120,2087700.000,0.006795,71.120,71.140,134475.000,1.000,1.000,70.750,,0.006795,0.008,0.008,0.010,0.010,0.008
79915,2011/05/11,,11,1,1311,65129010,NFX,NEWFIELD EXPLORATION CO,,NFX,211111,N,A,R,30044,0,1,1382,65129010,,,,,,,,,13.000,138.000,,,,,,,,,,,,,,,68.150,70.850,69.150,2806500.000,-0.027700,69.150,69.160,134475.000,1.000,1.000,70.690,,-0.027700,-0.012,-0.013,-0.012,-0.012,-0.011
79915,2011/05/12,,11,1,1311,65129010,NFX,NEWFIELD EXPLORATION CO,,NFX,211111,N,A,R,30044,0,1,1382,65129010,,,,,,,,,13.000,138.000,,,,,,,,,,,,,,,68.600,70.681,69.770,3114100.000,0.008966,69.790,69.830,134475.000,1.000,1.000,69.000,,0.008966,0.004,0.004,0.004,0.004,0.005
79915,2011/05/13,,11,1,1311,65129010,NFX,NEWFIELD EXPLORATION CO,,NFX,211111,N,A,R,30044,0,1,1382,65129010,,,,,,,,,13.000,138.000,,,,,,,,,,,,,,,69.340,70.720,70.070,2553900.000,0.004300,70.030,70.040,134475.000,1.000,1.000,69.700,,0.004300,-0.009,-0.009,-0.009,-0.009,-0.008
79915,2011/05/16,,11,1,1311,65129010,NFX,NEWFIELD EXPLORATION CO,,NFX,211111,N,A,R,30044,0,1,1382,65129010,,,,,,,,,13.000,138.000,,,,,,,,,,,,,,,69.050,71.010,69.720,2363300.000,-0.004995,69.740,69.760,134475.000,1.000,1.000,69.760,,-0.004995,-0.007,-0.007,-0.010,-0.010,-0.006
79915,2011/05/17,,11,1,1311,65129010,NFX,NEWFIELD EXPLORATION CO,,NFX,211111,N,A,R,30044,0,1,1382,65129010,,,,,,,,,13.000,138.000,,,,,,,,,,,,,,,68.560,69.880,69.430,3511500.000,-0.004160,69.440,69.460,134475.000,1.000,1.000,69.060,,-0.004160,-0.001,-0.001,-0.004,-0.004,-0.000
79915,2011/05/18,,11,1,1311,65129010,NFX,NEWFIELD EXPLORATION CO,,NFX,211111,N,A,R,30044,0,1,1382,65129010,,,,,,,,,13.000,138.000,,,,,,,,,,,,,,,69.810,73.260,73.010,2782400.000,0.051563,73.000,73.010,134475.000,1.000,1.000,70.060,,0.051563,0.011,0.011,0.011,0.011,0.009
79915,2011/05/19,,11,1,1311,65129010,NFX,NEWFIELD EXPLORATION CO,,NFX,211111,N,A,R,30044,0,1,1382,65129010,,,,,,,,,13.000,138.000,,,,,,,,,,,,,,,72.100,73.740,73.280,1548400.000,0.003698,73.260,73.270,134475.000,1.000,1.000,73.510,,0.003698,0.002,0.002,0.001,0.001,0.002
79915,2011/05/20,,11,1,1311,65129010,NFX,NEWFIELD EXPLORATION CO,,NFX,211111,N,A,R,30044,0,1,1382,65129010,,,,,,,,,13.000,138.000,,,,,,,,,,,,,,,72.820,75.420,74.900,2073200.000,0.022107,74.910,74.980,134475.000,1.000,1.000,73.420,,0.022107,-0.007,-0.007,-0.004,-0.004,-0.008
79915,2011/05/23,,11,1,1311,65129010,NFX,NEWFIELD EXPLORATION CO,,NFX,211111,N,A,R,30044,0,1,1382,65129010,,,,,,,,,13.000,138.000,,,,,,,,,,,,,,,72.610,73.680,72.850,1228700.000,-0.027370,72.860,72.870,134475.000,1.000,1.000,73.670,,-0.027370,-0.013,-0.013,-0.013,-0.013,-0.012
79915,2011/05/24,,11,1,1311,65129010,NFX,NEWFIELD EXPLORATION CO,,NFX,211111,N,A,R,30044,0,1,1382,65129010,,,,,,,,,13.000,138.000,,,,,,,,,,,,,,,72.500,74.830,72.880,1857500.000,0.000412,72.880,72.890,134475.000,1.000,1.000,73.340,,0.000412,-0.000,-0.000,-0.001,-0.001,-0.001
79915,2011/05/25,,11,1,1311,65129010,NFX,NEWFIELD EXPLORATION CO,,NFX,211111,N,A,R,30044,0,1,1382,65129010,,,,,,,,,13.000,138.000,,,,,,,,,,,,,,,72.500,74.270,73.790,1517100.000,0.012486,73.780,73.790,134475.000,1.000,1.000,72.640,,0.012486,0.005,0.005,0.006,0.006,0.003
79915,2011/05/26,,11,1,1311,65129010,NFX,NEWFIELD EXPLORATION CO,,NFX,211111,N,A,R,30044,0,1,1382,65129010,,,,,,,,,13.000,138.000,,,,,,,,,,,,,,,72.300,74.160,73.710,1380000.000,-0.001084,73.720,73.730,134475.000,1.000,1.000,73.600,,-0.001084,0.005,0.005,0.008,0.008,0.004
79915,2011/05/27,,11,1,1311,65129010,NFX,NEWFIELD EXPLORATION CO,,NFX,211111,N,A,R,30044,0,1,1382,65129010,,,,,,,,,13.000,138.000,,,,,,,,,,,,,,,73.720,75.060,74.150,1124900.000,0.005969,74.150,74.160,134475.000,1.000,1.000,74.160,,0.005969,0.005,0.005,0.006,0.006,0.004
79915,2011/05/31,,11,1,1311,65129010,NFX,NEWFIELD EXPLORATION CO,,NFX,211111,N,A,R,30044,0,1,1382,65129010,,,,,,,,0.000,13.000,138.000,,,,,,,,,,,,,,,73.440,75.520,74.590,1377500.000,0.005934,74.580,74.590,134475.000,1.000,1.000,75.510,,0.005934,0.010,0.010,0.009,0.009,0.011
79915,2011/06/01,,11,1,1311,65129010,NFX,NEWFIELD EXPLORATION CO,,NFX,211111,N,A,R,30044,0,1,1382,65129010,,,,,,,,,13.000,138.000,,,,,,,,,,,,,,,71.540,75.250,71.840,2484300.000,-0.036868,71.850,71.860,134475.000,1.000,1.000,74.690,,-0.036868,-0.023,-0.023,-0.020,-0.020,-0.023
79915,2011/06/02,,11,1,1311,65129010,NFX,NEWFIELD EXPLORATION CO,,NFX,211111,N,A,R,30044,0,1,1382,65129010,,,,,,,,,13.000,138.000,,,,,,,,,,,,,,,71.940,73.250,72.710,2983100.000,0.012110,72.710,72.720,134475.000,1.000,1.000,72.220,,0.012110,-0.001,-0.001,-0.000,-0.000,-0.001
79915,2011/06/03,,11,1,1311,65129010,NFX,NEWFIELD EXPLORATION CO,,NFX,211111,N,A,R,30044,0,1,1382,65129010,,,,,,,,,13.000,138.000,,,,,,,,,,,,,,,71.390,73.680,72.750,1664100.000,0.000550,72.750,72.760,134475.000,1.000,1.000,71.800,,0.000550,-0.009,-0.009,-0.010,-0.010,-0.010
79915,2011/06/06,,11,1,1311,65129010,NFX,NEWFIELD EXPLORATION CO,,NFX,211111,N,A,R,30044,0,1,1382,65129010,,,,,,,,,13.000,138.000,,,,,,,,,,,,,,,70.750,73.160,70.810,2202100.000,-0.026667,70.820,70.830,134475.000,1.000,1.000,72.390,,-0.026667,-0.012,-0.012,-0.013,-0.013,-0.011
79915,2011/06/07,,11,1,1311,65129010,NFX,NEWFIELD EXPLORATION CO,,NFX,211111,N,A,R,30044,0,1,1382,65129010,,,,,,,,,13.000,138.000,,,,,,,,,,,,,,,68.600,71.470,68.710,4707400.000,-0.029657,68.740,68.750,134475.000,1.000,1.000,71.330,,-0.029657,0.000,0.000,0.001,0.001,-0.001
79915,2011/06/08,,11,1,1311,65129010,NFX,NEWFIELD EXPLORATION CO,,NFX,211111,N,A,R,30044,0,1,1382,65129010,,,,,,,,,13.000,138.000,,,,,,,,,,,,,,,68.120,70.200,68.360,1985600.000,-0.005094,68.350,68.360,134475.000,1.000,1.000,68.930,,-0.005094,-0.006,-0.006,-0.011,-0.011,-0.004
79915,2011/06/09,,11,1,1311,65129010,NFX,NEWFIELD EXPLORATION CO,,NFX,211111,N,A,R,30044,0,1,1382,65129010,,,,,,,,,13.000,138.000,,,,,,,,,,,,,,,68.060,69.250,68.430,1852100.000,0.001024,68.440,68.450,134475.000,1.000,1.000,68.710,,0.001024,0.007,0.007,0.006,0.005,0.007
79915,2011/06/10,,11,1,1311,65129010,NFX,NEWFIELD EXPLORATION CO,,NFX,211111,N,A,R,30044,0,1,1382,65129010,,,,,,,,,13.000,138.000,,,,,,,,,,,,,,,66.950,68.670,67.810,2878600.000,-0.009060,67.790,67.800,134475.000,1.000,1.000,68.670,,-0.009060,-0.014,-0.014,-0.012,-0.012,-0.014
79915,2011/06/13,,11,1,1311,65129010,NFX,NEWFIELD EXPLORATION CO,,NFX,211111,N,A,R,30044,0,1,1382,65129010,,,,,,,,,13.000,138.000,,,,,,,,,,,,,,,64.940,68.130,65.510,1551000.000,-0.033918,65.480,65.490,134475.000,1.000,1.000,68.020,,-0.033918,-0.001,-0.001,-0.006,-0.006,0.001
79915,2011/06/14,,11,1,1311,65129010,NFX,NEWFIELD EXPLORATION CO,,NFX,211111,N,A,R,30044,0,1,1382,65129010,,,,,,,,,13.000,138.000,,,,,,,,,,,,,,,65.850,67.050,66.400,1983900.000,0.013586,66.420,66.430,134475.000,1.000,1.000,66.300,,0.013586,0.014,0.014,0.014,0.014,0.013
79915,2011/06/15,,11,1,1311,65129010,NFX,NEWFIELD EXPLORATION CO,,NFX,211111,N,A,R,30044,0,1,1382,65129010,,,,,,,,,13.000,138.000,,,,,,,,,,,,,,,63.520,65.970,64.050,2572200.000,-0.035392,64.070,64.080,134475.000,1.000,1.000,65.510,,-0.035392,-0.017,-0.017,-0.014,-0.014,-0.017
79915,2011/06/16,,11,1,1311,65129010,NFX,NEWFIELD EXPLORATION CO,,NFX,211111,N,A,R,30044,0,1,1382,65129010,,,,,,,,,13.000,138.000,,,,,,,,,,,,,,,62.890,64.550,63.740,1734900.000,-0.004840,63.740,63.750,134475.000,1.000,1.000,64.130,,-0.004840,-0.000,-0.000,-0.001,-0.001,0.002
79915,2011/06/17,,11,1,1311,65129010,NFX,NEWFIELD EXPLORATION CO,,NFX,211111,N,A,R,30044,0,1,1382,65129010,,,,,,,,,13.000,138.000,,,,,,,,,,,,,,,63.110,64.880,63.700,2333900.000,-0.000628,63.690,63.700,134475.000,1.000,1.000,64.480,,-0.000628,0.002,0.002,0.001,0.001,0.003
79915,2011/06/20,,11,1,1311,65129010,NFX,NEWFIELD EXPLORATION CO,,NFX,211111,N,A,R,30044,0,1,1382,65129010,,,,,,,,,13.000,138.000,,,,,,,,,,,,,,,62.100,63.740,62.930,2968300.000,-0.012088,62.940,62.960,134475.000,1.000,1.000,63.260,,-0.012088,0.005,0.005,0.002,0.002,0.005
79915,2011/06/21,,11,1,1311,65129010,NFX,NEWFIELD EXPLORATION CO,,NFX,211111,N,A,R,30044,0,1,1382,65129010,,,,,,,,,13.000,138.000,,,,,,,,,,,,,,,63.570,66.270,65.860,3871100.000,0.046560,65.860,65.870,134475.000,1.000,1.000,63.790,,0.046560,0.016,0.016,0.016,0.016,0.013
79915,2011/06/22,,11,1,1311,65129010,NFX,NEWFIELD EXPLORATION CO,,NFX,211111,N,A,R,30044,0,1,1382,65129010,,,,,,,,,13.000,138.000,,,,,,,,,,,,,,,65.050,67.350,65.860,2267100.000,0.000000,65.870,65.880,134475.000,1.000,1.000,65.050,,0.000000,-0.005,-0.006,-0.003,-0.003,-0.006
79915,2011/06/23,,11,1,1311,65129010,NFX,NEWFIELD EXPLORATION CO,,NFX,211111,N,A,R,30044,0,1,1382,65129010,,,,,,,,,13.000,138.000,,,,,,,,,,,,,,,63.270,65.800,65.710,2096000.000,-0.002278,65.720,65.730,134475.000,1.000,1.000,64.330,,-0.002278,-0.003,-0.003,-0.001,-0.001,-0.003
79915,2011/06/24,,11,1,1311,65129010,NFX,NEWFIELD EXPLORATION CO,,NFX,211111,N,A,R,30044,0,1,1382,65129010,,,,,,,,,13.000,138.000,,,,,,,,,,,,,,,64.490,66.220,64.820,2628900.000,-0.013544,64.730,64.740,134475.000,1.000,1.000,65.750,,-0.013544,-0.011,-0.011,-0.002,-0.002,-0.012
79915,2011/06/27,,11,1,1311,65129010,NFX,NEWFIELD EXPLORATION CO,,NFX,211111,N,A,R,30044,0,1,1382,65129010,,,,,,,,,13.000,138.000,,,,,,,,,,,,,,,64.010,65.200,64.970,1550000.000,0.002314,64.960,64.970,134475.000,1.000,1.000,64.550,,0.002314,0.008,0.008,0.005,0.005,0.009
79915,2011/06/28,,11,1,1311,65129010,NFX,NEWFIELD EXPLORATION CO,,NFX,211111,N,A,R,30044,0,1,1382,65129010,,,,,,,,,13.000,138.000,,,,,,,,,,,,,,,65.250,66.630,66.630,1234900.000,0.025550,66.590,66.620,134475.000,1.000,1.000,65.310,,0.025550,0.014,0.013,0.011,0.010,0.013
79915,2011/06/29,,11,1,1311,65129010,NFX,NEWFIELD EXPLORATION CO,,NFX,211111,N,A,R,30044,0,1,1382,65129010,,,,,,,,,13.000,138.000,,,,,,,,,,,,,,,66.460,68.940,68.190,1824200.000,0.023413,68.200,68.210,134475.000,1.000,1.000,66.800,,0.023413,0.009,0.009,0.005,0.005,0.008
79915,2011/06/30,,11,1,1311,65129010,NFX,NEWFIELD EXPLORATION CO,,NFX,211111,N,A,R,30044,0,1,1382,65129010,,,,,,,,0.000,13.000,138.000,,,,,,,,,,,,,,,67.660,69.730,68.020,1917600.000,-0.002493,67.980,67.990,134475.000,1.000,1.000,68.340,,-0.002493,0.010,0.010,0.008,0.008,0.010
79915,2011/07/01,,11,1,1311,65129010,NFX,NEWFIELD EXPLORATION CO,,NFX,211111,N,A,R,30044,0,1,1382,65129010,,,,,,,,,13.000,138.000,,,,,,,,,,,,,,,66.890,69.400,69.250,1161500.000,0.018083,69.230,69.240,134475.000,1.000,1.000,67.910,,0.018083,0.013,0.013,0.010,0.010,0.014
79915,2011/07/05,,11,1,1311,65129010,NFX,NEWFIELD EXPLORATION CO,,NFX,211111,N,A,R,30044,0,1,1382,65129010,,,,,,,,,13.000,138.000,,,,,,,,,,,,,,,69.040,71.090,70.320,1616900.000,0.015451,70.350,70.360,134475.000,1.000,1.000,69.360,,0.015451,-0.000,-0.000,0.001,0.001,-0.001
79915,2011/07/06,,11,1,1311,65129010,NFX,NEWFIELD EXPLORATION CO,,NFX,211111,N,A,R,30044,0,1,1382,65129010,,,,,,,,,13.000,138.000,,,,,,,,,,,,,,,69.410,70.460,69.880,992100.000,-0.006257,69.840,69.860,134475.000,1.000,1.000,70.130,,-0.006257,0.001,0.001,0.003,0.003,0.001
79915,2011/07/07,,11,1,1311,65129010,NFX,NEWFIELD EXPLORATION CO,,NFX,211111,N,A,R,30044,0,1,1382,65129010,,,,,,,,,13.000,138.000,,,,,,,,,,,,,,,69.630,71.300,70.440,1162800.000,0.008014,70.410,70.420,134475.000,1.000,1.000,70.860,,0.008014,0.011,0.011,0.012,0.012,0.010
79915,2011/07/08,,11,1,1311,65129010,NFX,NEWFIELD EXPLORATION CO,,NFX,211111,N,A,R,30044,0,1,1382,65129010,,,,,,,,,13.000,138.000,,,,,,,,,,,,,,,68.920,70.250,69.840,1171600.000,-0.008518,69.850,69.870,134475.000,1.000,1.000,69.560,,-0.008518,-0.006,-0.006,-0.005,-0.005,-0.007
79915,2011/07/11,,11,1,1311,65129010,NFX,NEWFIELD EXPLORATION CO,,NFX,211111,N,A,R,30044,0,1,1382,65129010,,,,,,,,,13.000,138.000,,,,,,,,,,,,,,,66.670,68.600,67.050,982100.000,-0.039948,67.080,67.090,134475.000,1.000,1.000,68.600,,-0.039948,-0.019,-0.019,-0.016,-0.016,-0.018
79915,2011/07/12,,11,1,1311,65129010,NFX,NEWFIELD EXPLORATION CO,,NFX,211111,N,A,R,30044,0,1,1382,65129010,,,,,,,,,13.000,138.000,,,,,,,,,,,,,,,66.770,68.640,67.590,1573000.000,0.008054,67.580,67.590,134475.000,1.000,1.000,66.770,,0.008054,-0.004,-0.004,-0.002,-0.002,-0.004
79915,2011/07/13,,11,1,1311,65129010,NFX,NEWFIELD EXPLORATION CO,,NFX,211111,N,A,R,30044,0,1,1382,65129010,,,,,,,,,13.000,138.000,,,,,,,,,,,,,,,67.770,69.200,68.080,1024600.000,0.007250,68.030,68.040,134475.000,1.000,1.000,67.990,,0.007250,0.005,0.005,0.007,0.007,0.003
79915,2011/07/14,,11,1,1311,65129010,NFX,NEWFIELD EXPLORATION CO,,NFX,211111,N,A,R,30044,0,1,1382,65129010,,,,,,,,,13.000,138.000,,,,,,,,,,,,,,,66.780,68.950,66.900,1758400.000,-0.017333,66.930,66.950,134475.000,1.000,1.000,68.520,,-0.017333,-0.008,-0.008,-0.010,-0.010,-0.007
79915,2011/07/15,,11,1,1311,65129010,NFX,NEWFIELD EXPLORATION CO,,NFX,211111,N,A,R,30044,0,1,1382,65129010,,,,,,,,,13.000,138.000,,,,,,,,,,,,,,,68.070,69.960,69.780,2685600.000,0.043049,69.780,69.800,134475.000,1.000,1.000,68.070,,0.043049,0.006,0.006,0.004,0.004,0.006
79915,2011/07/18,,11,1,1311,65129010,NFX,NEWFIELD EXPLORATION CO,,NFX,211111,N,A,R,30044,0,1,1382,65129010,,,,,,,,,13.000,138.000,,,,,,,,,,,,,,,67.680,69.520,69.020,2354600.000,-0.010891,69.040,69.050,134475.000,1.000,1.000,69.300,,-0.010891,-0.009,-0.010,-0.011,-0.011,-0.008
79915,2011/07/19,,11,1,1311,65129010,NFX,NEWFIELD EXPLORATION CO,,NFX,211111,N,A,R,30044,0,1,1382,65129010,,,,,,,,,13.000,138.000,,,,,,,,,,,,,,,69.540,71.370,71.330,1633400.000,0.033469,71.350,71.360,134475.000,1.000,1.000,69.570,,0.033469,0.016,0.016,0.014,0.013,0.016
79915,2011/07/20,,11,1,1311,65129010,NFX,NEWFIELD EXPLORATION CO,,NFX,211111,N,A,R,30044,0,1,1382,65129010,,,,,,,,,13.000,138.000,,,,,,,,,,,,,,,70.880,72.150,71.600,2062600.000,0.003785,71.640,71.650,134475.000,1.000,1.000,71.790,,0.003785,0.000,-0.000,0.001,0.001,-0.001
79915,2011/07/21,,11,1,1311,65129010,NFX,NEWFIELD EXPLORATION CO,,NFX,211111,N,A,R,30044,0,1,1382,65129010,,,,,,,,,13.000,138.000,,,,,,,,,,,,,,,71.120,73.300,72.850,3031400.000,0.017458,72.860,72.870,134475.000,1.000,1.000,71.120,,0.017458,0.012,0.012,0.009,0.009,0.014
79915,2011/07/22,,11,1,1311,65129010,NFX,NEWFIELD EXPLORATION CO,,NFX,211111,N,A,R,30044,0,1,1382,65129010,,,,,,,,,13.000,138.000,,,,,,,,,,,,,,,72.250,73.290,72.910,1970300.000,0.000824,72.910,72.920,134475.000,1.000,1.000,72.770,,0.000824,0.001,0.001,0.002,0.002,0.001
79915,2011/07/25,,11,1,1311,65129010,NFX,NEWFIELD EXPLORATION CO,,NFX,211111,N,A,R,30044,0,1,1382,65129010,,,,,,,,,13.000,138.000,,,,,,,,,,,,,,,71.540,72.960,72.040,875500.000,-0.011933,71.990,72.000,134475.000,1.000,1.000,71.700,,-0.011933,-0.006,-0.006,-0.008,-0.008,-0.006
79915,2011/07/26,,11,1,1311,65129010,NFX,NEWFIELD EXPLORATION CO,,NFX,211111,N,A,R,30044,0,1,1382,65129010,,,,,,,,,13.000,138.000,,,,,,,,,,,,,,,71.370,73.000,72.000,1288400.000,-0.000555,72.010,72.020,134475.000,1.000,1.000,71.870,,-0.000555,-0.005,-0.005,-0.004,-0.004,-0.004
79915,2011/07/27,,11,1,1311,65129010,NFX,NEWFIELD EXPLORATION CO,,NFX,211111,N,A,R,30044,0,1,1382,65129010,,,,,,,,,13.000,138.000,,,,,,,,,,,,,,,68.650,71.540,69.060,2161600.000,-0.040833,69.080,69.090,134475.000,1.000,1.000,71.250,,-0.040833,-0.022,-0.022,-0.021,-0.021,-0.020
79915,2011/07/28,,11,1,1311,65129010,NFX,NEWFIELD EXPLORATION CO,,NFX,211111,N,A,R,30044,0,1,1382,65129010,,,,,,,,,13.000,138.000,,,,,,,,,,,,,,,67.990,69.400,68.040,1885800.000,-0.014770,68.060,68.070,134475.000,1.000,1.000,69.110,,-0.014770,-0.003,-0.003,-0.001,-0.001,-0.003
79915,2011/07/29,,11,1,1311,65129010,NFX,NEWFIELD EXPLORATION CO,,NFX,211111,N,A,R,30044,0,1,1382,65129010,,,,,,,,0.000,13.000,138.000,,,,,,,,,,,,,,,67.140,68.660,67.420,2127500.000,-0.009112,67.420,67.440,134619.000,1.000,1.000,67.340,,-0.009112,-0.006,-0.006,-0.003,-0.003,-0.006
79915,2011/08/01,,11,1,1311,65129010,NFX,NEWFIELD EXPLORATION CO,,NFX,211111,N,A,R,30044,0,1,1382,65129010,,,,,,,,,13.000,138.000,,,,,,,,,,,,,,,66.230,69.039,66.910,1889000.000,-0.007564,66.930,66.940,134619.000,1.000,1.000,68.720,,-0.007564,-0.004,-0.004,-0.001,-0.001,-0.004
79915,2011/08/02,,11,1,1311,65129010,NFX,NEWFIELD EXPLORATION CO,,NFX,211111,N,A,R,30044,0,1,1382,65129010,,,,,,,,,13.000,138.000,,,,,,,,,,,,,,,64.490,67.130,64.530,1941200.000,-0.035570,64.500,64.510,134619.000,1.000,1.000,66.180,,-0.035570,-0.026,-0.026,-0.021,-0.021,-0.026
79915,2011/08/03,,11,1,1311,65129010,NFX,NEWFIELD EXPLORATION CO,,NFX,211111,N,A,R,30044,0,1,1382,65129010,,,,,,,,,13.000,138.000,,,,,,,,,,,,,,,62.050,64.728,64.020,1745900.000,-0.007903,64.000,64.010,134619.000,1.000,1.000,64.600,,-0.007903,0.005,0.005,0.002,0.002,0.005
79915,2011/08/04,,11,1,1311,65129010,NFX,NEWFIELD EXPLORATION CO,,NFX,211111,N,A,R,30044,0,1,1382,65129010,,,,,,,,,13.000,138.000,,,,,,,,,,,,,,,58.110,62.860,58.370,4102700.000,-0.088254,58.400,58.410,134619.000,1.000,1.000,62.720,,-0.088254,-0.050,-0.050,-0.047,-0.047,-0.048
79915,2011/08/05,,11,1,1311,65129010,NFX,NEWFIELD EXPLORATION CO,,NFX,211111,N,A,R,30044,0,1,1382,65129010,,,,,,,,,13.000,138.000,,,,,,,,,,,,,,,52.850,60.020,55.540,4557500.000,-0.048484,55.530,55.540,134619.000,1.000,1.000,59.250,,-0.048484,-0.005,-0.005,-0.013,-0.013,-0.001
79915,2011/08/08,,11,1,1311,65129010,NFX,NEWFIELD EXPLORATION CO,,NFX,211111,N,A,R,30044,0,1,1382,65129010,,,,,,,,,13.000,138.000,,,,,,,,,,,,,,,48.000,54.350,49.310,4171900.000,-0.112171,49.360,49.370,134619.000,1.000,1.000,54.260,,-0.112171,-0.069,-0.069,-0.072,-0.072,-0.067
79915,2011/08/09,,11,1,1311,65129010,NFX,NEWFIELD EXPLORATION CO,,NFX,211111,N,A,R,30044,0,1,1382,65129010,,,,,,,,,13.000,138.000,,,,,,,,,,,,,,,48.170,52.200,52.140,3213000.000,0.057392,52.170,52.180,134619.000,1.000,1.000,50.220,,0.057392,0.051,0.051,0.047,0.047,0.047
79915,2011/08/10,,11,1,1311,65129010,NFX,NEWFIELD EXPLORATION CO,,NFX,211111,N,A,R,30044,0,1,1382,65129010,,,,,,,,,13.000,138.000,,,,,,,,,,,,,,,49.410,52.090,49.580,2621000.000,-0.049099,49.530,49.540,134619.000,1.000,1.000,50.130,,-0.049099,-0.039,-0.039,-0.030,-0.030,-0.044
79915,2011/08/11,,11,1,1311,65129010,NFX,NEWFIELD EXPLORATION CO,,NFX,211111,N,A,R,30044,0,1,1382,65129010,,,,,,,,,13.000,138.000,,,,,,,,,,,,,,,49.740,54.530,53.700,3997500.000,0.083098,53.690,53.700,134619.000,1.000,1.000,50.380,,0.083098,0.045,0.045,0.037,0.037,0.046
79915,2011/08/12,,11,1,1311,65129010,NFX,NEWFIELD EXPLORATION CO,,NFX,211111,N,A,R,30044,0,1,1382,65129010,,,,,,,,,13.000,138.000,,,,,,,,,,,,,,,54.070,56.520,54.500,2857900.000,0.014898,54.600,54.610,134619.000,1.000,1.000,54.570,,0.014898,0.005,0.005,0.004,0.004,0.005
79915,2011/08/15,,11,1,1311,65129010,NFX,NEWFIELD EXPLORATION CO,,NFX,211111,N,A,R,30044,0,1,1382,65129010,,,,,,,,,13.000,138.000,,,,,,,,,,,,,,,55.160,56.590,56.200,1623700.000,0.031193,56.190,56.200,134619.000,1.000,1.000,55.180,,0.031193,0.023,0.023,0.023,0.023,0.022
79915,2011/08/16,,11,1,1311,65129010,NFX,NEWFIELD EXPLORATION CO,,NFX,211111,N,A,R,30044,0,1,1382,65129010,,,,,,,,,13.000,138.000,,,,,,,,,,,,,,,53.081,55.550,53.180,3020500.000,-0.053737,53.190,53.200,134619.000,1.000,1.000,55.150,,-0.053737,-0.011,-0.011,-0.013,-0.013,-0.010
79915,2011/08/17,,11,1,1311,65129010,NFX,NEWFIELD EXPLORATION CO,,NFX,211111,N,A,R,30044,0,1,1382,65129010,,,,,,,,,13.000,138.000,,,,,,,,,,,,,,,53.310,54.810,53.400,2995500.000,0.004137,53.390,53.400,134619.000,1.000,1.000,53.870,,0.004137,0.001,0.001,0.001,0.001,0.001
79915,2011/08/18,,11,1,1311,65129010,NFX,NEWFIELD EXPLORATION CO,,NFX,211111,N,A,R,30044,0,1,1382,65129010,,,,,,,,,13.000,138.000,,,,,,,,,,,,,,,47.900,51.460,48.470,3321200.000,-0.092322,48.460,48.470,134619.000,1.000,1.000,51.460,,-0.092322,-0.045,-0.045,-0.041,-0.041,-0.045
79915,2011/08/19,,11,1,1311,65129010,NFX,NEWFIELD EXPLORATION CO,,NFX,211111,N,A,R,30044,0,1,1382,65129010,,,,,,,,,13.000,138.000,,,,,,,,,,,,,,,46.660,48.400,46.740,2263500.000,-0.035692,46.730,46.740,134619.000,1.000,1.000,47.470,,-0.035692,-0.015,-0.015,-0.012,-0.012,-0.015
79915,2011/08/22,,11,1,1311,65129010,NFX,NEWFIELD EXPLORATION CO,,NFX,211111,N,A,R,30044,0,1,1382,65129010,,,,,,,,,13.000,138.000,,,,,,,,,,,,,,,45.270,48.500,45.550,2891100.000,-0.025460,45.510,45.520,134619.000,1.000,1.000,48.170,,-0.025460,0.000,-0.000,-0.003,-0.003,0.000
79915,2011/08/23,,11,1,1311,65129010,NFX,NEWFIELD EXPLORATION CO,,NFX,211111,N,A,R,30044,0,1,1382,65129010,,,,,,,,,13.000,138.000,,,,,,,,,,,,,,,44.690,47.550,47.530,2945100.000,0.043469,47.520,47.530,134619.000,1.000,1.000,45.590,,0.043469,0.034,0.034,0.029,0.029,0.034
79915,2011/08/24,,11,1,1311,65129010,NFX,NEWFIELD EXPLORATION CO,,NFX,211111,N,A,R,30044,0,1,1382,65129010,,,,,,,,,13.000,138.000,,,,,,,,,,,,,,,46.570,48.360,48.330,1857900.000,0.016832,48.290,48.320,134619.000,1.000,1.000,47.360,,0.016832,0.012,0.011,0.008,0.008,0.013
79915,2011/08/25,,11,1,1311,65129010,NFX,NEWFIELD EXPLORATION CO,,NFX,211111,N,A,R,30044,0,1,1382,65129010,,,,,,,,,13.000,138.000,,,,,,,,,,,,,,,46.330,49.250,46.570,1562000.000,-0.036416,46.590,46.600,134619.000,1.000,1.000,48.630,,-0.036416,-0.016,-0.016,-0.015,-0.015,-0.016
79915,2011/08/26,,11,1,1311,65129010,NFX,NEWFIELD EXPLORATION CO,,NFX,211111,N,A,R,30044,0,1,1382,65129010,,,,,,,,,13.000,138.000,,,,,,,,,,,,,,,45.200,48.390,48.100,1562700.000,0.032854,48.060,48.080,134619.000,1.000,1.000,46.090,,0.032854,0.016,0.016,0.016,0.016,0.015
79915,2011/08/29,,11,1,1311,65129010,NFX,NEWFIELD EXPLORATION CO,,NFX,211111,N,A,R,30044,0,1,1382,65129010,,,,,,,,,13.000,138.000,,,,,,,,,,,,,,,48.970,49.840,49.450,1986100.000,0.028067,49.420,49.440,134619.000,1.000,1.000,48.970,,0.028067,0.030,0.030,0.032,0.031,0.028
79915,2011/08/30,,11,1,1311,65129010,NFX,NEWFIELD EXPLORATION CO,,NFX,211111,N,A,R,30044,0,1,1382,65129010,,,,,,,,,13.000,138.000,,,,,,,,,,,,,,,48.710,50.820,50.370,1748000.000,0.018605,50.380,50.390,134619.000,1.000,1.000,49.230,,0.018605,0.004,0.004,0.005,0.005,0.002
79915,2011/08/31,,11,1,1311,65129010,NFX,NEWFIELD EXPLORATION CO,,NFX,211111,N,A,R,30044,0,1,1382,65129010,,,,,,,,0.000,13.000,138.000,,,,,,,,,,,,,,,50.500,51.550,51.050,2045400.000,0.013500,51.000,51.010,134619.000,1.000,1.000,50.800,,0.013500,0.005,0.005,0.003,0.003,0.005
79915,2011/09/01,,11,1,1311,65129010,NFX,NEWFIELD EXPLORATION CO,,NFX,211111,N,A,R,30044,0,1,1382,65129010,,,,,,,,,13.000,138.000,,,,,,,,,,,,,,,50.120,52.100,50.150,1635300.000,-0.017630,50.170,50.180,134619.000,1.000,1.000,51.510,,-0.017630,-0.012,-0.012,-0.014,-0.014,-0.012
79915,2011/09/02,,11,1,1311,65129010,NFX,NEWFIELD EXPLORATION CO,,NFX,211111,N,A,R,30044,0,1,1382,65129010,,,,,,,,,13.000,138.000,,,,,,,,,,,,,,,47.490,48.960,47.990,1657500.000,-0.043071,48.020,48.030,134619.000,1.000,1.000,48.830,,-0.043071,-0.025,-0.025,-0.022,-0.022,-0.025
79915,2011/09/06,,11,1,1311,65129010,NFX,NEWFIELD EXPLORATION CO,,NFX,211111,N,A,R,30044,0,1,1382,65129010,,,,,,,,,13.000,138.000,,,,,,,,,,,,,,,45.640,47.170,47.080,1362100.000,-0.018962,47.080,47.110,134619.000,1.000,1.000,46.240,,-0.018962,-0.008,-0.008,-0.009,-0.009,-0.007
79915,2011/09/07,,11,1,1311,65129010,NFX,NEWFIELD EXPLORATION CO,,NFX,211111,N,A,R,30044,0,1,1382,65129010,,,,,,,,,13.000,138.000,,,,,,,,,,,,,,,48.010,49.880,49.860,2314800.000,0.059048,49.850,49.860,134619.000,1.000,1.000,48.570,,0.059048,0.029,0.029,0.027,0.027,0.029
79915,2011/09/08,,11,1,1311,65129010,NFX,NEWFIELD EXPLORATION CO,,NFX,211111,N,A,R,30044,0,1,1382,65129010,,,,,,,,,13.000,138.000,,,,,,,,,,,,,,,49.100,50.870,49.980,3139400.000,0.002407,49.990,50.000,134619.000,1.000,1.000,49.360,,0.002407,-0.011,-0.011,-0.012,-0.012,-0.011
79915,2011/09/09,,11,1,1311,65129010,NFX,NEWFIELD EXPLORATION CO,,NFX,211111,N,A,R,30044,0,1,1382,65129010,,,,,,,,,13.000,138.000,,,,,,,,,,,,,,,47.080,49.980,47.600,2516600.000,-0.047619,47.570,47.580,134619.000,1.000,1.000,49.160,,-0.047619,-0.027,-0.027,-0.021,-0.021,-0.027
79915,2011/09/12,,11,1,1311,65129010,NFX,NEWFIELD EXPLORATION CO,,NFX,211111,N,A,R,30044,0,1,1382,65129010,,,,,,,,,13.000,138.000,,,,,,,,,,,,,,,45.280,47.250,46.300,2744400.000,-0.027311,46.290,46.300,134619.000,1.000,1.000,46.650,,-0.027311,0.004,0.004,-0.000,-0.001,0.007
79915,2011/09/13,,11,1,1311,65129010,NFX,NEWFIELD EXPLORATION CO,,NFX,211111,N,A,R,30044,0,1,1382,65129010,,,,,,,,,13.000,138.000,,,,,,,,,,,,,,,45.560,47.230,46.810,2268900.000,0.011015,46.790,46.800,134619.000,1.000,1.000,46.710,,0.011015,0.011,0.010,0.012,0.012,0.009
79915,2011/09/14,,11,1,1311,65129010,NFX,NEWFIELD EXPLORATION CO,,NFX,211111,N,A,R,30044,0,1,1382,65129010,,,,,,,,,13.000,138.000,,,,,,,,,,,,,,,46.270,48.890,48.180,2353400.000,0.029267,48.190,48.200,134619.000,1.000,1.000,47.110,,0.029267,0.013,0.013,0.012,0.012,0.013
79915,2011/09/15,,11,1,1311,65129010,NFX,NEWFIELD EXPLORATION CO,,NFX,211111,N,A,R,30044,0,1,1382,65129010,,,,,,,,,13.000,138.000,,,,,,,,,,,,,,,48.280,49.310,48.970,1352200.000,0.016397,48.920,48.930,134619.000,1.000,1.000,48.830,,0.016397,0.015,0.015,0.009,0.009,0.017
79915,2011/09/16,,11,1,1311,65129010,NFX,NEWFIELD EXPLORATION CO,,NFX,211111,N,A,R,30044,0,1,1382,65129010,,,,,,,,,13.000,138.000,,,,,,,,,,,,,,,48.520,50.290,48.960,2690000.000,-0.000204,48.940,48.950,134619.000,1.000,1.000,49.310,,-0.000204,0.004,0.003,0.002,0.001,0.006
79915,2011/09/19,,11,1,1311,65129010,NFX,NEWFIELD EXPLORATION CO,,NFX,211111,N,A,R,30044,0,1,1382,65129010,,,,,,,,,13.000,138.000,,,,,,,,,,,,,,,46.920,49.050,48.510,2276000.000,-0.009191,48.470,48.500,134619.000,1.000,1.000,47.580,,-0.009191,-0.011,-0.011,-0.014,-0.014,-0.010
79915,2011/09/20,,11,1,1311,65129010,NFX,NEWFIELD EXPLORATION CO,,NFX,211111,N,A,R,30044,0,1,1382,65129010,,,,,,,,,13.000,138.000,,,,,,,,,,,,,,,47.560,49.865,47.620,2470300.000,-0.018347,47.650,47.660,134619.000,1.000,1.000,49.040,,-0.018347,-0.004,-0.004,-0.009,-0.009,-0.002
79915,2011/09/21,,11,1,1311,65129010,NFX,NEWFIELD EXPLORATION CO,,NFX,211111,N,A,R,30044,0,1,1382,65129010,,,,,,,,,13.000,138.000,,,,,,,,,,,,,,,44.250,48.760,44.300,2845800.000,-0.069719,44.280,44.290,134619.000,1.000,1.000,47.570,,-0.069719,-0.029,-0.029,-0.025,-0.025,-0.029
79915,2011/09/22,,11,1,1311,65129010,NFX,NEWFIELD EXPLORATION CO,,NFX,211111,N,A,R,30044,0,1,1382,65129010,,,,,,,,,13.000,138.000,,,,,,,,,,,,,,,39.570,42.710,40.790,2699600.000,-0.079232,40.780,40.790,134619.000,1.000,1.000,42.610,,-0.079232,-0.034,-0.034,-0.033,-0.033,-0.032
79915,2011/09/23,,11,1,1311,65129010,NFX,NEWFIELD EXPLORATION CO,,NFX,211111,N,A,R,30044,0,1,1382,65129010,,,,,,,,,13.000,138.000,,,,,,,,,,,,,,,39.920,41.430,40.320,1695700.000,-0.011522,40.300,40.310,134619.000,1.000,1.000,40.650,,-0.011522,0.006,0.006,0.007,0.007,0.006
79915,2011/09/26,,11,1,1311,65129010,NFX,NEWFIELD EXPLORATION CO,,NFX,211111,N,A,R,30044,0,1,1382,65129010,,,,,,,,,13.000,138.000,,,,,,,,,,,,,,,39.320,42.270,42.230,1614100.000,0.047371,42.200,42.210,134619.000,1.000,1.000,40.710,,0.047371,0.022,0.022,0.010,0.010,0.023
79915,2011/09/27,,11,1,1311,65129010,NFX,NEWFIELD EXPLORATION CO,,NFX,211111,N,A,R,30044,0,1,1382,65129010,,,,,,,,,13.000,138.000,,,,,,,,,,,,,,,43.100,45.190,43.400,1865700.000,0.027705,43.420,43.430,134619.000,1.000,1.000,43.620,,0.027705,0.013,0.013,0.016,0.016,0.011
79915,2011/09/28,,11,1,1311,65129010,NFX,NEWFIELD EXPLORATION CO,,NFX,211111,N,A,R,30044,0,1,1382,65129010,,,,,,,,,13.000,138.000,,,,,,,,,,,,,,,41.270,43.780,41.340,2093400.000,-0.047465,41.340,41.350,134619.000,1.000,1.000,43.260,,-0.047465,-0.024,-0.024,-0.025,-0.026,-0.021
79915,2011/09/29,,11,1,1311,65129010,NFX,NEWFIELD EXPLORATION CO,,NFX,211111,N,A,R,30044,0,1,1382,65129010,,,,,,,,,13.000,138.000,,,,,,,,,,,,,,,39.920,42.970,40.820,2102600.000,-0.012579,40.800,40.810,134619.000,1.000,1.000,42.650,,-0.012579,0.008,0.008,0.007,0.007,0.008
79915,2011/09/30,,11,1,1311,65129010,NFX,NEWFIELD EXPLORATION CO,,NFX,211111,N,A,R,30044,0,1,1382,65129010,,,,,,,,0.000,13.000,138.000,,,,,,,,,,,,,,,39.160,40.320,39.690,2992300.000,-0.027683,39.660,39.670,134619.000,1.000,1.000,39.980,,-0.027683,-0.025,-0.025,-0.019,-0.019,-0.025
79915,2011/10/03,,11,1,1311,65129010,NFX,NEWFIELD EXPLORATION CO,,NFX,211111,N,A,R,30044,0,1,1382,65129010,,,,,,,,,13.000,138.000,,,,,,,,,,,,,,,36.710,39.430,37.010,2542900.000,-0.067523,37.000,37.010,134619.000,1.000,1.000,39.220,,-0.067523,-0.032,-0.032,-0.041,-0.041,-0.028
79915,2011/10/04,,11,1,1311,65129010,NFX,NEWFIELD EXPLORATION CO,,NFX,211111,N,A,R,30044,0,1,1382,65129010,,,,,,,,,13.000,138.000,,,,,,,,,,,,,,,34.990,39.240,39.150,2002800.000,0.057822,39.130,39.140,134619.000,1.000,1.000,35.960,,0.057822,0.024,0.024,0.027,0.027,0.022
79915,2011/10/05,,11,1,1311,65129010,NFX,NEWFIELD EXPLORATION CO,,NFX,211111,N,A,R,30044,0,1,1382,65129010,,,,,,,,,13.000,138.000,,,,,,,,,,,,,,,38.330,41.440,41.260,2813800.000,0.053895,41.270,41.280,134619.000,1.000,1.000,39.230,,0.053895,0.020,0.019,0.017,0.017,0.018
79915,2011/10/06,,11,1,1311,65129010,NFX,NEWFIELD EXPLORATION CO,,NFX,211111,N,A,R,30044,0,1,1382,65129010,,,,,,,,,13.000,138.000,,,,,,,,,,,,,,,40.660,42.710,42.350,3235800.000,0.026418,42.300,42.320,134619.000,1.000,1.000,40.890,,0.026418,0.021,0.020,0.020,0.020,0.018
79915,2011/10/07,,11,1,1311,65129010,NFX,NEWFIELD EXPLORATION CO,,NFX,211111,N,A,R,30044,0,1,1382,65129010,,,,,,,,,13.000,138.000,,,,,,,,,,,,,,,40.390,42.810,40.650,2083900.000,-0.040142,40.600,40.610,134619.000,1.000,1.000,42.810,,-0.040142,-0.011,-0.011,-0.014,-0.014,-0.008
79915,2011/10/10,,11,1,1311,65129010,NFX,NEWFIELD EXPLORATION CO,,NFX,211111,N,A,R,30044,0,1,1382,65129010,,,,,,,,,13.000,138.000,,,,,,,,,,,,,,,41.610,43.560,43.130,1584900.000,0.061009,43.110,43.120,134619.000,1.000,1.000,41.610,,0.061009,0.034,0.034,0.029,0.029,0.034
79915,2011/10/11,,11,1,1311,65129010,NFX,NEWFIELD EXPLORATION CO,,NFX,211111,N,A,R,30044,0,1,1382,65129010,,,,,,,,,13.000,138.000,,,,,,,,,,,,,,,41.760,43.060,42.340,2419300.000,-0.018317,42.320,42.330,134619.000,1.000,1.000,42.560,,-0.018317,0.001,0.001,0.005,0.005,0.001
79915,2011/10/12,,11,1,1311,65129010,NFX,NEWFIELD EXPLORATION CO,,NFX,211111,N,A,R,30044,0,1,1382,65129010,,,,,,,,,13.000,138.000,,,,,,,,,,,,,,,42.400,43.600,42.420,3207700.000,0.001889,42.420,42.430,134619.000,1.000,1.000,42.770,,0.001889,0.012,0.012,0.015,0.015,0.010
79915,2011/10/13,,11,1,1311,65129010,NFX,NEWFIELD EXPLORATION CO,,NFX,211111,N,A,R,30044,0,1,1382,65129010,,,,,,,,,13.000,138.000,,,,,,,,,,,,,,,40.023,41.950,40.800,4438900.000,-0.038190,40.780,40.790,134619.000,1.000,1.000,41.950,,-0.038190,-0.003,-0.003,-0.001,-0.001,-0.003
79915,2011/10/14,,11,1,1311,65129010,NFX,NEWFIELD EXPLORATION CO,,NFX,211111,N,A,R,30044,0,1,1382,65129010,,,,,,,,,13.000,138.000,,,,,,,,,,,,,,,40.840,42.220,41.680,4906100.000,0.021569,41.660,41.670,134619.000,1.000,1.000,41.760,,0.021569,0.018,0.018,0.015,0.015,0.017
79915,2011/10/17,,11,1,1311,65129010,NFX,NEWFIELD EXPLORATION CO,,NFX,211111,N,A,R,30044,0,1,1382,65129010,,,,,,,,,13.000,138.000,,,,,,,,,,,,,,,40.410,42.230,40.510,3786600.000,-0.028071,40.490,40.500,134619.000,1.000,1.000,41.560,,-0.028071,-0.021,-0.021,-0.020,-0.020,-0.019
79915,2011/10/18,,11,1,1311,65129010,NFX,NEWFIELD EXPLORATION CO,,NFX,211111,N,A,R,30044,0,1,1382,65129010,,,,,,,,,13.000,138.000,,,,,,,,,,,,,,,39.970,41.840,41.140,5276900.000,0.015552,41.150,41.190,134619.000,1.000,1.000,40.360,,0.015552,0.021,0.021,0.018,0.018,0.020
79915,2011/10/19,,11,1,1311,65129010,NFX,NEWFIELD EXPLORATION CO,,NFX,211111,N,A,R,30044,0,1,1382,65129010,,,,,,,,,13.000,138.000,,,,,,,,,,,,,,,41.060,42.549,42.050,5097800.000,0.022120,42.050,42.060,134619.000,1.000,1.000,41.320,,0.022120,-0.014,-0.014,-0.013,-0.013,-0.013
79915,2011/10/20,,11,1,1311,65129010,NFX,NEWFIELD EXPLORATION CO,,NFX,211111,N,A,R,30044,0,1,1382,65129010,,,,,,,,,13.000,138.000,,,,,,,,,,,,,,,34.420,37.420,35.810,15008600.000,-0.148395,35.800,35.810,134619.000,1.000,1.000,36.140,,-0.148395,0.004,0.004,0.000,0.000,0.005
79915,2011/10/21,,11,1,1311,65129010,NFX,NEWFIELD EXPLORATION CO,,NFX,211111,N,A,R,30044,0,1,1382,65129010,,,,,,,,,13.000,138.000,,,,,,,,,,,,,,,35.490,36.750,36.730,4715100.000,0.025691,36.730,36.740,134619.000,1.000,1.000,36.350,,0.025691,0.019,0.019,0.016,0.016,0.019
79915,2011/10/24,,11,1,1311,65129010,NFX,NEWFIELD EXPLORATION CO,,NFX,211111,N,A,R,30044,0,1,1382,65129010,,,,,,,,,13.000,138.000,,,,,,,,,,,,,,,36.220,37.840,37.150,3236300.000,0.011435,37.130,37.140,134619.000,1.000,1.000,36.300,,0.011435,0.017,0.017,0.022,0.022,0.013
79915,2011/10/25,,11,1,1311,65129010,NFX,NEWFIELD EXPLORATION CO,,NFX,211111,N,A,R,30044,0,1,1382,65129010,,,,,,,,,13.000,138.000,,,,,,,,,,,,,,,36.000,38.200,37.190,5569100.000,0.001077,37.190,37.210,134619.000,1.000,1.000,37.040,,0.001077,-0.020,-0.020,-0.018,-0.018,-0.020
79915,2011/10/26,,11,1,1311,65129010,NFX,NEWFIELD EXPLORATION CO,,NFX,211111,N,A,R,30044,0,1,1382,65129010,,,,,,,,,13.000,138.000,,,,,,,,,,,,,,,37.130,38.440,38.140,5505900.000,0.025545,38.140,38.150,134619.000,1.000,1.000,37.820,,0.025545,0.012,0.011,0.013,0.013,0.011
79915,2011/10/27,,11,1,1311,65129010,NFX,NEWFIELD EXPLORATION CO,,NFX,211111,N,A,R,30044,0,1,1382,65129010,,,,,,,,,13.000,138.000,,,,,,,,,,,,,,,39.190,41.450,40.720,5159000.000,0.067646,40.730,40.740,134619.000,1.000,1.000,39.190,,0.067646,0.036,0.036,0.036,0.036,0.034
79915,2011/10/28,,11,1,1311,65129010,NFX,NEWFIELD EXPLORATION CO,,NFX,211111,N,A,R,30044,0,1,1382,65129010,,,,,,,,,13.000,138.000,,,,,,,,,,,,,,,40.290,42.140,42.000,3017500.000,0.031434,41.980,41.990,134619.000,1.000,1.000,40.500,,0.031434,0.000,0.000,0.000,0.000,0.000
79915,2011/10/31,,11,1,1311,65129010,NFX,NEWFIELD EXPLORATION CO,,NFX,211111,N,A,R,30044,0,1,1382,65129010,,,,,,,,0.000,13.000,138.000,,,,,,,,,,,,,,,40.125,41.410,40.260,2863700.000,-0.041429,40.260,40.270,134598.000,1.000,1.000,41.410,,-0.041429,-0.025,-0.025,-0.019,-0.019,-0.025
79915,2011/11/01,,11,1,1311,65129010,NFX,NEWFIELD EXPLORATION CO,,NFX,211111,N,A,R,30044,0,1,1382,65129010,,,,,,,,,13.000,138.000,,,,,,,,,,,,,,,38.000,39.600,38.750,3962400.000,-0.037506,38.770,38.780,134598.000,1.000,1.000,38.680,,-0.037506,-0.029,-0.029,-0.026,-0.026,-0.028
79915,2011/11/02,,11,1,1311,65129010,NFX,NEWFIELD EXPLORATION CO,,NFX,211111,N,A,R,30044,0,1,1382,65129010,,,,,,,,,13.000,138.000,,,,,,,,,,,,,,,39.550,41.160,41.090,3037800.000,0.060387,41.090,41.110,134598.000,1.000,1.000,40.000,,0.060387,0.017,0.017,0.018,0.018,0.016
79915,2011/11/03,,11,1,1311,65129010,NFX,NEWFIELD EXPLORATION CO,,NFX,211111,N,A,R,30044,0,1,1382,65129010,,,,,,,,,13.000,138.000,,,,,,,,,,,,,,,40.690,42.570,42.310,2678200.000,0.029691,42.320,42.330,134598.000,1.000,1.000,41.960,,0.029691,0.019,0.019,0.016,0.016,0.019
79915,2011/11/04,,11,1,1311,65129010,NFX,NEWFIELD EXPLORATION CO,,NFX,211111,N,A,R,30044,0,1,1382,65129010,,,,,,,,,13.000,138.000,,,,,,,,,,,,,,,41.710,43.320,42.920,2241500.000,0.014417,42.920,42.930,134598.000,1.000,1.000,41.710,,0.014417,-0.006,-0.006,-0.004,-0.004,-0.006
79915,2011/11/07,,11,1,1311,65129010,NFX,NEWFIELD EXPLORATION CO,,NFX,211111,N,A,R,30044,0,1,1382,65129010,,,,,,,,,13.000,138.000,,,,,,,,,,,,,,,41.500,43.790,42.160,2099400.000,-0.017707,42.130,42.140,134598.000,1.000,1.000,43.020,,-0.017707,0.005,0.005,0.000,0.000,0.006
79915,2011/11/08,,11,1,1311,65129010,NFX,NEWFIELD EXPLORATION CO,,NFX,211111,N,A,R,30044,0,1,1382,65129010,,,,,,,,,13.000,138.000,,,,,,,,,,,,,,,41.420,42.930,42.830,1428000.000,0.015892,42.800,42.810,134598.000,1.000,1.000,42.630,,0.015892,0.011,0.011,0.010,0.010,0.012
79915,2011/11/09,,11,1,1311,65129010,NFX,NEWFIELD EXPLORATION CO,,NFX,211111,N,A,R,30044,0,1,1382,65129010,,,,,,,,,13.000,138.000,,,,,,,,,,,,,,,40.050,41.500,40.220,2461000.000,-0.060939,40.180,40.190,134598.000,1.000,1.000,41.390,,-0.060939,-0.038,-0.038,-0.034,-0.034,-0.037
79915,2011/11/10,,11,1,1311,65129010,NFX,NEWFIELD EXPLORATION CO,,NFX,211111,N,A,R,30044,0,1,1382,65129010,,,,,,,,,13.000,138.000,,,,,,,,,,,,,,,40.370,42.830,42.430,2708000.000,0.054948,42.400,42.420,134598.000,1.000,1.000,41.040,,0.054948,0.007,0.007,0.005,0.004,0.009
79915,2011/11/11,,11,1,1311,65129010,NFX,NEWFIELD EXPLORATION CO,,NFX,211111,N,A,R,30044,0,1,1382,65129010,,,,,,,,,13.000,138.000,,,,,,,,,,,,,,,42.770,44.090,44.010,2169200.000,0.037238,44.010,44.020,134598.000,1.000,1.000,43.050,,0.037238,0.020,0.020,0.016,0.016,0.019
79915,2011/11/14,,11,1,1311,65129010,NFX,NEWFIELD EXPLORATION CO,,NFX,211111,N,A,R,30044,0,1,1382,65129010,,,,,,,,,13.000,138.000,,,,,,,,,,,,,,,42.580,43.790,43.140,1131200.000,-0.019768,43.160,43.180,134598.000,1.000,1.000,43.590,,-0.019768,-0.009,-0.009,-0.011,-0.011,-0.010
79915,2011/11/15,,11,1,1311,65129010,NFX,NEWFIELD EXPLORATION CO,,NFX,211111,N,A,R,30044,0,1,1382,65129010,,,,,,,,,13.000,138.000,,,,,,,,,,,,,,,42.210,43.440,42.930,1393600.000,-0.004868,42.950,42.960,134598.000,1.000,1.000,42.950,,-0.004868,0.005,0.004,0.005,0.005,0.005
79915,2011/11/16,,11,1,1311,65129010,NFX,NEWFIELD EXPLORATION CO,,NFX,211111,N,A,R,30044,0,1,1382,65129010,,,,,,,,,13.000,138.000,,,,,,,,,,,,,,,42.350,43.790,42.410,3462200.000,-0.012113,42.430,42.440,134598.000,1.000,1.000,42.540,,-0.012113,-0.015,-0.015,-0.010,-0.011,-0.017
79915,2011/11/17,,11,1,1311,65129010,NFX,NEWFIELD EXPLORATION CO,,NFX,211111,N,A,R,30044,0,1,1382,65129010,,,,,,,,,13.000,138.000,,,,,,,,,,,,,,,40.220,42.710,40.600,2226300.000,-0.042679,40.600,40.620,134598.000,1.000,1.000,42.260,,-0.042679,-0.017,-0.017,-0.014,-0.014,-0.017
79915,2011/11/18,,11,1,1311,65129010,NFX,NEWFIELD EXPLORATION CO,,NFX,211111,N,A,R,30044,0,1,1382,65129010,,,,,,,,,13.000,138.000,,,,,,,,,,,,,,,40.180,41.240,40.870,2328300.000,0.006650,40.880,40.890,134598.000,1.000,1.000,41.080,,0.006650,-0.000,-0.000,0.001,0.001,-0.000
79915,2011/11/21,,11,1,1311,65129010,NFX,NEWFIELD EXPLORATION CO,,NFX,211111,N,A,R,30044,0,1,1382,65129010,,,,,,,,,13.000,138.000,,,,,,,,,,,,,,,39.760,41.310,40.780,3247500.000,-0.002202,40.790,40.800,134598.000,1.000,1.000,40.580,,-0.002202,-0.019,-0.019,-0.019,-0.019,-0.019
79915,2011/11/22,,11,1,1311,65129010,NFX,NEWFIELD EXPLORATION CO,,NFX,211111,N,A,R,30044,0,1,1382,65129010,,,,,,,,,13.000,138.000,,,,,,,,,,,,,,,39.840,41.100,39.990,1748400.000,-0.019372,40.000,40.010,134598.000,1.000,1.000,40.690,,-0.019372,-0.004,-0.004,-0.005,-0.005,-0.004
79915,2011/11/23,,11,1,1311,65129010,NFX,NEWFIELD EXPLORATION CO,,NFX,211111,N,A,R,30044,0,1,1382,65129010,,,,,,,,,13.000,138.000,,,,,,,,,,,,,,,38.200,39.330,38.850,2103800.000,-0.028507,38.860,38.870,134598.000,1.000,1.000,39.170,,-0.028507,-0.023,-0.023,-0.023,-0.023,-0.022
79915,2011/11/25,,11,1,1311,65129010,NFX,NEWFIELD EXPLORATION CO,,NFX,211111,N,A,R,30044,0,1,1382,65129010,,,,,,,,,13.000,138.000,,,,,,,,,,,,,,,38.480,39.370,38.540,680200.000,-0.007979,38.550,38.560,134598.000,1.000,1.000,38.740,,-0.007979,-0.004,-0.004,-0.005,-0.005,-0.003
79915,2011/11/28,,11,1,1311,65129010,NFX,NEWFIELD EXPLORATION CO,,NFX,211111,N,A,R,30044,0,1,1382,65129010,,,,,,,,,13.000,138.000,,,,,,,,,,,,,,,39.740,41.330,41.190,2471000.000,0.068760,41.180,41.190,134598.000,1.000,1.000,39.920,,0.068760,0.031,0.030,0.028,0.028,0.029
79915,2011/11/29,,11,1,1311,65129010,NFX,NEWFIELD EXPLORATION CO,,NFX,211111,N,A,R,30044,0,1,1382,65129010,,,,,,,,,13.000,138.000,,,,,,,,,,,,,,,41.090,42.720,42.260,3084100.000,0.025977,42.280,42.300,134598.000,1.000,1.000,41.310,,0.025977,0.002,0.002,-0.002,-0.002,0.002
79915,2011/11/30,,11,1,1311,65129010,NFX,NEWFIELD EXPLORATION CO,,NFX,211111,N,A,R,30044,0,1,1382,65129010,,,,,,,,0.000,13.000,138.000,,,,,,,,,,,,,,,43.970,46.200,45.800,3471600.000,0.083767,45.810,45.830,134598.000,1.000,1.000,44.000,,0.083767,0.044,0.044,0.038,0.038,0.043
79915,2011/12/01,,11,1,1311,65129010,NFX,NEWFIELD EXPLORATION CO,,NFX,211111,N,A,R,30044,0,1,1382,65129010,,,,,,,,,13.000,138.000,,,,,,,,,,,,,,,45.500,46.745,45.920,2335700.000,0.002620,45.930,45.940,134598.000,1.000,1.000,45.600,,0.002620,-0.002,-0.002,-0.004,-0.004,-0.002
79915,2011/12/02,,11,1,1311,65129010,NFX,NEWFIELD EXPLORATION CO,,NFX,211111,N,A,R,30044,0,1,1382,65129010,,,,,,,,,13.000,138.000,,,,,,,,,,,,,,,45.480,47.396,45.600,1910900.000,-0.006969,45.600,45.610,134598.000,1.000,1.000,46.530,,-0.006969,0.000,0.000,0.005,0.005,-0.000
79915,2011/12/05,,11,1,1311,65129010,NFX,NEWFIELD EXPLORATION CO,,NFX,211111,N,A,R,30044,0,1,1382,65129010,,,,,,,,,13.000,138.000,,,,,,,,,,,,,,,43.400,46.650,44.030,5064800.000,-0.034430,44.050,44.060,134598.000,1.000,1.000,45.990,,-0.034430,0.010,0.010,0.010,0.010,0.010
79915,2011/12/06,,11,1,1311,65129010,NFX,NEWFIELD EXPLORATION CO,,NFX,211111,N,A,R,30044,0,1,1382,65129010,,,,,,,,,13.000,138.000,,,,,,,,,,,,,,,42.590,44.100,43.320,3492500.000,-0.016125,43.300,43.310,134598.000,1.000,1.000,43.860,,-0.016125,0.000,0.000,-0.000,-0.001,0.001
79915,2011/12/07,,11,1,1311,65129010,NFX,NEWFIELD EXPLORATION CO,,NFX,211111,N,A,R,30044,0,1,1382,65129010,,,,,,,,,13.000,138.000,,,,,,,,,,,,,,,42.320,43.720,43.170,2677700.000,-0.003463,43.170,43.180,134598.000,1.000,1.000,43.190,,-0.003463,0.002,0.002,0.001,0.001,0.002
79915,2011/12/08,,11,1,1311,65129010,NFX,NEWFIELD EXPLORATION CO,,NFX,211111,N,A,R,30044,0,1,1382,65129010,,,,,,,,,13.000,138.000,,,,,,,,,,,,,,,41.240,43.250,41.410,2038300.000,-0.040769,41.410,41.420,134598.000,1.000,1.000,42.970,,-0.040769,-0.023,-0.023,-0.023,-0.023,-0.021
79915,2011/12/09,,11,1,1311,65129010,NFX,NEWFIELD EXPLORATION CO,,NFX,211111,N,A,R,30044,0,1,1382,65129010,,,,,,,,,13.000,138.000,,,,,,,,,,,,,,,40.860,42.080,41.880,2151900.000,0.011350,41.890,41.900,134598.000,1.000,1.000,41.470,,0.011350,0.018,0.018,0.019,0.019,0.017
79915,2011/12/12,,11,1,1311,65129010,NFX,NEWFIELD EXPLORATION CO,,NFX,211111,N,A,R,30044,0,1,1382,65129010,,,,,,,,,13.000,138.000,,,,,,,,,,,,,,,39.690,40.970,40.290,1740800.000,-0.037966,40.310,40.320,134598.000,1.000,1.000,40.860,,-0.037966,-0.016,-0.016,-0.014,-0.014,-0.015
79915,2011/12/13,,11,1,1311,65129010,NFX,NEWFIELD EXPLORATION CO,,NFX,211111,N,A,R,30044,0,1,1382,65129010,,,,,,,,,13.000,138.000,,,,,,,,,,,,,,,38.636,41.130,39.020,1967000.000,-0.031521,39.030,39.040,134598.000,1.000,1.000,40.760,,-0.031521,-0.011,-0.012,-0.013,-0.013,-0.009
79915,2011/12/14,,11,1,1311,65129010,NFX,NEWFIELD EXPLORATION CO,,NFX,211111,N,A,R,30044,0,1,1382,65129010,,,,,,,,,13.000,138.000,,,,,,,,,,,,,,,37.525,38.780,37.620,3075100.000,-0.035879,37.630,37.640,134598.000,1.000,1.000,38.460,,-0.035879,-0.013,-0.013,-0.009,-0.009,-0.011
79915,2011/12/15,,11,1,1311,65129010,NFX,NEWFIELD EXPLORATION CO,,NFX,211111,N,A,R,30044,0,1,1382,65129010,,,,,,,,,13.000,138.000,,,,,,,,,,,,,,,36.520,38.330,36.970,2126300.000,-0.017278,36.960,36.970,134598.000,1.000,1.000,38.320,,-0.017278,0.004,0.004,0.003,0.002,0.003
79915,2011/12/16,,11,1,1311,65129010,NFX,NEWFIELD EXPLORATION CO,,NFX,211111,N,A,R,30044,0,1,1382,65129010,,,,,,,,,13.000,138.000,,,,,,,,,,,,,,,36.230,37.690,37.010,2932900.000,0.001082,36.970,36.980,134598.000,1.000,1.000,37.350,,0.001082,0.005,0.005,0.004,0.003,0.003
79915,2011/12/19,,11,1,1311,65129010,NFX,NEWFIELD EXPLORATION CO,,NFX,211111,N,A,R,30044,0,1,1382,65129010,,,,,,,,,13.000,138.000,,,,,,,,,,,,,,,35.790,37.240,35.890,2124900.000,-0.030262,35.890,35.900,134598.000,1.000,1.000,37.150,,-0.030262,-0.013,-0.013,-0.015,-0.015,-0.012
79915,2011/12/20,,11,1,1311,65129010,NFX,NEWFIELD EXPLORATION CO,,NFX,211111,N,A,R,30044,0,1,1382,65129010,,,,,,,,,13.000,138.000,,,,,,,,,,,,,,,36.841,37.755,37.620,1818400.000,0.048203,37.600,37.620,134598.000,1.000,1.000,36.930,,0.048203,0.030,0.030,0.027,0.027,0.030
79915,2011/12/21,,11,1,1311,65129010,NFX,NEWFIELD EXPLORATION CO,,NFX,211111,N,A,R,30044,0,1,1382,65129010,,,,,,,,,13.000,138.000,,,,,,,,,,,,,,,36.500,37.900,37.060,3371500.000,-0.014886,37.050,37.060,134598.000,1.000,1.000,37.680,,-0.014886,0.002,0.002,0.001,0.001,0.002
79915,2011/12/22,,11,1,1311,65129010,NFX,NEWFIELD EXPLORATION CO,,NFX,211111,N,A,R,30044,0,1,1382,65129010,,,,,,,,,13.000,138.000,,,,,,,,,,,,,,,37.080,38.160,38.030,2630800.000,0.026174,38.050,38.060,134598.000,1.000,1.000,37.300,,0.026174,0.009,0.009,0.008,0.008,0.008
79915,2011/12/23,,11,1,1311,65129010,NFX,NEWFIELD EXPLORATION CO,,NFX,211111,N,A,R,30044,0,1,1382,65129010,,,,,,,,,13.000,138.000,,,,,,,,,,,,,,,37.330,38.330,37.590,1123900.000,-0.011570,37.570,37.580,134598.000,1.000,1.000,38.240,,-0.011570,0.008,0.008,0.004,0.004,0.009
79915,2011/12/27,,11,1,1311,65129010,NFX,NEWFIELD EXPLORATION CO,,NFX,211111,N,A,R,30044,0,1,1382,65129010,,,,,,,,,13.000,138.000,,,,,,,,,,,,,,,36.940,37.790,37.690,1772700.000,0.002660,37.690,37.710,134598.000,1.000,1.000,37.650,,0.002660,0.000,-0.000,-0.001,-0.001,0.000
79915,2011/12/28,,11,1,1311,65129010,NFX,NEWFIELD EXPLORATION CO,,NFX,211111,N,A,R,30044,0,1,1382,65129010,,,,,,,,,13.000,138.000,,,,,,,,,,,,,,,36.740,37.990,37.200,2336600.000,-0.013001,37.220,37.230,134598.000,1.000,1.000,37.770,,-0.013001,-0.014,-0.014,-0.013,-0.014,-0.012
79915,2011/12/29,,11,1,1311,65129010,NFX,NEWFIELD EXPLORATION CO,,NFX,211111,N,A,R,30044,0,1,1382,65129010,,,,,,,,,13.000,138.000,,,,,,,,,,,,,,,37.150,38.050,37.950,1845800.000,0.020161,37.940,37.950,134598.000,1.000,1.000,37.190,,0.020161,0.011,0.011,0.009,0.009,0.011
79915,2011/12/30,,11,1,1311,65129010,NFX,NEWFIELD EXPLORATION CO,,NFX,211111,N,A,R,30044,0,1,1382,65129010,,,,,,,,0.000,13.000,138.000,,,,,,,,,,,,,,,37.720,38.640,37.730,1356100.000,-0.005797,37.720,37.730,134598.000,1.000,1.000,37.770,,-0.005797,-0.003,-0.003,0.002,0.002,-0.004
79915,2012/01/03,,11,1,1311,65129010,NFX,NEWFIELD EXPLORATION CO,,NFX,211111,N,A,R,30044,0,1,1382,65129010,,,,,,,,,13.000,138.000,,,,,,,,,,,,,,,38.850,40.000,39.600,1957000.000,0.049563,39.560,39.580,134598.000,1.000,1.000,38.850,,0.049563,0.016,0.016,0.017,0.017,0.015
79915,2012/01/04,,11,1,1311,65129010,NFX,NEWFIELD EXPLORATION CO,,NFX,211111,N,A,R,30044,0,1,1382,65129010,,,,,,,,,13.000,138.000,,,,,,,,,,,,,,,38.650,39.590,39.190,1660100.000,-0.010354,39.200,39.210,134598.000,1.000,1.000,39.020,,-0.010354,-0.000,-0.001,-0.001,-0.001,0.000
79915,2012/01/05,,11,1,1311,65129010,NFX,NEWFIELD EXPLORATION CO,,NFX,211111,N,A,R,30044,0,1,1382,65129010,,,,,,,,,13.000,138.000,,,,,,,,,,,,,,,38.360,39.490,38.690,2605100.000,-0.012758,38.670,38.680,134598.000,1.000,1.000,38.980,,-0.012758,0.003,0.003,0.004,0.004,0.003
79915,2012/01/06,,11,1,1311,65129010,NFX,NEWFIELD EXPLORATION CO,,NFX,211111,N,A,R,30044,0,1,1382,65129010,,,,,,,,,13.000,138.000,,,,,,,,,,,,,,,38.030,39.110,38.180,1517000.000,-0.013182,38.160,38.170,134598.000,1.000,1.000,38.960,,-0.013182,-0.003,-0.003,-0.001,-0.001,-0.003
79915,2012/01/09,,11,1,1311,65129010,NFX,NEWFIELD EXPLORATION CO,,NFX,211111,N,A,R,30044,0,1,1382,65129010,,,,,,,,,13.000,138.000,,,,,,,,,,,,,,,38.140,38.990,38.920,1823400.000,0.019382,38.880,38.890,134598.000,1.000,1.000,38.230,,0.019382,0.003,0.003,0.004,0.004,0.002
79915,2012/01/10,,11,1,1311,65129010,NFX,NEWFIELD EXPLORATION CO,,NFX,211111,N,A,R,30044,0,1,1382,65129010,,,,,,,,,13.000,138.000,,,,,,,,,,,,,,,39.370,39.970,39.490,2036600.000,0.014646,39.490,39.500,134598.000,1.000,1.000,39.600,,0.014646,0.010,0.010,0.011,0.011,0.009
79915,2012/01/11,,11,1,1311,65129010,NFX,NEWFIELD EXPLORATION CO,,NFX,211111,N,A,R,30044,0,1,1382,65129010,,,,,,,,,13.000,138.000,,,,,,,,,,,,,,,37.890,39.370,38.300,2081800.000,-0.030134,38.290,38.300,134598.000,1.000,1.000,39.230,,-0.030134,0.001,0.001,0.005,0.004,0.000
79915,2012/01/12,,11,1,1311,65129010,NFX,NEWFIELD EXPLORATION CO,,NFX,211111,N,A,R,30044,0,1,1382,65129010,,,,,,,,,13.000,138.000,,,,,,,,,,,,,,,37.925,38.710,38.300,1460900.000,0.000000,38.280,38.290,134598.000,1.000,1.000,38.250,,0.000000,0.003,0.003,0.005,0.005,0.002
79915,2012/01/13,,11,1,1311,65129010,NFX,NEWFIELD EXPLORATION CO,,NFX,211111,N,A,R,30044,0,1,1382,65129010,,,,,,,,,13.000,138.000,,,,,,,,,,,,,,,37.733,38.200,38.160,1871800.000,-0.003655,38.150,38.160,134598.000,1.000,1.000,37.900,,-0.003655,-0.005,-0.005,-0.005,-0.005,-0.005
79915,2012/01/17,,11,1,1311,65129010,NFX,NEWFIELD EXPLORATION CO,,NFX,211111,N,A,R,30044,0,1,1382,65129010,,,,,,,,,13.000,138.000,,,,,,,,,,,,,,,37.662,38.730,38.550,2291500.000,0.010220,38.550,38.560,134598.000,1.000,1.000,38.160,,0.010220,0.004,0.004,0.004,0.004,0.004
79915,2012/01/18,,11,1,1311,65129010,NFX,NEWFIELD EXPLORATION CO,,NFX,211111,N,A,R,30044,0,1,1382,65129010,,,,,,,,,13.000,138.000,,,,,,,,,,,,,,,37.800,39.390,39.330,2027400.000,0.020234,39.320,39.330,134598.000,1.000,1.000,38.270,,0.020234,0.012,0.012,0.014,0.014,0.011
79915,2012/01/19,,11,1,1311,65129010,NFX,NEWFIELD EXPLORATION CO,,NFX,211111,N,A,R,30044,0,1,1382,65129010,,,,,,,,,13.000,138.000,,,,,,,,,,,,,,,39.140,39.770,39.260,1742700.000,-0.001780,39.260,39.270,134598.000,1.000,1.000,39.570,,-0.001780,0.006,0.006,0.005,0.005,0.005
79915,2012/01/20,,11,1,1311,65129010,NFX,NEWFIELD EXPLORATION CO,,NFX,211111,N,A,R,30044,0,1,1382,65129010,,,,,,,,,13.000,138.000,,,,,,,,,,,,,,,38.090,39.300,38.760,2260300.000,-0.012736,38.750,38.760,134598.000,1.000,1.000,39.220,,-0.012736,0.001,0.001,0.004,0.004,0.001
79915,2012/01/23,,11,1,1311,65129010,NFX,NEWFIELD EXPLORATION CO,,NFX,211111,N,A,R,30044,0,1,1382,65129010,,,,,,,,,13.000,138.000,,,,,,,,,,,,,,,39.010,40.610,40.040,2699300.000,0.033024,40.020,40.040,134598.000,1.000,1.000,39.180,,0.033024,0.002,0.002,0.002,0.002,0.000
79915,2012/01/24,,11,1,1311,65129010,NFX,NEWFIELD EXPLORATION CO,,NFX,211111,N,A,R,30044,0,1,1382,65129010,,,,,,,,,13.000,138.000,,,,,,,,,,,,,,,39.370,39.940,39.890,2392000.000,-0.003746,39.890,39.900,134598.000,1.000,1.000,39.700,,-0.003746,-0.001,-0.001,0.003,0.003,-0.001
79915,2012/01/25,,11,1,1311,65129010,NFX,NEWFIELD EXPLORATION CO,,NFX,211111,N,A,R,30044,0,1,1382,65129010,,,,,,,,,13.000,138.000,,,,,,,,,,,,,,,39.260,41.410,41.280,2369500.000,0.034846,41.250,41.260,134598.000,1.000,1.000,39.940,,0.034846,0.010,0.010,0.010,0.010,0.009
79915,2012/01/26,,11,1,1311,65129010,NFX,NEWFIELD EXPLORATION CO,,NFX,211111,N,A,R,30044,0,1,1382,65129010,,,,,,,,,13.000,138.000,,,,,,,,,,,,,,,39.160,41.750,39.540,2353100.000,-0.042151,39.520,39.530,134598.000,1.000,1.000,41.510,,-0.042151,-0.005,-0.005,-0.001,-0.001,-0.006
79915,2012/01/27,,11,1,1311,65129010,NFX,NEWFIELD EXPLORATION CO,,NFX,211111,N,A,R,30044,0,1,1382,65129010,,,,,,,,,13.000,138.000,,,,,,,,,,,,,,,39.150,40.000,39.780,1967000.000,0.006070,39.790,39.800,134598.000,1.000,1.000,39.230,,0.006070,0.001,0.001,0.006,0.006,-0.002
79915,2012/01/30,,11,1,1311,65129010,NFX,NEWFIELD EXPLORATION CO,,NFX,211111,N,A,R,30044,0,1,1382,65129010,,,,,,,,,13.000,138.000,,,,,,,,,,,,,,,38.430,39.260,38.630,1783600.000,-0.028909,38.640,38.660,134598.000,1.000,1.000,39.250,,-0.028909,-0.004,-0.004,-0.005,-0.005,-0.003
79915,2012/01/31,,11,1,1311,65129010,NFX,NEWFIELD EXPLORATION CO,,NFX,211111,N,A,R,30044,0,1,1382,65129010,,,,,,,,0.000,13.000,138.000,,,,,,,,,,,,,,,37.450,39.070,37.810,2265000.000,-0.021227,37.780,37.790,134598.000,1.000,1.000,39.010,,-0.021227,-0.000,-0.000,0.002,0.002,-0.000
79915,2012/02/01,,11,1,1311,65129010,NFX,NEWFIELD EXPLORATION CO,,NFX,211111,N,A,R,30044,0,1,1382,65129010,,,,,,,,,13.000,138.000,,,,,,,,,,,,,,,37.170,38.370,37.320,1775800.000,-0.012960,37.310,37.320,134598.000,1.000,1.000,38.150,,-0.012960,0.011,0.011,0.014,0.014,0.009
79915,2012/02/02,,11,1,1311,65129010,NFX,NEWFIELD EXPLORATION CO,,NFX,211111,N,A,R,30044,0,1,1382,65129010,,,,,,,,,13.000,138.000,,,,,,,,,,,,,,,37.200,37.960,37.590,1733600.000,0.007235,37.570,37.580,134598.000,1.000,1.000,37.480,,0.007235,0.002,0.002,0.004,0.004,0.001
79915,2012/02/03,,11,1,1311,65129010,NFX,NEWFIELD EXPLORATION CO,,NFX,211111,N,A,R,30044,0,1,1382,65129010,,,,,,,,,13.000,138.000,,,,,,,,,,,,,,,37.600,38.380,38.290,1121100.000,0.018622,38.270,38.280,134598.000,1.000,1.000,38.070,,0.018622,0.015,0.015,0.015,0.015,0.015
79915,2012/02/06,,11,1,1311,65129010,NFX,NEWFIELD EXPLORATION CO,,NFX,211111,N,A,R,30044,0,1,1382,65129010,,,,,,,,,13.000,138.000,,,,,,,,,,,,,,,37.940,38.990,38.800,1875500.000,0.013319,38.800,38.810,134598.000,1.000,1.000,37.940,,0.013319,-0.001,-0.001,-0.000,-0.000,-0.000
79915,2012/02/07,,11,1,1311,65129010,NFX,NEWFIELD EXPLORATION CO,,NFX,211111,N,A,R,30044,0,1,1382,65129010,,,,,,,,,13.000,138.000,,,,,,,,,,,,,,,36.890,38.625,38.280,3735900.000,-0.013402,38.270,38.280,134598.000,1.000,1.000,38.160,,-0.013402,0.001,0.001,0.001,0.001,0.002
79915,2012/02/08,,11,1,1311,65129010,NFX,NEWFIELD EXPLORATION CO,,NFX,211111,N,A,R,30044,0,1,1382,65129010,,,,,,,,,13.000,138.000,,,,,,,,,,,,,,,37.680,38.740,38.170,1719500.000,-0.002874,38.170,38.180,134598.000,1.000,1.000,38.360,,-0.002874,0.002,0.002,0.003,0.003,0.002
79915,2012/02/09,,11,1,1311,65129010,NFX,NEWFIELD EXPLORATION CO,,NFX,211111,N,A,R,30044,0,1,1382,65129010,,,,,,,,,13.000,138.000,,,,,,,,,,,,,,,37.460,38.420,38.270,1445400.000,0.002620,38.250,38.260,134598.000,1.000,1.000,38.400,,0.002620,0.001,0.001,0.000,0.000,0.001
79915,2012/02/10,,11,1,1311,65129010,NFX,NEWFIELD EXPLORATION CO,,NFX,211111,N,A,R,30044,0,1,1382,65129010,,,,,,,,,13.000,138.000,,,,,,,,,,,,,,,37.470,38.250,38.180,1933300.000,-0.002352,38.210,38.220,134598.000,1.000,1.000,37.790,,-0.002352,-0.008,-0.008,-0.010,-0.010,-0.007
79915,2012/02/13,,11,1,1311,65129010,NFX,NEWFIELD EXPLORATION CO,,NFX,211111,N,A,R,30044,0,1,1382,65129010,,,,,,,,,13.000,138.000,,,,,,,,,,,,,,,37.610,38.840,38.160,1010800.000,-0.000524,38.140,38.150,134598.000,1.000,1.000,38.640,,-0.000524,0.007,0.007,0.009,0.009,0.007
79915,2012/02/14,,11,1,1311,65129010,NFX,NEWFIELD EXPLORATION CO,,NFX,211111,N,A,R,30044,0,1,1382,65129010,,,,,,,,,13.000,138.000,,,,,,,,,,,,,,,38.000,39.610,39.430,2787400.000,0.033281,39.440,39.450,134598.000,1.000,1.000,38.030,,0.033281,-0.002,-0.002,-0.004,-0.004,-0.001
79915,2012/02/15,,11,1,1311,65129010,NFX,NEWFIELD EXPLORATION CO,,NFX,211111,N,A,R,30044,0,1,1382,65129010,,,,,,,,,13.000,138.000,,,,,,,,,,,,,,,39.390,40.305,39.870,3116400.000,0.011159,39.850,39.870,134598.000,1.000,1.000,39.700,,0.011159,-0.004,-0.004,-0.003,-0.003,-0.005
79915,2012/02/16,,11,1,1311,65129010,NFX,NEWFIELD EXPLORATION CO,,NFX,211111,N,A,R,30044,0,1,1382,65129010,,,,,,,,,13.000,138.000,,,,,,,,,,,,,,,39.360,41.410,41.380,3773600.000,0.037873,41.350,41.370,134598.000,1.000,1.000,39.980,,0.037873,0.012,0.012,0.011,0.011,0.011
79915,2012/02/17,,11,1,1311,65129010,NFX,NEWFIELD EXPLORATION CO,,NFX,211111,N,A,R,30044,0,1,1382,65129010,,,,,,,,,13.000,138.000,,,,,,,,,,,,,,,41.350,42.330,42.000,2992100.000,0.014983,42.000,42.010,134598.000,1.000,1.000,41.900,,0.014983,0.001,0.001,0.003,0.003,0.002
79915,2012/02/21,,11,1,1311,65129010,NFX,NEWFIELD EXPLORATION CO,,NFX,211111,N,A,R,30044,0,1,1382,65129010,,,,,,,,,13.000,138.000,,,,,,,,,,,,,,,41.890,42.470,42.250,2282200.000,0.005952,42.250,42.260,134598.000,1.000,1.000,42.330,,0.005952,0.000,0.000,-0.002,-0.002,0.001
79915,2012/02/22,,11,1,1311,65129010,NFX,NEWFIELD EXPLORATION CO,,NFX,211111,N,A,R,30044,0,1,1382,65129010,,,,,,,,,13.000,138.000,,,,,,,,,,,,,,,36.780,39.400,36.880,11522300.000,-0.127101,36.870,36.880,134598.000,1.000,1.000,38.650,,-0.127101,-0.003,-0.003,-0.004,-0.004,-0.003
79915,2012/02/23,,11,1,1311,65129010,NFX,NEWFIELD EXPLORATION CO,,NFX,211111,N,A,R,30044,0,1,1382,65129010,,,,,,,,,13.000,138.000,,,,,,,,,,,,,,,36.400,37.270,36.960,3503600.000,0.002169,36.950,36.960,134598.000,1.000,1.000,36.870,,0.002169,0.006,0.006,0.008,0.008,0.004
79915,2012/02/24,,11,1,1311,65129010,NFX,NEWFIELD EXPLORATION CO,,NFX,211111,N,A,R,30044,0,1,1382,65129010,,,,,,,,,13.000,138.000,,,,,,,,,,,,,,,36.150,36.905,36.600,4882400.000,-0.009740,36.590,36.600,134598.000,1.000,1.000,36.750,,-0.009740,0.001,0.001,0.000,0.000,0.002
79915,2012/02/27,,11,1,1311,65129010,NFX,NEWFIELD EXPLORATION CO,,NFX,211111,N,A,R,30044,0,1,1382,65129010,,,,,,,,,13.000,138.000,,,,,,,,,,,,,,,36.020,36.730,36.090,4117200.000,-0.013934,36.070,36.080,134598.000,1.000,1.000,36.530,,-0.013934,0.001,0.001,-0.001,-0.001,0.001
79915,2012/02/28,,11,1,1311,65129010,NFX,NEWFIELD EXPLORATION CO,,NFX,211111,N,A,R,30044,0,1,1382,65129010,,,,,,,,,13.000,138.000,,,,,,,,,,,,,,,35.600,36.490,36.050,3215000.000,-0.001108,36.040,36.050,134598.000,1.000,1.000,36.140,,-0.001108,0.003,0.003,0.001,0.000,0.003
79915,2012/02/29,,11,1,1311,65129010,NFX,NEWFIELD EXPLORATION CO,,NFX,211111,N,A,R,30044,0,1,1382,65129010,,,,,,,,0.000,13.000,138.000,,,,,,,,,,,,,,,35.480,36.340,36.000,3676100.000,-0.001387,35.980,35.990,134816.000,1.000,1.000,36.030,,-0.001387,-0.006,-0.006,-0.009,-0.009,-0.005
79915,2012/03/01,,11,1,1311,65129010,NFX,NEWFIELD EXPLORATION CO,,NFX,211111,N,A,R,30044,0,1,1382,65129010,,,,,,,,,13.000,138.000,,,,,,,,,,,,,,,35.760,36.290,36.060,2771100.000,0.001667,36.060,36.080,134816.000,1.000,1.000,36.100,,0.001667,0.007,0.007,0.005,0.005,0.006
79915,2012/03/02,,11,1,1311,65129010,NFX,NEWFIELD EXPLORATION CO,,NFX,211111,N,A,R,30044,0,1,1382,65129010,,,,,,,,,13.000,138.000,,,,,,,,,,,,,,,35.310,35.930,35.470,2735100.000,-0.016362,35.480,35.500,134816.000,1.000,1.000,35.750,,-0.016362,-0.005,-0.005,-0.008,-0.008,-0.003
79915,2012/03/05,,11,1,1311,65129010,NFX,NEWFIELD EXPLORATION CO,,NFX,211111,N,A,R,30044,0,1,1382,65129010,,,,,,,,,13.000,138.000,,,,,,,,,,,,,,,34.630,35.270,35.040,1974700.000,-0.012123,35.020,35.030,134816.000,1.000,1.000,35.230,,-0.012123,-0.005,-0.005,-0.004,-0.004,-0.004
79915,2012/03/06,,11,1,1311,65129010,NFX,NEWFIELD EXPLORATION CO,,NFX,211111,N,A,R,30044,0,1,1382,65129010,,,,,,,,,13.000,138.000,,,,,,,,,,,,,,,33.840,34.500,34.230,2919800.000,-0.023116,34.210,34.220,134816.000,1.000,1.000,34.310,,-0.023116,-0.017,-0.017,-0.017,-0.017,-0.015
79915,2012/03/07,,11,1,1311,65129010,NFX,NEWFIELD EXPLORATION CO,,NFX,211111,N,A,R,30044,0,1,1382,65129010,,,,,,,,,13.000,138.000,,,,,,,,,,,,,,,34.300,35.340,34.760,2636400.000,0.015483,34.760,34.770,134816.000,1.000,1.000,34.580,,0.015483,0.008,0.008,0.009,0.009,0.007
79915,2012/03/08,,11,1,1311,65129010,NFX,NEWFIELD EXPLORATION CO,,NFX,211111,N,A,R,30044,0,1,1382,65129010,,,,,,,,,13.000,138.000,,,,,,,,,,,,,,,34.770,35.670,35.560,1737400.000,0.023015,35.560,35.570,134816.000,1.000,1.000,35.130,,0.023015,0.011,0.011,0.011,0.011,0.010
79915,2012/03/09,,11,1,1311,65129010,NFX,NEWFIELD EXPLORATION CO,,NFX,211111,N,A,R,30044,0,1,1382,65129010,,,,,,,,,13.000,138.000,,,,,,,,,,,,,,,35.460,36.150,35.550,1819200.000,-0.000281,35.570,35.580,134816.000,1.000,1.000,35.620,,-0.000281,0.004,0.004,0.008,0.008,0.004
79915,2012/03/12,,11,1,1311,65129010,NFX,NEWFIELD EXPLORATION CO,,NFX,211111,N,A,R,30044,0,1,1382,65129010,,,,,,,,,13.000,138.000,,,,,,,,,,,,,,,34.760,35.600,35.190,1550000.000,-0.010127,35.170,35.180,134816.000,1.000,1.000,35.430,,-0.010127,-0.001,-0.001,-0.002,-0.002,0.000
79915,2012/03/13,,11,1,1311,65129010,NFX,NEWFIELD EXPLORATION CO,,NFX,211111,N,A,R,30044,0,1,1382,65129010,,,,,,,,,13.000,138.000,,,,,,,,,,,,,,,34.830,35.870,35.820,1850400.000,0.017903,35.820,35.830,134816.000,1.000,1.000,35.400,,0.017903,0.018,0.017,0.014,0.014,0.018
79915,2012/03/14,,11,1,1311,65129010,NFX,NEWFIELD EXPLORATION CO,,NFX,211111,N,A,R,30044,0,1,1382,65129010,,,,,,,,,13.000,138.000,,,,,,,,,,,,,,,35.450,36.250,35.650,997700.000,-0.004746,35.630,35.640,134816.000,1.000,1.000,35.710,,-0.004746,-0.004,-0.004,-0.007,-0.007,-0.001
79915,2012/03/15,,11,1,1311,65129010,NFX,NEWFIELD EXPLORATION CO,,NFX,211111,N,A,R,30044,0,1,1382,65129010,,,,,,,,,13.000,138.000,,,,,,,,,,,,,,,35.300,36.150,36.000,1622500.000,0.009818,36.000,36.010,134816.000,1.000,1.000,35.630,,0.009818,0.007,0.006,0.005,0.005,0.006
79915,2012/03/16,,11,1,1311,65129010,NFX,NEWFIELD EXPLORATION CO,,NFX,211111,N,A,R,30044,0,1,1382,65129010,,,,,,,,,13.000,138.000,,,,,,,,,,,,,,,35.883,36.615,36.270,3531100.000,0.007500,36.260,36.270,134816.000,1.000,1.000,35.990,,0.007500,0.001,0.001,0.001,0.001,0.001
79915,2012/03/19,,11,1,1311,65129010,NFX,NEWFIELD EXPLORATION CO,,NFX,211111,N,A,R,30044,0,1,1382,65129010,,,,,,,,,13.000,138.000,,,,,,,,,,,,,,,35.570,36.280,36.040,1776400.000,-0.006341,36.030,36.040,134816.000,1.000,1.000,35.620,,-0.006341,0.004,0.004,0.005,0.005,0.004
79915,2012/03/20,,11,1,1311,65129010,NFX,NEWFIELD EXPLORATION CO,,NFX,211111,N,A,R,30044,0,1,1382,65129010,,,,,,,,,13.000,138.000,,,,,,,,,,,,,,,35.250,35.740,35.440,2859300.000,-0.016648,35.420,35.430,134816.000,1.000,1.000,35.610,,-0.016648,-0.005,-0.005,-0.005,-0.005,-0.003
79915,2012/03/21,,11,1,1311,65129010,NFX,NEWFIELD EXPLORATION CO,,NFX,211111,N,A,R,30044,0,1,1382,65129010,,,,,,,,,13.000,138.000,,,,,,,,,,,,,,,34.750,35.560,35.170,2160800.000,-0.007619,35.190,35.200,134816.000,1.000,1.000,35.470,,-0.007619,-0.001,-0.001,0.001,0.001,-0.002
79915,2012/03/22,,11,1,1311,65129010,NFX,NEWFIELD EXPLORATION CO,,NFX,211111,N,A,R,30044,0,1,1382,65129010,,,,,,,,,13.000,138.000,,,,,,,,,,,,,,,34.190,34.930,34.550,2103900.000,-0.017629,34.540,34.550,134816.000,1.000,1.000,34.750,,-0.017629,-0.008,-0.008,-0.008,-0.008,-0.007
79915,2012/03/23,,11,1,1311,65129010,NFX,NEWFIELD EXPLORATION CO,,NFX,211111,N,A,R,30044,0,1,1382,65129010,,,,,,,,,13.000,138.000,,,,,,,,,,,,,,,34.400,35.970,35.800,2154600.000,0.036179,35.800,35.810,134816.000,1.000,1.000,34.600,,0.036179,0.004,0.004,0.007,0.007,0.003
79915,2012/03/26,,11,1,1311,65129010,NFX,NEWFIELD EXPLORATION CO,,NFX,211111,N,A,R,30044,0,1,1382,65129010,,,,,,,,,13.000,138.000,,,,,,,,,,,,,,,35.040,36.670,35.390,1925400.000,-0.011453,35.370,35.380,134816.000,1.000,1.000,36.100,,-0.011453,0.014,0.014,0.011,0.011,0.014
79915,2012/03/27,,11,1,1311,65129010,NFX,NEWFIELD EXPLORATION CO,,NFX,211111,N,A,R,30044,0,1,1382,65129010,,,,,,,,,13.000,138.000,,,,,,,,,,,,,,,34.740,35.540,34.770,1618400.000,-0.017519,34.760,34.770,134816.000,1.000,1.000,35.450,,-0.017519,-0.004,-0.004,-0.003,-0.003,-0.003
79915,2012/03/28,,11,1,1311,65129010,NFX,NEWFIELD EXPLORATION CO,,NFX,211111,N,A,R,30044,0,1,1382,65129010,,,,,,,,,13.000,138.000,,,,,,,,,,,,,,,34.110,34.620,34.490,1888600.000,-0.008053,34.460,34.470,134816.000,1.000,1.000,34.510,,-0.008053,-0.006,-0.006,-0.005,-0.006,-0.005
79915,2012/03/29,,11,1,1311,65129010,NFX,NEWFIELD EXPLORATION CO,,NFX,211111,N,A,R,30044,0,1,1382,65129010,,,,,,,,,13.000,138.000,,,,,,,,,,,,,,,33.740,34.290,34.070,2192200.000,-0.012177,34.050,34.070,134816.000,1.000,1.000,34.090,,-0.012177,-0.002,-0.002,-0.002,-0.002,-0.002
79915,2012/03/30,,11,1,1311,65129010,NFX,NEWFIELD EXPLORATION CO,,NFX,211111,N,A,R,30044,0,1,1382,65129010,,,,,,,,0.000,13.000,138.000,,,,,,,,,,,,,,,34.050,34.970,34.680,1892100.000,0.017904,34.680,34.690,135212.000,1.000,1.000,34.290,,0.017904,0.003,0.003,0.002,0.002,0.004
79915,2012/04/02,,11,1,1311,65129010,NFX,NEWFIELD EXPLORATION CO,,NFX,211111,N,A,R,30044,0,1,1382,65129010,,,,,,,,,13.000,138.000,,,,,,,,,,,,,,,34.410,35.590,35.220,1786500.000,0.015571,35.230,35.240,135212.000,1.000,1.000,34.580,,0.015571,0.008,0.008,0.007,0.007,0.008
79915,2012/04/03,,11,1,1311,65129010,NFX,NEWFIELD EXPLORATION CO,,NFX,211111,N,A,R,30044,0,1,1382,65129010,,,,,,,,,13.000,138.000,,,,,,,,,,,,,,,34.700,35.240,35.200,2288600.000,-0.000568,35.170,35.180,135212.000,1.000,1.000,35.130,,-0.000568,-0.004,-0.005,-0.007,-0.007,-0.004
79915,2012/04/04,,11,1,1311,65129010,NFX,NEWFIELD EXPLORATION CO,,NFX,211111,N,A,R,30044,0,1,1382,65129010,,,,,,,,,13.000,138.000,,,,,,,,,,,,,,,34.450,35.740,35.460,3086100.000,0.007386,35.460,35.480,135212.000,1.000,1.000,34.670,,0.007386,-0.012,-0.012,-0.012,-0.012,-0.010
79915,2012/04/05,,11,1,1311,65129010,NFX,NEWFIELD EXPLORATION CO,,NFX,211111,N,A,R,30044,0,1,1382,65129010,,,,,,,,,13.000,138.000,,,,,,,,,,,,,,,34.980,36.035,35.120,2335300.000,-0.009588,35.090,35.100,135212.000,1.000,1.000,35.340,,-0.009588,-0.001,-0.001,-0.001,-0.001,-0.001
79915,2012/04/09,,11,1,1311,65129010,NFX,NEWFIELD EXPLORATION CO,,NFX,211111,N,A,R,30044,0,1,1382,65129010,,,,,,,,,13.000,138.000,,,,,,,,,,,,,,,34.140,34.930,34.220,1666300.000,-0.025626,34.200,34.210,135212.000,1.000,1.000,34.410,,-0.025626,-0.011,-0.011,-0.012,-0.012,-0.011
79915,2012/04/10,,11,1,1311,65129010,NFX,NEWFIELD EXPLORATION CO,,NFX,211111,N,A,R,30044,0,1,1382,65129010,,,,,,,,,13.000,138.000,,,,,,,,,,,,,,,33.070,34.280,33.090,2958300.000,-0.033022,33.090,33.100,135212.000,1.000,1.000,34.050,,-0.033022,-0.018,-0.018,-0.016,-0.016,-0.017
79915,2012/04/11,,11,1,1311,65129010,NFX,NEWFIELD EXPLORATION CO,,NFX,211111,N,A,R,30044,0,1,1382,65129010,,,,,,,,,13.000,138.000,,,,,,,,,,,,,,,32.260,33.480,32.290,3299200.000,-0.024176,32.290,32.300,135212.000,1.000,1.000,33.120,,-0.024176,0.009,0.008,0.012,0.011,0.007
79915,2012/04/12,,11,1,1311,65129010,NFX,NEWFIELD EXPLORATION CO,,NFX,211111,N,A,R,30044,0,1,1382,65129010,,,,,,,,,13.000,138.000,,,,,,,,,,,,,,,32.250,33.790,33.720,2193000.000,0.044286,33.700,33.710,135212.000,1.000,1.000,32.250,,0.044286,0.015,0.015,0.013,0.013,0.014
79915,2012/04/13,,11,1,1311,65129010,NFX,NEWFIELD EXPLORATION CO,,NFX,211111,N,A,R,30044,0,1,1382,65129010,,,,,,,,,13.000,138.000,,,,,,,,,,,,,,,32.860,33.710,32.880,2137100.000,-0.024911,32.870,32.880,135212.000,1.000,1.000,33.500,,-0.024911,-0.012,-0.012,-0.011,-0.011,-0.012
79915,2012/04/16,,11,1,1311,65129010,NFX,NEWFIELD EXPLORATION CO,,NFX,211111,N,A,R,30044,0,1,1382,65129010,,,,,,,,,13.000,138.000,,,,,,,,,,,,,,,32.250,33.360,32.320,1770900.000,-0.017032,32.310,32.320,135212.000,1.000,1.000,33.360,,-0.017032,-0.001,-0.001,-0.000,-0.000,-0.001
79915,2012/04/17,,11,1,1311,65129010,NFX,NEWFIELD EXPLORATION CO,,NFX,211111,N,A,R,30044,0,1,1382,65129010,,,,,,,,,13.000,138.000,,,,,,,,,,,,,,,33.080,34.300,33.780,2679900.000,0.045173,33.750,33.760,135212.000,1.000,1.000,33.370,,0.045173,0.015,0.015,0.011,0.011,0.015
79915,2012/04/18,,11,1,1311,65129010,NFX,NEWFIELD EXPLORATION CO,,NFX,211111,N,A,R,30044,0,1,1382,65129010,,,,,,,,,13.000,138.000,,,,,,,,,,,,,,,32.440,33.640,32.750,2347000.000,-0.030491,32.720,32.730,135212.000,1.000,1.000,33.490,,-0.030491,-0.004,-0.004,-0.006,-0.006,-0.004
79915,2012/04/19,,11,1,1311,65129010,NFX,NEWFIELD EXPLORATION CO,,NFX,211111,N,A,R,30044,0,1,1382,65129010,,,,,,,,,13.000,138.000,,,,,,,,,,,,,,,32.500,33.380,32.670,2807300.000,-0.002443,32.650,32.670,135212.000,1.000,1.000,33.030,,-0.002443,-0.005,-0.005,-0.002,-0.002,-0.006
79915,2012/04/20,,11,1,1311,65129010,NFX,NEWFIELD EXPLORATION CO,,NFX,211111,N,A,R,30044,0,1,1382,65129010,,,,,,,,,13.000,138.000,,,,,,,,,,,,,,,32.400,33.490,32.480,3930400.000,-0.005816,32.490,32.500,135212.000,1.000,1.000,33.060,,-0.005816,0.002,0.002,0.004,0.004,0.001
79915,2012/04/23,,11,1,1311,65129010,NFX,NEWFIELD EXPLORATION CO,,NFX,211111,N,A,R,30044,0,1,1382,65129010,,,,,,,,,13.000,138.000,,,,,,,,,,,,,,,31.620,32.980,32.480,3029500.000,0.000000,32.450,32.460,135212.000,1.000,1.000,31.930,,0.000000,-0.010,-0.010,-0.010,-0.010,-0.008
79915,2012/04/24,,11,1,1311,65129010,NFX,NEWFIELD EXPLORATION CO,,NFX,211111,N,A,R,30044,0,1,1382,65129010,,,,,,,,,13.000,138.000,,,,,,,,,,,,,,,32.160,33.790,33.710,2951200.000,0.037869,33.710,33.720,135212.000,1.000,1.000,32.450,,0.037869,0.003,0.003,0.006,0.006,0.004
79915,2012/04/25,,11,1,1311,65129010,NFX,NEWFIELD EXPLORATION CO,,NFX,211111,N,A,R,30044,0,1,1382,65129010,,,,,,,,,13.000,138.000,,,,,,,,,,,,,,,33.420,36.240,35.180,5770600.000,0.043607,35.170,35.180,135212.000,1.000,1.000,35.290,,0.043607,0.014,0.014,0.010,0.010,0.014
79915,2012/04/26,,11,1,1311,65129010,NFX,NEWFIELD EXPLORATION CO,,NFX,211111,N,A,R,30044,0,1,1382,65129010,,,,,,,,,13.000,138.000,,,,,,,,,,,,,,,34.760,36.080,35.750,2289900.000,0.016202,35.730,35.740,135212.000,1.000,1.000,35.080,,0.016202,0.007,0.007,0.006,0.006,0.007
79915,2012/04/27,,11,1,1311,65129010,NFX,NEWFIELD EXPLORATION CO,,NFX,211111,N,A,R,30044,0,1,1382,65129010,,,,,,,,,13.000,138.000,,,,,,,,,,,,,,,35.340,36.020,35.950,1421500.000,0.005594,35.950,35.960,135212.000,1.000,1.000,35.900,,0.005594,0.004,0.004,0.005,0.005,0.002
79915,2012/04/30,,11,1,1311,65129010,NFX,NEWFIELD EXPLORATION CO,,NFX,211111,N,A,R,30044,0,1,1382,65129010,,,,,,,,0.000,13.000,138.000,,,,,,,,,,,,,,,35.380,36.010,35.900,2165600.000,-0.001391,35.880,35.890,134808.000,1.000,1.000,35.950,,-0.001391,-0.004,-0.004,-0.004,-0.004,-0.004
79915,2012/05/01,,11,1,1311,65129010,NFX,NEWFIELD EXPLORATION CO,,NFX,211111,N,A,R,30044,0,1,1382,65129010,,,,,,,,,13.000,138.000,,,,,,,,,,,,,,,35.400,36.660,36.230,3051300.000,0.009192,36.230,36.240,134808.000,1.000,1.000,36.070,,0.009192,0.005,0.005,0.002,0.002,0.006
79915,2012/05/02,,11,1,1311,65129010,NFX,NEWFIELD EXPLORATION CO,,NFX,211111,N,A,R,30044,0,1,1382,65129010,,,,,,,,,13.000,138.000,,,,,,,,,,,,,,,35.180,35.750,35.430,1690100.000,-0.022081,35.430,35.440,134808.000,1.000,1.000,35.750,,-0.022081,-0.002,-0.002,-0.001,-0.001,-0.002
79915,2012/05/03,,11,1,1311,65129010,NFX,NEWFIELD EXPLORATION CO,,NFX,211111,N,A,R,30044,0,1,1382,65129010,,,,,,,,,13.000,138.000,,,,,,,,,,,,,,,34.480,35.720,34.950,2924900.000,-0.013548,34.950,34.960,134808.000,1.000,1.000,35.510,,-0.013548,-0.010,-0.010,-0.011,-0.011,-0.008
79915,2012/05/04,,11,1,1311,65129010,NFX,NEWFIELD EXPLORATION CO,,NFX,211111,N,A,R,30044,0,1,1382,65129010,,,,,,,,,13.000,138.000,,,,,,,,,,,,,,,34.150,34.740,34.390,2870300.000,-0.016023,34.380,34.390,134808.000,1.000,1.000,34.450,,-0.016023,-0.016,-0.016,-0.013,-0.013,-0.016
79915,2012/05/07,,11,1,1311,65129010,NFX,NEWFIELD EXPLORATION CO,,NFX,211111,N,A,R,30044,0,1,1382,65129010,,,,,,,,,13.000,138.000,,,,,,,,,,,,,,,33.350,34.560,33.910,1956900.000,-0.013958,33.910,33.920,134808.000,1.000,1.000,34.150,,-0.013958,0.001,0.001,0.001,0.001,0.000
79915,2012/05/08,,11,1,1311,65129010,NFX,NEWFIELD EXPLORATION CO,,NFX,211111,N,A,R,30044,0,1,1382,65129010,,,,,,,,,13.000,138.000,,,,,,,,,,,,,,,32.530,33.610,33.540,1817500.000,-0.010911,33.510,33.520,134808.000,1.000,1.000,33.530,,-0.010911,-0.005,-0.005,-0.004,-0.005,-0.004
79915,2012/05/09,,11,1,1311,65129010,NFX,NEWFIELD EXPLORATION CO,,NFX,211111,N,A,R,30044,0,1,1382,65129010,,,,,,,,,13.000,138.000,,,,,,,,,,,,,,,32.240,33.400,33.040,2728900.000,-0.014908,33.020,33.030,134808.000,1.000,1.000,32.810,,-0.014908,-0.006,-0.006,-0.004,-0.004,-0.007
79915,2012/05/10,,11,1,1311,65129010,NFX,NEWFIELD EXPLORATION CO,,NFX,211111,N,A,R,30044,0,1,1382,65129010,,,,,,,,,13.000,138.000,,,,,,,,,,,,,,,32.740,34.000,32.860,2409500.000,-0.005448,32.850,32.860,134808.000,1.000,1.000,33.520,,-0.005448,0.003,0.003,0.003,0.003,0.003
79915,2012/05/11,,11,1,1311,65129010,NFX,NEWFIELD EXPLORATION CO,,NFX,211111,N,A,R,30044,0,1,1382,65129010,,,,,,,,,13.000,138.000,,,,,,,,,,,,,,,32.190,33.330,32.260,1311000.000,-0.018259,32.260,32.270,134808.000,1.000,1.000,32.450,,-0.018259,-0.003,-0.003,-0.004,-0.004,-0.003
79915,2012/05/14,,11,1,1311,65129010,NFX,NEWFIELD EXPLORATION CO,,NFX,211111,N,A,R,30044,0,1,1382,65129010,,,,,,,,,13.000,138.000,,,,,,,,,,,,,,,31.505,32.270,31.520,1480000.000,-0.022939,31.520,31.540,134808.000,1.000,1.000,31.820,,-0.022939,-0.012,-0.012,-0.012,-0.012,-0.011
79915,2012/05/15,,11,1,1311,65129010,NFX,NEWFIELD EXPLORATION CO,,NFX,211111,N,A,R,30044,0,1,1382,65129010,,,,,,,,,13.000,138.000,,,,,,,,,,,,,,,29.890,31.600,29.900,3472200.000,-0.051396,29.890,29.900,134808.000,1.000,1.000,31.520,,-0.051396,-0.006,-0.006,-0.007,-0.007,-0.006
79915,2012/05/16,,11,1,1311,65129010,NFX,NEWFIELD EXPLORATION CO,,NFX,211111,N,A,R,30044,0,1,1382,65129010,,,,,,,,,13.000,138.000,,,,,,,,,,,,,,,29.550,31.130,29.570,3283600.000,-0.011037,29.560,29.580,134808.000,1.000,1.000,30.100,,-0.011037,-0.005,-0.005,-0.008,-0.008,-0.004
79915,2012/05/17,,11,1,1311,65129010,NFX,NEWFIELD EXPLORATION CO,,NFX,211111,N,A,R,30044,0,1,1382,65129010,,,,,,,,,13.000,138.000,,,,,,,,,,,,,,,28.410,29.750,28.420,3581500.000,-0.038891,28.410,28.420,134808.000,1.000,1.000,29.620,,-0.038891,-0.016,-0.016,-0.016,-0.016,-0.015
79915,2012/05/18,,11,1,1311,65129010,NFX,NEWFIELD EXPLORATION CO,,NFX,211111,N,A,R,30044,0,1,1382,65129010,,,,,,,,,13.000,138.000,,,,,,,,,,,,,,,28.120,28.980,28.240,2071900.000,-0.006334,28.210,28.230,134808.000,1.000,1.000,28.580,,-0.006334,-0.008,-0.008,-0.010,-0.010,-0.007
79915,2012/05/21,,11,1,1311,65129010,NFX,NEWFIELD EXPLORATION CO,,NFX,211111,N,A,R,30044,0,1,1382,65129010,,,,,,,,,13.000,138.000,,,,,,,,,,,,,,,28.280,29.480,29.430,1924100.000,0.042139,29.430,29.440,134808.000,1.000,1.000,28.300,,0.042139,0.018,0.018,0.016,0.016,0.016
79915,2012/05/22,,11,1,1311,65129010,NFX,NEWFIELD EXPLORATION CO,,NFX,211111,N,A,R,30044,0,1,1382,65129010,,,,,,,,,13.000,138.000,,,,,,,,,,,,,,,28.630,29.760,29.240,2863600.000,-0.006456,29.260,29.270,134808.000,1.000,1.000,28.860,,-0.006456,-0.000,-0.001,-0.004,-0.004,0.000
79915,2012/05/23,,11,1,1311,65129010,NFX,NEWFIELD EXPLORATION CO,,NFX,211111,N,A,R,30044,0,1,1382,65129010,,,,,,,,,13.000,138.000,,,,,,,,,,,,,,,28.560,29.970,29.880,2967100.000,0.021888,29.880,29.890,134808.000,1.000,1.000,28.910,,0.021888,0.003,0.003,0.002,0.002,0.002
79915,2012/05/24,,11,1,1311,65129010,NFX,NEWFIELD EXPLORATION CO,,NFX,211111,N,A,R,30044,0,1,1382,65129010,,,,,,,,,13.000,138.000,,,,,,,,,,,,,,,29.190,30.090,29.720,2744800.000,-0.005355,29.710,29.720,134808.000,1.000,1.000,29.870,,-0.005355,0.001,0.001,0.002,0.002,0.001
79915,2012/05/25,,11,1,1311,65129010,NFX,NEWFIELD EXPLORATION CO,,NFX,211111,N,A,R,30044,0,1,1382,65129010,,,,,,,,,13.000,138.000,,,,,,,,,,,,,,,29.740,31.080,31.060,3578300.000,0.045087,31.030,31.040,134808.000,1.000,1.000,29.740,,0.045087,-0.002,-0.002,0.001,0.001,-0.002
79915,2012/05/29,,11,1,1311,65129010,NFX,NEWFIELD EXPLORATION CO,,NFX,211111,N,A,R,30044,0,1,1382,65129010,,,,,,,,,13.000,138.000,,,,,,,,,,,,,,,31.290,32.250,32.140,3245700.000,0.034771,32.140,32.150,134808.000,1.000,1.000,31.340,,0.034771,0.011,0.011,0.010,0.010,0.011
79915,2012/05/30,,11,1,1311,65129010,NFX,NEWFIELD EXPLORATION CO,,NFX,211111,N,A,R,30044,0,1,1382,65129010,,,,,,,,,13.000,138.000,,,,,,,,,,,,,,,30.330,31.590,30.560,1964700.000,-0.049160,30.560,30.580,134808.000,1.000,1.000,31.590,,-0.049160,-0.015,-0.016,-0.014,-0.015,-0.014
79915,2012/05/31,,11,1,1311,65129010,NFX,NEWFIELD EXPLORATION CO,,NFX,211111,N,A,R,30044,0,1,1382,65129010,,,,,,,,0.000,13.000,138.000,,,,,,,,,,,,,,,29.220,30.590,29.960,2652600.000,-0.019634,29.950,29.960,134808.000,1.000,1.000,30.500,,-0.019634,-0.002,-0.002,-0.000,-0.001,-0.002
79915,2012/06/01,,11,1,1311,65129010,NFX,NEWFIELD EXPLORATION CO,,NFX,211111,N,A,R,30044,0,1,1382,65129010,,,,,,,,,13.000,138.000,,,,,,,,,,,,,,,28.250,29.140,28.330,2997600.000,-0.054406,28.310,28.320,134808.000,1.000,1.000,29.070,,-0.054406,-0.025,-0.025,-0.020,-0.021,-0.025
79915,2012/06/04,,11,1,1311,65129010,NFX,NEWFIELD EXPLORATION CO,,NFX,211111,N,A,R,30044,0,1,1382,65129010,,,,,,,,,13.000,138.000,,,,,,,,,,,,,,,27.560,28.610,28.060,2892000.000,-0.009531,28.060,28.070,134808.000,1.000,1.000,28.610,,-0.009531,-0.001,-0.001,-0.002,-0.002,0.000
79915,2012/06/05,,11,1,1311,65129010,NFX,NEWFIELD EXPLORATION CO,,NFX,211111,N,A,R,30044,0,1,1382,65129010,,,,,,,,,13.000,138.000,,,,,,,,,,,,,,,27.930,28.800,28.430,3066500.000,0.013186,28.430,28.440,134808.000,1.000,1.000,28.040,,0.013186,0.008,0.008,0.008,0.008,0.006
79915,2012/06/06,,11,1,1311,65129010,NFX,NEWFIELD EXPLORATION CO,,NFX,211111,N,A,R,30044,0,1,1382,65129010,,,,,,,,,13.000,138.000,,,,,,,,,,,,,,,28.760,29.520,29.190,2649000.000,0.026732,29.180,29.190,134808.000,1.000,1.000,28.910,,0.026732,0.023,0.022,0.020,0.020,0.023
79915,2012/06/07,,11,1,1311,65129010,NFX,NEWFIELD EXPLORATION CO,,NFX,211111,N,A,R,30044,0,1,1382,65129010,,,,,,,,,13.000,138.000,,,,,,,,,,,,,,,28.910,30.040,29.000,2752400.000,-0.006509,28.990,29.000,134808.000,1.000,1.000,29.850,,-0.006509,-0.001,-0.001,-0.002,-0.002,-0.000
79915,2012/06/08,,11,1,1311,65129010,NFX,NEWFIELD EXPLORATION CO,,NFX,211111,N,A,R,30044,0,1,1382,65129010,,,,,,,,,13.000,138.000,,,,,,,,,,,,,,,28.230,29.270,29.200,2528400.000,0.006897,29.200,29.210,134808.000,1.000,1.000,28.780,,0.006897,0.007,0.007,0.005,0.005,0.008
79915,2012/06/11,,11,1,1311,65129010,NFX,NEWFIELD EXPLORATION CO,,NFX,211111,N,A,R,30044,0,1,1382,65129010,,,,,,,,,13.000,138.000,,,,,,,,,,,,,,,27.500,29.700,27.560,2449900.000,-0.056164,27.530,27.540,134808.000,1.000,1.000,29.700,,-0.056164,-0.014,-0.014,-0.013,-0.014,-0.013
79915,2012/06/12,,11,1,1311,65129010,NFX,NEWFIELD EXPLORATION CO,,NFX,211111,N,A,R,30044,0,1,1382,65129010,,,,,,,,,13.000,138.000,,,,,,,,,,,,,,,27.300,28.045,27.600,3258900.000,0.001451,27.610,27.620,134808.000,1.000,1.000,27.750,,0.001451,0.012,0.012,0.009,0.009,0.012
79915,2012/06/13,,11,1,1311,65129010,NFX,NEWFIELD EXPLORATION CO,,NFX,211111,N,A,R,30044,0,1,1382,65129010,,,,,,,,,13.000,138.000,,,,,,,,,,,,,,,26.610,27.690,26.770,3075700.000,-0.030072,26.760,26.770,134808.000,1.000,1.000,27.330,,-0.030072,-0.007,-0.007,-0.007,-0.008,-0.007
79915,2012/06/14,,11,1,1311,65129010,NFX,NEWFIELD EXPLORATION CO,,NFX,211111,N,A,R,30044,0,1,1382,65129010,,,,,,,,,13.000,138.000,,,,,,,,,,,,,,,26.080,26.900,26.620,4859800.000,-0.005603,26.600,26.610,134808.000,1.000,1.000,26.900,,-0.005603,0.010,0.009,0.008,0.008,0.011
79915,2012/06/15,,11,1,1311,65129010,NFX,NEWFIELD EXPLORATION CO,,NFX,211111,N,A,R,30044,0,1,1382,65129010,,,,,,,,,13.000,138.000,,,,,,,,,,,,,,,26.430,27.200,26.970,3625100.000,0.013148,26.960,26.970,134808.000,1.000,1.000,26.720,,0.013148,0.010,0.010,0.009,0.008,0.010
79915,2012/06/18,,11,1,1311,65129010,NFX,NEWFIELD EXPLORATION CO,,NFX,211111,N,A,R,30044,0,1,1382,65129010,,,,,,,,,13.000,138.000,,,,,,,,,,,,,,,26.210,26.870,26.560,2159300.000,-0.015202,26.540,26.550,134808.000,1.000,1.000,26.760,,-0.015202,0.002,0.002,0.002,0.002,0.001
79915,2012/06/19,,11,1,1311,65129010,NFX,NEWFIELD EXPLORATION CO,,NFX,211111,N,A,R,30044,0,1,1382,65129010,,,,,,,,,13.000,138.000,,,,,,,,,,,,,,,26.600,27.849,27.610,3361700.000,0.039533,27.620,27.630,134808.000,1.000,1.000,26.710,,0.039533,0.012,0.012,0.013,0.013,0.010
79915,2012/06/20,,11,1,1311,65129010,NFX,NEWFIELD EXPLORATION CO,,NFX,211111,N,A,R,30044,0,1,1382,65129010,,,,,,,,,13.000,138.000,,,,,,,,,,,,,,,26.835,27.870,27.100,1999300.000,-0.018472,27.100,27.110,134808.000,1.000,1.000,27.320,,-0.018472,-0.001,-0.002,-0.000,-0.001,-0.002
79915,2012/06/21,,11,1,1311,65129010,NFX,NEWFIELD EXPLORATION CO,,NFX,211111,N,A,R,30044,0,1,1382,65129010,,,,,,,,,13.000,138.000,,,,,,,,,,,,,,,25.420,27.150,25.520,2407600.000,-0.058303,25.510,25.520,134808.000,1.000,1.000,27.150,,-0.058303,-0.023,-0.024,-0.018,-0.019,-0.022
79915,2012/06/22,,11,1,1311,65129010,NFX,NEWFIELD EXPLORATION CO,,NFX,211111,N,A,R,30044,0,1,1382,65129010,,,,,,,,,13.000,138.000,,,,,,,,,,,,,,,25.590,26.680,26.540,3655000.000,0.039969,26.520,26.540,134808.000,1.000,1.000,25.840,,0.039969,0.007,0.007,0.008,0.008,0.007
79915,2012/06/25,,11,1,1311,65129010,NFX,NEWFIELD EXPLORATION CO,,NFX,211111,N,A,R,30044,0,1,1382,65129010,,,,,,,,,13.000,138.000,,,,,,,,,,,,,,,25.420,26.070,25.810,2687700.000,-0.027506,25.810,25.820,134808.000,1.000,1.000,25.950,,-0.027506,-0.015,-0.016,-0.012,-0.012,-0.016
79915,2012/06/26,,11,1,1311,65129010,NFX,NEWFIELD EXPLORATION CO,,NFX,211111,N,A,R,30044,0,1,1382,65129010,,,,,,,,,13.000,138.000,,,,,,,,,,,,,,,25.010,25.930,25.470,3203700.000,-0.013173,25.480,25.490,134808.000,1.000,1.000,25.820,,-0.013173,0.005,0.005,0.003,0.003,0.005
79915,2012/06/27,,11,1,1311,65129010,NFX,NEWFIELD EXPLORATION CO,,NFX,211111,N,A,R,30044,0,1,1382,65129010,,,,,,,,,13.000,138.000,,,,,,,,,,,,,,,25.380,26.500,26.240,4256400.000,0.030232,26.240,26.250,134808.000,1.000,1.000,25.710,,0.030232,0.009,0.009,0.010,0.009,0.009
79915,2012/06/28,,11,1,1311,65129010,NFX,NEWFIELD EXPLORATION CO,,NFX,211111,N,A,R,30044,0,1,1382,65129010,,,,,,,,,13.000,138.000,,,,,,,,,,,,,,,25.910,27.560,27.500,4962600.000,0.048018,27.510,27.520,134808.000,1.000,1.000,25.960,,0.048018,-0.002,-0.002,-0.003,-0.003,-0.002
79915,2012/06/29,,11,1,1311,65129010,NFX,NEWFIELD EXPLORATION CO,,NFX,211111,N,A,R,30044,0,1,1382,65129010,,,,,,,,0.000,13.000,138.000,,,,,,,,,,,,,,,28.260,29.800,29.310,5963500.000,0.065818,29.310,29.320,134808.000,1.000,1.000,28.430,,0.065818,0.026,0.025,0.023,0.023,0.025
79915,2012/07/02,,11,1,1311,65129010,NFX,NEWFIELD EXPLORATION CO,,NFX,211111,N,A,R,30044,0,1,1382,65129010,,,,,,,,,13.000,138.000,,,,,,,,,,,,,,,28.460,29.550,29.410,4566300.000,0.003412,29.420,29.430,134808.000,1.000,1.000,29.150,,0.003412,0.004,0.004,0.007,0.007,0.002
79915,2012/07/03,,11,1,1311,65129010,NFX,NEWFIELD EXPLORATION CO,,NFX,211111,N,A,R,30044,0,1,1382,65129010,,,,,,,,,13.000,138.000,,,,,,,,,,,,,,,29.730,30.440,29.970,2481200.000,0.019041,29.930,29.940,134808.000,1.000,1.000,29.740,,0.019041,0.009,0.009,0.011,0.011,0.006
79915,2012/07/05,,11,1,1311,65129010,NFX,NEWFIELD EXPLORATION CO,,NFX,211111,N,A,R,30044,0,1,1382,65129010,,,,,,,,,13.000,138.000,,,,,,,,,,,,,,,29.270,30.360,30.000,2659800.000,0.001001,29.980,29.990,134808.000,1.000,1.000,29.590,,0.001001,-0.004,-0.004,-0.001,-0.001,-0.005
79915,2012/07/06,,11,1,1311,65129010,NFX,NEWFIELD EXPLORATION CO,,NFX,211111,N,A,R,30044,0,1,1382,65129010,,,,,,,,,13.000,138.000,,,,,,,,,,,,,,,28.850,29.800,29.250,1487300.000,-0.025000,29.230,29.240,134808.000,1.000,1.000,29.330,,-0.025000,-0.010,-0.010,-0.008,-0.008,-0.009
79915,2012/07/09,,11,1,1311,65129010,NFX,NEWFIELD EXPLORATION CO,,NFX,211111,N,A,R,30044,0,1,1382,65129010,,,,,,,,,13.000,138.000,,,,,,,,,,,,,,,28.790,29.580,29.230,2333200.000,-0.000684,29.220,29.230,134808.000,1.000,1.000,29.130,,-0.000684,-0.002,-0.002,-0.002,-0.002,-0.002
79915,2012/07/10,,11,1,1311,65129010,NFX,NEWFIELD EXPLORATION CO,,NFX,211111,N,A,R,30044,0,1,1382,65129010,,,,,,,,,13.000,138.000,,,,,,,,,,,,,,,27.910,29.640,28.190,2110600.000,-0.035580,28.180,28.190,134808.000,1.000,1.000,29.460,,-0.035580,-0.009,-0.009,-0.008,-0.008,-0.008
79915,2012/07/11,,11,1,1311,65129010,NFX,NEWFIELD EXPLORATION CO,,NFX,211111,N,A,R,30044,0,1,1382,65129010,,,,,,,,,13.000,138.000,,,,,,,,,,,,,,,28.280,29.120,28.660,2465900.000,0.016673,28.660,28.670,134808.000,1.000,1.000,28.280,,0.016673,-0.000,-0.000,-0.000,-0.000,-0.000
79915,2012/07/12,,11,1,1311,65129010,NFX,NEWFIELD EXPLORATION CO,,NFX,211111,N,A,R,30044,0,1,1382,65129010,,,,,,,,,13.000,138.000,,,,,,,,,,,,,,,27.950,29.290,29.040,3048800.000,0.013259,29.040,29.050,134808.000,1.000,1.000,28.200,,0.013259,-0.005,-0.005,-0.004,-0.004,-0.005
79915,2012/07/13,,11,1,1311,65129010,NFX,NEWFIELD EXPLORATION CO,,NFX,211111,N,A,R,30044,0,1,1382,65129010,,,,,,,,,13.000,138.000,,,,,,,,,,,,,,,29.160,30.240,30.020,2912100.000,0.033747,30.020,30.030,134808.000,1.000,1.000,29.180,,0.033747,0.015,0.015,0.011,0.011,0.016
79915,2012/07/16,,11,1,1311,65129010,NFX,NEWFIELD EXPLORATION CO,,NFX,211111,N,A,R,30044,0,1,1382,65129010,,,,,,,,,13.000,138.000,,,,,,,,,,,,,,,29.190,30.360,30.320,3532500.000,0.009993,30.320,30.330,134808.000,1.000,1.000,29.750,,0.009993,-0.002,-0.002,-0.003,-0.004,-0.002
79915,2012/07/17,,11,1,1311,65129010,NFX,NEWFIELD EXPLORATION CO,,NFX,211111,N,A,R,30044,0,1,1382,65129010,,,,,,,,,13.000,138.000,,,,,,,,,,,,,,,29.990,31.490,31.380,2842100.000,0.034960,31.380,31.390,134808.000,1.000,1.000,30.440,,0.034960,0.007,0.007,0.002,0.002,0.007
79915,2012/07/18,,11,1,1311,65129010,NFX,NEWFIELD EXPLORATION CO,,NFX,211111,N,A,R,30044,0,1,1382,65129010,,,,,,,,,13.000,138.000,,,,,,,,,,,,,,,31.090,31.910,31.470,2199900.000,0.002868,31.450,31.460,134808.000,1.000,1.000,31.090,,0.002868,0.006,0.006,0.004,0.004,0.007
79915,2012/07/19,,11,1,1311,65129010,NFX,NEWFIELD EXPLORATION CO,,NFX,211111,N,A,R,30044,0,1,1382,65129010,,,,,,,,,13.000,138.000,,,,,,,,,,,,,,,32.000,32.750,32.650,4001800.000,0.037496,32.620,32.640,134808.000,1.000,1.000,32.000,,0.037496,0.003,0.003,0.000,-0.000,0.003
79915,2012/07/20,,11,1,1311,65129010,NFX,NEWFIELD EXPLORATION CO,,NFX,211111,N,A,R,30044,0,1,1382,65129010,,,,,,,,,13.000,138.000,,,,,,,,,,,,,,,31.750,32.290,32.050,2244000.000,-0.018377,32.030,32.040,134808.000,1.000,1.000,32.290,,-0.018377,-0.010,-0.010,-0.009,-0.009,-0.010
79915,2012/07/23,,11,1,1311,65129010,NFX,NEWFIELD EXPLORATION CO,,NFX,211111,N,A,R,30044,0,1,1382,65129010,,,,,,,,,13.000,138.000,,,,,,,,,,,,,,,30.940,31.560,31.410,2343800.000,-0.019969,31.380,31.390,134808.000,1.000,1.000,31.130,,-0.019969,-0.010,-0.010,-0.012,-0.012,-0.009
79915,2012/07/24,,11,1,1311,65129010,NFX,NEWFIELD EXPLORATION CO,,NFX,211111,N,A,R,30044,0,1,1382,65129010,,,,,,,,,13.000,138.000,,,,,,,,,,,,,,,30.040,31.950,30.470,2863400.000,-0.029927,30.450,30.460,134808.000,1.000,1.000,31.680,,-0.029927,-0.009,-0.009,-0.009,-0.009,-0.009
79915,2012/07/25,,11,1,1311,65129010,NFX,NEWFIELD EXPLORATION CO,,NFX,211111,N,A,R,30044,0,1,1382,65129010,,,,,,,,,13.000,138.000,,,,,,,,,,,,,,,29.250,31.930,29.880,3936700.000,-0.019363,29.860,29.870,134808.000,1.000,1.000,31.000,,-0.019363,0.001,0.001,0.002,0.002,-0.000
79915,2012/07/26,,11,1,1311,65129010,NFX,NEWFIELD EXPLORATION CO,,NFX,211111,N,A,R,30044,0,1,1382,65129010,,,,,,,,,13.000,138.000,,,,,,,,,,,,,,,30.280,31.180,30.960,2763400.000,0.036145,30.920,30.940,134808.000,1.000,1.000,30.690,,0.036145,0.016,0.015,0.009,0.009,0.017
79915,2012/07/27,,11,1,1311,65129010,NFX,NEWFIELD EXPLORATION CO,,NFX,211111,N,A,R,30044,0,1,1382,65129010,,,,,,,,,13.000,138.000,,,,,,,,,,,,,,,30.230,31.520,31.240,3381600.000,0.009044,31.240,31.250,134808.000,1.000,1.000,30.230,,0.009044,0.019,0.019,0.016,0.016,0.019
79915,2012/07/30,,11,1,1311,65129010,NFX,NEWFIELD EXPLORATION CO,,NFX,211111,N,A,R,30044,0,1,1382,65129010,,,,,,,,,13.000,138.000,,,,,,,,,,,,,,,30.564,31.390,31.030,3394900.000,-0.006722,31.020,31.030,134808.000,1.000,1.000,31.190,,-0.006722,-0.001,-0.001,-0.003,-0.003,-0.000
79915,2012/07/31,,11,1,1311,65129010,NFX,NEWFIELD EXPLORATION CO,,NFX,211111,N,A,R,30044,0,1,1382,65129010,,,,,,,,0.000,13.000,138.000,,,,,,,,,,,,,,,30.520,31.580,30.530,2490000.000,-0.016113,30.520,30.530,134983.000,1.000,1.000,31.080,,-0.016113,-0.005,-0.005,-0.003,-0.003,-0.004
79915,2012/08/01,,11,1,1311,65129010,NFX,NEWFIELD EXPLORATION CO,,NFX,211111,N,A,R,30044,0,1,1382,65129010,,,,,,,,,13.000,138.000,,,,,,,,,,,,,,,30.020,30.860,30.590,2194700.000,0.001965,30.560,30.570,134983.000,1.000,1.000,30.610,,0.001965,-0.004,-0.005,-0.009,-0.009,-0.003
79915,2012/08/02,,11,1,1311,65129010,NFX,NEWFIELD EXPLORATION CO,,NFX,211111,N,A,R,30044,0,1,1382,65129010,,,,,,,,,13.000,138.000,,,,,,,,,,,,,,,28.980,30.360,29.370,2125000.000,-0.039882,29.360,29.370,134983.000,1.000,1.000,30.160,,-0.039882,-0.007,-0.007,-0.006,-0.006,-0.007
79915,2012/08/03,,11,1,1311,65129010,NFX,NEWFIELD EXPLORATION CO,,NFX,211111,N,A,R,30044,0,1,1382,65129010,,,,,,,,,13.000,138.000,,,,,,,,,,,,,,,29.690,30.260,30.040,2768600.000,0.022812,30.020,30.030,134983.000,1.000,1.000,30.170,,0.022812,0.019,0.019,0.018,0.018,0.019
79915,2012/08/06,,11,1,1311,65129010,NFX,NEWFIELD EXPLORATION CO,,NFX,211111,N,A,R,30044,0,1,1382,65129010,,,,,,,,,13.000,138.000,,,,,,,,,,,,,,,29.880,30.710,30.180,2056300.000,0.004660,30.220,30.230,134983.000,1.000,1.000,30.090,,0.004660,0.004,0.003,0.007,0.007,0.002
79915,2012/08/07,,11,1,1311,65129010,NFX,NEWFIELD EXPLORATION CO,,NFX,211111,N,A,R,30044,0,1,1382,65129010,,,,,,,,,13.000,138.000,,,,,,,,,,,,,,,30.520,31.880,31.670,2117200.000,0.049370,31.660,31.670,134983.000,1.000,1.000,30.520,,0.049370,0.006,0.006,0.006,0.006,0.005
79915,2012/08/08,,11,1,1311,65129010,NFX,NEWFIELD EXPLORATION CO,,NFX,211111,N,A,R,30044,0,1,1382,65129010,,,,,,,,,13.000,138.000,,,,,,,,,,,,,,,31.060,31.930,31.520,1569900.000,-0.004736,31.530,31.540,134983.000,1.000,1.000,31.370,,-0.004736,0.000,-0.000,-0.001,-0.001,0.001
79915,2012/08/09,,11,1,1311,65129010,NFX,NEWFIELD EXPLORATION CO,,NFX,211111,N,A,R,30044,0,1,1382,65129010,,,,,,,,,13.000,138.000,,,,,,,,,,,,,,,31.340,32.620,32.380,2171100.000,0.027284,32.400,32.410,134983.000,1.000,1.000,31.350,,0.027284,0.002,0.001,0.003,0.003,0.000
79915,2012/08/10,,11,1,1311,65129010,NFX,NEWFIELD EXPLORATION CO,,NFX,211111,N,A,R,30044,0,1,1382,65129010,,,,,,,,,13.000,138.000,,,,,,,,,,,,,,,31.580,32.155,32.110,1389500.000,-0.008338,32.070,32.100,134983.000,1.000,1.000,32.090,,-0.008338,0.002,0.002,-0.001,-0.001,0.002
79915,2012/08/13,,11,1,1311,65129010,NFX,NEWFIELD EXPLORATION CO,,NFX,211111,N,A,R,30044,0,1,1382,65129010,,,,,,,,,13.000,138.000,,,,,,,,,,,,,,,31.450,32.310,31.810,1814200.000,-0.009343,31.770,31.780,134983.000,1.000,1.000,31.970,,-0.009343,-0.002,-0.002,-0.002,-0.002,-0.001
79915,2012/08/14,,11,1,1311,65129010,NFX,NEWFIELD EXPLORATION CO,,NFX,211111,N,A,R,30044,0,1,1382,65129010,,,,,,,,,13.000,138.000,,,,,,,,,,,,,,,31.690,32.240,31.950,1208500.000,0.004401,31.930,31.940,134983.000,1.000,1.000,32.080,,0.004401,-0.000,-0.000,-0.002,-0.002,-0.000
79915,2012/08/15,,11,1,1311,65129010,NFX,NEWFIELD EXPLORATION CO,,NFX,211111,N,A,R,30044,0,1,1382,65129010,,,,,,,,,13.000,138.000,,,,,,,,,,,,,,,31.820,32.440,32.340,943100.000,0.012207,32.320,32.330,134983.000,1.000,1.000,31.930,,0.012207,0.003,0.002,0.005,0.004,0.001
79915,2012/08/16,,11,1,1311,65129010,NFX,NEWFIELD EXPLORATION CO,,NFX,211111,N,A,R,30044,0,1,1382,65129010,,,,,,,,,13.000,138.000,,,,,,,,,,,,,,,32.180,33.100,32.960,1305200.000,0.019171,32.970,32.980,134983.000,1.000,1.000,32.300,,0.019171,0.008,0.008,0.008,0.008,0.007
79915,2012/08/17,,11,1,1311,65129010,NFX,NEWFIELD EXPLORATION CO,,NFX,211111,N,A,R,30044,0,1,1382,65129010,,,,,,,,,13.000,138.000,,,,,,,,,,,,,,,32.090,32.950,32.350,1303900.000,-0.018507,32.310,32.340,134983.000,1.000,1.000,32.830,,-0.018507,0.003,0.003,0.005,0.005,0.002
79915,2012/08/20,,11,1,1311,65129010,NFX,NEWFIELD EXPLORATION CO,,NFX,211111,N,A,R,30044,0,1,1382,65129010,,,,,,,,,13.000,138.000,,,,,,,,,,,,,,,31.840,32.540,32.220,1287600.000,-0.004018,32.200,32.210,134983.000,1.000,1.000,32.210,,-0.004018,-0.001,-0.001,-0.002,-0.002,-0.000
79915,2012/08/21,,11,1,1311,65129010,NFX,NEWFIELD EXPLORATION CO,,NFX,211111,N,A,R,30044,0,1,1382,65129010,,,,,,,,,13.000,138.000,,,,,,,,,,,,,,,31.790,32.530,32.010,1171800.000,-0.006518,32.000,32.010,134983.000,1.000,1.000,32.440,,-0.006518,-0.002,-0.002,-0.001,-0.001,-0.003
79915,2012/08/22,,11,1,1311,65129010,NFX,NEWFIELD EXPLORATION CO,,NFX,211111,N,A,R,30044,0,1,1382,65129010,,,,,,,,,13.000,138.000,,,,,,,,,,,,,,,31.675,32.260,32.130,1427900.000,0.003749,32.130,32.140,134983.000,1.000,1.000,31.900,,0.003749,-0.000,-0.000,-0.002,-0.002,0.000
79915,2012/08/23,,11,1,1311,65129010,NFX,NEWFIELD EXPLORATION CO,,NFX,211111,N,A,R,30044,0,1,1382,65129010,,,,,,,,,13.000,138.000,,,,,,,,,,,,,,,31.260,32.300,31.350,935200.000,-0.024276,31.340,31.350,134983.000,1.000,1.000,32.100,,-0.024276,-0.007,-0.007,-0.005,-0.005,-0.008
79915,2012/08/24,,11,1,1311,65129010,NFX,NEWFIELD EXPLORATION CO,,NFX,211111,N,A,R,30044,0,1,1382,65129010,,,,,,,,,13.000,138.000,,,,,,,,,,,,,,,31.140,31.830,31.710,1311900.000,0.011483,31.700,31.710,134983.000,1.000,1.000,31.260,,0.011483,0.006,0.005,0.003,0.003,0.006
79915,2012/08/27,,11,1,1311,65129010,NFX,NEWFIELD EXPLORATION CO,,NFX,211111,N,A,R,30044,0,1,1382,65129010,,,,,,,,,13.000,138.000,,,,,,,,,,,,,,,31.660,32.190,31.790,1460100.000,0.002523,31.790,31.800,134983.000,1.000,1.000,31.860,,0.002523,-0.001,-0.001,-0.001,-0.001,-0.000
79915,2012/08/28,,11,1,1311,65129010,NFX,NEWFIELD EXPLORATION CO,,NFX,211111,N,A,R,30044,0,1,1382,65129010,,,,,,,,,13.000,138.000,,,,,,,,,,,,,,,31.455,31.970,31.790,1061000.000,0.000000,31.780,31.790,134983.000,1.000,1.000,31.680,,0.000000,0.000,0.000,0.002,0.002,-0.001
79915,2012/08/29,,11,1,1311,65129010,NFX,NEWFIELD EXPLORATION CO,,NFX,211111,N,A,R,30044,0,1,1382,65129010,,,,,,,,,13.000,138.000,,,,,,,,,,,,,,,31.440,31.800,31.510,773500.000,-0.008808,31.520,31.530,134983.000,1.000,1.000,31.750,,-0.008808,0.001,0.001,0.002,0.002,0.001
79915,2012/08/30,,11,1,1311,65129010,NFX,NEWFIELD EXPLORATION CO,,NFX,211111,N,A,R,30044,0,1,1382,65129010,,,,,,,,,13.000,138.000,,,,,,,,,,,,,,,31.000,31.800,31.640,1508900.000,0.004126,31.640,31.650,134983.000,1.000,1.000,31.170,,0.004126,-0.008,-0.008,-0.008,-0.008,-0.008
79915,2012/08/31,,11,1,1311,65129010,NFX,NEWFIELD EXPLORATION CO,,NFX,211111,N,A,R,30044,0,1,1382,65129010,,,,,,,,0.000,13.000,138.000,,,,,,,,,,,,,,,31.800,32.830,32.630,2733300.000,0.031290,32.620,32.630,134983.000,1.000,1.000,31.960,,0.031290,0.006,0.006,0.005,0.005,0.005
79915,2012/09/04,,11,1,1311,65129010,NFX,NEWFIELD EXPLORATION CO,,NFX,211111,N,A,R,30044,0,1,1382,65129010,,,,,,,,,13.000,138.000,,,,,,,,,,,,,,,32.480,33.270,32.990,2895100.000,0.011033,33.000,33.010,134983.000,1.000,1.000,32.730,,0.011033,0.001,0.001,0.003,0.003,-0.001
79915,2012/09/05,,11,1,1311,65129010,NFX,NEWFIELD EXPLORATION CO,,NFX,211111,N,A,R,30044,0,1,1382,65129010,,,,,,,,,13.000,138.000,,,,,,,,,,,,,,,32.330,33.290,32.420,1828700.000,-0.017278,32.410,32.420,134983.000,1.000,1.000,33.160,,-0.017278,-0.001,-0.001,-0.001,-0.001,-0.001
79915,2012/09/06,,11,1,1311,65129010,NFX,NEWFIELD EXPLORATION CO,,NFX,211111,N,A,R,30044,0,1,1382,65129010,,,,,,,,,13.000,138.000,,,,,,,,,,,,,,,32.720,33.470,33.040,2347500.000,0.019124,33.040,33.050,134983.000,1.000,1.000,32.860,,0.019124,0.019,0.019,0.014,0.014,0.020
79915,2012/09/07,,11,1,1311,65129010,NFX,NEWFIELD EXPLORATION CO,,NFX,211111,N,A,R,30044,0,1,1382,65129010,,,,,,,,,13.000,138.000,,,,,,,,,,,,,,,33.200,33.530,33.340,2788400.000,0.009080,33.350,33.360,134983.000,1.000,1.000,33.200,,0.009080,0.006,0.006,0.006,0.006,0.004
79915,2012/09/10,,11,1,1311,65129010,NFX,NEWFIELD EXPLORATION CO,,NFX,211111,N,A,R,30044,0,1,1382,65129010,,,,,,,,,13.000,138.000,,,,,,,,,,,,,,,33.300,33.960,33.400,1646200.000,0.001800,33.390,33.400,134983.000,1.000,1.000,33.350,,0.001800,-0.006,-0.006,-0.002,-0.002,-0.006
79915,2012/09/11,,11,1,1311,65129010,NFX,NEWFIELD EXPLORATION CO,,NFX,211111,N,A,R,30044,0,1,1382,65129010,,,,,,,,,13.000,138.000,,,,,,,,,,,,,,,33.530,34.165,33.990,1617200.000,0.017665,33.980,33.990,134983.000,1.000,1.000,33.570,,0.017665,0.003,0.003,0.005,0.005,0.003
79915,2012/09/12,,11,1,1311,65129010,NFX,NEWFIELD EXPLORATION CO,,NFX,211111,N,A,R,30044,0,1,1382,65129010,,,,,,,,,13.000,138.000,,,,,,,,,,,,,,,33.590,34.250,33.750,1939600.000,-0.007061,33.740,33.750,134983.000,1.000,1.000,34.180,,-0.007061,0.003,0.002,0.004,0.003,0.002
79915,2012/09/13,,11,1,1311,65129010,NFX,NEWFIELD EXPLORATION CO,,NFX,211111,N,A,R,30044,0,1,1382,65129010,,,,,,,,,13.000,138.000,,,,,,,,,,,,,,,33.260,34.560,34.380,1955800.000,0.018667,34.380,34.390,134983.000,1.000,1.000,33.850,,0.018667,0.015,0.015,0.011,0.011,0.016
79915,2012/09/14,,11,1,1311,65129010,NFX,NEWFIELD EXPLORATION CO,,NFX,211111,N,A,R,30044,0,1,1382,65129010,,,,,,,,,13.000,138.000,,,,,,,,,,,,,,,34.540,35.650,35.210,2612900.000,0.024142,35.200,35.210,134983.000,1.000,1.000,34.540,,0.024142,0.006,0.006,0.008,0.008,0.004
79915,2012/09/17,,11,1,1311,65129010,NFX,NEWFIELD EXPLORATION CO,,NFX,211111,N,A,R,30044,0,1,1382,65129010,,,,,,,,,13.000,138.000,,,,,,,,,,,,,,,34.670,35.370,34.890,1364500.000,-0.009088,34.870,34.880,134983.000,1.000,1.000,35.150,,-0.009088,-0.005,-0.005,-0.004,-0.004,-0.003
79915,2012/09/18,,11,1,1311,65129010,NFX,NEWFIELD EXPLORATION CO,,NFX,211111,N,A,R,30044,0,1,1382,65129010,,,,,,,,,13.000,138.000,,,,,,,,,,,,,,,33.860,34.750,34.270,1139900.000,-0.017770,34.260,34.270,134983.000,1.000,1.000,34.700,,-0.017770,-0.002,-0.002,-0.000,-0.000,-0.001
79915,2012/09/19,,11,1,1311,65129010,NFX,NEWFIELD EXPLORATION CO,,NFX,211111,N,A,R,30044,0,1,1382,65129010,,,,,,,,,13.000,138.000,,,,,,,,,,,,,,,33.095,34.158,33.450,1844700.000,-0.023928,33.430,33.440,134983.000,1.000,1.000,33.770,,-0.023928,0.001,0.001,0.002,0.002,0.001
79915,2012/09/20,,11,1,1311,65129010,NFX,NEWFIELD EXPLORATION CO,,NFX,211111,N,A,R,30044,0,1,1382,65129010,,,,,,,,,13.000,138.000,,,,,,,,,,,,,,,32.410,33.130,32.570,2896400.000,-0.026308,32.560,32.570,134983.000,1.000,1.000,33.040,,-0.026308,-0.002,-0.002,-0.004,-0.004,-0.001
79915,2012/09/21,,11,1,1311,65129010,NFX,NEWFIELD EXPLORATION CO,,NFX,211111,N,A,R,30044,0,1,1382,65129010,,,,,,,,,13.000,138.000,,,,,,,,,,,,,,,32.600,33.260,33.050,2812500.000,0.014737,33.040,33.050,134983.000,1.000,1.000,32.850,,0.014737,0.000,0.000,0.005,0.005,-0.000
79915,2012/09/24,,11,1,1311,65129010,NFX,NEWFIELD EXPLORATION CO,,NFX,211111,N,A,R,30044,0,1,1382,65129010,,,,,,,,,13.000,138.000,,,,,,,,,,,,,,,32.260,32.880,32.310,1938200.000,-0.022390,32.310,32.320,134983.000,1.000,1.000,32.620,,-0.022390,-0.003,-0.003,-0.003,-0.003,-0.002
79915,2012/09/25,,11,1,1311,65129010,NFX,NEWFIELD EXPLORATION CO,,NFX,211111,N,A,R,30044,0,1,1382,65129010,,,,,,,,,13.000,138.000,,,,,,,,,,,,,,,31.910,32.730,31.950,1935900.000,-0.011142,31.950,31.960,134983.000,1.000,1.000,32.460,,-0.011142,-0.011,-0.011,-0.010,-0.010,-0.011
79915,2012/09/26,,11,1,1311,65129010,NFX,NEWFIELD EXPLORATION CO,,NFX,211111,N,A,R,30044,0,1,1382,65129010,,,,,,,,,13.000,138.000,,,,,,,,,,,,,,,31.080,31.850,31.280,3224900.000,-0.020970,31.270,31.280,134983.000,1.000,1.000,31.820,,-0.020970,-0.006,-0.006,-0.005,-0.005,-0.006
79915,2012/09/27,,11,1,1311,65129010,NFX,NEWFIELD EXPLORATION CO,,NFX,211111,N,A,R,30044,0,1,1382,65129010,,,,,,,,,13.000,138.000,,,,,,,,,,,,,,,31.360,31.830,31.560,2075400.000,0.008951,31.560,31.570,134983.000,1.000,1.000,31.510,,0.008951,0.010,0.010,0.009,0.009,0.010
79915,2012/09/28,,11,1,1311,65129010,NFX,NEWFIELD EXPLORATION CO,,NFX,211111,N,A,R,30044,0,1,1382,65129010,,,,,,,,0.000,13.000,138.000,,,,,,,,,,,,,,,31.010,31.530,31.320,1569800.000,-0.007605,31.300,31.320,134983.000,1.000,1.000,31.270,,-0.007605,-0.005,-0.005,-0.003,-0.003,-0.004
79915,2012/10/01,,11,1,1311,65129010,NFX,NEWFIELD EXPLORATION CO,,NFX,211111,N,A,R,30044,0,1,1382,65129010,,,,,,,,,13.000,138.000,,,,,,,,,,,,,,,31.215,31.940,31.380,1767300.000,0.001916,31.370,31.380,134983.000,1.000,1.000,31.600,,0.001916,0.003,0.003,0.003,0.003,0.003
79915,2012/10/02,,11,1,1311,65129010,NFX,NEWFIELD EXPLORATION CO,,NFX,211111,N,A,R,30044,0,1,1382,65129010,,,,,,,,,13.000,138.000,,,,,,,,,,,,,,,31.100,31.660,31.200,1618700.000,-0.005736,31.180,31.190,134983.000,1.000,1.000,31.600,,-0.005736,0.001,0.001,0.000,0.000,0.001
79915,2012/10/03,,11,1,1311,65129010,NFX,NEWFIELD EXPLORATION CO,,NFX,211111,N,A,R,30044,0,1,1382,65129010,,,,,,,,,13.000,138.000,,,,,,,,,,,,,,,29.930,31.120,30.110,2345800.000,-0.034936,30.090,30.100,134983.000,1.000,1.000,31.120,,-0.034936,0.003,0.002,-0.000,-0.000,0.004
79915,2012/10/04,,11,1,1311,65129010,NFX,NEWFIELD EXPLORATION CO,,NFX,211111,N,A,R,30044,0,1,1382,65129010,,,,,,,,,13.000,138.000,,,,,,,,,,,,,,,29.990,30.630,30.360,1772600.000,0.008303,30.360,30.370,134983.000,1.000,1.000,30.360,,0.008303,0.008,0.008,0.007,0.007,0.007
79915,2012/10/05,,11,1,1311,65129010,NFX,NEWFIELD EXPLORATION CO,,NFX,211111,N,A,R,30044,0,1,1382,65129010,,,,,,,,,13.000,138.000,,,,,,,,,,,,,,,30.331,30.670,30.540,1646700.000,0.005929,30.550,30.560,134983.000,1.000,1.000,30.510,,0.005929,-0.000,-0.000,-0.001,-0.001,-0.000
79915,2012/10/08,,11,1,1311,65129010,NFX,NEWFIELD EXPLORATION CO,,NFX,211111,N,A,R,30044,0,1,1382,65129010,,,,,,,,,13.000,138.000,,,,,,,,,,,,,,,30.090,30.910,30.740,1156900.000,0.006549,30.720,30.730,134983.000,1.000,1.000,30.210,,0.006549,-0.004,-0.004,-0.004,-0.004,-0.003
79915,2012/10/09,,11,1,1311,65129010,NFX,NEWFIELD EXPLORATION CO,,NFX,211111,N,A,R,30044,0,1,1382,65129010,,,,,,,,,13.000,138.000,,,,,,,,,,,,,,,30.750,32.950,32.620,3915400.000,0.061158,32.620,32.630,134983.000,1.000,1.000,30.750,,0.061158,-0.010,-0.010,-0.009,-0.009,-0.010
79915,2012/10/10,,11,1,1311,65129010,NFX,NEWFIELD EXPLORATION CO,,NFX,211111,N,A,R,30044,0,1,1382,65129010,,,,,,,,,13.000,138.000,,,,,,,,,,,,,,,32.750,33.420,32.950,3886200.000,0.010117,32.950,32.960,134983.000,1.000,1.000,33.200,,0.010117,-0.006,-0.006,-0.004,-0.004,-0.006
79915,2012/10/11,,11,1,1311,65129010,NFX,NEWFIELD EXPLORATION CO,,NFX,211111,N,A,R,30044,0,1,1382,65129010,,,,,,,,,13.000,138.000,,,,,,,,,,,,,,,32.950,33.670,33.360,2955400.000,0.012443,33.370,33.380,134983.000,1.000,1.000,33.320,,0.012443,0.002,0.002,0.005,0.004,0.000
79915,2012/10/12,,11,1,1311,65129010,NFX,NEWFIELD EXPLORATION CO,,NFX,211111,N,A,R,30044,0,1,1382,65129010,,,,,,,,,13.000,138.000,,,,,,,,,,,,,,,32.790,33.640,33.130,1702400.000,-0.006894,33.130,33.140,134983.000,1.000,1.000,33.200,,-0.006894,-0.003,-0.004,-0.004,-0.004,-0.003
79915,2012/10/15,,11,1,1311,65129010,NFX,NEWFIELD EXPLORATION CO,,NFX,211111,N,A,R,30044,0,1,1382,65129010,,,,,,,,,13.000,138.000,,,,,,,,,,,,,,,32.800,33.380,33.280,1722100.000,0.004528,33.280,33.290,134983.000,1.000,1.000,33.060,,0.004528,0.007,0.007,0.004,0.004,0.008
79915,2012/10/16,,11,1,1311,65129010,NFX,NEWFIELD EXPLORATION CO,,NFX,211111,N,A,R,30044,0,1,1382,65129010,,,,,,,,,13.000,138.000,,,,,,,,,,,,,,,33.330,34.090,34.010,2148000.000,0.021935,34.000,34.010,134983.000,1.000,1.000,33.440,,0.021935,0.010,0.010,0.007,0.007,0.010
79915,2012/10/17,,11,1,1311,65129010,NFX,NEWFIELD EXPLORATION CO,,NFX,211111,N,A,R,30044,0,1,1382,65129010,,,,,,,,,13.000,138.000,,,,,,,,,,,,,,,33.970,34.700,34.470,1537600.000,0.013526,34.470,34.480,134983.000,1.000,1.000,33.980,,0.013526,0.005,0.005,0.006,0.006,0.004
79915,2012/10/18,,11,1,1311,65129010,NFX,NEWFIELD EXPLORATION CO,,NFX,211111,N,A,R,30044,0,1,1382,65129010,,,,,,,,,13.000,138.000,,,,,,,,,,,,,,,34.270,34.750,34.640,1230900.000,0.004932,34.640,34.650,134983.000,1.000,1.000,34.330,,0.004932,-0.003,-0.003,-0.004,-0.004,-0.002
79915,2012/10/19,,11,1,1311,65129010,NFX,NEWFIELD EXPLORATION CO,,NFX,211111,N,A,R,30044,0,1,1382,65129010,,,,,,,,,13.000,138.000,,,,,,,,,,,,,,,33.960,34.790,34.140,1487900.000,-0.014434,34.130,34.140,134983.000,1.000,1.000,34.430,,-0.014434,-0.016,-0.016,-0.013,-0.013,-0.017
79915,2012/10/22,,11,1,1311,65129010,NFX,NEWFIELD EXPLORATION CO,,NFX,211111,N,A,R,30044,0,1,1382,65129010,,,,,,,,,13.000,138.000,,,,,,,,,,,,,,,33.590,34.300,33.950,1889100.000,-0.005565,33.930,33.940,134983.000,1.000,1.000,34.050,,-0.005565,0.000,0.000,-0.000,-0.000,0.000
79915,2012/10/23,,11,1,1311,65129010,NFX,NEWFIELD EXPLORATION CO,,NFX,211111,N,A,R,30044,0,1,1382,65129010,,,,,,,,,13.000,138.000,,,,,,,,,,,,,,,32.830,33.550,33.320,2201900.000,-0.018557,33.330,33.340,134983.000,1.000,1.000,33.250,,-0.018557,-0.013,-0.013,-0.007,-0.007,-0.014
79915,2012/10/24,,11,1,1311,65129010,NFX,NEWFIELD EXPLORATION CO,,NFX,211111,N,A,R,30044,0,1,1382,65129010,,,,,,,,,13.000,138.000,,,,,,,,,,,,,,,26.970,34.140,27.460,21434900.000,-0.175870,27.450,27.460,134983.000,1.000,1.000,33.860,,-0.175870,-0.003,-0.003,-0.001,-0.001,-0.003
79915,2012/10/25,,11,1,1311,65129010,NFX,NEWFIELD EXPLORATION CO,,NFX,211111,N,A,R,30044,0,1,1382,65129010,,,,,,,,,13.000,138.000,,,,,,,,,,,,,,,26.930,28.000,27.230,6848400.000,-0.008376,27.220,27.230,134983.000,1.000,1.000,27.890,,-0.008376,0.003,0.003,0.002,0.002,0.003
79915,2012/10/26,,11,1,1311,65129010,NFX,NEWFIELD EXPLORATION CO,,NFX,211111,N,A,R,30044,0,1,1382,65129010,,,,,,,,,13.000,138.000,,,,,,,,,,,,,,,26.730,27.330,27.080,4132100.000,-0.005509,27.080,27.090,134983.000,1.000,1.000,27.240,,-0.005509,-0.001,-0.001,-0.002,-0.002,-0.001
79915,2012/10/31,,11,1,1311,65129010,NFX,NEWFIELD EXPLORATION CO,,NFX,211111,N,A,R,30044,0,1,1382,65129010,,,,,,,,0.000,13.000,138.000,,,,,,,,,,,,,,,26.955,27.630,27.120,2917900.000,0.001477,27.120,27.130,135224.000,1.000,1.000,27.110,,0.001477,0.002,0.002,0.003,0.003,0.000
79915,2012/11/01,,11,1,1311,65129010,NFX,NEWFIELD EXPLORATION CO,,NFX,211111,N,A,R,30044,0,1,1382,65129010,,,,,,,,,13.000,138.000,,,,,,,,,,,,,,,26.850,27.380,26.950,2706700.000,-0.006268,26.930,26.940,135224.000,1.000,1.000,27.010,,-0.006268,0.011,0.011,0.010,0.010,0.011
79915,2012/11/02,,11,1,1311,65129010,NFX,NEWFIELD EXPLORATION CO,,NFX,211111,N,A,R,30044,0,1,1382,65129010,,,,,,,,,13.000,138.000,,,,,,,,,,,,,,,26.200,27.460,26.330,2261900.000,-0.023006,26.320,26.330,135224.000,1.000,1.000,27.220,,-0.023006,-0.010,-0.010,-0.009,-0.009,-0.009
79915,2012/11/05,,11,1,1311,65129010,NFX,NEWFIELD EXPLORATION CO,,NFX,211111,N,A,R,30044,0,1,1382,65129010,,,,,,,,,13.000,138.000,,,,,,,,,,,,,,,26.230,26.810,26.550,1459500.000,0.008355,26.550,26.570,135224.000,1.000,1.000,26.340,,0.008355,0.002,0.002,0.003,0.003,0.002
79915,2012/11/06,,11,1,1311,65129010,NFX,NEWFIELD EXPLORATION CO,,NFX,211111,N,A,R,30044,0,1,1382,65129010,,,,,,,,,13.000,138.000,,,,,,,,,,,,,,,26.190,26.750,26.450,2521500.000,-0.003766,26.430,26.450,135224.000,1.000,1.000,26.670,,-0.003766,0.008,0.008,0.006,0.006,0.008
79915,2012/11/07,,11,1,1311,65129010,NFX,NEWFIELD EXPLORATION CO,,NFX,211111,N,A,R,30044,0,1,1382,65129010,,,,,,,,,13.000,138.000,,,,,,,,,,,,,,,25.210,26.610,25.510,3542200.000,-0.035539,25.500,25.510,135224.000,1.000,1.000,26.110,,-0.035539,-0.021,-0.022,-0.018,-0.018,-0.024
79915,2012/11/08,,11,1,1311,65129010,NFX,NEWFIELD EXPLORATION CO,,NFX,211111,N,A,R,30044,0,1,1382,65129010,,,,,,,,,13.000,138.000,,,,,,,,,,,,,,,25.010,25.560,25.020,1805600.000,-0.019208,25.010,25.020,135224.000,1.000,1.000,25.500,,-0.019208,-0.012,-0.012,-0.010,-0.010,-0.012
79915,2012/11/09,,11,1,1311,65129010,NFX,NEWFIELD EXPLORATION CO,,NFX,211111,N,A,R,30044,0,1,1382,65129010,,,,,,,,,13.000,138.000,,,,,,,,,,,,,,,24.830,25.550,25.190,1787800.000,0.006795,25.200,25.210,135224.000,1.000,1.000,25.000,,0.006795,0.001,0.001,-0.001,-0.001,0.002
79915,2012/11/12,,11,1,1311,65129010,NFX,NEWFIELD EXPLORATION CO,,NFX,211111,N,A,R,30044,0,1,1382,65129010,,,,,,,,,13.000,138.000,,,,,,,,,,,,,,,24.840,25.420,24.990,1278000.000,-0.007940,25.000,25.010,135224.000,1.000,1.000,25.360,,-0.007940,-0.000,-0.000,-0.002,-0.002,0.000
79915,2012/11/13,,11,1,1311,65129010,NFX,NEWFIELD EXPLORATION CO,,NFX,211111,N,A,R,30044,0,1,1382,65129010,,,,,,,,,13.000,138.000,,,,,,,,,,,,,,,24.560,25.440,24.940,1795900.000,-0.002001,24.920,24.930,135224.000,1.000,1.000,24.690,,-0.002001,-0.004,-0.004,-0.006,-0.006,-0.004
79915,2012/11/14,,11,1,1311,65129010,NFX,NEWFIELD EXPLORATION CO,,NFX,211111,N,A,R,30044,0,1,1382,65129010,,,,,,,,,13.000,138.000,,,,,,,,,,,,,,,24.230,25.060,24.350,2461500.000,-0.023657,24.340,24.360,135224.000,1.000,1.000,24.910,,-0.023657,-0.015,-0.015,-0.016,-0.016,-0.014
79915,2012/11/15,,11,1,1311,65129010,NFX,NEWFIELD EXPLORATION CO,,NFX,211111,N,A,R,30044,0,1,1382,65129010,,,,,,,,,13.000,138.000,,,,,,,,,,,,,,,24.050,24.650,24.270,2542400.000,-0.003285,24.260,24.270,135224.000,1.000,1.000,24.360,,-0.003285,-0.003,-0.003,-0.006,-0.006,-0.002
79915,2012/11/16,,11,1,1311,65129010,NFX,NEWFIELD EXPLORATION CO,,NFX,211111,N,A,R,30044,0,1,1382,65129010,,,,,,,,,13.000,138.000,,,,,,,,,,,,,,,23.830,24.530,24.260,2645200.000,-0.000412,24.240,24.260,135224.000,1.000,1.000,24.310,,-0.000412,0.006,0.006,0.006,0.006,0.005
79915,2012/11/19,,11,1,1311,65129010,NFX,NEWFIELD EXPLORATION CO,,NFX,211111,N,A,R,30044,0,1,1382,65129010,,,,,,,,,13.000,138.000,,,,,,,,,,,,,,,24.150,25.130,24.440,2722000.000,0.007420,24.450,24.460,135224.000,1.000,1.000,24.730,,0.007420,0.019,0.019,0.017,0.016,0.020
79915,2012/11/20,,11,1,1311,65129010,NFX,NEWFIELD EXPLORATION CO,,NFX,211111,N,A,R,30044,0,1,1382,65129010,,,,,,,,,13.000,138.000,,,,,,,,,,,,,,,23.710,24.495,23.880,2383300.000,-0.022913,23.870,23.880,135224.000,1.000,1.000,24.380,,-0.022913,0.001,0.001,0.001,0.001,0.001
79915,2012/11/21,,11,1,1311,65129010,NFX,NEWFIELD EXPLORATION CO,,NFX,211111,N,A,R,30044,0,1,1382,65129010,,,,,,,,,13.000,138.000,,,,,,,,,,,,,,,23.740,24.150,23.980,1768900.000,0.004188,23.970,23.980,135224.000,1.000,1.000,23.980,,0.004188,0.003,0.003,0.005,0.005,0.002
79915,2012/11/23,,11,1,1311,65129010,NFX,NEWFIELD EXPLORATION CO,,NFX,211111,N,A,R,30044,0,1,1382,65129010,,,,,,,,,13.000,138.000,,,,,,,,,,,,,,,23.870,24.320,24.140,814900.000,0.006672,24.120,24.130,135224.000,1.000,1.000,23.980,,0.006672,0.013,0.013,0.010,0.010,0.013
79915,2012/11/26,,11,1,1311,65129010,NFX,NEWFIELD EXPLORATION CO,,NFX,211111,N,A,R,30044,0,1,1382,65129010,,,,,,,,,13.000,138.000,,,,,,,,,,,,,,,23.740,24.450,24.150,2236200.000,0.000414,24.160,24.170,135224.000,1.000,1.000,24.090,,0.000414,-0.002,-0.002,0.001,0.001,-0.002
79915,2012/11/27,,11,1,1311,65129010,NFX,NEWFIELD EXPLORATION CO,,NFX,211111,N,A,R,30044,0,1,1382,65129010,,,,,,,,,13.000,138.000,,,,,,,,,,,,,,,23.900,24.470,24.110,1974900.000,-0.001656,24.120,24.130,135224.000,1.000,1.000,24.050,,-0.001656,-0.004,-0.005,-0.001,-0.001,-0.005
79915,2012/11/28,,11,1,1311,65129010,NFX,NEWFIELD EXPLORATION CO,,NFX,211111,N,A,R,30044,0,1,1382,65129010,,,,,,,,,13.000,138.000,,,,,,,,,,,,,,,23.560,24.010,23.950,1991600.000,-0.006636,23.960,23.970,135224.000,1.000,1.000,23.940,,-0.006636,0.007,0.007,0.005,0.005,0.008
79915,2012/11/29,,11,1,1311,65129010,NFX,NEWFIELD EXPLORATION CO,,NFX,211111,N,A,R,30044,0,1,1382,65129010,,,,,,,,,13.000,138.000,,,,,,,,,,,,,,,23.960,24.450,24.150,1287000.000,0.008351,24.160,24.170,135224.000,1.000,1.000,24.130,,0.008351,0.005,0.005,0.009,0.008,0.004
79915,2012/11/30,,11,1,1311,65129010,NFX,NEWFIELD EXPLORATION CO,,NFX,211111,N,A,R,30044,0,1,1382,65129010,,,,,,,,0.000,13.000,138.000,,,,,,,,,,,,,,,24.200,24.710,24.340,1861900.000,0.007868,24.320,24.330,135224.000,1.000,1.000,24.200,,0.007868,0.000,0.000,0.001,0.001,0.000
79915,2012/12/03,,11,1,1311,65129010,NFX,NEWFIELD EXPLORATION CO,,NFX,211111,N,A,R,30044,0,1,1382,65129010,,,,,,,,,13.000,138.000,,,,,,,,,,,,,,,24.370,25.110,24.410,1729800.000,0.002876,24.410,24.420,135224.000,1.000,1.000,24.440,,0.002876,-0.004,-0.004,-0.002,-0.002,-0.005
79915,2012/12/04,,11,1,1311,65129010,NFX,NEWFIELD EXPLORATION CO,,NFX,211111,N,A,R,30044,0,1,1382,65129010,,,,,,,,,13.000,138.000,,,,,,,,,,,,,,,24.130,24.560,24.260,1571500.000,-0.006145,24.270,24.280,135224.000,1.000,1.000,24.320,,-0.006145,-0.001,-0.001,-0.001,-0.001,-0.002
79915,2012/12/05,,11,1,1311,65129010,NFX,NEWFIELD EXPLORATION CO,,NFX,211111,N,A,R,30044,0,1,1382,65129010,,,,,,,,,13.000,138.000,,,,,,,,,,,,,,,24.350,25.300,25.170,1922700.000,0.037510,25.160,25.170,135224.000,1.000,1.000,24.350,,0.037510,0.002,0.001,-0.000,-0.000,0.002
79915,2012/12/06,,11,1,1311,65129010,NFX,NEWFIELD EXPLORATION CO,,NFX,211111,N,A,R,30044,0,1,1382,65129010,,,,,,,,,13.000,138.000,,,,,,,,,,,,,,,24.480,25.130,25.000,1501700.000,-0.006754,25.000,25.010,135224.000,1.000,1.000,25.000,,-0.006754,0.003,0.002,0.001,0.000,0.003
79915,2012/12/07,,11,1,1311,65129010,NFX,NEWFIELD EXPLORATION CO,,NFX,211111,N,A,R,30044,0,1,1382,65129010,,,,,,,,,13.000,138.000,,,,,,,,,,,,,,,25.080,25.850,25.790,2720600.000,0.031600,25.770,25.780,135224.000,1.000,1.000,25.130,,0.031600,0.003,0.002,0.001,0.001,0.003
79915,2012/12/10,,11,1,1311,65129010,NFX,NEWFIELD EXPLORATION CO,,NFX,211111,N,A,R,30044,0,1,1382,65129010,,,,,,,,,13.000,138.000,,,,,,,,,,,,,,,25.320,26.075,26.010,2634900.000,0.008530,26.020,26.030,135224.000,1.000,1.000,25.730,,0.008530,0.002,0.001,0.003,0.003,0.000
79915,2012/12/11,,11,1,1311,65129010,NFX,NEWFIELD EXPLORATION CO,,NFX,211111,N,A,R,30044,0,1,1382,65129010,,,,,,,,,13.000,138.000,,,,,,,,,,,,,,,26.000,26.980,26.620,3192100.000,0.023453,26.630,26.640,135224.000,1.000,1.000,26.110,,0.023453,0.006,0.006,0.007,0.007,0.007
79915,2012/12/12,,11,1,1311,65129010,NFX,NEWFIELD EXPLORATION CO,,NFX,211111,N,A,R,30044,0,1,1382,65129010,,,,,,,,,13.000,138.000,,,,,,,,,,,,,,,26.390,26.985,26.530,1748600.000,-0.003381,26.530,26.540,135224.000,1.000,1.000,26.730,,-0.003381,0.000,-0.000,-0.000,-0.001,0.000
79915,2012/12/13,,11,1,1311,65129010,NFX,NEWFIELD EXPLORATION CO,,NFX,211111,N,A,R,30044,0,1,1382,65129010,,,,,,,,,13.000,138.000,,,,,,,,,,,,,,,25.800,26.550,25.870,1067800.000,-0.024877,25.870,25.890,135224.000,1.000,1.000,26.460,,-0.024877,-0.006,-0.006,-0.004,-0.005,-0.006
79915,2012/12/14,,11,1,1311,65129010,NFX,NEWFIELD EXPLORATION CO,,NFX,211111,N,A,R,30044,0,1,1382,65129010,,,,,,,,,13.000,138.000,,,,,,,,,,,,,,,25.490,25.970,25.760,1673100.000,-0.004252,25.750,25.760,135224.000,1.000,1.000,25.890,,-0.004252,-0.003,-0.003,0.001,0.001,-0.004
79915,2012/12/17,,11,1,1311,65129010,NFX,NEWFIELD EXPLORATION CO,,NFX,211111,N,A,R,30044,0,1,1382,65129010,,,,,,,,,13.000,138.000,,,,,,,,,,,,,,,25.796,26.640,26.370,2332300.000,0.023680,26.390,26.400,135224.000,1.000,1.000,25.900,,0.023680,0.010,0.010,0.007,0.006,0.012
79915,2012/12/18,,11,1,1311,65129010,NFX,NEWFIELD EXPLORATION CO,,NFX,211111,N,A,R,30044,0,1,1382,65129010,,,,,,,,,13.000,138.000,,,,,,,,,,,,,,,26.450,27.440,27.150,1468100.000,0.029579,27.150,27.160,135224.000,1.000,1.000,26.510,,0.029579,0.011,0.011,0.010,0.009,0.011
79915,2012/12/19,,11,1,1311,65129010,NFX,NEWFIELD EXPLORATION CO,,NFX,211111,N,A,R,30044,0,1,1382,65129010,,,,,,,,,13.000,138.000,,,,,,,,,,,,,,,26.645,27.300,26.970,1379800.000,-0.006630,26.970,26.980,135224.000,1.000,1.000,27.220,,-0.006630,-0.005,-0.005,0.001,0.000,-0.008
79915,2012/12/20,,11,1,1311,65129010,NFX,NEWFIELD EXPLORATION CO,,NFX,211111,N,A,R,30044,0,1,1382,65129010,,,,,,,,,13.000,138.000,,,,,,,,,,,,,,,26.720,27.170,27.160,1629100.000,0.007045,27.140,27.150,135224.000,1.000,1.000,26.930,,0.007045,0.005,0.005,0.004,0.004,0.005
79915,2012/12/21,,11,1,1311,65129010,NFX,NEWFIELD EXPLORATION CO,,NFX,211111,N,A,R,30044,0,1,1382,65129010,,,,,,,,,13.000,138.000,,,,,,,,,,,,,,,26.540,26.980,26.970,2349200.000,-0.006996,26.950,26.960,135224.000,1.000,1.000,26.760,,-0.006996,-0.008,-0.009,-0.006,-0.006,-0.009
79915,2012/12/24,,11,1,1311,65129010,NFX,NEWFIELD EXPLORATION CO,,NFX,211111,N,A,R,30044,0,1,1382,65129010,,,,,,,,,13.000,138.000,,,,,,,,,,,,,,,26.410,27.020,26.560,534600.000,-0.015202,26.540,26.550,135224.000,1.000,1.000,26.800,,-0.015202,-0.002,-0.002,-0.003,-0.003,-0.002
79915,2012/12/26,,11,1,1311,65129010,NFX,NEWFIELD EXPLORATION CO,,NFX,211111,N,A,R,30044,0,1,1382,65129010,,,,,,,,,13.000,138.000,,,,,,,,,,,,,,,26.220,27.010,26.270,874000.000,-0.010919,26.280,26.290,135224.000,1.000,1.000,26.720,,-0.010919,-0.005,-0.005,-0.003,-0.003,-0.005
79915,2012/12/27,,11,1,1311,65129010,NFX,NEWFIELD EXPLORATION CO,,NFX,211111,N,A,R,30044,0,1,1382,65129010,,,,,,,,,13.000,138.000,,,,,,,,,,,,,,,25.840,26.420,26.280,1233600.000,0.000381,26.260,26.280,135224.000,1.000,1.000,26.260,,0.000381,-0.001,-0.001,-0.002,-0.002,-0.001
79915,2012/12/28,,11,1,1311,65129010,NFX,NEWFIELD EXPLORATION CO,,NFX,211111,N,A,R,30044,0,1,1382,65129010,,,,,,,,,13.000,138.000,,,,,,,,,,,,,,,25.770,26.290,25.790,1249300.000,-0.018645,25.790,25.800,135224.000,1.000,1.000,26.120,,-0.018645,-0.009,-0.009,-0.004,-0.004,-0.011
79915,2012/12/31,,11,1,1311,65129010,NFX,NEWFIELD EXPLORATION CO,,NFX,211111,N,A,R,30044,0,1,1382,65129010,,,,,,,,0.000,13.000,138.000,,,,,,,,,,,,,,,25.640,26.810,26.780,2077400.000,0.038387,26.780,26.790,135224.000,1.000,1.000,25.700,,0.038387,0.016,0.016,0.015,0.015,0.017
79915,2013/01/02,,11,1,1311,65129010,NFX,NEWFIELD EXPLORATION CO,,NFX,211111,N,A,R,30044,0,1,1382,65129010,,,,,,,,,13.000,138.000,,,,,,,,,,,,,,,26.520,27.420,27.260,2533600.000,0.017924,27.260,27.270,135224.000,1.000,1.000,27.410,,0.017924,0.025,0.025,0.024,0.024,0.025
79915,2013/01/03,,11,1,1311,65129010,NFX,NEWFIELD EXPLORATION CO,,NFX,211111,N,A,R,30044,0,1,1382,65129010,,,,,,,,,13.000,138.000,,,,,,,,,,,,,,,27.000,27.730,27.510,2696500.000,0.009171,27.490,27.510,135224.000,1.000,1.000,27.180,,0.009171,-0.002,-0.002,0.000,0.000,-0.002
79915,2013/01/04,,11,1,1311,65129010,NFX,NEWFIELD EXPLORATION CO,,NFX,211111,N,A,R,30044,0,1,1382,65129010,,,,,,,,,13.000,138.000,,,,,,,,,,,,,,,27.490,28.195,28.030,2443500.000,0.018902,28.020,28.030,135224.000,1.000,1.000,27.490,,0.018902,0.006,0.006,0.007,0.007,0.005
79915,2013/01/07,,11,1,1311,65129010,NFX,NEWFIELD EXPLORATION CO,,NFX,211111,N,A,R,30044,0,1,1382,65129010,,,,,,,,,13.000,138.000,,,,,,,,,,,,,,,27.580,28.010,27.720,2156300.000,-0.011060,27.710,27.720,135224.000,1.000,1.000,27.740,,-0.011060,-0.003,-0.003,-0.000,-0.000,-0.003
79915,2013/01/08,,11,1,1311,65129010,NFX,NEWFIELD EXPLORATION CO,,NFX,211111,N,A,R,30044,0,1,1382,65129010,,,,,,,,,13.000,138.000,,,,,,,,,,,,,,,27.240,27.710,27.280,2010100.000,-0.015873,27.260,27.280,135224.000,1.000,1.000,27.660,,-0.015873,-0.002,-0.002,-0.001,-0.001,-0.003
79915,2013/01/09,,11,1,1311,65129010,NFX,NEWFIELD EXPLORATION CO,,NFX,211111,N,A,R,30044,0,1,1382,65129010,,,,,,,,,13.000,138.000,,,,,,,,,,,,,,,27.105,27.530,27.290,2928500.000,0.000367,27.290,27.300,135224.000,1.000,1.000,27.340,,0.000367,0.003,0.003,0.005,0.005,0.003
79915,2013/01/10,,11,1,1311,65129010,NFX,NEWFIELD EXPLORATION CO,,NFX,211111,N,A,R,30044,0,1,1382,65129010,,,,,,,,,13.000,138.000,,,,,,,,,,,,,,,27.230,28.395,28.190,3574300.000,0.032979,28.190,28.200,135224.000,1.000,1.000,27.590,,0.032979,0.007,0.007,0.004,0.004,0.008
79915,2013/01/11,,11,1,1311,65129010,NFX,NEWFIELD EXPLORATION CO,,NFX,211111,N,A,R,30044,0,1,1382,65129010,,,,,,,,,13.000,138.000,,,,,,,,,,,,,,,27.560,28.490,28.000,2537600.000,-0.006740,27.980,27.990,135224.000,1.000,1.000,28.280,,-0.006740,0.000,0.000,0.001,0.001,-0.000
79915,2013/01/14,,11,1,1311,65129010,NFX,NEWFIELD EXPLORATION CO,,NFX,211111,N,A,R,30044,0,1,1382,65129010,,,,,,,,,13.000,138.000,,,,,,,,,,,,,,,27.600,28.140,27.750,1179100.000,-0.008929,27.740,27.750,135224.000,1.000,1.000,27.990,,-0.008929,-0.000,-0.000,0.000,0.000,-0.001
79915,2013/01/15,,11,1,1311,65129010,NFX,NEWFIELD EXPLORATION CO,,NFX,211111,N,A,R,30044,0,1,1382,65129010,,,,,,,,,13.000,138.000,,,,,,,,,,,,,,,27.560,28.100,28.040,1906000.000,0.010450,28.030,28.040,135224.000,1.000,1.000,27.630,,0.010450,0.002,0.002,0.002,0.002,0.001
79915,2013/01/16,,11,1,1311,65129010,NFX,NEWFIELD EXPLORATION CO,,NFX,211111,N,A,R,30044,0,1,1382,65129010,,,,,,,,,13.000,138.000,,,,,,,,,,,,,,,28.150,28.590,28.410,1735200.000,0.013195,28.390,28.400,135224.000,1.000,1.000,28.500,,0.013195,-0.001,-0.001,-0.001,-0.002,0.000
79915,2013/01/17,,11,1,1311,65129010,NFX,NEWFIELD EXPLORATION CO,,NFX,211111,N,A,R,30044,0,1,1382,65129010,,,,,,,,,13.000,138.000,,,,,,,,,,,,,,,28.260,28.700,28.550,1505500.000,0.004928,28.540,28.550,135224.000,1.000,1.000,28.500,,0.004928,0.006,0.006,0.007,0.007,0.006
79915,2013/01/18,,11,1,1311,65129010,NFX,NEWFIELD EXPLORATION CO,,NFX,211111,N,A,R,30044,0,1,1382,65129010,,,,,,,,,13.000,138.000,,,,,,,,,,,,,,,28.240,28.640,28.640,1078200.000,0.003152,28.630,28.640,135224.000,1.000,1.000,28.580,,0.003152,0.003,0.003,0.002,0.002,0.003
79915,2013/01/22,,11,1,1311,65129010,NFX,NEWFIELD EXPLORATION CO,,NFX,211111,N,A,R,30044,0,1,1382,65129010,,,,,,,,,13.000,138.000,,,,,,,,,,,,,,,28.470,29.200,29.140,1204100.000,0.017458,29.130,29.140,135224.000,1.000,1.000,28.600,,0.017458,0.005,0.005,0.006,0.006,0.004
79915,2013/01/23,,11,1,1311,65129010,NFX,NEWFIELD EXPLORATION CO,,NFX,211111,N,A,R,30044,0,1,1382,65129010,,,,,,,,,13.000,138.000,,,,,,,,,,,,,,,28.540,29.150,28.650,1137400.000,-0.016815,28.640,28.650,135224.000,1.000,1.000,29.080,,-0.016815,0.000,0.000,-0.001,-0.001,0.002
79915,2013/01/24,,11,1,1311,65129010,NFX,NEWFIELD EXPLORATION CO,,NFX,211111,N,A,R,30044,0,1,1382,65129010,,,,,,,,,13.000,138.000,,,,,,,,,,,,,,,28.410,29.120,28.550,1066800.000,-0.003490,28.550,28.560,135224.000,1.000,1.000,28.670,,-0.003490,0.001,0.001,0.002,0.002,0.000
79915,2013/01/25,,11,1,1311,65129010,NFX,NEWFIELD EXPLORATION CO,,NFX,211111,N,A,R,30044,0,1,1382,65129010,,,,,,,,,13.000,138.000,,,,,,,,,,,,,,,28.550,29.130,28.890,1261100.000,0.011909,28.880,28.890,135224.000,1.000,1.000,28.740,,0.011909,0.005,0.005,0.003,0.003,0.005
79915,2013/01/28,,11,1,1311,65129010,NFX,NEWFIELD EXPLORATION CO,,NFX,211111,N,A,R,30044,0,1,1382,65129010,,,,,,,,,13.000,138.000,,,,,,,,,,,,,,,28.470,29.070,28.750,1114900.000,-0.004846,28.750,28.760,135224.000,1.000,1.000,28.900,,-0.004846,-0.001,-0.001,0.000,0.000,-0.002
79915,2013/01/29,,11,1,1311,65129010,NFX,NEWFIELD EXPLORATION CO,,NFX,211111,N,A,R,30044,0,1,1382,65129010,,,,,,,,,13.000,138.000,,,,,,,,,,,,,,,28.710,29.360,29.310,794500.000,0.019478,29.300,29.310,135224.000,1.000,1.000,28.760,,0.019478,0.004,0.004,0.003,0.003,0.005
79915,2013/01/30,,11,1,1311,65129010,NFX,NEWFIELD EXPLORATION CO,,NFX,211111,N,A,R,30044,0,1,1382,65129010,,,,,,,,,13.000,138.000,,,,,,,,,,,,,,,29.240,30.030,29.700,2334800.000,0.013306,29.700,29.710,135224.000,1.000,1.000,29.360,,0.013306,-0.004,-0.004,-0.005,-0.005,-0.004
79915,2013/01/31,,11,1,1311,65129010,NFX,NEWFIELD EXPLORATION CO,,NFX,211111,N,A,R,30044,0,1,1382,65129010,,,,,,,,0.000,13.000,138.000,,,,,,,,,,,,,,,29.170,29.800,29.500,1326900.000,-0.006734,29.490,29.500,135224.000,1.000,1.000,29.560,,-0.006734,-0.001,-0.001,0.003,0.003,-0.003
79915,2013/02/01,,11,1,1311,65129010,NFX,NEWFIELD EXPLORATION CO,,NFX,211111,N,A,R,30044,0,1,1382,65129010,,,,,,,,,13.000,138.000,,,,,,,,,,,,,,,29.240,29.740,29.550,1886200.000,0.001695,29.530,29.540,135224.000,1.000,1.000,29.690,,0.001695,0.009,0.009,0.008,0.008,0.010
79915,2013/02/04,,11,1,1311,65129010,NFX,NEWFIELD EXPLORATION CO,,NFX,211111,N,A,R,30044,0,1,1382,65129010,,,,,,,,,13.000,138.000,,,,,,,,,,,,,,,28.981,29.410,29.250,1060700.000,-0.010152,29.260,29.270,135224.000,1.000,1.000,29.270,,-0.010152,-0.011,-0.011,-0.009,-0.009,-0.012
79915,2013/02/05,,11,1,1311,65129010,NFX,NEWFIELD EXPLORATION CO,,NFX,211111,N,A,R,30044,0,1,1382,65129010,,,,,,,,,13.000,138.000,,,,,,,,,,,,,,,29.370,29.935,29.830,1427200.000,0.019829,29.830,29.830,135224.000,1.000,1.000,29.550,,0.019829,0.009,0.009,0.007,0.007,0.010
79915,2013/02/06,,11,1,1311,65129010,NFX,NEWFIELD EXPLORATION CO,,NFX,211111,N,A,R,30044,0,1,1382,65129010,,,,,,,,,13.000,138.000,,,,,,,,,,,,,,,29.450,29.920,29.770,1277500.000,-0.002011,29.760,29.770,135224.000,1.000,1.000,29.640,,-0.002011,0.001,0.001,0.002,0.002,0.001
79915,2013/02/07,,11,1,1311,65129010,NFX,NEWFIELD EXPLORATION CO,,NFX,211111,N,A,R,30044,0,1,1382,65129010,,,,,,,,,13.000,138.000,,,,,,,,,,,,,,,29.560,29.940,29.620,1458900.000,-0.005039,29.620,29.630,135224.000,1.000,1.000,29.760,,-0.005039,-0.002,-0.002,-0.002,-0.002,-0.002
79915,2013/02/08,,11,1,1311,65129010,NFX,NEWFIELD EXPLORATION CO,,NFX,211111,N,A,R,30044,0,1,1382,65129010,,,,,,,,,13.000,138.000,,,,,,,,,,,,,,,29.560,30.130,29.690,1391300.000,0.002363,29.700,29.710,135224.000,1.000,1.000,29.750,,0.002363,0.005,0.005,0.004,0.004,0.006
79915,2013/02/11,,11,1,1311,65129010,NFX,NEWFIELD EXPLORATION CO,,NFX,211111,N,A,R,30044,0,1,1382,65129010,,,,,,,,,13.000,138.000,,,,,,,,,,,,,,,29.090,29.630,29.450,1063800.000,-0.008084,29.440,29.450,135224.000,1.000,1.000,29.630,,-0.008084,-0.001,-0.001,-0.000,-0.000,-0.001
79915,2013/02/12,,11,1,1311,65129010,NFX,NEWFIELD EXPLORATION CO,,NFX,211111,N,A,R,30044,0,1,1382,65129010,,,,,,,,,13.000,138.000,,,,,,,,,,,,,,,29.140,29.630,29.430,1234100.000,-0.000679,29.420,29.430,135224.000,1.000,1.000,29.440,,-0.000679,0.002,0.002,0.004,0.003,0.002
79915,2013/02/13,,11,1,1311,65129010,NFX,NEWFIELD EXPLORATION CO,,NFX,211111,N,A,R,30044,0,1,1382,65129010,,,,,,,,,13.000,138.000,,,,,,,,,,,,,,,29.510,30.010,29.790,859800.000,0.012232,29.790,29.800,135224.000,1.000,1.000,29.560,,0.012232,0.001,0.001,0.001,0.001,0.001
79915,2013/02/14,,11,1,1311,65129010,NFX,NEWFIELD EXPLORATION CO,,NFX,211111,N,A,R,30044,0,1,1382,65129010,,,,,,,,,13.000,138.000,,,,,,,,,,,,,,,28.000,30.500,28.110,4595500.000,-0.056395,28.090,28.100,135224.000,1.000,1.000,30.480,,-0.056395,0.001,0.001,0.002,0.001,0.001
79915,2013/02/15,,11,1,1311,65129010,NFX,NEWFIELD EXPLORATION CO,,NFX,211111,N,A,R,30044,0,1,1382,65129010,,,,,,,,,13.000,138.000,,,,,,,,,,,,,,,26.900,27.960,27.150,3968600.000,-0.034152,27.140,27.150,135224.000,1.000,1.000,27.960,,-0.034152,-0.002,-0.002,-0.002,-0.002,-0.001
79915,2013/02/19,,11,1,1311,65129010,NFX,NEWFIELD EXPLORATION CO,,NFX,211111,N,A,R,30044,0,1,1382,65129010,,,,,,,,,13.000,138.000,,,,,,,,,,,,,,,26.900,27.650,27.300,2395700.000,0.005525,27.290,27.300,135224.000,1.000,1.000,27.220,,0.005525,0.007,0.007,0.006,0.006,0.007
79915,2013/02/20,,11,1,1311,65129010,NFX,NEWFIELD EXPLORATION CO,,NFX,211111,N,A,R,30044,0,1,1382,65129010,,,,,,,,,13.000,138.000,,,,,,,,,,,,,,,24.630,27.210,24.750,6529100.000,-0.093407,24.730,24.740,135224.000,1.000,1.000,27.200,,-0.093407,-0.013,-0.013,-0.013,-0.013,-0.012
79915,2013/02/21,,11,1,1311,65129010,NFX,NEWFIELD EXPLORATION CO,,NFX,211111,N,A,R,30044,0,1,1382,65129010,,,,,,,,,13.000,138.000,,,,,,,,,,,,,,,23.860,24.705,24.430,3376600.000,-0.012929,24.410,24.420,135224.000,1.000,1.000,24.660,,-0.012929,-0.007,-0.007,-0.007,-0.007,-0.006
79915,2013/02/22,,11,1,1311,65129010,NFX,NEWFIELD EXPLORATION CO,,NFX,211111,N,A,R,30044,0,1,1382,65129010,,,,,,,,,13.000,138.000,,,,,,,,,,,,,,,24.450,24.990,24.920,2983700.000,0.020057,24.920,24.930,135224.000,1.000,1.000,24.620,,0.020057,0.009,0.009,0.008,0.008,0.009
79915,2013/02/25,,11,1,1311,65129010,NFX,NEWFIELD EXPLORATION CO,,NFX,211111,N,A,R,30044,0,1,1382,65129010,,,,,,,,,13.000,138.000,,,,,,,,,,,,,,,23.770,25.280,23.790,3164500.000,-0.045345,23.790,23.800,135224.000,1.000,1.000,25.100,,-0.045345,-0.017,-0.017,-0.014,-0.014,-0.018
79915,2013/02/26,,11,1,1311,65129010,NFX,NEWFIELD EXPLORATION CO,,NFX,211111,N,A,R,30044,0,1,1382,65129010,,,,,,,,,13.000,138.000,,,,,,,,,,,,,,,22.950,23.980,23.540,4871000.000,-0.010509,23.520,23.530,135224.000,1.000,1.000,23.940,,-0.010509,0.006,0.006,0.004,0.004,0.006
79915,2013/02/27,,11,1,1311,65129010,NFX,NEWFIELD EXPLORATION CO,,NFX,211111,N,A,R,30044,0,1,1382,65129010,,,,,,,,,13.000,138.000,,,,,,,,,,,,,,,23.180,23.630,23.240,2567200.000,-0.012744,23.230,23.240,135224.000,1.000,1.000,23.450,,-0.012744,0.012,0.012,0.007,0.007,0.013
79915,2013/02/28,,11,1,1311,65129010,NFX,NEWFIELD EXPLORATION CO,,NFX,211111,N,A,R,30044,0,1,1382,65129010,,,,,,,,0.000,13.000,138.000,,,,,,,,,,,,,,,23.090,23.460,23.120,3377000.000,-0.005163,23.110,23.120,135437.000,1.000,1.000,23.230,,-0.005163,-0.001,-0.001,-0.000,-0.000,-0.001
79915,2013/03/01,,11,1,1311,65129010,NFX,NEWFIELD EXPLORATION CO,,NFX,211111,N,A,R,30044,0,1,1382,65129010,,,,,,,,,13.000,138.000,,,,,,,,,,,,,,,22.750,23.370,23.060,3832600.000,-0.002595,23.060,23.070,135437.000,1.000,1.000,22.970,,-0.002595,0.002,0.002,0.002,0.001,0.002
79915,2013/03/04,,11,1,1311,65129010,NFX,NEWFIELD EXPLORATION CO,,NFX,211111,N,A,R,30044,0,1,1382,65129010,,,,,,,,,13.000,138.000,,,,,,,,,,,,,,,22.140,23.160,22.490,4173400.000,-0.024718,22.490,22.500,135437.000,1.000,1.000,23.040,,-0.024718,0.004,0.004,0.001,0.001,0.005
79915,2013/03/05,,11,1,1311,65129010,NFX,NEWFIELD EXPLORATION CO,,NFX,211111,N,A,R,30044,0,1,1382,65129010,,,,,,,,,13.000,138.000,,,,,,,,,,,,,,,22.505,22.830,22.730,2123100.000,0.010671,22.740,22.740,135437.000,1.000,1.000,22.670,,0.010671,0.009,0.009,0.007,0.007,0.010
79915,2013/03/06,,11,1,1311,65129010,NFX,NEWFIELD EXPLORATION CO,,NFX,211111,N,A,R,30044,0,1,1382,65129010,,,,,,,,,13.000,138.000,,,,,,,,,,,,,,,22.600,23.290,23.150,2068900.000,0.018478,23.130,23.140,135437.000,1.000,1.000,22.900,,0.018478,0.002,0.001,0.003,0.003,0.001
79915,2013/03/07,,11,1,1311,65129010,NFX,NEWFIELD EXPLORATION CO,,NFX,211111,N,A,R,30044,0,1,1382,65129010,,,,,,,,,13.000,138.000,,,,,,,,,,,,,,,22.840,23.490,23.330,2202000.000,0.007775,23.330,23.340,135437.000,1.000,1.000,23.190,,0.007775,0.002,0.002,0.004,0.004,0.002
79915,2013/03/08,,11,1,1311,65129010,NFX,NEWFIELD EXPLORATION CO,,NFX,211111,N,A,R,30044,0,1,1382,65129010,,,,,,,,,13.000,138.000,,,,,,,,,,,,,,,23.210,23.760,23.720,1585900.000,0.016717,23.710,23.720,135437.000,1.000,1.000,23.500,,0.016717,0.005,0.005,0.006,0.006,0.004
79915,2013/03/11,,11,1,1311,65129010,NFX,NEWFIELD EXPLORATION CO,,NFX,211111,N,A,R,30044,0,1,1382,65129010,,,,,,,,,13.000,138.000,,,,,,,,,,,,,,,23.290,24.040,23.870,1558800.000,0.006324,23.870,23.880,135437.000,1.000,1.000,23.630,,0.006324,0.003,0.003,0.002,0.002,0.003
79915,2013/03/12,,11,1,1311,65129010,NFX,NEWFIELD EXPLORATION CO,,NFX,211111,N,A,R,30044,0,1,1382,65129010,,,,,,,,,13.000,138.000,,,,,,,,,,,,,,,23.470,24.030,23.530,2181400.000,-0.014244,23.530,23.540,135437.000,1.000,1.000,23.930,,-0.014244,-0.002,-0.002,-0.001,-0.002,-0.002
79915,2013/03/13,,11,1,1311,65129010,NFX,NEWFIELD EXPLORATION CO,,NFX,211111,N,A,R,30044,0,1,1382,65129010,,,,,,,,,13.000,138.000,,,,,,,,,,,,,,,23.490,23.990,23.840,1778600.000,0.013175,23.830,23.840,135437.000,1.000,1.000,23.580,,0.013175,0.001,0.000,0.000,-0.000,0.001
79915,2013/03/14,,11,1,1311,65129010,NFX,NEWFIELD EXPLORATION CO,,NFX,211111,N,A,R,30044,0,1,1382,65129010,,,,,,,,,13.000,138.000,,,,,,,,,,,,,,,23.870,24.320,24.170,1677800.000,0.013842,24.150,24.160,135437.000,1.000,1.000,23.960,,0.013842,0.006,0.006,0.005,0.005,0.006
79915,2013/03/15,,11,1,1311,65129010,NFX,NEWFIELD EXPLORATION CO,,NFX,211111,N,A,R,30044,0,1,1382,65129010,,,,,,,,,13.000,138.000,,,,,,,,,,,,,,,23.980,24.720,24.110,3803500.000,-0.002482,24.090,24.100,135437.000,1.000,1.000,24.070,,-0.002482,-0.002,-0.002,-0.001,-0.001,-0.002
79915,2013/03/18,,11,1,1311,65129010,NFX,NEWFIELD EXPLORATION CO,,NFX,211111,N,A,R,30044,0,1,1382,65129010,,,,,,,,,13.000,138.000,,,,,,,,,,,,,,,23.470,24.230,23.590,1783000.000,-0.021568,23.580,23.590,135437.000,1.000,1.000,23.750,,-0.021568,-0.005,-0.005,-0.003,-0.003,-0.006
79915,2013/03/19,,11,1,1311,65129010,NFX,NEWFIELD EXPLORATION CO,,NFX,211111,N,A,R,30044,0,1,1382,65129010,,,,,,,,,13.000,138.000,,,,,,,,,,,,,,,23.035,23.860,23.390,2053500.000,-0.008478,23.380,23.390,135437.000,1.000,1.000,23.640,,-0.008478,-0.003,-0.003,-0.004,-0.004,-0.002
79915,2013/03/20,,11,1,1311,65129010,NFX,NEWFIELD EXPLORATION CO,,NFX,211111,N,A,R,30044,0,1,1382,65129010,,,,,,,,,13.000,138.000,,,,,,,,,,,,,,,23.160,23.680,23.380,1222600.000,-0.000428,23.380,23.390,135437.000,1.000,1.000,23.590,,-0.000428,0.007,0.007,0.007,0.006,0.007
79915,2013/03/21,,11,1,1311,65129010,NFX,NEWFIELD EXPLORATION CO,,NFX,211111,N,A,R,30044,0,1,1382,65129010,,,,,,,,,13.000,138.000,,,,,,,,,,,,,,,22.890,23.590,22.960,1776600.000,-0.017964,22.950,22.960,135437.000,1.000,1.000,23.190,,-0.017964,-0.008,-0.008,-0.004,-0.004,-0.008
79915,2013/03/22,,11,1,1311,65129010,NFX,NEWFIELD EXPLORATION CO,,NFX,211111,N,A,R,30044,0,1,1382,65129010,,,,,,,,,13.000,138.000,,,,,,,,,,,,,,,22.720,23.360,22.860,1820100.000,-0.004355,22.860,22.870,135437.000,1.000,1.000,23.010,,-0.004355,0.006,0.006,0.003,0.003,0.007
79915,2013/03/25,,11,1,1311,65129010,NFX,NEWFIELD EXPLORATION CO,,NFX,211111,N,A,R,30044,0,1,1382,65129010,,,,,,,,,13.000,138.000,,,,,,,,,,,,,,,22.490,23.180,22.550,1591700.000,-0.013561,22.560,22.570,135437.000,1.000,1.000,22.900,,-0.013561,-0.003,-0.003,-0.002,-0.002,-0.003
79915,2013/03/26,,11,1,1311,65129010,NFX,NEWFIELD EXPLORATION CO,,NFX,211111,N,A,R,30044,0,1,1382,65129010,,,,,,,,,13.000,138.000,,,,,,,,,,,,,,,22.510,22.890,22.640,1746300.000,0.003991,22.630,22.640,135437.000,1.000,1.000,22.710,,0.003991,0.007,0.007,0.003,0.003,0.008
79915,2013/03/27,,11,1,1311,65129010,NFX,NEWFIELD EXPLORATION CO,,NFX,211111,N,A,R,30044,0,1,1382,65129010,,,,,,,,,13.000,138.000,,,,,,,,,,,,,,,22.210,22.580,22.380,1402400.000,-0.011484,22.380,22.390,135437.000,1.000,1.000,22.490,,-0.011484,-0.000,-0.000,0.001,0.001,-0.001
79915,2013/03/28,,11,1,1311,65129010,NFX,NEWFIELD EXPLORATION CO,,NFX,211111,N,A,R,30044,0,1,1382,65129010,,,,,,,,0.000,13.000,138.000,,,,,,,,,,,,,,,22.160,22.539,22.420,2044600.000,0.001787,22.400,22.410,135482.000,1.000,1.000,22.300,,0.001787,0.004,0.004,0.003,0.003,0.004
79915,2013/04/01,,11,1,1311,65129010,NFX,NEWFIELD EXPLORATION CO,,NFX,211111,N,A,R,30044,0,1,1382,65129010,,,,,,,,,13.000,138.000,,,,,,,,,,,,,,,21.600,22.610,21.930,2476000.000,-0.021855,21.950,21.960,135482.000,1.000,1.000,22.610,,-0.021855,-0.005,-0.005,-0.008,-0.008,-0.004
79915,2013/04/02,,11,1,1311,65129010,NFX,NEWFIELD EXPLORATION CO,,NFX,211111,N,A,R,30044,0,1,1382,65129010,,,,,,,,,13.000,138.000,,,,,,,,,,,,,,,21.950,22.210,22.100,2643300.000,0.007752,22.090,22.100,135482.000,1.000,1.000,22.200,,0.007752,0.003,0.003,-0.002,-0.002,0.005
79915,2013/04/03,,11,1,1311,65129010,NFX,NEWFIELD EXPLORATION CO,,NFX,211111,N,A,R,30044,0,1,1382,65129010,,,,,,,,,13.000,138.000,,,,,,,,,,,,,,,21.980,23.300,21.990,5396400.000,-0.004977,21.990,22.000,135482.000,1.000,1.000,23.300,,-0.004977,-0.012,-0.012,-0.012,-0.012,-0.011
79915,2013/04/04,,11,1,1311,65129010,NFX,NEWFIELD EXPLORATION CO,,NFX,211111,N,A,R,30044,0,1,1382,65129010,,,,,,,,,13.000,138.000,,,,,,,,,,,,,,,21.360,21.940,21.470,2963700.000,-0.023647,21.470,21.480,135482.000,1.000,1.000,21.940,,-0.023647,0.004,0.004,0.004,0.004,0.004
79915,2013/04/05,,11,1,1311,65129010,NFX,NEWFIELD EXPLORATION CO,,NFX,211111,N,A,R,30044,0,1,1382,65129010,,,,,,,,,13.000,138.000,,,,,,,,,,,,,,,21.060,22.210,22.140,3353900.000,0.031206,22.140,22.150,135482.000,1.000,1.000,21.100,,0.031206,-0.004,-0.004,-0.001,-0.001,-0.004
79915,2013/04/08,,11,1,1311,65129010,NFX,NEWFIELD EXPLORATION CO,,NFX,211111,N,A,R,30044,0,1,1382,65129010,,,,,,,,,13.000,138.000,,,,,,,,,,,,,,,22.040,22.550,22.370,1814300.000,0.010389,22.370,22.380,135482.000,1.000,1.000,22.150,,0.010389,0.007,0.006,0.004,0.004,0.006
79915,2013/04/09,,11,1,1311,65129010,NFX,NEWFIELD EXPLORATION CO,,NFX,211111,N,A,R,30044,0,1,1382,65129010,,,,,,,,,13.000,138.000,,,,,,,,,,,,,,,22.100,22.890,22.720,1902500.000,0.015646,22.710,22.720,135482.000,1.000,1.000,22.370,,0.015646,0.004,0.004,0.003,0.003,0.004
79915,2013/04/10,,11,1,1311,65129010,NFX,NEWFIELD EXPLORATION CO,,NFX,211111,N,A,R,30044,0,1,1382,65129010,,,,,,,,,13.000,138.000,,,,,,,,,,,,,,,22.250,22.870,22.660,1678600.000,-0.002641,22.660,22.670,135482.000,1.000,1.000,22.800,,-0.002641,0.012,0.012,0.011,0.011,0.012
79915,2013/04/11,,11,1,1311,65129010,NFX,NEWFIELD EXPLORATION CO,,NFX,211111,N,A,R,30044,0,1,1382,65129010,,,,,,,,,13.000,138.000,,,,,,,,,,,,,,,22.390,23.000,22.630,1725900.000,-0.001324,22.630,22.640,135482.000,1.000,1.000,22.660,,-0.001324,0.003,0.003,0.001,0.001,0.004
79915,2013/04/12,,11,1,1311,65129010,NFX,NEWFIELD EXPLORATION CO,,NFX,211111,N,A,R,30044,0,1,1382,65129010,,,,,,,,,13.000,138.000,,,,,,,,,,,,,,,21.440,22.460,21.700,2295100.000,-0.041096,21.690,21.700,135482.000,1.000,1.000,22.450,,-0.041096,-0.004,-0.004,-0.004,-0.004,-0.003
79915,2013/04/15,,11,1,1311,65129010,NFX,NEWFIELD EXPLORATION CO,,NFX,211111,N,A,R,30044,0,1,1382,65129010,,,,,,,,,13.000,138.000,,,,,,,,,,,,,,,20.140,21.485,20.170,3163500.000,-0.070507,20.170,20.180,135482.000,1.000,1.000,21.390,,-0.070507,-0.026,-0.026,-0.027,-0.027,-0.023
79915,2013/04/16,,11,1,1311,65129010,NFX,NEWFIELD EXPLORATION CO,,NFX,211111,N,A,R,30044,0,1,1382,65129010,,,,,,,,,13.000,138.000,,,,,,,,,,,,,,,19.870,20.646,20.090,3431900.000,-0.003966,20.080,20.090,135482.000,1.000,1.000,20.400,,-0.003966,0.015,0.015,0.012,0.012,0.014
79915,2013/04/17,,11,1,1311,65129010,NFX,NEWFIELD EXPLORATION CO,,NFX,211111,N,A,R,30044,0,1,1382,65129010,,,,,,,,,13.000,138.000,,,,,,,,,,,,,,,19.780,20.525,20.430,6521800.000,0.016924,20.430,20.440,135482.000,1.000,1.000,19.820,,0.016924,-0.015,-0.015,-0.014,-0.014,-0.014
79915,2013/04/18,,11,1,1311,65129010,NFX,NEWFIELD EXPLORATION CO,,NFX,211111,N,A,R,30044,0,1,1382,65129010,,,,,,,,,13.000,138.000,,,,,,,,,,,,,,,20.050,20.920,20.790,3176400.000,0.017621,20.790,20.800,135482.000,1.000,1.000,20.440,,0.017621,-0.006,-0.006,-0.002,-0.002,-0.007
79915,2013/04/19,,11,1,1311,65129010,NFX,NEWFIELD EXPLORATION CO,,NFX,211111,N,A,R,30044,0,1,1382,65129010,,,,,,,,,13.000,138.000,,,,,,,,,,,,,,,19.790,20.950,20.040,3422900.000,-0.036075,20.030,20.040,135482.000,1.000,1.000,20.900,,-0.036075,0.009,0.009,0.008,0.008,0.009
79915,2013/04/22,,11,1,1311,65129010,NFX,NEWFIELD EXPLORATION CO,,NFX,211111,N,A,R,30044,0,1,1382,65129010,,,,,,,,,13.000,138.000,,,,,,,,,,,,,,,19.570,20.300,19.950,2905200.000,-0.004491,19.960,19.970,135482.000,1.000,1.000,20.150,,-0.004491,0.004,0.004,0.003,0.003,0.005
79915,2013/04/23,,11,1,1311,65129010,NFX,NEWFIELD EXPLORATION CO,,NFX,211111,N,A,R,30044,0,1,1382,65129010,,,,,,,,,13.000,138.000,,,,,,,,,,,,,,,19.680,20.260,19.840,3232000.000,-0.005514,19.830,19.840,135482.000,1.000,1.000,20.030,,-0.005514,0.010,0.010,0.010,0.010,0.010
79915,2013/04/24,,11,1,1311,65129010,NFX,NEWFIELD EXPLORATION CO,,NFX,211111,N,A,R,30044,0,1,1382,65129010,,,,,,,,,13.000,138.000,,,,,,,,,,,,,,,20.520,21.850,21.310,7815700.000,0.074093,21.310,21.320,135482.000,1.000,1.000,20.540,,0.074093,0.002,0.002,0.005,0.005,0.000
79915,2013/04/25,,11,1,1311,65129010,NFX,NEWFIELD EXPLORATION CO,,NFX,211111,N,A,R,30044,0,1,1382,65129010,,,,,,,,,13.000,138.000,,,,,,,,,,,,,,,21.230,22.610,21.910,4069600.000,0.028156,21.910,21.920,135482.000,1.000,1.000,21.400,,0.028156,0.005,0.005,0.006,0.006,0.004
79915,2013/04/26,,11,1,1311,65129010,NFX,NEWFIELD EXPLORATION CO,,NFX,211111,N,A,R,30044,0,1,1382,65129010,,,,,,,,,13.000,138.000,,,,,,,,,,,,,,,21.950,22.540,22.390,4945800.000,0.021908,22.390,22.400,135482.000,1.000,1.000,22.140,,0.021908,-0.002,-0.003,-0.003,-0.003,-0.002
79915,2013/04/29,,11,1,1311,65129010,NFX,NEWFIELD EXPLORATION CO,,NFX,211111,N,A,R,30044,0,1,1382,65129010,,,,,,,,,13.000,138.000,,,,,,,,,,,,,,,21.960,22.590,22.010,2517500.000,-0.016972,22.000,22.010,135482.000,1.000,1.000,22.560,,-0.016972,0.007,0.007,0.006,0.006,0.007
79915,2013/04/30,,11,1,1311,65129010,NFX,NEWFIELD EXPLORATION CO,,NFX,211111,N,A,R,30044,0,1,1382,65129010,,,,,,,,0.000,13.000,138.000,,,,,,,,,,,,,,,21.600,22.005,21.790,2854400.000,-0.009995,21.770,21.780,135446.000,1.000,1.000,22.000,,-0.009995,0.004,0.004,0.004,0.004,0.002
79915,2013/05/01,,11,1,1311,65129010,NFX,NEWFIELD EXPLORATION CO,,NFX,211111,N,A,R,30044,0,1,1382,65129010,,,,,,,,,13.000,138.000,,,,,,,,,,,,,,,21.400,21.930,21.710,3503900.000,-0.003671,21.690,21.700,135446.000,1.000,1.000,21.580,,-0.003671,-0.011,-0.011,-0.013,-0.013,-0.009
79915,2013/05/02,,11,1,1311,65129010,NFX,NEWFIELD EXPLORATION CO,,NFX,211111,N,A,R,30044,0,1,1382,65129010,,,,,,,,,13.000,138.000,,,,,,,,,,,,,,,21.560,22.270,22.070,2925600.000,0.016582,22.070,22.080,135446.000,1.000,1.000,21.770,,0.016582,0.009,0.009,0.009,0.009,0.009
79915,2013/05/03,,11,1,1311,65129010,NFX,NEWFIELD EXPLORATION CO,,NFX,211111,N,A,R,30044,0,1,1382,65129010,,,,,,,,,13.000,138.000,,,,,,,,,,,,,,,22.151,22.970,22.780,2609400.000,0.032170,22.760,22.770,135446.000,1.000,1.000,22.310,,0.032170,0.010,0.010,0.011,0.011,0.011
79915,2013/05/06,,11,1,1311,65129010,NFX,NEWFIELD EXPLORATION CO,,NFX,211111,N,A,R,30044,0,1,1382,65129010,,,,,,,,,13.000,138.000,,,,,,,,,,,,,,,22.765,23.110,22.910,1525000.000,0.005707,22.900,22.910,135446.000,1.000,1.000,22.860,,0.005707,0.003,0.002,0.004,0.004,0.002
79915,2013/05/07,,11,1,1311,65129010,NFX,NEWFIELD EXPLORATION CO,,NFX,211111,N,A,R,30044,0,1,1382,65129010,,,,,,,,,13.000,138.000,,,,,,,,,,,,,,,22.770,23.360,23.140,1989900.000,0.010039,23.130,23.140,135446.000,1.000,1.000,22.990,,0.010039,0.005,0.005,0.004,0.004,0.005
79915,2013/05/08,,11,1,1311,65129010,NFX,NEWFIELD EXPLORATION CO,,NFX,211111,N,A,R,30044,0,1,1382,65129010,,,,,,,,,13.000,138.000,,,,,,,,,,,,,,,22.580,23.350,22.880,2782400.000,-0.011236,22.880,22.890,135446.000,1.000,1.000,23.090,,-0.011236,0.005,0.005,0.005,0.004,0.004
79915,2013/05/09,,11,1,1311,65129010,NFX,NEWFIELD EXPLORATION CO,,NFX,211111,N,A,R,30044,0,1,1382,65129010,,,,,,,,,13.000,138.000,,,,,,,,,,,,,,,22.440,22.960,22.570,2628500.000,-0.013549,22.570,22.580,135446.000,1.000,1.000,22.830,,-0.013549,-0.004,-0.004,-0.003,-0.003,-0.004
79915,2013/05/10,,11,1,1311,65129010,NFX,NEWFIELD EXPLORATION CO,,NFX,211111,N,A,R,30044,0,1,1382,65129010,,,,,,,,,13.000,138.000,,,,,,,,,,,,,,,22.300,23.680,23.650,2368200.000,0.047851,23.640,23.650,135446.000,1.000,1.000,22.440,,0.047851,0.005,0.005,0.005,0.005,0.004
79915,2013/05/13,,11,1,1311,65129010,NFX,NEWFIELD EXPLORATION CO,,NFX,211111,N,A,R,30044,0,1,1382,65129010,,,,,,,,,13.000,138.000,,,,,,,,,,,,,,,23.110,23.640,23.300,2347700.000,-0.014799,23.310,23.320,135446.000,1.000,1.000,23.520,,-0.014799,-0.001,-0.001,-0.001,-0.001,0.000
79915,2013/05/14,,11,1,1311,65129010,NFX,NEWFIELD EXPLORATION CO,,NFX,211111,N,A,R,30044,0,1,1382,65129010,,,,,,,,,13.000,138.000,,,,,,,,,,,,,,,23.270,23.795,23.770,1644100.000,0.020172,23.780,23.790,135446.000,1.000,1.000,23.320,,0.020172,0.009,0.009,0.007,0.007,0.010
79915,2013/05/15,,11,1,1311,65129010,NFX,NEWFIELD EXPLORATION CO,,NFX,211111,N,A,R,30044,0,1,1382,65129010,,,,,,,,,13.000,138.000,,,,,,,,,,,,,,,23.360,23.790,23.790,2298300.000,0.000841,23.770,23.780,135446.000,1.000,1.000,23.600,,0.000841,0.004,0.004,0.002,0.002,0.005
79915,2013/05/16,,11,1,1311,65129010,NFX,NEWFIELD EXPLORATION CO,,NFX,211111,N,A,R,30044,0,1,1382,65129010,,,,,,,,,13.000,138.000,,,,,,,,,,,,,,,23.250,23.865,23.300,1913400.000,-0.020597,23.300,23.310,135446.000,1.000,1.000,23.740,,-0.020597,-0.005,-0.005,-0.002,-0.003,-0.005
79915,2013/05/17,,11,1,1311,65129010,NFX,NEWFIELD EXPLORATION CO,,NFX,211111,N,A,R,30044,0,1,1382,65129010,,,,,,,,,13.000,138.000,,,,,,,,,,,,,,,23.350,23.700,23.580,1908800.000,0.012017,23.580,23.590,135446.000,1.000,1.000,23.390,,0.012017,0.009,0.009,0.007,0.006,0.010
79915,2013/05/20,,11,1,1311,65129010,NFX,NEWFIELD EXPLORATION CO,,NFX,211111,N,A,R,30044,0,1,1382,65129010,,,,,,,,,13.000,138.000,,,,,,,,,,,,,,,23.560,24.260,24.250,2005700.000,0.028414,24.240,24.250,135446.000,1.000,1.000,23.610,,0.028414,0.001,0.001,0.005,0.005,-0.001
79915,2013/05/21,,11,1,1311,65129010,NFX,NEWFIELD EXPLORATION CO,,NFX,211111,N,A,R,30044,0,1,1382,65129010,,,,,,,,,13.000,138.000,,,,,,,,,,,,,,,24.110,24.850,24.660,2400500.000,0.016907,24.660,24.670,135446.000,1.000,1.000,24.130,,0.016907,0.002,0.002,0.001,0.001,0.002
79915,2013/05/22,,11,1,1311,65129010,NFX,NEWFIELD EXPLORATION CO,,NFX,211111,N,A,R,30044,0,1,1382,65129010,,,,,,,,,13.000,138.000,,,,,,,,,,,,,,,24.270,25.730,24.640,5682700.000,-0.000811,24.640,24.650,135446.000,1.000,1.000,24.590,,-0.000811,-0.010,-0.010,-0.010,-0.010,-0.008
79915,2013/05/23,,11,1,1311,65129010,NFX,NEWFIELD EXPLORATION CO,,NFX,211111,N,A,R,30044,0,1,1382,65129010,,,,,,,,,13.000,138.000,,,,,,,,,,,,,,,23.780,24.880,24.780,2646700.000,0.005682,24.790,24.800,135446.000,1.000,1.000,24.000,,0.005682,-0.002,-0.003,-0.000,-0.000,-0.003
79915,2013/05/24,,11,1,1311,65129010,NFX,NEWFIELD EXPLORATION CO,,NFX,211111,N,A,R,30044,0,1,1382,65129010,,,,,,,,,13.000,138.000,,,,,,,,,,,,,,,23.945,24.540,24.360,1797500.000,-0.016949,24.360,24.370,135446.000,1.000,1.000,24.520,,-0.016949,-0.001,-0.001,-0.000,-0.000,-0.001
79915,2013/05/28,,11,1,1311,65129010,NFX,NEWFIELD EXPLORATION CO,,NFX,211111,N,A,R,30044,0,1,1382,65129010,,,,,,,,,13.000,138.000,,,,,,,,,,,,,,,24.420,25.010,24.700,2605900.000,0.013957,24.700,24.710,135446.000,1.000,1.000,24.710,,0.013957,0.006,0.006,0.007,0.006,0.006
79915,2013/05/29,,11,1,1311,65129010,NFX,NEWFIELD EXPLORATION CO,,NFX,211111,N,A,R,30044,0,1,1382,65129010,,,,,,,,,13.000,138.000,,,,,,,,,,,,,,,24.530,25.200,24.890,2048500.000,0.007692,24.890,24.900,135446.000,1.000,1.000,24.760,,0.007692,-0.007,-0.007,-0.007,-0.007,-0.007
79915,2013/05/30,,11,1,1311,65129010,NFX,NEWFIELD EXPLORATION CO,,NFX,211111,N,A,R,30044,0,1,1382,65129010,,,,,,,,,13.000,138.000,,,,,,,,,,,,,,,24.511,25.070,24.890,1936900.000,0.000000,24.890,24.900,135446.000,1.000,1.000,24.890,,0.000000,0.004,0.004,0.005,0.005,0.004
79915,2013/05/31,,11,1,1311,65129010,NFX,NEWFIELD EXPLORATION CO,,NFX,211111,N,A,R,30044,0,1,1382,65129010,,,,,,,,0.000,13.000,138.000,,,,,,,,,,,,,,,23.705,24.800,23.790,8281700.000,-0.044194,23.780,23.790,135446.000,1.000,1.000,24.760,,-0.044194,-0.014,-0.014,-0.009,-0.010,-0.014
79915,2013/06/03,,11,1,1311,65129010,NFX,NEWFIELD EXPLORATION CO,,NFX,211111,N,A,R,30044,0,1,1382,65129010,,,,,,,,,13.000,138.000,,,,,,,,,,,,,,,23.690,24.480,23.930,2404700.000,0.005885,23.920,23.930,135446.000,1.000,1.000,23.910,,0.005885,0.005,0.005,0.003,0.002,0.006
79915,2013/06/04,,11,1,1311,65129010,NFX,NEWFIELD EXPLORATION CO,,NFX,211111,N,A,R,30044,0,1,1382,65129010,,,,,,,,,13.000,138.000,,,,,,,,,,,,,,,23.370,24.005,23.750,3355600.000,-0.007522,23.760,23.770,135446.000,1.000,1.000,23.810,,-0.007522,-0.006,-0.006,-0.004,-0.005,-0.006
79915,2013/06/05,,11,1,1311,65129010,NFX,NEWFIELD EXPLORATION CO,,NFX,211111,N,A,R,30044,0,1,1382,65129010,,,,,,,,,13.000,138.000,,,,,,,,,,,,,,,23.280,23.840,23.290,1953400.000,-0.019368,23.290,23.300,135446.000,1.000,1.000,23.750,,-0.019368,-0.013,-0.014,-0.010,-0.011,-0.014
79915,2013/06/06,,11,1,1311,65129010,NFX,NEWFIELD EXPLORATION CO,,NFX,211111,N,A,R,30044,0,1,1382,65129010,,,,,,,,,13.000,138.000,,,,,,,,,,,,,,,22.770,23.460,22.970,1884900.000,-0.013740,22.970,22.980,135446.000,1.000,1.000,23.290,,-0.013740,0.009,0.009,0.008,0.008,0.008
79915,2013/06/07,,11,1,1311,65129010,NFX,NEWFIELD EXPLORATION CO,,NFX,211111,N,A,R,30044,0,1,1382,65129010,,,,,,,,,13.000,138.000,,,,,,,,,,,,,,,22.990,23.680,23.540,1374800.000,0.024815,23.520,23.530,135446.000,1.000,1.000,23.090,,0.024815,0.011,0.011,0.005,0.005,0.013
79915,2013/06/10,,11,1,1311,65129010,NFX,NEWFIELD EXPLORATION CO,,NFX,211111,N,A,R,30044,0,1,1382,65129010,,,,,,,,,13.000,138.000,,,,,,,,,,,,,,,23.310,23.690,23.610,984200.000,0.002974,23.600,23.610,135446.000,1.000,1.000,23.570,,0.002974,0.000,0.000,0.003,0.003,-0.000
79915,2013/06/11,,11,1,1311,65129010,NFX,NEWFIELD EXPLORATION CO,,NFX,211111,N,A,R,30044,0,1,1382,65129010,,,,,,,,,13.000,138.000,,,,,,,,,,,,,,,22.720,23.340,22.780,1318500.000,-0.035155,22.770,22.780,135446.000,1.000,1.000,23.320,,-0.035155,-0.011,-0.011,-0.009,-0.010,-0.010
79915,2013/06/12,,11,1,1311,65129010,NFX,NEWFIELD EXPLORATION CO,,NFX,211111,N,A,R,30044,0,1,1382,65129010,,,,,,,,,13.000,138.000,,,,,,,,,,,,,,,22.260,23.170,22.370,1703900.000,-0.017998,22.360,22.370,135446.000,1.000,1.000,23.050,,-0.017998,-0.008,-0.008,-0.007,-0.007,-0.008
79915,2013/06/13,,11,1,1311,65129010,NFX,NEWFIELD EXPLORATION CO,,NFX,211111,N,A,R,30044,0,1,1382,65129010,,,,,,,,,13.000,138.000,,,,,,,,,,,,,,,22.150,22.860,22.830,1458900.000,0.020563,22.820,22.830,135446.000,1.000,1.000,22.310,,0.020563,0.015,0.015,0.012,0.012,0.015
79915,2013/06/14,,11,1,1311,65129010,NFX,NEWFIELD EXPLORATION CO,,NFX,211111,N,A,R,30044,0,1,1382,65129010,,,,,,,,,13.000,138.000,,,,,,,,,,,,,,,22.420,22.960,22.500,1138000.000,-0.014455,22.490,22.500,135446.000,1.000,1.000,22.960,,-0.014455,-0.005,-0.005,-0.005,-0.005,-0.006
79915,2013/06/17,,11,1,1311,65129010,NFX,NEWFIELD EXPLORATION CO,,NFX,211111,N,A,R,30044,0,1,1382,65129010,,,,,,,,,13.000,138.000,,,,,,,,,,,,,,,22.700,23.190,23.010,1309600.000,0.022667,23.020,23.030,135446.000,1.000,1.000,22.710,,0.022667,0.007,0.007,0.005,0.005,0.008
79915,2013/06/18,,11,1,1311,65129010,NFX,NEWFIELD EXPLORATION CO,,NFX,211111,N,A,R,30044,0,1,1382,65129010,,,,,,,,,13.000,138.000,,,,,,,,,,,,,,,23.130,24.055,23.940,2779700.000,0.040417,23.940,23.950,135446.000,1.000,1.000,23.220,,0.040417,0.007,0.007,0.006,0.006,0.008
79915,2013/06/19,,11,1,1311,65129010,NFX,NEWFIELD EXPLORATION CO,,NFX,211111,N,A,R,30044,0,1,1382,65129010,,,,,,,,,13.000,138.000,,,,,,,,,,,,,,,23.980,24.640,24.430,3527200.000,0.020468,24.430,24.440,135446.000,1.000,1.000,23.980,,0.020468,-0.013,-0.013,-0.010,-0.010,-0.014
79915,2013/06/20,,11,1,1311,65129010,NFX,NEWFIELD EXPLORATION CO,,NFX,211111,N,A,R,30044,0,1,1382,65129010,,,,,,,,,13.000,138.000,,,,,,,,,,,,,,,23.090,24.060,23.250,2936600.000,-0.048301,23.260,23.270,135446.000,1.000,1.000,24.060,,-0.048301,-0.026,-0.026,-0.024,-0.024,-0.025
79915,2013/06/21,,11,1,1311,65129010,NFX,NEWFIELD EXPLORATION CO,,NFX,211111,N,A,R,30044,0,1,1382,65129010,,,,,,,,,13.000,138.000,,,,,,,,,,,,,,,22.980,23.610,23.560,2671000.000,0.013333,23.550,23.550,135446.000,1.000,1.000,23.400,,0.013333,0.001,0.001,0.003,0.002,0.003
79915,2013/06/24,,11,1,1311,65129010,NFX,NEWFIELD EXPLORATION CO,,NFX,211111,N,A,R,30044,0,1,1382,65129010,,,,,,,,,13.000,138.000,,,,,,,,,,,,,,,22.740,23.720,23.420,2241600.000,-0.005942,23.410,23.420,135446.000,1.000,1.000,23.210,,-0.005942,-0.012,-0.012,-0.015,-0.015,-0.012
79915,2013/06/25,,11,1,1311,65129010,NFX,NEWFIELD EXPLORATION CO,,NFX,211111,N,A,R,30044,0,1,1382,65129010,,,,,,,,,13.000,138.000,,,,,,,,,,,,,,,23.570,24.170,24.060,2281400.000,0.027327,24.050,24.060,135446.000,1.000,1.000,23.680,,0.027327,0.010,0.010,0.010,0.010,0.009
79915,2013/06/26,,11,1,1311,65129010,NFX,NEWFIELD EXPLORATION CO,,NFX,211111,N,A,R,30044,0,1,1382,65129010,,,,,,,,,13.000,138.000,,,,,,,,,,,,,,,23.940,24.426,24.130,1545900.000,0.002909,24.130,24.140,135446.000,1.000,1.000,24.210,,0.002909,0.009,0.009,0.005,0.005,0.010
79915,2013/06/27,,11,1,1311,65129010,NFX,NEWFIELD EXPLORATION CO,,NFX,211111,N,A,R,30044,0,1,1382,65129010,,,,,,,,,13.000,138.000,,,,,,,,,,,,,,,24.090,24.510,24.150,1421100.000,0.000829,24.130,24.140,135446.000,1.000,1.000,24.330,,0.000829,0.008,0.008,0.012,0.011,0.006
79915,2013/06/28,,11,1,1311,65129010,NFX,NEWFIELD EXPLORATION CO,,NFX,211111,N,A,R,30044,0,1,1382,65129010,,,,,,,,0.000,13.000,138.000,,,,,,,,,,,,,,,23.770,24.100,23.890,1472200.000,-0.010766,23.880,23.890,135446.000,1.000,1.000,23.970,,-0.010766,-0.003,-0.003,0.002,0.002,-0.004
79915,2013/07/01,,11,1,1311,65129010,NFX,NEWFIELD EXPLORATION CO,,NFX,211111,N,A,R,30044,0,1,1382,65129010,,,,,,,,,13.000,138.000,,,,,,,,,,,,,,,23.860,24.420,24.160,1322900.000,0.011302,24.150,24.160,135446.000,1.000,1.000,24.080,,0.011302,0.007,0.007,0.009,0.009,0.005
79915,2013/07/02,,11,1,1311,65129010,NFX,NEWFIELD EXPLORATION CO,,NFX,211111,N,A,R,30044,0,1,1382,65129010,,,,,,,,,13.000,138.000,,,,,,,,,,,,,,,23.950,24.540,24.100,1370000.000,-0.002483,24.090,24.100,135446.000,1.000,1.000,24.100,,-0.002483,-0.001,-0.002,-0.003,-0.003,-0.001
79915,2013/07/03,,11,1,1311,65129010,NFX,NEWFIELD EXPLORATION CO,,NFX,211111,N,A,R,30044,0,1,1382,65129010,,,,,,,,,13.000,138.000,,,,,,,,,,,,,,,23.560,24.090,23.930,1345200.000,-0.007054,23.910,23.920,135446.000,1.000,1.000,24.090,,-0.007054,0.000,0.000,-0.000,-0.000,0.001
79915,2013/07/05,,11,1,1311,65129010,NFX,NEWFIELD EXPLORATION CO,,NFX,211111,N,A,R,30044,0,1,1382,65129010,,,,,,,,,13.000,138.000,,,,,,,,,,,,,,,23.560,24.515,24.510,1053300.000,0.024237,24.500,24.510,135446.000,1.000,1.000,24.030,,0.024237,0.009,0.009,0.006,0.006,0.010
79915,2013/07/08,,11,1,1311,65129010,NFX,NEWFIELD EXPLORATION CO,,NFX,211111,N,A,R,30044,0,1,1382,65129010,,,,,,,,,13.000,138.000,,,,,,,,,,,,,,,24.515,25.060,24.860,1737300.000,0.014280,24.840,24.850,135446.000,1.000,1.000,24.630,,0.014280,0.005,0.005,0.004,0.004,0.005
79915,2013/07/09,,11,1,1311,65129010,NFX,NEWFIELD EXPLORATION CO,,NFX,211111,N,A,R,30044,0,1,1382,65129010,,,,,,,,,13.000,138.000,,,,,,,,,,,,,,,24.830,25.100,25.000,1604000.000,0.005632,24.990,25.000,135446.000,1.000,1.000,25.010,,0.005632,0.008,0.008,0.006,0.006,0.007
79915,2013/07/10,,11,1,1311,65129010,NFX,NEWFIELD EXPLORATION CO,,NFX,211111,N,A,R,30044,0,1,1382,65129010,,,,,,,,,13.000,138.000,,,,,,,,,,,,,,,24.910,25.385,25.200,1795000.000,0.008000,25.200,25.210,135446.000,1.000,1.000,25.000,,0.008000,0.001,0.001,0.003,0.003,0.000
79915,2013/07/11,,11,1,1311,65129010,NFX,NEWFIELD EXPLORATION CO,,NFX,211111,N,A,R,30044,0,1,1382,65129010,,,,,,,,,13.000,138.000,,,,,,,,,,,,,,,25.160,25.785,25.470,1834000.000,0.010714,25.460,25.470,135446.000,1.000,1.000,25.530,,0.010714,0.015,0.014,0.013,0.013,0.014
79915,2013/07/12,,11,1,1311,65129010,NFX,NEWFIELD EXPLORATION CO,,NFX,211111,N,A,R,30044,0,1,1382,65129010,,,,,,,,,13.000,138.000,,,,,,,,,,,,,,,25.260,25.750,25.750,1417000.000,0.010993,25.730,25.740,135446.000,1.000,1.000,25.380,,0.010993,0.002,0.002,0.001,0.001,0.003
79915,2013/07/15,,11,1,1311,65129010,NFX,NEWFIELD EXPLORATION CO,,NFX,211111,N,A,R,30044,0,1,1382,65129010,,,,,,,,,13.000,138.000,,,,,,,,,,,,,,,25.530,25.850,25.710,1164800.000,-0.001553,25.700,25.710,135446.000,1.000,1.000,25.690,,-0.001553,0.002,0.002,0.006,0.005,0.001
79915,2013/07/16,,11,1,1311,65129010,NFX,NEWFIELD EXPLORATION CO,,NFX,211111,N,A,R,30044,0,1,1382,65129010,,,,,,,,,13.000,138.000,,,,,,,,,,,,,,,25.600,26.240,26.160,2674200.000,0.017503,26.160,26.170,135446.000,1.000,1.000,25.750,,0.017503,-0.004,-0.004,-0.002,-0.002,-0.004
79915,2013/07/17,,11,1,1311,65129010,NFX,NEWFIELD EXPLORATION CO,,NFX,211111,N,A,R,30044,0,1,1382,65129010,,,,,,,,,13.000,138.000,,,,,,,,,,,,,,,26.240,26.900,26.660,2829100.000,0.019113,26.660,26.670,135446.000,1.000,1.000,26.260,,0.019113,0.003,0.003,0.004,0.004,0.003
79915,2013/07/18,,11,1,1311,65129010,NFX,NEWFIELD EXPLORATION CO,,NFX,211111,N,A,R,30044,0,1,1382,65129010,,,,,,,,,13.000,138.000,,,,,,,,,,,,,,,26.660,27.380,27.070,2518200.000,0.015379,27.070,27.080,135446.000,1.000,1.000,26.780,,0.015379,0.005,0.005,0.005,0.005,0.005
79915,2013/07/19,,11,1,1311,65129010,NFX,NEWFIELD EXPLORATION CO,,NFX,211111,N,A,R,30044,0,1,1382,65129010,,,,,,,,,13.000,138.000,,,,,,,,,,,,,,,26.700,27.760,27.690,2442300.000,0.022904,27.680,27.690,135446.000,1.000,1.000,27.160,,0.022904,0.001,0.001,0.001,0.001,0.002
79915,2013/07/22,,11,1,1311,65129010,NFX,NEWFIELD EXPLORATION CO,,NFX,211111,N,A,R,30044,0,1,1382,65129010,,,,,,,,,13.000,138.000,,,,,,,,,,,,,,,27.020,27.850,27.090,1794400.000,-0.021668,27.090,27.100,135446.000,1.000,1.000,27.660,,-0.021668,0.003,0.003,0.004,0.004,0.002
79915,2013/07/23,,11,1,1311,65129010,NFX,NEWFIELD EXPLORATION CO,,NFX,211111,N,A,R,30044,0,1,1382,65129010,,,,,,,,,13.000,138.000,,,,,,,,,,,,,,,26.700,27.300,26.890,1786300.000,-0.007383,26.890,26.900,135446.000,1.000,1.000,27.200,,-0.007383,-0.001,-0.001,0.002,0.002,-0.002
79915,2013/07/24,,11,1,1311,65129010,NFX,NEWFIELD EXPLORATION CO,,NFX,211111,N,A,R,30044,0,1,1382,65129010,,,,,,,,,13.000,138.000,,,,,,,,,,,,,,,26.120,27.070,26.480,2650900.000,-0.015247,26.460,26.470,135446.000,1.000,1.000,26.940,,-0.015247,-0.005,-0.005,-0.006,-0.006,-0.004
79915,2013/07/25,,11,1,1311,65129010,NFX,NEWFIELD EXPLORATION CO,,NFX,211111,N,A,R,30044,0,1,1382,65129010,,,,,,,,,13.000,138.000,,,,,,,,,,,,,,,24.510,25.990,24.800,6124900.000,-0.063444,24.800,24.810,135446.000,1.000,1.000,25.810,,-0.063444,0.004,0.004,0.006,0.005,0.003
79915,2013/07/26,,11,1,1311,65129010,NFX,NEWFIELD EXPLORATION CO,,NFX,211111,N,A,R,30044,0,1,1382,65129010,,,,,,,,,13.000,138.000,,,,,,,,,,,,,,,24.400,24.910,24.780,1836900.000,-0.000806,24.760,24.770,135446.000,1.000,1.000,24.800,,-0.000806,0.000,0.000,-0.002,-0.002,0.001
79915,2013/07/29,,11,1,1311,65129010,NFX,NEWFIELD EXPLORATION CO,,NFX,211111,N,A,R,30044,0,1,1382,65129010,,,,,,,,,13.000,138.000,,,,,,,,,,,,,,,24.140,24.730,24.460,2233400.000,-0.012914,24.460,24.470,135446.000,1.000,1.000,24.660,,-0.012914,-0.004,-0.004,-0.004,-0.004,-0.004
79915,2013/07/30,,11,1,1311,65129010,NFX,NEWFIELD EXPLORATION CO,,NFX,211111,N,A,R,30044,0,1,1382,65129010,,,,,,,,,13.000,138.000,,,,,,,,,,,,,,,24.115,24.580,24.470,1543700.000,0.000409,24.460,24.470,135446.000,1.000,1.000,24.580,,0.000409,0.000,0.000,0.000,0.000,0.000
79915,2013/07/31,,11,1,1311,65129010,NFX,NEWFIELD EXPLORATION CO,,NFX,211111,N,A,R,30044,0,1,1382,65129010,,,,,,,,0.000,13.000,138.000,,,,,,,,,,,,,,,24.520,24.890,24.600,1591500.000,0.005313,24.600,24.610,135686.000,1.000,1.000,24.640,,0.005313,0.000,0.000,0.002,0.002,-0.000
79915,2013/08/01,,11,1,1311,65129010,NFX,NEWFIELD EXPLORATION CO,,NFX,211111,N,A,R,30044,0,1,1382,65129010,,,,,,,,,13.000,138.000,,,,,,,,,,,,,,,24.900,25.300,25.090,1790100.000,0.019919,25.080,25.090,135686.000,1.000,1.000,24.900,,0.019919,0.012,0.012,0.009,0.009,0.013
79915,2013/08/02,,11,1,1311,65129010,NFX,NEWFIELD EXPLORATION CO,,NFX,211111,N,A,R,30044,0,1,1382,65129010,,,,,,,,,13.000,138.000,,,,,,,,,,,,,,,24.020,25.030,24.550,1924600.000,-0.021523,24.530,24.540,135686.000,1.000,1.000,24.900,,-0.021523,0.001,0.001,0.001,0.001,0.002
79915,2013/08/05,,11,1,1311,65129010,NFX,NEWFIELD EXPLORATION CO,,NFX,211111,N,A,R,30044,0,1,1382,65129010,,,,,,,,,13.000,138.000,,,,,,,,,,,,,,,24.330,25.090,24.790,1993500.000,0.009776,24.790,24.800,135686.000,1.000,1.000,24.550,,0.009776,-0.001,-0.001,0.002,0.002,-0.001
79915,2013/08/06,,11,1,1311,65129010,NFX,NEWFIELD EXPLORATION CO,,NFX,211111,N,A,R,30044,0,1,1382,65129010,,,,,,,,,13.000,138.000,,,,,,,,,,,,,,,23.940,24.870,24.240,1842100.000,-0.022186,24.230,24.240,135686.000,1.000,1.000,24.790,,-0.022186,-0.007,-0.007,-0.006,-0.006,-0.006
79915,2013/08/07,,11,1,1311,65129010,NFX,NEWFIELD EXPLORATION CO,,NFX,211111,N,A,R,30044,0,1,1382,65129010,,,,,,,,,13.000,138.000,,,,,,,,,,,,,,,23.660,24.310,23.910,1401400.000,-0.013614,23.900,23.910,135686.000,1.000,1.000,24.200,,-0.013614,-0.005,-0.005,-0.006,-0.006,-0.004
79915,2013/08/08,,11,1,1311,65129010,NFX,NEWFIELD EXPLORATION CO,,NFX,211111,N,A,R,30044,0,1,1382,65129010,,,,,,,,,13.000,138.000,,,,,,,,,,,,,,,23.850,24.695,24.560,1882200.000,0.027185,24.550,24.560,135686.000,1.000,1.000,23.970,,0.027185,0.005,0.005,0.005,0.005,0.004
79915,2013/08/09,,11,1,1311,65129010,NFX,NEWFIELD EXPLORATION CO,,NFX,211111,N,A,R,30044,0,1,1382,65129010,,,,,,,,,13.000,138.000,,,,,,,,,,,,,,,24.460,24.820,24.650,995800.000,0.003665,24.650,24.660,135686.000,1.000,1.000,24.530,,0.003665,-0.002,-0.002,-0.000,-0.000,-0.004
79915,2013/08/12,,11,1,1311,65129010,NFX,NEWFIELD EXPLORATION CO,,NFX,211111,N,A,R,30044,0,1,1382,65129010,,,,,,,,,13.000,138.000,,,,,,,,,,,,,,,24.290,24.730,24.470,964200.000,-0.007302,24.460,24.470,135686.000,1.000,1.000,24.450,,-0.007302,-0.000,-0.000,0.003,0.003,-0.001
79915,2013/08/13,,11,1,1311,65129010,NFX,NEWFIELD EXPLORATION CO,,NFX,211111,N,A,R,30044,0,1,1382,65129010,,,,,,,,,13.000,138.000,,,,,,,,,,,,,,,24.110,24.760,24.480,1545600.000,0.000409,24.480,24.490,135686.000,1.000,1.000,24.440,,0.000409,0.002,0.001,-0.001,-0.001,0.003
79915,2013/08/14,,11,1,1311,65129010,NFX,NEWFIELD EXPLORATION CO,,NFX,211111,N,A,R,30044,0,1,1382,65129010,,,,,,,,,13.000,138.000,,,,,,,,,,,,,,,23.505,24.250,23.540,1870200.000,-0.038399,23.540,23.550,135686.000,1.000,1.000,24.250,,-0.038399,-0.004,-0.004,-0.001,-0.001,-0.005
79915,2013/08/15,,11,1,1311,65129010,NFX,NEWFIELD EXPLORATION CO,,NFX,211111,N,A,R,30044,0,1,1382,65129010,,,,,,,,,13.000,138.000,,,,,,,,,,,,,,,22.970,23.990,23.890,1977900.000,0.014868,23.880,23.890,135686.000,1.000,1.000,23.320,,0.014868,-0.013,-0.013,-0.011,-0.011,-0.014
79915,2013/08/16,,11,1,1311,65129010,NFX,NEWFIELD EXPLORATION CO,,NFX,211111,N,A,R,30044,0,1,1382,65129010,,,,,,,,,13.000,138.000,,,,,,,,,,,,,,,23.680,24.360,23.780,1901400.000,-0.004604,23.760,23.770,135686.000,1.000,1.000,23.990,,-0.004604,-0.003,-0.003,-0.002,-0.002,-0.003
79915,2013/08/19,,11,1,1311,65129010,NFX,NEWFIELD EXPLORATION CO,,NFX,211111,N,A,R,30044,0,1,1382,65129010,,,,,,,,,13.000,138.000,,,,,,,,,,,,,,,22.930,23.750,22.940,1581600.000,-0.035324,22.930,22.940,135686.000,1.000,1.000,23.610,,-0.035324,-0.007,-0.007,-0.008,-0.008,-0.006
79915,2013/08/20,,11,1,1311,65129010,NFX,NEWFIELD EXPLORATION CO,,NFX,211111,N,A,R,30044,0,1,1382,65129010,,,,,,,,,13.000,138.000,,,,,,,,,,,,,,,22.820,23.410,23.110,1129000.000,0.007411,23.110,23.120,135686.000,1.000,1.000,22.940,,0.007411,0.006,0.006,0.008,0.008,0.004
79915,2013/08/21,,11,1,1311,65129010,NFX,NEWFIELD EXPLORATION CO,,NFX,211111,N,A,R,30044,0,1,1382,65129010,,,,,,,,,13.000,138.000,,,,,,,,,,,,,,,22.710,23.175,22.730,1071700.000,-0.016443,22.720,22.730,135686.000,1.000,1.000,23.070,,-0.016443,-0.006,-0.006,-0.005,-0.005,-0.006
79915,2013/08/22,,11,1,1311,65129010,NFX,NEWFIELD EXPLORATION CO,,NFX,211111,N,A,R,30044,0,1,1382,65129010,,,,,,,,,13.000,138.000,,,,,,,,,,,,,,,22.730,23.600,23.370,1252700.000,0.028157,23.360,23.370,135686.000,1.000,1.000,22.830,,0.028157,0.009,0.009,0.011,0.011,0.009
79915,2013/08/23,,11,1,1311,65129010,NFX,NEWFIELD EXPLORATION CO,,NFX,211111,N,A,R,30044,0,1,1382,65129010,,,,,,,,,13.000,138.000,,,,,,,,,,,,,,,23.180,23.680,23.520,1364500.000,0.006418,23.500,23.510,135686.000,1.000,1.000,23.410,,0.006418,0.004,0.004,0.004,0.004,0.004
79915,2013/08/26,,11,1,1311,65129010,NFX,NEWFIELD EXPLORATION CO,,NFX,211111,N,A,R,30044,0,1,1382,65129010,,,,,,,,,13.000,138.000,,,,,,,,,,,,,,,23.430,24.070,23.610,1292500.000,0.003827,23.600,23.610,135686.000,1.000,1.000,23.490,,0.003827,-0.003,-0.003,-0.000,-0.000,-0.004
79915,2013/08/27,,11,1,1311,65129010,NFX,NEWFIELD EXPLORATION CO,,NFX,211111,N,A,R,30044,0,1,1382,65129010,,,,,,,,,13.000,138.000,,,,,,,,,,,,,,,23.360,23.900,23.420,1334500.000,-0.008047,23.420,23.430,135686.000,1.000,1.000,23.420,,-0.008047,-0.016,-0.016,-0.017,-0.017,-0.016
79915,2013/08/28,,11,1,1311,65129010,NFX,NEWFIELD EXPLORATION CO,,NFX,211111,N,A,R,30044,0,1,1382,65129010,,,,,,,,,13.000,138.000,,,,,,,,,,,,,,,23.460,24.380,23.980,1259700.000,0.023911,23.970,23.980,135686.000,1.000,1.000,23.460,,0.023911,0.003,0.002,0.002,0.002,0.003
79915,2013/08/29,,11,1,1311,65129010,NFX,NEWFIELD EXPLORATION CO,,NFX,211111,N,A,R,30044,0,1,1382,65129010,,,,,,,,,13.000,138.000,,,,,,,,,,,,,,,23.515,23.930,23.680,1000400.000,-0.012510,23.680,23.690,135686.000,1.000,1.000,23.890,,-0.012510,0.003,0.003,0.005,0.005,0.002
79915,2013/08/30,,11,1,1311,65129010,NFX,NEWFIELD EXPLORATION CO,,NFX,211111,N,A,R,30044,0,1,1382,65129010,,,,,,,,0.000,13.000,138.000,,,,,,,,,,,,,,,23.730,24.300,23.820,1706300.000,0.005912,23.820,23.830,135686.000,1.000,1.000,23.760,,0.005912,-0.005,-0.005,-0.008,-0.008,-0.003
79915,2013/09/03,,11,1,1311,65129010,NFX,NEWFIELD EXPLORATION CO,,NFX,211111,N,A,R,30044,0,1,1382,65129010,,,,,,,,,13.000,138.000,,,,,,,,,,,,,,,23.520,24.290,23.740,1306000.000,-0.003359,23.730,23.740,135686.000,1.000,1.000,24.110,,-0.003359,0.005,0.004,0.005,0.005,0.004
79915,2013/09/04,,11,1,1311,65129010,NFX,NEWFIELD EXPLORATION CO,,NFX,211111,N,A,R,30044,0,1,1382,65129010,,,,,,,,,13.000,138.000,,,,,,,,,,,,,,,23.620,23.900,23.700,1755000.000,-0.001685,23.690,23.700,135686.000,1.000,1.000,23.690,,-0.001685,0.008,0.007,0.007,0.007,0.008
79915,2013/09/05,,11,1,1311,65129010,NFX,NEWFIELD EXPLORATION CO,,NFX,211111,N,A,R,30044,0,1,1382,65129010,,,,,,,,,13.000,138.000,,,,,,,,,,,,,,,23.730,24.200,23.850,2462200.000,0.006329,23.840,23.850,135686.000,1.000,1.000,23.760,,0.006329,0.002,0.002,0.003,0.003,0.001
79915,2013/09/06,,11,1,1311,65129010,NFX,NEWFIELD EXPLORATION CO,,NFX,211111,N,A,R,30044,0,1,1382,65129010,,,,,,,,,13.000,138.000,,,,,,,,,,,,,,,23.815,24.110,23.860,2528500.000,0.000419,23.850,23.860,135686.000,1.000,1.000,24.000,,0.000419,0.001,0.001,0.003,0.003,0.000
79915,2013/09/09,,11,1,1311,65129010,NFX,NEWFIELD EXPLORATION CO,,NFX,211111,N,A,R,30044,0,1,1382,65129010,,,,,,,,,13.000,138.000,,,,,,,,,,,,,,,23.920,24.420,24.220,3096200.000,0.015088,24.220,24.230,135686.000,1.000,1.000,23.920,,0.015088,0.011,0.011,0.011,0.011,0.010
79915,2013/09/10,,11,1,1311,65129010,NFX,NEWFIELD EXPLORATION CO,,NFX,211111,N,A,R,30044,0,1,1382,65129010,,,,,,,,,13.000,138.000,,,,,,,,,,,,,,,23.940,24.360,24.250,4233700.000,0.001239,24.240,24.250,135686.000,1.000,1.000,24.330,,0.001239,0.007,0.007,0.005,0.005,0.007
79915,2013/09/11,,11,1,1311,65129010,NFX,NEWFIELD EXPLORATION CO,,NFX,211111,N,A,R,30044,0,1,1382,65129010,,,,,,,,,13.000,138.000,,,,,,,,,,,,,,,24.085,26.100,26.070,9224600.000,0.075052,26.060,26.070,135686.000,1.000,1.000,24.400,,0.075052,0.003,0.003,0.001,0.001,0.003
79915,2013/09/12,,11,1,1311,65129010,NFX,NEWFIELD EXPLORATION CO,,NFX,211111,N,A,R,30044,0,1,1382,65129010,,,,,,,,,13.000,138.000,,,,,,,,,,,,,,,25.520,26.270,25.760,3876500.000,-0.011891,25.740,25.750,135686.000,1.000,1.000,26.100,,-0.011891,-0.004,-0.004,-0.004,-0.005,-0.003
79915,2013/09/13,,11,1,1311,65129010,NFX,NEWFIELD EXPLORATION CO,,NFX,211111,N,A,R,30044,0,1,1382,65129010,,,,,,,,,13.000,138.000,,,,,,,,,,,,,,,25.230,25.840,25.600,2143900.000,-0.006211,25.590,25.600,135686.000,1.000,1.000,25.760,,-0.006211,0.003,0.003,0.003,0.003,0.003
79915,2013/09/16,,11,1,1311,65129010,NFX,NEWFIELD EXPLORATION CO,,NFX,211111,N,A,R,30044,0,1,1382,65129010,,,,,,,,,13.000,138.000,,,,,,,,,,,,,,,25.460,26.110,25.790,1765500.000,0.007422,25.790,25.800,135686.000,1.000,1.000,25.870,,0.007422,0.005,0.005,0.003,0.003,0.006
79915,2013/09/17,,11,1,1311,65129010,NFX,NEWFIELD EXPLORATION CO,,NFX,211111,N,A,R,30044,0,1,1382,65129010,,,,,,,,,13.000,138.000,,,,,,,,,,,,,,,25.730,26.400,26.050,1887800.000,0.010081,26.050,26.060,135686.000,1.000,1.000,25.840,,0.010081,0.005,0.005,0.005,0.005,0.004
79915,2013/09/18,,11,1,1311,65129010,NFX,NEWFIELD EXPLORATION CO,,NFX,211111,N,A,R,30044,0,1,1382,65129010,,,,,,,,,13.000,138.000,,,,,,,,,,,,,,,25.900,26.840,26.670,1894600.000,0.023800,26.670,26.680,135686.000,1.000,1.000,26.170,,0.023800,0.013,0.013,0.012,0.012,0.012
79915,2013/09/19,,11,1,1311,65129010,NFX,NEWFIELD EXPLORATION CO,,NFX,211111,N,A,R,30044,0,1,1382,65129010,,,,,,,,,13.000,138.000,,,,,,,,,,,,,,,26.220,26.905,26.490,2451100.000,-0.006749,26.490,26.500,135686.000,1.000,1.000,26.780,,-0.006749,-0.001,-0.001,-0.000,-0.001,-0.002
79915,2013/09/20,,11,1,1311,65129010,NFX,NEWFIELD EXPLORATION CO,,NFX,211111,N,A,R,30044,0,1,1382,65129010,,,,,,,,,13.000,138.000,,,,,,,,,,,,,,,26.510,27.212,26.830,4298300.000,0.012835,26.820,26.830,135686.000,1.000,1.000,26.510,,0.012835,-0.007,-0.007,-0.004,-0.005,-0.007
79915,2013/09/23,,11,1,1311,65129010,NFX,NEWFIELD EXPLORATION CO,,NFX,211111,N,A,R,30044,0,1,1382,65129010,,,,,,,,,13.000,138.000,,,,,,,,,,,,,,,26.320,27.070,27.050,3307500.000,0.008200,27.040,27.050,135686.000,1.000,1.000,26.750,,0.008200,-0.004,-0.004,-0.002,-0.002,-0.005
79915,2013/09/24,,11,1,1311,65129010,NFX,NEWFIELD EXPLORATION CO,,NFX,211111,N,A,R,30044,0,1,1382,65129010,,,,,,,,,13.000,138.000,,,,,,,,,,,,,,,26.710,28.140,27.740,4868300.000,0.025508,27.730,27.740,135686.000,1.000,1.000,27.040,,0.025508,-0.001,-0.001,0.002,0.002,-0.003
79915,2013/09/25,,11,1,1311,65129010,NFX,NEWFIELD EXPLORATION CO,,NFX,211111,N,A,R,30044,0,1,1382,65129010,,,,,,,,,13.000,138.000,,,,,,,,,,,,,,,27.770,28.410,28.020,3918500.000,0.010094,28.010,28.020,135686.000,1.000,1.000,27.800,,0.010094,-0.002,-0.002,0.001,0.001,-0.003
79915,2013/09/26,,11,1,1311,65129010,NFX,NEWFIELD EXPLORATION CO,,NFX,211111,N,A,R,30044,0,1,1382,65129010,,,,,,,,,13.000,138.000,,,,,,,,,,,,,,,27.490,28.260,27.600,2869800.000,-0.014989,27.590,27.600,135686.000,1.000,1.000,28.120,,-0.014989,0.004,0.004,0.004,0.004,0.003
79915,2013/09/27,,11,1,1311,65129010,NFX,NEWFIELD EXPLORATION CO,,NFX,211111,N,A,R,30044,0,1,1382,65129010,,,,,,,,,13.000,138.000,,,,,,,,,,,,,,,27.280,27.650,27.380,1494500.000,-0.007971,27.380,27.390,135686.000,1.000,1.000,27.440,,-0.007971,-0.004,-0.004,-0.002,-0.002,-0.004
79915,2013/09/30,,11,1,1311,65129010,NFX,NEWFIELD EXPLORATION CO,,NFX,211111,N,A,R,30044,0,1,1382,65129010,,,,,,,,0.000,13.000,138.000,,,,,,,,,,,,,,,26.950,27.540,27.370,2528200.000,-0.000365,27.360,27.370,135686.000,1.000,1.000,27.010,,-0.000365,-0.005,-0.005,-0.002,-0.002,-0.006
79915,2013/10/01,,11,1,1311,65129010,NFX,NEWFIELD EXPLORATION CO,,NFX,211111,N,A,R,30044,0,1,1382,65129010,,,,,,,,,13.000,138.000,,,,,,,,,,,,,,,27.300,28.150,27.900,3369900.000,0.019364,27.900,27.910,135686.000,1.000,1.000,27.360,,0.019364,0.009,0.009,0.009,0.009,0.008
79915,2013/10/02,,11,1,1311,65129010,NFX,NEWFIELD EXPLORATION CO,,NFX,211111,N,A,R,30044,0,1,1382,65129010,,,,,,,,,13.000,138.000,,,,,,,,,,,,,,,27.340,28.240,27.880,1998100.000,-0.000717,27.880,27.890,135686.000,1.000,1.000,27.690,,-0.000717,-0.001,-0.001,-0.000,-0.000,-0.001
79915,2013/10/03,,11,1,1311,65129010,NFX,NEWFIELD EXPLORATION CO,,NFX,211111,N,A,R,30044,0,1,1382,65129010,,,,,,,,,13.000,138.000,,,,,,,,,,,,,,,27.565,28.220,28.020,1770600.000,0.005022,28.010,28.020,135686.000,1.000,1.000,27.860,,0.005022,-0.009,-0.009,-0.006,-0.006,-0.009
79915,2013/10/04,,11,1,1311,65129010,NFX,NEWFIELD EXPLORATION CO,,NFX,211111,N,A,R,30044,0,1,1382,65129010,,,,,,,,,13.000,138.000,,,,,,,,,,,,,,,27.850,28.860,28.700,2368700.000,0.024268,28.690,28.700,135686.000,1.000,1.000,28.170,,0.024268,0.007,0.007,0.005,0.005,0.007
79915,2013/10/07,,11,1,1311,65129010,NFX,NEWFIELD EXPLORATION CO,,NFX,211111,N,A,R,30044,0,1,1382,65129010,,,,,,,,,13.000,138.000,,,,,,,,,,,,,,,28.010,28.970,28.540,2997100.000,-0.005575,28.530,28.540,135686.000,1.000,1.000,28.200,,-0.005575,-0.008,-0.008,-0.006,-0.006,-0.009
79915,2013/10/08,,11,1,1311,65129010,NFX,NEWFIELD EXPLORATION CO,,NFX,211111,N,A,R,30044,0,1,1382,65129010,,,,,,,,,13.000,138.000,,,,,,,,,,,,,,,28.080,28.800,28.290,2717200.000,-0.008760,28.290,28.300,135686.000,1.000,1.000,28.520,,-0.008760,-0.013,-0.013,-0.013,-0.013,-0.012
79915,2013/10/09,,11,1,1311,65129010,NFX,NEWFIELD EXPLORATION CO,,NFX,211111,N,A,R,30044,0,1,1382,65129010,,,,,,,,,13.000,138.000,,,,,,,,,,,,,,,27.700,28.380,28.160,1733800.000,-0.004595,28.150,28.160,135686.000,1.000,1.000,28.310,,-0.004595,-0.000,-0.001,-0.002,-0.002,0.001
79915,2013/10/10,,11,1,1311,65129010,NFX,NEWFIELD EXPLORATION CO,,NFX,211111,N,A,R,30044,0,1,1382,65129010,,,,,,,,,13.000,138.000,,,,,,,,,,,,,,,28.310,28.700,28.480,2048700.000,0.011364,28.480,28.490,135686.000,1.000,1.000,28.450,,0.011364,0.021,0.021,0.017,0.017,0.022
79915,2013/10/11,,11,1,1311,65129010,NFX,NEWFIELD EXPLORATION CO,,NFX,211111,N,A,R,30044,0,1,1382,65129010,,,,,,,,,13.000,138.000,,,,,,,,,,,,,,,28.320,29.590,29.170,2406700.000,0.024228,29.170,29.180,135686.000,1.000,1.000,28.400,,0.024228,0.007,0.007,0.008,0.008,0.006
79915,2013/10/14,,11,1,1311,65129010,NFX,NEWFIELD EXPLORATION CO,,NFX,211111,N,A,R,30044,0,1,1382,65129010,,,,,,,,,13.000,138.000,,,,,,,,,,,,,,,28.680,29.490,29.400,1755600.000,0.007885,29.400,29.410,135686.000,1.000,1.000,29.000,,0.007885,0.004,0.004,0.004,0.004,0.004
79915,2013/10/15,,11,1,1311,65129010,NFX,NEWFIELD EXPLORATION CO,,NFX,211111,N,A,R,30044,0,1,1382,65129010,,,,,,,,,13.000,138.000,,,,,,,,,,,,,,,28.990,29.793,29.200,2892400.000,-0.006803,29.190,29.200,135686.000,1.000,1.000,29.230,,-0.006803,-0.007,-0.007,-0.005,-0.005,-0.007
79915,2013/10/16,,11,1,1311,65129010,NFX,NEWFIELD EXPLORATION CO,,NFX,211111,N,A,R,30044,0,1,1382,65129010,,,,,,,,,13.000,138.000,,,,,,,,,,,,,,,29.465,30.150,29.780,3415300.000,0.019863,29.760,29.770,135686.000,1.000,1.000,29.490,,0.019863,0.013,0.013,0.009,0.009,0.014
79915,2013/10/17,,11,1,1311,65129010,NFX,NEWFIELD EXPLORATION CO,,NFX,211111,N,A,R,30044,0,1,1382,65129010,,,,,,,,,13.000,138.000,,,,,,,,,,,,,,,29.550,30.010,29.960,1652200.000,0.006044,29.950,29.960,135686.000,1.000,1.000,29.680,,0.006044,0.008,0.008,0.010,0.010,0.007
79915,2013/10/18,,11,1,1311,65129010,NFX,NEWFIELD EXPLORATION CO,,NFX,211111,N,A,R,30044,0,1,1382,65129010,,,,,,,,,13.000,138.000,,,,,,,,,,,,,,,29.830,30.440,30.340,1853800.000,0.012684,30.330,30.340,135686.000,1.000,1.000,30.180,,0.012684,0.007,0.007,0.006,0.006,0.007
79915,2013/10/21,,11,1,1311,65129010,NFX,NEWFIELD EXPLORATION CO,,NFX,211111,N,A,R,30044,0,1,1382,65129010,,,,,,,,,13.000,138.000,,,,,,,,,,,,,,,30.420,31.200,30.860,3175900.000,0.017139,30.850,30.860,135686.000,1.000,1.000,30.470,,0.017139,0.000,0.000,0.000,0.000,0.000
79915,2013/10/22,,11,1,1311,65129010,NFX,NEWFIELD EXPLORATION CO,,NFX,211111,N,A,R,30044,0,1,1382,65129010,,,,,,,,,13.000,138.000,,,,,,,,,,,,,,,30.881,32.550,31.680,6697800.000,0.026572,31.670,31.680,135686.000,1.000,1.000,31.470,,0.026572,0.006,0.005,0.004,0.004,0.006
79915,2013/10/23,,11,1,1311,65129010,NFX,NEWFIELD EXPLORATION CO,,NFX,211111,N,A,R,30044,0,1,1382,65129010,,,,,,,,,13.000,138.000,,,,,,,,,,,,,,,30.420,31.360,30.740,3129700.000,-0.029672,30.740,30.750,135686.000,1.000,1.000,31.360,,-0.029672,-0.005,-0.005,-0.005,-0.005,-0.005
79915,2013/10/24,,11,1,1311,65129010,NFX,NEWFIELD EXPLORATION CO,,NFX,211111,N,A,R,30044,0,1,1382,65129010,,,,,,,,,13.000,138.000,,,,,,,,,,,,,,,30.000,31.440,31.290,3166400.000,0.017892,31.280,31.290,135686.000,1.000,1.000,30.550,,0.017892,0.004,0.004,0.004,0.004,0.003
79915,2013/10/25,,11,1,1311,65129010,NFX,NEWFIELD EXPLORATION CO,,NFX,211111,N,A,R,30044,0,1,1382,65129010,,,,,,,,,13.000,138.000,,,,,,,,,,,,,,,30.860,31.390,31.260,1741400.000,-0.000959,31.250,31.260,135686.000,1.000,1.000,31.290,,-0.000959,0.003,0.003,-0.000,-0.000,0.004
79915,2013/10/28,,11,1,1311,65129010,NFX,NEWFIELD EXPLORATION CO,,NFX,211111,N,A,R,30044,0,1,1382,65129010,,,,,,,,,13.000,138.000,,,,,,,,,,,,,,,30.970,31.445,31.320,1207100.000,0.001919,31.310,31.320,135686.000,1.000,1.000,31.200,,0.001919,0.000,0.000,-0.002,-0.002,0.001
79915,2013/10/29,,11,1,1311,65129010,NFX,NEWFIELD EXPLORATION CO,,NFX,211111,N,A,R,30044,0,1,1382,65129010,,,,,,,,,13.000,138.000,,,,,,,,,,,,,,,31.185,31.590,31.410,1163800.000,0.002874,31.420,31.430,135686.000,1.000,1.000,31.320,,0.002874,0.004,0.004,0.003,0.003,0.006
79915,2013/10/30,,11,1,1311,65129010,NFX,NEWFIELD EXPLORATION CO,,NFX,211111,N,A,R,30044,0,1,1382,65129010,,,,,,,,,13.000,138.000,,,,,,,,,,,,,,,30.050,31.670,30.560,2807300.000,-0.027061,30.560,30.570,135686.000,1.000,1.000,31.490,,-0.027061,-0.006,-0.006,-0.007,-0.007,-0.005
79915,2013/10/31,,11,1,1311,65129010,NFX,NEWFIELD EXPLORATION CO,,NFX,211111,N,A,R,30044,0,1,1382,65129010,,,,,,,,0.000,13.000,138.000,,,,,,,,,,,,,,,30.030,30.950,30.450,2281500.000,-0.003599,30.450,30.460,135686.000,1.000,1.000,30.630,,-0.003599,-0.004,-0.004,-0.004,-0.004,-0.004
79915,2013/11/01,,11,1,1311,65129010,NFX,NEWFIELD EXPLORATION CO,,NFX,211111,N,A,R,30044,0,1,1382,65129010,,,,,,,,,13.000,138.000,,,,,,,,,,,,,,,29.700,30.530,30.450,3257600.000,0.000000,30.450,30.460,135686.000,1.000,1.000,30.490,,0.000000,0.001,0.001,-0.002,-0.002,0.003
79915,2013/11/04,,11,1,1311,65129010,NFX,NEWFIELD EXPLORATION CO,,NFX,211111,N,A,R,30044,0,1,1382,65129010,,,,,,,,,13.000,138.000,,,,,,,,,,,,,,,30.130,31.340,31.020,3485900.000,0.018719,31.020,31.030,135686.000,1.000,1.000,30.390,,0.018719,0.004,0.004,0.007,0.007,0.004
79915,2013/11/05,,11,1,1311,65129010,NFX,NEWFIELD EXPLORATION CO,,NFX,211111,N,A,R,30044,0,1,1382,65129010,,,,,,,,,13.000,138.000,,,,,,,,,,,,,,,30.660,31.750,30.800,4655000.000,-0.007092,30.790,30.800,135686.000,1.000,1.000,31.510,,-0.007092,-0.003,-0.003,-0.002,-0.002,-0.003
79915,2013/11/06,,11,1,1311,65129010,NFX,NEWFIELD EXPLORATION CO,,NFX,211111,N,A,R,30044,0,1,1382,65129010,,,,,,,,,13.000,138.000,,,,,,,,,,,,,,,30.030,31.170,30.090,3138900.000,-0.023052,30.090,30.100,135686.000,1.000,1.000,31.010,,-0.023052,0.003,0.003,-0.001,-0.001,0.004
79915,2013/11/07,,11,1,1311,65129010,NFX,NEWFIELD EXPLORATION CO,,NFX,211111,N,A,R,30044,0,1,1382,65129010,,,,,,,,,13.000,138.000,,,,,,,,,,,,,,,28.750,30.420,29.030,4252400.000,-0.035228,29.030,29.040,135686.000,1.000,1.000,30.250,,-0.035228,-0.014,-0.014,-0.013,-0.013,-0.013
79915,2013/11/08,,11,1,1311,65129010,NFX,NEWFIELD EXPLORATION CO,,NFX,211111,N,A,R,30044,0,1,1382,65129010,,,,,,,,,13.000,138.000,,,,,,,,,,,,,,,29.070,29.770,29.460,2614700.000,0.014812,29.460,29.470,135686.000,1.000,1.000,29.120,,0.014812,0.012,0.012,0.009,0.009,0.013
79915,2013/11/11,,11,1,1311,65129010,NFX,NEWFIELD EXPLORATION CO,,NFX,211111,N,A,R,30044,0,1,1382,65129010,,,,,,,,,13.000,138.000,,,,,,,,,,,,,,,29.510,30.310,29.770,2317500.000,0.010523,29.760,29.770,135686.000,1.000,1.000,29.590,,0.010523,0.001,0.001,0.003,0.003,0.001
79915,2013/11/12,,11,1,1311,65129010,NFX,NEWFIELD EXPLORATION CO,,NFX,211111,N,A,R,30044,0,1,1382,65129010,,,,,,,,,13.000,138.000,,,,,,,,,,,,,,,29.500,29.980,29.590,2158900.000,-0.006046,29.590,29.600,135686.000,1.000,1.000,29.760,,-0.006046,-0.002,-0.002,-0.003,-0.003,-0.002
79915,2013/11/13,,11,1,1311,65129010,NFX,NEWFIELD EXPLORATION CO,,NFX,211111,N,A,R,30044,0,1,1382,65129010,,,,,,,,,13.000,138.000,,,,,,,,,,,,,,,29.280,29.760,29.610,2165200.000,0.000676,29.600,29.610,135686.000,1.000,1.000,29.280,,0.000676,0.009,0.008,0.007,0.007,0.008
79915,2013/11/14,,11,1,1311,65129010,NFX,NEWFIELD EXPLORATION CO,,NFX,211111,N,A,R,30044,0,1,1382,65129010,,,,,,,,,13.000,138.000,,,,,,,,,,,,,,,29.380,29.770,29.550,1702000.000,-0.002026,29.550,29.560,135686.000,1.000,1.000,29.610,,-0.002026,0.005,0.004,0.003,0.002,0.005
79915,2013/11/15,,11,1,1311,65129010,NFX,NEWFIELD EXPLORATION CO,,NFX,211111,N,A,R,30044,0,1,1382,65129010,,,,,,,,,13.000,138.000,,,,,,,,,,,,,,,29.450,29.910,29.670,2136600.000,0.004061,29.680,29.690,135686.000,1.000,1.000,29.660,,0.004061,0.004,0.004,0.006,0.005,0.004
79915,2013/11/18,,11,1,1311,65129010,NFX,NEWFIELD EXPLORATION CO,,NFX,211111,N,A,R,30044,0,1,1382,65129010,,,,,,,,,13.000,138.000,,,,,,,,,,,,,,,29.080,30.130,29.180,2648600.000,-0.016515,29.180,29.190,135686.000,1.000,1.000,29.860,,-0.016515,-0.005,-0.005,-0.004,-0.004,-0.004
79915,2013/11/19,,11,1,1311,65129010,NFX,NEWFIELD EXPLORATION CO,,NFX,211111,N,A,R,30044,0,1,1382,65129010,,,,,,,,,13.000,138.000,,,,,,,,,,,,,,,28.850,29.670,29.230,1894900.000,0.001713,29.230,29.240,135686.000,1.000,1.000,29.240,,0.001713,-0.003,-0.004,-0.004,-0.004,-0.002
79915,2013/11/20,,11,1,1311,65129010,NFX,NEWFIELD EXPLORATION CO,,NFX,211111,N,A,R,30044,0,1,1382,65129010,,,,,,,,,13.000,138.000,,,,,,,,,,,,,,,29.245,29.950,29.340,1577700.000,0.003763,29.340,29.350,135686.000,1.000,1.000,29.410,,0.003763,-0.003,-0.003,-0.003,-0.003,-0.004
79915,2013/11/21,,11,1,1311,65129010,NFX,NEWFIELD EXPLORATION CO,,NFX,211111,N,A,R,30044,0,1,1382,65129010,,,,,,,,,13.000,138.000,,,,,,,,,,,,,,,29.420,29.973,29.790,2014000.000,0.015337,29.790,29.800,135686.000,1.000,1.000,29.550,,0.015337,0.009,0.009,0.009,0.009,0.008
79915,2013/11/22,,11,1,1311,65129010,NFX,NEWFIELD EXPLORATION CO,,NFX,211111,N,A,R,30044,0,1,1382,65129010,,,,,,,,,13.000,138.000,,,,,,,,,,,,,,,29.690,30.060,30.030,1438100.000,0.008056,30.020,30.030,135686.000,1.000,1.000,30.000,,0.008056,0.005,0.004,0.004,0.004,0.005
79915,2013/11/25,,11,1,1311,65129010,NFX,NEWFIELD EXPLORATION CO,,NFX,211111,N,A,R,30044,0,1,1382,65129010,,,,,,,,,13.000,138.000,,,,,,,,,,,,,,,28.800,29.912,28.980,2590900.000,-0.034965,28.980,28.990,135686.000,1.000,1.000,29.910,,-0.034965,-0.001,-0.001,-0.000,-0.000,-0.001
79915,2013/11/26,,11,1,1311,65129010,NFX,NEWFIELD EXPLORATION CO,,NFX,211111,N,A,R,30044,0,1,1382,65129010,,,,,,,,,13.000,138.000,,,,,,,,,,,,,,,28.780,29.710,29.480,1927800.000,0.017253,29.480,29.490,135686.000,1.000,1.000,29.080,,0.017253,0.001,0.001,0.004,0.004,0.000
79915,2013/11/27,,11,1,1311,65129010,NFX,NEWFIELD EXPLORATION CO,,NFX,211111,N,A,R,30044,0,1,1382,65129010,,,,,,,,,13.000,138.000,,,,,,,,,,,,,,,27.770,29.290,28.260,3429300.000,-0.041384,28.260,28.270,135686.000,1.000,1.000,29.290,,-0.041384,0.003,0.003,0.005,0.005,0.002
79915,2013/11/29,,11,1,1311,65129010,NFX,NEWFIELD EXPLORATION CO,,NFX,211111,N,A,R,30044,0,1,1382,65129010,,,,,,,,0.000,13.000,138.000,,,,,,,,,,,,,,,27.860,28.570,28.100,927400.000,-0.005662,28.100,28.110,136123.000,1.000,1.000,28.090,,-0.005662,0.000,0.000,0.004,0.004,-0.001
79915,2013/12/02,,11,1,1311,65129010,NFX,NEWFIELD EXPLORATION CO,,NFX,211111,N,A,R,30044,0,1,1382,65129010,,,,,,,,,13.000,138.000,,,,,,,,,,,,,,,27.860,28.550,28.300,2710100.000,0.007117,28.300,28.310,136123.000,1.000,1.000,28.150,,0.007117,-0.004,-0.004,-0.007,-0.007,-0.003
79915,2013/12/03,,11,1,1311,65129010,NFX,NEWFIELD EXPLORATION CO,,NFX,211111,N,A,R,30044,0,1,1382,65129010,,,,,,,,,13.000,138.000,,,,,,,,,,,,,,,28.120,28.900,28.320,1886100.000,0.000707,28.310,28.320,136123.000,1.000,1.000,28.280,,0.000707,-0.004,-0.004,-0.004,-0.004,-0.003
79915,2013/12/04,,11,1,1311,65129010,NFX,NEWFIELD EXPLORATION CO,,NFX,211111,N,A,R,30044,0,1,1382,65129010,,,,,,,,,13.000,138.000,,,,,,,,,,,,,,,28.020,28.590,28.390,1771200.000,0.002472,28.390,28.400,136123.000,1.000,1.000,28.290,,0.002472,-0.001,-0.001,-0.001,-0.001,-0.001
79915,2013/12/05,,11,1,1311,65129010,NFX,NEWFIELD EXPLORATION CO,,NFX,211111,N,A,R,30044,0,1,1382,65129010,,,,,,,,,13.000,138.000,,,,,,,,,,,,,,,27.540,28.350,27.660,2821000.000,-0.025713,27.650,27.660,136123.000,1.000,1.000,28.230,,-0.025713,-0.004,-0.004,-0.002,-0.002,-0.004
79915,2013/12/06,,11,1,1311,65129010,NFX,NEWFIELD EXPLORATION CO,,NFX,211111,N,A,R,30044,0,1,1382,65129010,,,,,,,,,13.000,138.000,,,,,,,,,,,,,,,26.340,28.040,26.430,4382600.000,-0.044469,26.390,26.400,136123.000,1.000,1.000,28.010,,-0.044469,0.010,0.010,0.007,0.007,0.011
79915,2013/12/09,,11,1,1311,65129010,NFX,NEWFIELD EXPLORATION CO,,NFX,211111,N,A,R,30044,0,1,1382,65129010,,,,,,,,,13.000,138.000,,,,,,,,,,,,,,,23.850,26.590,24.330,12660700.000,-0.079455,24.330,24.340,136123.000,1.000,1.000,26.480,,-0.079455,0.002,0.002,-0.001,-0.001,0.002
79915,2013/12/10,,11,1,1311,65129010,NFX,NEWFIELD EXPLORATION CO,,NFX,211111,N,A,R,30044,0,1,1382,65129010,,,,,,,,,13.000,138.000,,,,,,,,,,,,,,,23.670,24.580,23.710,5181900.000,-0.025483,23.710,23.720,136123.000,1.000,1.000,24.330,,-0.025483,-0.003,-0.003,-0.002,-0.002,-0.003
79915,2013/12/11,,11,1,1311,65129010,NFX,NEWFIELD EXPLORATION CO,,NFX,211111,N,A,R,30044,0,1,1382,65129010,,,,,,,,,13.000,138.000,,,,,,,,,,,,,,,23.750,24.770,23.850,5802400.000,0.005905,23.850,23.860,136123.000,1.000,1.000,23.750,,0.005905,-0.012,-0.012,-0.011,-0.012,-0.011
79915,2013/12/12,,11,1,1311,65129010,NFX,NEWFIELD EXPLORATION CO,,NFX,211111,N,A,R,30044,0,1,1382,65129010,,,,,,,,,13.000,138.000,,,,,,,,,,,,,,,23.340,23.890,23.520,3270200.000,-0.013836,23.510,23.520,136123.000,1.000,1.000,23.730,,-0.013836,-0.003,-0.003,-0.001,-0.001,-0.004
79915,2013/12/13,,11,1,1311,65129010,NFX,NEWFIELD EXPLORATION CO,,NFX,211111,N,A,R,30044,0,1,1382,65129010,,,,,,,,,13.000,138.000,,,,,,,,,,,,,,,22.860,23.580,23.360,2807400.000,-0.006803,23.350,23.360,136123.000,1.000,1.000,23.420,,-0.006803,0.001,0.001,0.003,0.003,-0.000
79915,2013/12/16,,11,1,1311,65129010,NFX,NEWFIELD EXPLORATION CO,,NFX,211111,N,A,R,30044,0,1,1382,65129010,,,,,,,,,13.000,138.000,,,,,,,,,,,,,,,22.950,23.550,23.010,3320300.000,-0.014983,23.010,23.020,136123.000,1.000,1.000,23.430,,-0.014983,0.006,0.006,0.007,0.007,0.006
79915,2013/12/17,,11,1,1311,65129010,NFX,NEWFIELD EXPLORATION CO,,NFX,211111,N,A,R,30044,0,1,1382,65129010,,,,,,,,,13.000,138.000,,,,,,,,,,,,,,,22.820,23.180,23.150,2409800.000,0.006084,23.140,23.150,136123.000,1.000,1.000,23.050,,0.006084,-0.002,-0.002,-0.000,-0.000,-0.003
79915,2013/12/18,,11,1,1311,65129010,NFX,NEWFIELD EXPLORATION CO,,NFX,211111,N,A,R,30044,0,1,1382,65129010,,,,,,,,,13.000,138.000,,,,,,,,,,,,,,,22.790,23.410,23.280,2536200.000,0.005616,23.270,23.280,136123.000,1.000,1.000,23.300,,0.005616,0.014,0.014,0.009,0.008,0.017
79915,2013/12/19,,11,1,1311,65129010,NFX,NEWFIELD EXPLORATION CO,,NFX,211111,N,A,R,30044,0,1,1382,65129010,,,,,,,,,13.000,138.000,,,,,,,,,,,,,,,23.120,24.070,23.850,3669400.000,0.024485,23.860,23.870,136123.000,1.000,1.000,23.120,,0.024485,-0.001,-0.001,-0.002,-0.002,-0.001
79915,2013/12/20,,11,1,1311,65129010,NFX,NEWFIELD EXPLORATION CO,,NFX,211111,N,A,R,30044,0,1,1382,65129010,,,,,,,,,13.000,138.000,,,,,,,,,,,,,,,23.830,24.250,23.980,2955400.000,0.005451,23.960,23.970,136123.000,1.000,1.000,23.980,,0.005451,0.007,0.007,0.010,0.010,0.005
79915,2013/12/23,,11,1,1311,65129010,NFX,NEWFIELD EXPLORATION CO,,NFX,211111,N,A,R,30044,0,1,1382,65129010,,,,,,,,,13.000,138.000,,,,,,,,,,,,,,,24.020,24.300,24.120,1894100.000,0.005838,24.120,24.130,136123.000,1.000,1.000,24.110,,0.005838,0.006,0.006,0.009,0.008,0.005
79915,2013/12/24,,11,1,1311,65129010,NFX,NEWFIELD EXPLORATION CO,,NFX,211111,N,A,R,30044,0,1,1382,65129010,,,,,,,,,13.000,138.000,,,,,,,,,,,,,,,23.900,24.200,24.130,511100.000,0.000415,24.130,24.140,136123.000,1.000,1.000,23.930,,0.000415,0.003,0.003,0.004,0.004,0.003
79915,2013/12/26,,11,1,1311,65129010,NFX,NEWFIELD EXPLORATION CO,,NFX,211111,N,A,R,30044,0,1,1382,65129010,,,,,,,,,13.000,138.000,,,,,,,,,,,,,,,23.920,24.260,24.070,979000.000,-0.002487,24.080,24.090,136123.000,1.000,1.000,24.120,,-0.002487,0.004,0.004,0.002,0.002,0.005
79915,2013/12/27,,11,1,1311,65129010,NFX,NEWFIELD EXPLORATION CO,,NFX,211111,N,A,R,30044,0,1,1382,65129010,,,,,,,,,13.000,138.000,,,,,,,,,,,,,,,24.080,24.760,24.540,1576900.000,0.019526,24.540,24.550,136123.000,1.000,1.000,24.100,,0.019526,-0.000,-0.000,0.001,0.001,-0.000
79915,2013/12/30,,11,1,1311,65129010,NFX,NEWFIELD EXPLORATION CO,,NFX,211111,N,A,R,30044,0,1,1382,65129010,,,,,,,,,13.000,138.000,,,,,,,,,,,,,,,23.990,24.840,24.030,1363400.000,-0.020782,24.030,24.040,136123.000,1.000,1.000,24.550,,-0.020782,0.000,0.000,0.001,0.001,-0.000
79915,2013/12/31,,11,1,1311,65129010,NFX,NEWFIELD EXPLORATION CO,,NFX,211111,N,A,R,30044,0,1,1382,65129010,,,,,,,,0.000,13.000,138.000,,,,,,,,,,,,,,,23.800,24.800,24.630,2973100.000,0.024969,24.630,24.640,136123.000,1.000,1.000,23.940,,0.024969,0.004,0.004,0.004,0.004,0.004
79915,2014/01/02,,11,1,1311,65129010,NFX,NEWFIELD EXPLORATION CO,,NFX,211111,N,A,R,30044,0,1,1382,65129010,,,,,,,,,13.000,138.000,,,,,,,,,,,,,,,24.120,24.700,24.370,2507900.000,-0.010556,24.370,24.380,136123.000,1.000,1.000,24.600,,-0.010556,-0.009,-0.009,-0.004,-0.004,-0.009
79915,2014/01/03,,11,1,1311,65129010,NFX,NEWFIELD EXPLORATION CO,,NFX,211111,N,A,R,30044,0,1,1382,65129010,,,,,,,,,13.000,138.000,,,,,,,,,,,,,,,24.195,24.700,24.390,1663000.000,0.000821,24.380,24.390,136123.000,1.000,1.000,24.370,,0.000821,0.000,0.000,0.004,0.004,-0.000
79915,2014/01/06,,11,1,1311,65129010,NFX,NEWFIELD EXPLORATION CO,,NFX,211111,N,A,R,30044,0,1,1382,65129010,,,,,,,,,13.000,138.000,,,,,,,,,,,,,,,23.730,24.410,23.800,2467100.000,-0.024190,23.800,23.810,136123.000,1.000,1.000,24.400,,-0.024190,-0.003,-0.003,-0.002,-0.002,-0.003
79915,2014/01/07,,11,1,1311,65129010,NFX,NEWFIELD EXPLORATION CO,,NFX,211111,N,A,R,30044,0,1,1382,65129010,,,,,,,,,13.000,138.000,,,,,,,,,,,,,,,23.830,24.775,24.650,2801600.000,0.035714,24.640,24.650,136123.000,1.000,1.000,24.000,,0.035714,0.006,0.006,0.007,0.007,0.006
79915,2014/01/08,,11,1,1311,65129010,NFX,NEWFIELD EXPLORATION CO,,NFX,211111,N,A,R,30044,0,1,1382,65129010,,,,,,,,,13.000,138.000,,,,,,,,,,,,,,,23.980,25.000,24.250,2989300.000,-0.016227,24.250,24.260,136123.000,1.000,1.000,24.610,,-0.016227,0.000,-0.000,0.001,0.001,-0.000
79915,2014/01/09,,11,1,1311,65129010,NFX,NEWFIELD EXPLORATION CO,,NFX,211111,N,A,R,30044,0,1,1382,65129010,,,,,,,,,13.000,138.000,,,,,,,,,,,,,,,24.330,24.900,24.770,3271700.000,0.021443,24.770,24.780,136123.000,1.000,1.000,24.340,,0.021443,0.000,0.000,0.000,0.000,0.000
79915,2014/01/10,,11,1,1311,65129010,NFX,NEWFIELD EXPLORATION CO,,NFX,211111,N,A,R,30044,0,1,1382,65129010,,,,,,,,,13.000,138.000,,,,,,,,,,,,,,,24.550,26.075,25.690,4373900.000,0.037142,25.690,25.700,136123.000,1.000,1.000,24.770,,0.037142,0.004,0.004,0.006,0.006,0.002
79915,2014/01/13,,11,1,1311,65129010,NFX,NEWFIELD EXPLORATION CO,,NFX,211111,N,A,R,30044,0,1,1382,65129010,,,,,,,,,13.000,138.000,,,,,,,,,,,,,,,24.840,25.750,25.080,3486200.000,-0.023745,25.080,25.090,136123.000,1.000,1.000,25.440,,-0.023745,-0.012,-0.012,-0.008,-0.008,-0.013
79915,2014/01/14,,11,1,1311,65129010,NFX,NEWFIELD EXPLORATION CO,,NFX,211111,N,A,R,30044,0,1,1382,65129010,,,,,,,,,13.000,138.000,,,,,,,,,,,,,,,24.430,25.400,25.000,3563900.000,-0.003190,24.990,25.000,136123.000,1.000,1.000,25.180,,-0.003190,0.010,0.010,0.010,0.009,0.011
79915,2014/01/15,,11,1,1311,65129010,NFX,NEWFIELD EXPLORATION CO,,NFX,211111,N,A,R,30044,0,1,1382,65129010,,,,,,,,,13.000,138.000,,,,,,,,,,,,,,,25.070,25.470,25.280,2994200.000,0.011200,25.270,25.280,136123.000,1.000,1.000,25.090,,0.011200,0.005,0.005,0.006,0.006,0.005
79915,2014/01/16,,11,1,1311,65129010,NFX,NEWFIELD EXPLORATION CO,,NFX,211111,N,A,R,30044,0,1,1382,65129010,,,,,,,,,13.000,138.000,,,,,,,,,,,,,,,25.015,25.430,25.240,1680900.000,-0.001582,25.240,25.250,136123.000,1.000,1.000,25.260,,-0.001582,-0.000,-0.000,0.002,0.002,-0.001
79915,2014/01/17,,11,1,1311,65129010,NFX,NEWFIELD EXPLORATION CO,,NFX,211111,N,A,R,30044,0,1,1382,65129010,,,,,,,,,13.000,138.000,,,,,,,,,,,,,,,24.880,25.365,25.090,2384900.000,-0.005943,25.090,25.100,136123.000,1.000,1.000,25.320,,-0.005943,-0.003,-0.003,-0.001,-0.001,-0.004
79915,2014/01/21,,11,1,1311,65129010,NFX,NEWFIELD EXPLORATION CO,,NFX,211111,N,A,R,30044,0,1,1382,65129010,,,,,,,,,13.000,138.000,,,,,,,,,,,,,,,25.260,25.650,25.540,2571600.000,0.017935,25.530,25.540,136123.000,1.000,1.000,25.380,,0.017935,0.003,0.003,0.005,0.005,0.003
79915,2014/01/22,,11,1,1311,65129010,NFX,NEWFIELD EXPLORATION CO,,NFX,211111,N,A,R,30044,0,1,1382,65129010,,,,,,,,,13.000,138.000,,,,,,,,,,,,,,,25.750,26.170,25.920,2191400.000,0.014879,25.910,25.920,136123.000,1.000,1.000,25.760,,0.014879,0.001,0.001,0.004,0.004,0.001
79915,2014/01/23,,11,1,1311,65129010,NFX,NEWFIELD EXPLORATION CO,,NFX,211111,N,A,R,30044,0,1,1382,65129010,,,,,,,,,13.000,138.000,,,,,,,,,,,,,,,25.180,25.990,25.340,2206000.000,-0.022377,25.330,25.340,136123.000,1.000,1.000,25.890,,-0.022377,-0.008,-0.008,-0.006,-0.006,-0.009
79915,2014/01/24,,11,1,1311,65129010,NFX,NEWFIELD EXPLORATION CO,,NFX,211111,N,A,R,30044,0,1,1382,65129010,,,,,,,,,13.000,138.000,,,,,,,,,,,,,,,24.230,25.200,24.710,3370300.000,-0.024862,24.710,24.720,136123.000,1.000,1.000,25.180,,-0.024862,-0.021,-0.021,-0.019,-0.019,-0.021
79915,2014/01/27,,11,1,1311,65129010,NFX,NEWFIELD EXPLORATION CO,,NFX,211111,N,A,R,30044,0,1,1382,65129010,,,,,,,,,13.000,138.000,,,,,,,,,,,,,,,23.965,24.650,24.280,1743800.000,-0.017402,24.270,24.280,136123.000,1.000,1.000,24.600,,-0.017402,-0.007,-0.007,-0.010,-0.010,-0.005
79915,2014/01/28,,11,1,1311,65129010,NFX,NEWFIELD EXPLORATION CO,,NFX,211111,N,A,R,30044,0,1,1382,65129010,,,,,,,,,13.000,138.000,,,,,,,,,,,,,,,24.140,24.935,24.620,1758000.000,0.014003,24.620,24.630,136123.000,1.000,1.000,24.310,,0.014003,0.007,0.007,0.008,0.008,0.006
79915,2014/01/29,,11,1,1311,65129010,NFX,NEWFIELD EXPLORATION CO,,NFX,211111,N,A,R,30044,0,1,1382,65129010,,,,,,,,,13.000,138.000,,,,,,,,,,,,,,,24.130,24.605,24.250,2345300.000,-0.015028,24.230,24.240,136123.000,1.000,1.000,24.420,,-0.015028,-0.010,-0.010,-0.008,-0.008,-0.010
79915,2014/01/30,,11,1,1311,65129010,NFX,NEWFIELD EXPLORATION CO,,NFX,211111,N,A,R,30044,0,1,1382,65129010,,,,,,,,,13.000,138.000,,,,,,,,,,,,,,,24.250,25.060,24.890,2700900.000,0.026392,24.890,24.900,136123.000,1.000,1.000,24.350,,0.026392,0.012,0.011,0.009,0.009,0.011
79915,2014/01/31,,11,1,1311,65129010,NFX,NEWFIELD EXPLORATION CO,,NFX,211111,N,A,R,30044,0,1,1382,65129010,,,,,,,,0.000,13.000,138.000,,,,,,,,,,,,,,,24.540,25.170,24.770,2119900.000,-0.004821,24.770,24.780,136123.000,1.000,1.000,25.070,,-0.004821,-0.006,-0.006,-0.005,-0.005,-0.006
79915,2014/02/03,,11,1,1311,65129010,NFX,NEWFIELD EXPLORATION CO,,NFX,211111,N,A,R,30044,0,1,1382,65129010,,,,,,,,,13.000,138.000,,,,,,,,,,,,,,,23.680,24.960,23.780,2710400.000,-0.039968,23.780,23.790,136123.000,1.000,1.000,24.750,,-0.039968,-0.023,-0.023,-0.021,-0.021,-0.023
79915,2014/02/04,,11,1,1311,65129010,NFX,NEWFIELD EXPLORATION CO,,NFX,211111,N,A,R,30044,0,1,1382,65129010,,,,,,,,,13.000,138.000,,,,,,,,,,,,,,,23.730,24.255,23.960,2773200.000,0.007569,23.950,23.960,136123.000,1.000,1.000,23.970,,0.007569,0.008,0.008,0.006,0.006,0.008
79915,2014/02/05,,11,1,1311,65129010,NFX,NEWFIELD EXPLORATION CO,,NFX,211111,N,A,R,30044,0,1,1382,65129010,,,,,,,,,13.000,138.000,,,,,,,,,,,,,,,23.570,23.970,23.690,1704700.000,-0.011269,23.680,23.690,136123.000,1.000,1.000,23.970,,-0.011269,-0.002,-0.002,-0.005,-0.005,-0.002
79915,2014/02/06,,11,1,1311,65129010,NFX,NEWFIELD EXPLORATION CO,,NFX,211111,N,A,R,30044,0,1,1382,65129010,,,,,,,,,13.000,138.000,,,,,,,,,,,,,,,23.610,24.080,24.030,2745900.000,0.014352,24.020,24.030,136123.000,1.000,1.000,23.720,,0.014352,0.012,0.012,0.009,0.008,0.012
79915,2014/02/07,,11,1,1311,65129010,NFX,NEWFIELD EXPLORATION CO,,NFX,211111,N,A,R,30044,0,1,1382,65129010,,,,,,,,,13.000,138.000,,,,,,,,,,,,,,,23.700,24.330,24.120,2479200.000,0.003745,24.110,24.120,136123.000,1.000,1.000,24.190,,0.003745,0.013,0.013,0.010,0.010,0.013
79915,2014/02/10,,11,1,1311,65129010,NFX,NEWFIELD EXPLORATION CO,,NFX,211111,N,A,R,30044,0,1,1382,65129010,,,,,,,,,13.000,138.000,,,,,,,,,,,,,,,23.750,24.277,24.100,1847100.000,-0.000829,24.090,24.100,136123.000,1.000,1.000,24.110,,-0.000829,0.002,0.002,0.004,0.004,0.002
79915,2014/02/11,,11,1,1311,65129010,NFX,NEWFIELD EXPLORATION CO,,NFX,211111,N,A,R,30044,0,1,1382,65129010,,,,,,,,,13.000,138.000,,,,,,,,,,,,,,,24.100,24.500,24.210,1932200.000,0.004564,24.190,24.200,136123.000,1.000,1.000,24.150,,0.004564,0.011,0.011,0.009,0.009,0.011
79915,2014/02/12,,11,1,1311,65129010,NFX,NEWFIELD EXPLORATION CO,,NFX,211111,N,A,R,30044,0,1,1382,65129010,,,,,,,,,13.000,138.000,,,,,,,,,,,,,,,24.120,24.610,24.250,2269700.000,0.001652,24.240,24.250,136123.000,1.000,1.000,24.320,,0.001652,0.001,0.001,0.002,0.001,-0.000
79915,2014/02/13,,11,1,1311,65129010,NFX,NEWFIELD EXPLORATION CO,,NFX,211111,N,A,R,30044,0,1,1382,65129010,,,,,,,,,13.000,138.000,,,,,,,,,,,,,,,24.010,24.780,24.780,3068000.000,0.021856,24.760,24.770,136123.000,1.000,1.000,24.120,,0.021856,0.007,0.007,0.008,0.008,0.006
79915,2014/02/14,,11,1,1311,65129010,NFX,NEWFIELD EXPLORATION CO,,NFX,211111,N,A,R,30044,0,1,1382,65129010,,,,,,,,,13.000,138.000,,,,,,,,,,,,,,,24.720,25.540,25.170,2707400.000,0.015738,25.160,25.170,136123.000,1.000,1.000,24.880,,0.015738,0.004,0.004,0.003,0.003,0.005
79915,2014/02/18,,11,1,1311,65129010,NFX,NEWFIELD EXPLORATION CO,,NFX,211111,N,A,R,30044,0,1,1382,65129010,,,,,,,,,13.000,138.000,,,,,,,,,,,,,,,25.680,26.410,26.330,3518600.000,0.046087,26.330,26.340,136123.000,1.000,1.000,25.880,,0.046087,0.003,0.003,0.007,0.007,0.001
79915,2014/02/19,,11,1,1311,65129010,NFX,NEWFIELD EXPLORATION CO,,NFX,211111,N,A,R,30044,0,1,1382,65129010,,,,,,,,,13.000,138.000,,,,,,,,,,,,,,,25.665,26.793,25.720,3484600.000,-0.023168,25.730,25.740,136123.000,1.000,1.000,26.240,,-0.023168,-0.007,-0.007,-0.007,-0.007,-0.007
79915,2014/02/20,,11,1,1311,65129010,NFX,NEWFIELD EXPLORATION CO,,NFX,211111,N,A,R,30044,0,1,1382,65129010,,,,,,,,,13.000,138.000,,,,,,,,,,,,,,,24.970,25.740,25.220,3686200.000,-0.019440,25.220,25.230,136123.000,1.000,1.000,25.710,,-0.019440,0.006,0.006,0.007,0.007,0.006
79915,2014/02/21,,11,1,1311,65129010,NFX,NEWFIELD EXPLORATION CO,,NFX,211111,N,A,R,30044,0,1,1382,65129010,,,,,,,,,13.000,138.000,,,,,,,,,,,,,,,24.650,25.360,24.700,4398800.000,-0.020619,24.690,24.700,136123.000,1.000,1.000,25.230,,-0.020619,-0.001,-0.001,0.002,0.002,-0.002
79915,2014/02/24,,11,1,1311,65129010,NFX,NEWFIELD EXPLORATION CO,,NFX,211111,N,A,R,30044,0,1,1382,65129010,,,,,,,,,13.000,138.000,,,,,,,,,,,,,,,24.610,26.160,25.320,5870400.000,0.025101,25.310,25.320,136123.000,1.000,1.000,24.880,,0.025101,0.006,0.006,0.006,0.006,0.006
79915,2014/02/25,,11,1,1311,65129010,NFX,NEWFIELD EXPLORATION CO,,NFX,211111,N,A,R,30044,0,1,1382,65129010,,,,,,,,,13.000,138.000,,,,,,,,,,,,,,,24.700,25.740,25.660,4107000.000,0.013428,25.650,25.660,136123.000,1.000,1.000,25.270,,0.013428,-0.001,-0.001,-0.002,-0.002,-0.001
79915,2014/02/26,,11,1,1311,65129010,NFX,NEWFIELD EXPLORATION CO,,NFX,211111,N,A,R,30044,0,1,1382,65129010,,,,,,,,,13.000,138.000,,,,,,,,,,,,,,,26.070,28.350,27.540,10616500.000,0.073266,27.530,27.540,136123.000,1.000,1.000,26.070,,0.073266,0.001,0.001,0.003,0.003,0.000
79915,2014/02/27,,11,1,1311,65129010,NFX,NEWFIELD EXPLORATION CO,,NFX,211111,N,A,R,30044,0,1,1382,65129010,,,,,,,,,13.000,138.000,,,,,,,,,,,,,,,26.810,27.740,27.350,4532900.000,-0.006899,27.350,27.360,136123.000,1.000,1.000,27.500,,-0.006899,0.005,0.005,0.006,0.006,0.005
79915,2014/02/28,,11,1,1311,65129010,NFX,NEWFIELD EXPLORATION CO,,NFX,211111,N,A,R,30044,0,1,1382,65129010,,,,,,,,0.000,13.000,138.000,,,,,,,,,,,,,,,27.410,28.215,28.190,4858700.000,0.030713,28.190,28.200,136317.000,1.000,1.000,27.410,,0.030713,0.002,0.002,-0.001,-0.001,0.003
79915,2014/03/03,,11,1,1311,65129010,NFX,NEWFIELD EXPLORATION CO,,NFX,211111,N,A,R,30044,0,1,1382,65129010,,,,,,,,,13.000,138.000,,,,,,,,,,,,,,,27.780,29.190,28.380,4250069.000,0.006740,28.380,28.390,136317.000,1.000,1.000,27.780,,0.006740,-0.007,-0.007,-0.004,-0.004,-0.007
79915,2014/03/04,,11,1,1311,65129010,NFX,NEWFIELD EXPLORATION CO,,NFX,211111,N,A,R,30044,0,1,1382,65129010,,,,,,,,,13.000,138.000,,,,,,,,,,,,,,,28.200,29.140,28.840,3582558.000,0.016209,28.830,28.840,136317.000,1.000,1.000,28.370,,0.016209,0.015,0.015,0.016,0.016,0.015
79915,2014/03/05,,11,1,1311,65129010,NFX,NEWFIELD EXPLORATION CO,,NFX,211111,N,A,R,30044,0,1,1382,65129010,,,,,,,,,13.000,138.000,,,,,,,,,,,,,,,28.500,29.200,28.670,2418992.000,-0.005895,28.670,28.680,136317.000,1.000,1.000,28.940,,-0.005895,0.000,0.000,0.002,0.002,-0.000
79915,2014/03/06,,11,1,1311,65129010,NFX,NEWFIELD EXPLORATION CO,,NFX,211111,N,A,R,30044,0,1,1382,65129010,,,,,,,,,13.000,138.000,,,,,,,,,,,,,,,28.470,29.000,28.730,2756177.000,0.002093,28.730,28.740,136317.000,1.000,1.000,28.640,,0.002093,0.002,0.002,0.002,0.002,0.002
79915,2014/03/07,,11,1,1311,65129010,NFX,NEWFIELD EXPLORATION CO,,NFX,211111,N,A,R,30044,0,1,1382,65129010,,,,,,,,,13.000,138.000,,,,,,,,,,,,,,,28.460,28.930,28.750,2156805.000,0.000696,28.740,28.750,136317.000,1.000,1.000,28.910,,0.000696,-0.001,-0.001,-0.002,-0.002,0.001
79915,2014/03/10,,11,1,1311,65129010,NFX,NEWFIELD EXPLORATION CO,,NFX,211111,N,A,R,30044,0,1,1382,65129010,,,,,,,,,13.000,138.000,,,,,,,,,,,,,,,27.920,28.680,28.620,2085168.000,-0.004522,28.610,28.620,136317.000,1.000,1.000,28.610,,-0.004522,-0.001,-0.001,-0.001,-0.001,-0.000
79915,2014/03/11,,11,1,1311,65129010,NFX,NEWFIELD EXPLORATION CO,,NFX,211111,N,A,R,30044,0,1,1382,65129010,,,,,,,,,13.000,138.000,,,,,,,,,,,,,,,27.832,28.880,28.100,2215105.000,-0.018169,28.100,28.110,136317.000,1.000,1.000,28.600,,-0.018169,-0.006,-0.006,-0.007,-0.007,-0.005
79915,2014/03/12,,11,1,1311,65129010,NFX,NEWFIELD EXPLORATION CO,,NFX,211111,N,A,R,30044,0,1,1382,65129010,,,,,,,,,13.000,138.000,,,,,,,,,,,,,,,27.620,28.370,28.130,2197149.000,0.001068,28.130,28.140,136317.000,1.000,1.000,27.850,,0.001068,0.001,0.001,0.001,0.001,0.000
79915,2014/03/13,,11,1,1311,65129010,NFX,NEWFIELD EXPLORATION CO,,NFX,211111,N,A,R,30044,0,1,1382,65129010,,,,,,,,,13.000,138.000,,,,,,,,,,,,,,,27.358,28.360,27.530,2926573.000,-0.021329,27.530,27.540,136317.000,1.000,1.000,28.260,,-0.021329,-0.011,-0.011,-0.009,-0.009,-0.012
79915,2014/03/14,,11,1,1311,65129010,NFX,NEWFIELD EXPLORATION CO,,NFX,211111,N,A,R,30044,0,1,1382,65129010,,,,,,,,,13.000,138.000,,,,,,,,,,,,,,,27.410,27.790,27.650,2239581.000,0.004359,27.640,27.650,136317.000,1.000,1.000,27.530,,0.004359,-0.001,-0.001,0.001,0.001,-0.003
79915,2014/03/17,,11,1,1311,65129010,NFX,NEWFIELD EXPLORATION CO,,NFX,211111,N,A,R,30044,0,1,1382,65129010,,,,,,,,,13.000,138.000,,,,,,,,,,,,,,,27.620,27.980,27.930,2114300.000,0.010127,27.910,27.920,136317.000,1.000,1.000,27.750,,0.010127,0.008,0.008,0.005,0.005,0.010
79915,2014/03/18,,11,1,1311,65129010,NFX,NEWFIELD EXPLORATION CO,,NFX,211111,N,A,R,30044,0,1,1382,65129010,,,,,,,,,13.000,138.000,,,,,,,,,,,,,,,27.860,28.670,28.620,2465612.000,0.024705,28.610,28.620,136317.000,1.000,1.000,27.990,,0.024705,0.008,0.008,0.009,0.009,0.007
79915,2014/03/19,,11,1,1311,65129010,NFX,NEWFIELD EXPLORATION CO,,NFX,211111,N,A,R,30044,0,1,1382,65129010,,,,,,,,,13.000,138.000,,,,,,,,,,,,,,,28.340,28.890,28.380,2456015.000,-0.008386,28.390,28.400,136317.000,1.000,1.000,28.670,,-0.008386,-0.007,-0.007,-0.005,-0.005,-0.006
79915,2014/03/20,,11,1,1311,65129010,NFX,NEWFIELD EXPLORATION CO,,NFX,211111,N,A,R,30044,0,1,1382,65129010,,,,,,,,,13.000,138.000,,,,,,,,,,,,,,,27.980,28.580,28.380,1918039.000,0.000000,28.380,28.390,136317.000,1.000,1.000,28.270,,0.000000,0.005,0.005,0.001,0.001,0.006
79915,2014/03/21,,11,1,1311,65129010,NFX,NEWFIELD EXPLORATION CO,,NFX,211111,N,A,R,30044,0,1,1382,65129010,,,,,,,,,13.000,138.000,,,,,,,,,,,,,,,28.525,30.240,30.080,6463022.000,0.059901,30.070,30.080,136317.000,1.000,1.000,28.610,,0.059901,-0.003,-0.003,-0.001,-0.001,-0.003
79915,2014/03/24,,11,1,1311,65129010,NFX,NEWFIELD EXPLORATION CO,,NFX,211111,N,A,R,30044,0,1,1382,65129010,,,,,,,,,13.000,138.000,,,,,,,,,,,,,,,29.530,30.260,30.010,3178288.000,-0.002327,30.020,30.030,136317.000,1.000,1.000,30.110,,-0.002327,-0.006,-0.006,-0.009,-0.009,-0.005
79915,2014/03/25,,11,1,1311,65129010,NFX,NEWFIELD EXPLORATION CO,,NFX,211111,N,A,R,30044,0,1,1382,65129010,,,,,,,,,13.000,138.000,,,,,,,,,,,,,,,30.290,31.310,30.890,4281052.000,0.029324,30.890,30.900,136317.000,1.000,1.000,30.290,,0.029324,0.003,0.003,0.001,0.001,0.004
79915,2014/03/26,,11,1,1311,65129010,NFX,NEWFIELD EXPLORATION CO,,NFX,211111,N,A,R,30044,0,1,1382,65129010,,,,,,,,,13.000,138.000,,,,,,,,,,,,,,,30.320,31.100,30.430,2624776.000,-0.014892,30.420,30.430,136317.000,1.000,1.000,31.050,,-0.014892,-0.008,-0.008,-0.012,-0.012,-0.007
79915,2014/03/27,,11,1,1311,65129010,NFX,NEWFIELD EXPLORATION CO,,NFX,211111,N,A,R,30044,0,1,1382,65129010,,,,,,,,,13.000,138.000,,,,,,,,,,,,,,,30.430,31.450,30.980,2803692.000,0.018074,30.990,31.000,136317.000,1.000,1.000,30.520,,0.018074,-0.001,-0.001,-0.001,-0.002,-0.002
79915,2014/03/28,,11,1,1311,65129010,NFX,NEWFIELD EXPLORATION CO,,NFX,211111,N,A,R,30044,0,1,1382,65129010,,,,,,,,,13.000,138.000,,,,,,,,,,,,,,,31.020,31.745,31.550,2113761.000,0.018399,31.530,31.540,136317.000,1.000,1.000,31.030,,0.018399,0.004,0.004,0.003,0.003,0.005
79915,2014/03/31,,11,1,1311,65129010,NFX,NEWFIELD EXPLORATION CO,,NFX,211111,N,A,R,30044,0,1,1382,65129010,,,,,,,,0.000,13.000,138.000,,,,,,,,,,,,,,,31.110,31.740,31.360,1878289.000,-0.006022,31.350,31.360,136348.000,1.000,1.000,31.740,,-0.006022,0.009,0.009,0.011,0.010,0.008
79915,2014/04/01,,11,1,1311,65129010,NFX,NEWFIELD EXPLORATION CO,,NFX,211111,N,A,R,30044,0,1,1382,65129010,,,,,,,,,13.000,138.000,,,,,,,,,,,,,,,30.940,31.570,31.360,2038062.000,0.000000,31.340,31.350,136348.000,1.000,1.000,31.430,,0.000000,0.008,0.008,0.009,0.009,0.007
79915,2014/04/02,,11,1,1311,65129010,NFX,NEWFIELD EXPLORATION CO,,NFX,211111,N,A,R,30044,0,1,1382,65129010,,,,,,,,,13.000,138.000,,,,,,,,,,,,,,,31.150,31.710,31.420,1938626.000,0.001913,31.410,31.420,136348.000,1.000,1.000,31.240,,0.001913,0.003,0.003,0.004,0.004,0.003
79915,2014/04/03,,11,1,1311,65129010,NFX,NEWFIELD EXPLORATION CO,,NFX,211111,N,A,R,30044,0,1,1382,65129010,,,,,,,,,13.000,138.000,,,,,,,,,,,,,,,31.800,32.790,32.330,4167801.000,0.028963,32.320,32.330,136348.000,1.000,1.000,31.930,,0.028963,-0.003,-0.003,-0.007,-0.007,-0.001
79915,2014/04/04,,11,1,1311,65129010,NFX,NEWFIELD EXPLORATION CO,,NFX,211111,N,A,R,30044,0,1,1382,65129010,,,,,,,,,13.000,138.000,,,,,,,,,,,,,,,32.140,32.830,32.250,2418824.000,-0.002475,32.250,32.260,136348.000,1.000,1.000,32.550,,-0.002475,-0.013,-0.013,-0.012,-0.012,-0.013
79915,2014/04/07,,11,1,1311,65129010,NFX,NEWFIELD EXPLORATION CO,,NFX,211111,N,A,R,30044,0,1,1382,65129010,,,,,,,,,13.000,138.000,,,,,,,,,,,,,,,31.860,32.390,32.130,3829666.000,-0.003721,32.120,32.130,136348.000,1.000,1.000,32.140,,-0.003721,-0.012,-0.012,-0.012,-0.012,-0.011
79915,2014/04/08,,11,1,1311,65129010,NFX,NEWFIELD EXPLORATION CO,,NFX,211111,N,A,R,30044,0,1,1382,65129010,,,,,,,,,13.000,138.000,,,,,,,,,,,,,,,31.823,32.690,32.190,3286961.000,0.001867,32.180,32.190,136348.000,1.000,1.000,32.170,,0.001867,0.005,0.005,0.006,0.006,0.004
79915,2014/04/09,,11,1,1311,65129010,NFX,NEWFIELD EXPLORATION CO,,NFX,211111,N,A,R,30044,0,1,1382,65129010,,,,,,,,,13.000,138.000,,,,,,,,,,,,,,,32.000,32.710,32.470,2008003.000,0.008698,32.470,32.480,136348.000,1.000,1.000,32.200,,0.008698,0.011,0.011,0.010,0.010,0.011
79915,2014/04/10,,11,1,1311,65129010,NFX,NEWFIELD EXPLORATION CO,,NFX,211111,N,A,R,30044,0,1,1382,65129010,,,,,,,,,13.000,138.000,,,,,,,,,,,,,,,31.855,32.740,32.080,2001944.000,-0.012011,32.060,32.070,136348.000,1.000,1.000,32.520,,-0.012011,-0.021,-0.021,-0.018,-0.018,-0.021
79915,2014/04/11,,11,1,1311,65129010,NFX,NEWFIELD EXPLORATION CO,,NFX,211111,N,A,R,30044,0,1,1382,65129010,,,,,,,,,13.000,138.000,,,,,,,,,,,,,,,31.920,32.310,32.040,2434335.000,-0.001247,32.030,32.040,136348.000,1.000,1.000,32.080,,-0.001247,-0.010,-0.010,-0.010,-0.010,-0.009
79915,2014/04/14,,11,1,1311,65129010,NFX,NEWFIELD EXPLORATION CO,,NFX,211111,N,A,R,30044,0,1,1382,65129010,,,,,,,,,13.000,138.000,,,,,,,,,,,,,,,32.080,32.860,32.520,1770468.000,0.014981,32.500,32.510,136348.000,1.000,1.000,32.320,,0.014981,0.007,0.007,0.000,0.000,0.008
79915,2014/04/15,,11,1,1311,65129010,NFX,NEWFIELD EXPLORATION CO,,NFX,211111,N,A,R,30044,0,1,1382,65129010,,,,,,,,,13.000,138.000,,,,,,,,,,,,,,,32.060,32.790,32.760,2200974.000,0.007380,32.760,32.770,136348.000,1.000,1.000,32.420,,0.007380,0.005,0.005,-0.002,-0.002,0.007
79915,2014/04/16,,11,1,1311,65129010,NFX,NEWFIELD EXPLORATION CO,,NFX,211111,N,A,R,30044,0,1,1382,65129010,,,,,,,,,13.000,138.000,,,,,,,,,,,,,,,32.860,33.370,32.950,2529177.000,0.005800,32.940,32.950,136348.000,1.000,1.000,32.970,,0.005800,0.011,0.011,0.009,0.009,0.010
79915,2014/04/17,,11,1,1311,65129010,NFX,NEWFIELD EXPLORATION CO,,NFX,211111,N,A,R,30044,0,1,1382,65129010,,,,,,,,,13.000,138.000,,,,,,,,,,,,,,,32.870,33.460,33.260,1705388.000,0.009408,33.250,33.260,136348.000,1.000,1.000,32.910,,0.009408,0.002,0.002,0.004,0.004,0.001
79915,2014/04/21,,11,1,1311,65129010,NFX,NEWFIELD EXPLORATION CO,,NFX,211111,N,A,R,30044,0,1,1382,65129010,,,,,,,,,13.000,138.000,,,,,,,,,,,,,,,32.440,33.358,32.660,3836511.000,-0.018040,32.650,32.660,136348.000,1.000,1.000,33.140,,-0.018040,0.003,0.003,0.004,0.004,0.004
79915,2014/04/22,,11,1,1311,65129010,NFX,NEWFIELD EXPLORATION CO,,NFX,211111,N,A,R,30044,0,1,1382,65129010,,,,,,,,,13.000,138.000,,,,,,,,,,,,,,,31.950,32.850,32.610,2953208.000,-0.001531,32.600,32.610,136348.000,1.000,1.000,32.560,,-0.001531,0.006,0.006,0.008,0.008,0.004
79915,2014/04/23,,11,1,1311,65129010,NFX,NEWFIELD EXPLORATION CO,,NFX,211111,N,A,R,30044,0,1,1382,65129010,,,,,,,,,13.000,138.000,,,,,,,,,,,,,,,32.270,32.905,32.820,2662760.000,0.006440,32.810,32.820,136348.000,1.000,1.000,32.750,,0.006440,-0.003,-0.003,-0.004,-0.004,-0.002
79915,2014/04/24,,11,1,1311,65129010,NFX,NEWFIELD EXPLORATION CO,,NFX,211111,N,A,R,30044,0,1,1382,65129010,,,,,,,,,13.000,138.000,,,,,,,,,,,,,,,32.850,33.395,32.960,1976395.000,0.004266,32.960,32.970,136348.000,1.000,1.000,32.990,,0.004266,0.001,0.001,-0.001,-0.001,0.002
79915,2014/04/25,,11,1,1311,65129010,NFX,NEWFIELD EXPLORATION CO,,NFX,211111,N,A,R,30044,0,1,1382,65129010,,,,,,,,,13.000,138.000,,,,,,,,,,,,,,,31.630,32.770,31.750,2981114.000,-0.036711,31.750,31.760,136348.000,1.000,1.000,32.770,,-0.036711,-0.009,-0.009,-0.012,-0.012,-0.008
79915,2014/04/28,,11,1,1311,65129010,NFX,NEWFIELD EXPLORATION CO,,NFX,211111,N,A,R,30044,0,1,1382,65129010,,,,,,,,,13.000,138.000,,,,,,,,,,,,,,,31.300,31.980,31.830,2467650.000,0.002520,31.820,31.830,136348.000,1.000,1.000,31.960,,0.002520,0.001,0.001,-0.004,-0.004,0.003
79915,2014/04/29,,11,1,1311,65129010,NFX,NEWFIELD EXPLORATION CO,,NFX,211111,N,A,R,30044,0,1,1382,65129010,,,,,,,,,13.000,138.000,,,,,,,,,,,,,,,31.850,32.539,32.240,3078782.000,0.012881,32.240,32.250,136348.000,1.000,1.000,31.980,,0.012881,0.006,0.006,0.003,0.003,0.005
79915,2014/04/30,,11,1,1311,65129010,NFX,NEWFIELD EXPLORATION CO,,NFX,211111,N,A,R,30044,0,1,1382,65129010,,,,,,,,0.000,13.000,138.000,,,,,,,,,,,,,,,31.021,34.020,33.850,6075073.000,0.049938,33.830,33.840,136340.000,1.000,1.000,32.210,,0.049938,0.003,0.003,0.003,0.003,0.003
79915,2014/05/01,,11,1,1311,65129010,NFX,NEWFIELD EXPLORATION CO,,NFX,211111,N,A,R,30044,0,1,1382,65129010,,,,,,,,,13.000,138.000,,,,,,,,,,,,,,,33.260,34.460,33.560,4552780.000,-0.008567,33.540,33.550,136340.000,1.000,1.000,34.000,,-0.008567,0.001,0.001,0.001,0.001,-0.000
79915,2014/05/02,,11,1,1311,65129010,NFX,NEWFIELD EXPLORATION CO,,NFX,211111,N,A,R,30044,0,1,1382,65129010,,,,,,,,,13.000,138.000,,,,,,,,,,,,,,,33.480,34.140,33.730,2442710.000,0.005065,33.730,33.740,136340.000,1.000,1.000,33.580,,0.005065,-0.000,-0.000,0.001,0.001,-0.001
79915,2014/05/05,,11,1,1311,65129010,NFX,NEWFIELD EXPLORATION CO,,NFX,211111,N,A,R,30044,0,1,1382,65129010,,,,,,,,,13.000,138.000,,,,,,,,,,,,,,,33.370,34.000,33.590,2070324.000,-0.004151,33.580,33.590,136340.000,1.000,1.000,33.630,,-0.004151,0.001,0.001,-0.000,-0.000,0.002
79915,2014/05/06,,11,1,1311,65129010,NFX,NEWFIELD EXPLORATION CO,,NFX,211111,N,A,R,30044,0,1,1382,65129010,,,,,,,,,13.000,138.000,,,,,,,,,,,,,,,33.560,34.217,33.930,1955483.000,0.010122,33.920,33.930,136340.000,1.000,1.000,33.610,,0.010122,-0.009,-0.009,-0.009,-0.009,-0.009
79915,2014/05/07,,11,1,1311,65129010,NFX,NEWFIELD EXPLORATION CO,,NFX,211111,N,A,R,30044,0,1,1382,65129010,,,,,,,,,13.000,138.000,,,,,,,,,,,,,,,33.480,34.580,34.570,3273667.000,0.018862,34.560,34.570,136340.000,1.000,1.000,34.170,,0.018862,0.004,0.004,-0.003,-0.003,0.006
79915,2014/05/08,,11,1,1311,65129010,NFX,NEWFIELD EXPLORATION CO,,NFX,211111,N,A,R,30044,0,1,1382,65129010,,,,,,,,,13.000,138.000,,,,,,,,,,,,,,,33.500,34.620,33.690,2100358.000,-0.025456,33.670,33.680,136340.000,1.000,1.000,34.390,,-0.025456,-0.003,-0.003,-0.007,-0.007,-0.001
79915,2014/05/09,,11,1,1311,65129010,NFX,NEWFIELD EXPLORATION CO,,NFX,211111,N,A,R,30044,0,1,1382,65129010,,,,,,,,,13.000,138.000,,,,,,,,,,,,,,,33.460,33.790,33.750,1196881.000,0.001781,33.730,33.740,136340.000,1.000,1.000,33.600,,0.001781,0.002,0.001,0.003,0.003,0.002
79915,2014/05/12,,11,1,1311,65129010,NFX,NEWFIELD EXPLORATION CO,,NFX,211111,N,A,R,30044,0,1,1382,65129010,,,,,,,,,13.000,138.000,,,,,,,,,,,,,,,33.640,34.370,33.750,1262932.000,0.000000,33.740,33.750,136340.000,1.000,1.000,33.970,,0.000000,0.011,0.011,0.015,0.015,0.010
79915,2014/05/13,,11,1,1311,65129010,NFX,NEWFIELD EXPLORATION CO,,NFX,211111,N,A,R,30044,0,1,1382,65129010,,,,,,,,,13.000,138.000,,,,,,,,,,,,,,,33.570,34.080,33.910,1176360.000,0.004741,33.900,33.910,136340.000,1.000,1.000,33.750,,0.004741,-0.001,-0.001,-0.003,-0.003,0.000
79915,2014/05/14,,11,1,1311,65129010,NFX,NEWFIELD EXPLORATION CO,,NFX,211111,N,A,R,30044,0,1,1382,65129010,,,,,,,,,13.000,138.000,,,,,,,,,,,,,,,33.810,34.400,34.160,2191505.000,0.007372,34.150,34.160,136340.000,1.000,1.000,34.050,,0.007372,-0.005,-0.005,-0.007,-0.007,-0.005
79915,2014/05/15,,11,1,1311,65129010,NFX,NEWFIELD EXPLORATION CO,,NFX,211111,N,A,R,30044,0,1,1382,65129010,,,,,,,,,13.000,138.000,,,,,,,,,,,,,,,33.100,34.140,33.370,3258920.000,-0.023126,33.360,33.370,136340.000,1.000,1.000,33.960,,-0.023126,-0.008,-0.009,-0.007,-0.007,-0.009
79915,2014/05/16,,11,1,1311,65129010,NFX,NEWFIELD EXPLORATION CO,,NFX,211111,N,A,R,30044,0,1,1382,65129010,,,,,,,,,13.000,138.000,,,,,,,,,,,,,,,32.720,34.160,33.970,3203255.000,0.017980,33.970,33.980,136340.000,1.000,1.000,33.290,,0.017980,0.003,0.003,0.003,0.003,0.004
79915,2014/05/19,,11,1,1311,65129010,NFX,NEWFIELD EXPLORATION CO,,NFX,211111,N,A,R,30044,0,1,1382,65129010,,,,,,,,,13.000,138.000,,,,,,,,,,,,,,,33.680,34.510,34.430,1971929.000,0.013541,34.430,34.440,136340.000,1.000,1.000,33.950,,0.013541,0.004,0.004,0.006,0.006,0.004
79915,2014/05/20,,11,1,1311,65129010,NFX,NEWFIELD EXPLORATION CO,,NFX,211111,N,A,R,30044,0,1,1382,65129010,,,,,,,,,13.000,138.000,,,,,,,,,,,,,,,34.260,35.200,34.960,3210790.000,0.015394,34.960,34.970,136340.000,1.000,1.000,34.280,,0.015394,-0.007,-0.007,-0.008,-0.008,-0.006
79915,2014/05/21,,11,1,1311,65129010,NFX,NEWFIELD EXPLORATION CO,,NFX,211111,N,A,R,30044,0,1,1382,65129010,,,,,,,,,13.000,138.000,,,,,,,,,,,,,,,35.120,35.885,35.660,2468903.000,0.020023,35.650,35.660,136340.000,1.000,1.000,35.150,,0.020023,0.007,0.007,0.004,0.004,0.008
79915,2014/05/22,,11,1,1311,65129010,NFX,NEWFIELD EXPLORATION CO,,NFX,211111,N,A,R,30044,0,1,1382,65129010,,,,,,,,,13.000,138.000,,,,,,,,,,,,,,,35.380,35.900,35.600,1468516.000,-0.001683,35.590,35.600,136340.000,1.000,1.000,35.670,,-0.001683,0.003,0.003,0.006,0.006,0.002
79915,2014/05/23,,11,1,1311,65129010,NFX,NEWFIELD EXPLORATION CO,,NFX,211111,N,A,R,30044,0,1,1382,65129010,,,,,,,,,13.000,138.000,,,,,,,,,,,,,,,35.405,35.800,35.440,1038956.000,-0.004494,35.420,35.430,136340.000,1.000,1.000,35.630,,-0.004494,0.005,0.005,0.007,0.007,0.004
79915,2014/05/27,,11,1,1311,65129010,NFX,NEWFIELD EXPLORATION CO,,NFX,211111,N,A,R,30044,0,1,1382,65129010,,,,,,,,,13.000,138.000,,,,,,,,,,,,,,,35.320,36.230,35.910,1868470.000,0.013262,35.910,35.920,136340.000,1.000,1.000,35.470,,0.013262,0.006,0.006,0.007,0.007,0.006
79915,2014/05/28,,11,1,1311,65129010,NFX,NEWFIELD EXPLORATION CO,,NFX,211111,N,A,R,30044,0,1,1382,65129010,,,,,,,,,13.000,138.000,,,,,,,,,,,,,,,35.620,36.230,35.950,1743588.000,0.001114,35.950,35.960,136340.000,1.000,1.000,36.070,,0.001114,-0.001,-0.001,-0.000,-0.001,-0.001
79915,2014/05/29,,11,1,1311,65129010,NFX,NEWFIELD EXPLORATION CO,,NFX,211111,N,A,R,30044,0,1,1382,65129010,,,,,,,,,13.000,138.000,,,,,,,,,,,,,,,35.700,36.770,36.730,1666683.000,0.021697,36.720,36.730,136340.000,1.000,1.000,36.050,,0.021697,0.005,0.005,0.004,0.004,0.005
79915,2014/05/30,,11,1,1311,65129010,NFX,NEWFIELD EXPLORATION CO,,NFX,211111,N,A,R,30044,0,1,1382,65129010,,,,,,,,0.000,13.000,138.000,,,,,,,,,,,,,,,36.090,36.700,36.480,1696312.000,-0.006806,36.470,36.480,136340.000,1.000,1.000,36.530,,-0.006806,0.001,0.001,-0.002,-0.002,0.002
79915,2014/06/02,,11,1,1311,65129010,NFX,NEWFIELD EXPLORATION CO,,NFX,211111,N,A,R,30044,0,1,1382,65129010,,,,,,,,,13.000,138.000,,,,,,,,,,,,,,,36.400,36.975,36.560,1843356.000,0.002193,36.550,36.560,136340.000,1.000,1.000,36.550,,0.002193,0.001,0.001,-0.003,-0.003,0.001
79915,2014/06/03,,11,1,1311,65129010,NFX,NEWFIELD EXPLORATION CO,,NFX,211111,N,A,R,30044,0,1,1382,65129010,,,,,,,,,13.000,138.000,,,,,,,,,,,,,,,36.190,36.660,36.620,1128267.000,0.001641,36.620,36.630,136340.000,1.000,1.000,36.520,,0.001641,-0.000,-0.000,-0.002,-0.002,-0.000
79915,2014/06/04,,11,1,1311,65129010,NFX,NEWFIELD EXPLORATION CO,,NFX,211111,N,A,R,30044,0,1,1382,65129010,,,,,,,,,13.000,138.000,,,,,,,,,,,,,,,36.400,36.930,36.650,1159177.000,0.000819,36.640,36.650,136340.000,1.000,1.000,36.620,,0.000819,0.003,0.002,0.003,0.002,0.002
79915,2014/06/05,,11,1,1311,65129010,NFX,NEWFIELD EXPLORATION CO,,NFX,211111,N,A,R,30044,0,1,1382,65129010,,,,,,,,,13.000,138.000,,,,,,,,,,,,,,,36.340,36.790,36.680,1284704.000,0.000819,36.670,36.680,136340.000,1.000,1.000,36.610,,0.000819,0.007,0.007,0.011,0.011,0.007
79915,2014/06/06,,11,1,1311,65129010,NFX,NEWFIELD EXPLORATION CO,,NFX,211111,N,A,R,30044,0,1,1382,65129010,,,,,,,,,13.000,138.000,,,,,,,,,,,,,,,36.730,37.420,37.280,1559856.000,0.016358,37.260,37.270,136340.000,1.000,1.000,36.770,,0.016358,0.005,0.005,0.007,0.007,0.005
79915,2014/06/09,,11,1,1311,65129010,NFX,NEWFIELD EXPLORATION CO,,NFX,211111,N,A,R,30044,0,1,1382,65129010,,,,,,,,,13.000,138.000,,,,,,,,,,,,,,,37.500,38.920,38.070,2606757.000,0.021191,38.060,38.070,136340.000,1.000,1.000,37.540,,0.021191,0.002,0.002,0.006,0.006,0.001
79915,2014/06/10,,11,1,1311,65129010,NFX,NEWFIELD EXPLORATION CO,,NFX,211111,N,A,R,30044,0,1,1382,65129010,,,,,,,,,13.000,138.000,,,,,,,,,,,,,,,37.810,38.480,38.270,2055875.000,0.005254,38.260,38.270,136340.000,1.000,1.000,37.940,,0.005254,-0.000,-0.000,0.001,0.001,-0.000
79915,2014/06/11,,11,1,1311,65129010,NFX,NEWFIELD EXPLORATION CO,,NFX,211111,N,A,R,30044,0,1,1382,65129010,,,,,,,,,13.000,138.000,,,,,,,,,,,,,,,37.920,39.010,38.930,1757768.000,0.017246,38.920,38.930,136340.000,1.000,1.000,38.050,,0.017246,-0.003,-0.003,-0.001,-0.002,-0.004
79915,2014/06/12,,11,1,1311,65129010,NFX,NEWFIELD EXPLORATION CO,,NFX,211111,N,A,R,30044,0,1,1382,65129010,,,,,,,,,13.000,138.000,,,,,,,,,,,,,,,38.780,39.980,39.270,4243225.000,0.008734,39.290,39.300,136340.000,1.000,1.000,39.230,,0.008734,-0.006,-0.006,-0.002,-0.003,-0.007
79915,2014/06/13,,11,1,1311,65129010,NFX,NEWFIELD EXPLORATION CO,,NFX,211111,N,A,R,30044,0,1,1382,65129010,,,,,,,,,13.000,138.000,,,,,,,,,,,,,,,38.930,40.490,40.450,3630150.000,0.030048,40.440,40.450,136340.000,1.000,1.000,39.310,,0.030048,0.003,0.003,0.002,0.002,0.003
79915,2014/06/16,,11,1,1311,65129010,NFX,NEWFIELD EXPLORATION CO,,NFX,211111,N,A,R,30044,0,1,1382,65129010,,,,,,,,,13.000,138.000,,,,,,,,,,,,,,,40.270,41.670,41.600,4489505.000,0.028430,41.590,41.600,136340.000,1.000,1.000,40.630,,0.028430,0.001,0.001,0.002,0.002,0.001
79915,2014/06/17,,11,1,1311,65129010,NFX,NEWFIELD EXPLORATION CO,,NFX,211111,N,A,R,30044,0,1,1382,65129010,,,,,,,,,13.000,138.000,,,,,,,,,,,,,,,41.020,42.050,41.720,2773062.000,0.002885,41.710,41.720,136340.000,1.000,1.000,41.500,,0.002885,0.003,0.003,0.005,0.005,0.002
79915,2014/06/18,,11,1,1311,65129010,NFX,NEWFIELD EXPLORATION CO,,NFX,211111,N,A,R,30044,0,1,1382,65129010,,,,,,,,,13.000,138.000,,,,,,,,,,,,,,,41.630,42.880,42.830,2990774.000,0.026606,42.820,42.830,136340.000,1.000,1.000,41.750,,0.026606,0.007,0.007,0.005,0.005,0.008
79915,2014/06/19,,11,1,1311,65129010,NFX,NEWFIELD EXPLORATION CO,,NFX,211111,N,A,R,30044,0,1,1382,65129010,,,,,,,,,13.000,138.000,,,,,,,,,,,,,,,42.290,43.060,42.740,3430961.000,-0.002101,42.730,42.740,136340.000,1.000,1.000,42.840,,-0.002101,0.002,0.002,0.002,0.002,0.001
79915,2014/06/20,,11,1,1311,65129010,NFX,NEWFIELD EXPLORATION CO,,NFX,211111,N,A,R,30044,0,1,1382,65129010,,,,,,,,,13.000,138.000,,,,,,,,,,,,,,,42.640,43.330,43.230,4907384.000,0.011465,43.230,43.240,136340.000,1.000,1.000,42.900,,0.011465,0.002,0.002,0.001,0.001,0.002
79915,2014/06/23,,11,1,1311,65129010,NFX,NEWFIELD EXPLORATION CO,,NFX,211111,N,A,R,30044,0,1,1382,65129010,,,,,,,,,13.000,138.000,,,,,,,,,,,,,,,43.240,44.010,43.600,3687718.000,0.008559,43.590,43.600,136340.000,1.000,1.000,43.310,,0.008559,0.000,0.000,-0.000,-0.001,-0.000
79915,2014/06/24,,11,1,1311,65129010,NFX,NEWFIELD EXPLORATION CO,,NFX,211111,N,A,R,30044,0,1,1382,65129010,,,,,,,,,13.000,138.000,,,,,,,,,,,,,,,42.070,43.310,42.270,4463279.000,-0.030505,42.260,42.270,136340.000,1.000,1.000,43.000,,-0.030505,-0.007,-0.007,-0.007,-0.007,-0.006
79915,2014/06/25,,11,1,1311,65129010,NFX,NEWFIELD EXPLORATION CO,,NFX,211111,N,A,R,30044,0,1,1382,65129010,,,,,,,,,13.000,138.000,,,,,,,,,,,,,,,42.200,43.940,43.700,3005178.000,0.033830,43.690,43.700,136340.000,1.000,1.000,42.210,,0.033830,0.005,0.005,0.004,0.004,0.005
79915,2014/06/26,,11,1,1311,65129010,NFX,NEWFIELD EXPLORATION CO,,NFX,211111,N,A,R,30044,0,1,1382,65129010,,,,,,,,,13.000,138.000,,,,,,,,,,,,,,,42.840,43.670,43.660,1482297.000,-0.000915,43.660,43.670,136340.000,1.000,1.000,43.490,,-0.000915,-0.001,-0.001,0.000,0.000,-0.001
79915,2014/06/27,,11,1,1311,65129010,NFX,NEWFIELD EXPLORATION CO,,NFX,211111,N,A,R,30044,0,1,1382,65129010,,,,,,,,,13.000,138.000,,,,,,,,,,,,,,,43.120,43.770,43.530,2114933.000,-0.002978,43.520,43.520,136340.000,1.000,1.000,43.490,,-0.002978,0.003,0.003,0.005,0.005,0.002
79915,2014/06/30,,11,1,1311,65129010,NFX,NEWFIELD EXPLORATION CO,,NFX,211111,N,A,R,30044,0,1,1382,65129010,,,,,,,,0.000,13.000,138.000,,,,,,,,,,,,,,,43.500,44.255,44.200,1885569.000,0.015392,44.190,44.200,136340.000,1.000,1.000,43.540,,0.015392,0.001,0.001,0.003,0.003,-0.000
79915,2014/07/01,,11,1,1311,65129010,NFX,NEWFIELD EXPLORATION CO,,NFX,211111,N,A,R,30044,0,1,1382,65129010,,,,,,,,,13.000,138.000,,,,,,,,,,,,,,,43.630,44.400,43.890,1713013.000,-0.007014,43.890,43.910,136340.000,1.000,1.000,44.210,,-0.007014,0.007,0.007,0.007,0.007,0.007
79915,2014/07/02,,11,1,1311,65129010,NFX,NEWFIELD EXPLORATION CO,,NFX,211111,N,A,R,30044,0,1,1382,65129010,,,,,,,,,13.000,138.000,,,,,,,,,,,,,,,43.370,44.240,43.780,1648497.000,-0.002506,43.770,43.780,136340.000,1.000,1.000,43.970,,-0.002506,-0.000,-0.000,-0.001,-0.001,0.001
79915,2014/07/03,,11,1,1311,65129010,NFX,NEWFIELD EXPLORATION CO,,NFX,211111,N,A,R,30044,0,1,1382,65129010,,,,,,,,,13.000,138.000,,,,,,,,,,,,,,,43.020,43.770,43.590,1233529.000,-0.004340,43.610,43.620,136340.000,1.000,1.000,43.130,,-0.004340,0.005,0.005,0.004,0.004,0.005
79915,2014/07/07,,11,1,1311,65129010,NFX,NEWFIELD EXPLORATION CO,,NFX,211111,N,A,R,30044,0,1,1382,65129010,,,,,,,,,13.000,138.000,,,,,,,,,,,,,,,43.030,43.660,43.090,1191720.000,-0.011471,43.070,43.080,136340.000,1.000,1.000,43.500,,-0.011471,-0.006,-0.006,-0.010,-0.010,-0.004
79915,2014/07/08,,11,1,1311,65129010,NFX,NEWFIELD EXPLORATION CO,,NFX,211111,N,A,R,30044,0,1,1382,65129010,,,,,,,,,13.000,138.000,,,,,,,,,,,,,,,42.730,43.760,43.540,2380027.000,0.010443,43.540,43.550,136340.000,1.000,1.000,42.950,,0.010443,-0.007,-0.008,-0.010,-0.010,-0.007
79915,2014/07/09,,11,1,1311,65129010,NFX,NEWFIELD EXPLORATION CO,,NFX,211111,N,A,R,30044,0,1,1382,65129010,,,,,,,,,13.000,138.000,,,,,,,,,,,,,,,43.050,43.800,43.710,2050284.000,0.003904,43.700,43.710,136340.000,1.000,1.000,43.520,,0.003904,0.004,0.004,0.002,0.002,0.005
79915,2014/07/10,,11,1,1311,65129010,NFX,NEWFIELD EXPLORATION CO,,NFX,211111,N,A,R,30044,0,1,1382,65129010,,,,,,,,,13.000,138.000,,,,,,,,,,,,,,,42.610,43.540,43.060,1718790.000,-0.014871,43.060,43.070,136340.000,1.000,1.000,43.220,,-0.014871,-0.005,-0.005,-0.007,-0.007,-0.004
79915,2014/07/11,,11,1,1311,65129010,NFX,NEWFIELD EXPLORATION CO,,NFX,211111,N,A,R,30044,0,1,1382,65129010,,,,,,,,,13.000,138.000,,,,,,,,,,,,,,,41.570,43.150,41.920,3323734.000,-0.026475,41.910,41.920,136340.000,1.000,1.000,43.120,,-0.026475,0.001,0.001,0.001,0.000,0.001
79915,2014/07/14,,11,1,1311,65129010,NFX,NEWFIELD EXPLORATION CO,,NFX,211111,N,A,R,30044,0,1,1382,65129010,,,,,,,,,13.000,138.000,,,,,,,,,,,,,,,41.760,42.870,42.330,2461445.000,0.009781,42.330,42.340,136340.000,1.000,1.000,42.200,,0.009781,0.005,0.005,0.004,0.004,0.005
79915,2014/07/15,,11,1,1311,65129010,NFX,NEWFIELD EXPLORATION CO,,NFX,211111,N,A,R,30044,0,1,1382,65129010,,,,,,,,,13.000,138.000,,,,,,,,,,,,,,,40.960,42.400,41.470,2315989.000,-0.020317,41.450,41.460,136340.000,1.000,1.000,42.120,,-0.020317,-0.003,-0.003,-0.007,-0.007,-0.002
79915,2014/07/16,,11,1,1311,65129010,NFX,NEWFIELD EXPLORATION CO,,NFX,211111,N,A,R,30044,0,1,1382,65129010,,,,,,,,,13.000,138.000,,,,,,,,,,,,,,,41.770,42.780,42.680,2096779.000,0.029178,42.660,42.670,136340.000,1.000,1.000,41.820,,0.029178,0.004,0.004,0.001,0.001,0.004
79915,2014/07/17,,11,1,1311,65129010,NFX,NEWFIELD EXPLORATION CO,,NFX,211111,N,A,R,30044,0,1,1382,65129010,,,,,,,,,13.000,138.000,,,,,,,,,,,,,,,43.390,44.600,43.550,5654732.000,0.020384,43.550,43.560,136340.000,1.000,1.000,44.060,,0.020384,-0.011,-0.011,-0.011,-0.011,-0.012
79915,2014/07/18,,11,1,1311,65129010,NFX,NEWFIELD EXPLORATION CO,,NFX,211111,N,A,R,30044,0,1,1382,65129010,,,,,,,,,13.000,138.000,,,,,,,,,,,,,,,42.540,44.320,44.130,2448232.000,0.013318,44.130,44.140,136340.000,1.000,1.000,43.330,,0.013318,0.010,0.010,0.010,0.010,0.010
79915,2014/07/21,,11,1,1311,65129010,NFX,NEWFIELD EXPLORATION CO,,NFX,211111,N,A,R,30044,0,1,1382,65129010,,,,,,,,,13.000,138.000,,,,,,,,,,,,,,,43.810,44.630,44.480,1177376.000,0.007931,44.490,44.500,136340.000,1.000,1.000,44.000,,0.007931,-0.002,-0.002,-0.002,-0.002,-0.002
79915,2014/07/22,,11,1,1311,65129010,NFX,NEWFIELD EXPLORATION CO,,NFX,211111,N,A,R,30044,0,1,1382,65129010,,,,,,,,,13.000,138.000,,,,,,,,,,,,,,,44.400,45.000,44.820,1919545.000,0.007644,44.830,44.840,136340.000,1.000,1.000,44.710,,0.007644,0.005,0.005,0.006,0.006,0.005
79915,2014/07/23,,11,1,1311,65129010,NFX,NEWFIELD EXPLORATION CO,,NFX,211111,N,A,R,30044,0,1,1382,65129010,,,,,,,,,13.000,138.000,,,,,,,,,,,,,,,44.420,45.045,44.920,1524890.000,0.002231,44.930,44.940,136340.000,1.000,1.000,44.900,,0.002231,0.002,0.002,0.001,0.001,0.002
79915,2014/07/24,,11,1,1311,65129010,NFX,NEWFIELD EXPLORATION CO,,NFX,211111,N,A,R,30044,0,1,1382,65129010,,,,,,,,,13.000,138.000,,,,,,,,,,,,,,,44.830,45.430,44.980,910303.000,0.001336,44.980,44.990,136340.000,1.000,1.000,45.080,,0.001336,0.000,0.000,-0.001,-0.001,0.000
79915,2014/07/25,,11,1,1311,65129010,NFX,NEWFIELD EXPLORATION CO,,NFX,211111,N,A,R,30044,0,1,1382,65129010,,,,,,,,,13.000,138.000,,,,,,,,,,,,,,,44.050,44.840,44.640,973227.000,-0.007559,44.630,44.640,136340.000,1.000,1.000,44.730,,-0.007559,-0.005,-0.005,-0.004,-0.004,-0.005
79915,2014/07/28,,11,1,1311,65129010,NFX,NEWFIELD EXPLORATION CO,,NFX,211111,N,A,R,30044,0,1,1382,65129010,,,,,,,,,13.000,138.000,,,,,,,,,,,,,,,43.720,44.920,44.000,1965732.000,-0.014337,43.980,43.990,136340.000,1.000,1.000,44.640,,-0.014337,-0.001,-0.001,-0.003,-0.003,0.000
79915,2014/07/29,,11,1,1311,65129010,NFX,NEWFIELD EXPLORATION CO,,NFX,211111,N,A,R,30044,0,1,1382,65129010,,,,,,,,,13.000,138.000,,,,,,,,,,,,,,,43.430,44.140,43.470,3767609.000,-0.012045,43.480,43.490,136340.000,1.000,1.000,43.810,,-0.012045,-0.004,-0.004,-0.001,-0.001,-0.005
79915,2014/07/30,,11,1,1311,65129010,NFX,NEWFIELD EXPLORATION CO,,NFX,211111,N,A,R,30044,0,1,1382,65129010,,,,,,,,,13.000,138.000,,,,,,,,,,,,,,,40.470,42.900,41.480,8544345.000,-0.045779,41.470,41.480,136340.000,1.000,1.000,42.700,,-0.045779,0.001,0.000,0.001,0.001,0.000
79915,2014/07/31,,11,1,1311,65129010,NFX,NEWFIELD EXPLORATION CO,,NFX,211111,N,A,R,30044,0,1,1382,65129010,,,,,,,,0.000,13.000,138.000,,,,,,,,,,,,,,,40.300,41.260,40.300,2711647.000,-0.028447,40.310,40.320,136653.000,1.000,1.000,41.260,,-0.028447,-0.019,-0.019,-0.016,-0.016,-0.020
79915,2014/08/01,,11,1,1311,65129010,NFX,NEWFIELD EXPLORATION CO,,NFX,211111,N,A,R,30044,0,1,1382,65129010,,,,,,,,,13.000,138.000,,,,,,,,,,,,,,,38.800,40.090,39.330,3585863.000,-0.024069,39.320,39.330,136653.000,1.000,1.000,39.960,,-0.024069,-0.003,-0.003,-0.004,-0.004,-0.003
79915,2014/08/04,,11,1,1311,65129010,NFX,NEWFIELD EXPLORATION CO,,NFX,211111,N,A,R,30044,0,1,1382,65129010,,,,,,,,,13.000,138.000,,,,,,,,,,,,,,,39.190,40.450,40.250,2479881.000,0.023392,40.240,40.250,136653.000,1.000,1.000,39.290,,0.023392,0.007,0.007,0.005,0.005,0.007
79915,2014/08/05,,11,1,1311,65129010,NFX,NEWFIELD EXPLORATION CO,,NFX,211111,N,A,R,30044,0,1,1382,65129010,,,,,,,,,13.000,138.000,,,,,,,,,,,,,,,39.130,40.060,39.790,2479634.000,-0.011429,39.790,39.800,136653.000,1.000,1.000,39.900,,-0.011429,-0.009,-0.009,-0.005,-0.005,-0.010
79915,2014/08/06,,11,1,1311,65129010,NFX,NEWFIELD EXPLORATION CO,,NFX,211111,N,A,R,30044,0,1,1382,65129010,,,,,,,,,13.000,138.000,,,,,,,,,,,,,,,39.650,40.830,39.690,2403879.000,-0.002513,39.680,39.690,136653.000,1.000,1.000,39.860,,-0.002513,0.000,0.000,0.002,0.002,0.000
79915,2014/08/07,,11,1,1311,65129010,NFX,NEWFIELD EXPLORATION CO,,NFX,211111,N,A,R,30044,0,1,1382,65129010,,,,,,,,,13.000,138.000,,,,,,,,,,,,,,,39.510,40.140,39.900,1581173.000,0.005291,39.900,39.910,136653.000,1.000,1.000,39.870,,0.005291,-0.005,-0.005,-0.004,-0.004,-0.006
79915,2014/08/08,,11,1,1311,65129010,NFX,NEWFIELD EXPLORATION CO,,NFX,211111,N,A,R,30044,0,1,1382,65129010,,,,,,,,,13.000,138.000,,,,,,,,,,,,,,,39.990,40.950,40.810,1417480.000,0.022807,40.810,40.820,136653.000,1.000,1.000,39.990,,0.022807,0.010,0.010,0.007,0.007,0.012
79915,2014/08/11,,11,1,1311,65129010,NFX,NEWFIELD EXPLORATION CO,,NFX,211111,N,A,R,30044,0,1,1382,65129010,,,,,,,,,13.000,138.000,,,,,,,,,,,,,,,40.270,41.080,40.350,1710733.000,-0.011272,40.350,40.360,136653.000,1.000,1.000,40.900,,-0.011272,0.005,0.005,0.008,0.008,0.003
79915,2014/08/12,,11,1,1311,65129010,NFX,NEWFIELD EXPLORATION CO,,NFX,211111,N,A,R,30044,0,1,1382,65129010,,,,,,,,,13.000,138.000,,,,,,,,,,,,,,,39.240,40.560,39.640,1796244.000,-0.017596,39.630,39.640,136653.000,1.000,1.000,40.100,,-0.017596,-0.002,-0.002,-0.004,-0.004,-0.002
79915,2014/08/13,,11,1,1311,65129010,NFX,NEWFIELD EXPLORATION CO,,NFX,211111,N,A,R,30044,0,1,1382,65129010,,,,,,,,,13.000,138.000,,,,,,,,,,,,,,,39.580,40.490,40.420,1449510.000,0.019677,40.410,40.420,136653.000,1.000,1.000,39.790,,0.019677,0.007,0.006,0.005,0.005,0.007
79915,2014/08/14,,11,1,1311,65129010,NFX,NEWFIELD EXPLORATION CO,,NFX,211111,N,A,R,30044,0,1,1382,65129010,,,,,,,,,13.000,138.000,,,,,,,,,,,,,,,40.330,41.650,40.470,2531586.000,0.001237,40.470,40.480,136653.000,1.000,1.000,40.520,,0.001237,0.004,0.004,0.003,0.002,0.004
79915,2014/08/15,,11,1,1311,65129010,NFX,NEWFIELD EXPLORATION CO,,NFX,211111,N,A,R,30044,0,1,1382,65129010,,,,,,,,,13.000,138.000,,,,,,,,,,,,,,,40.450,41.380,41.270,1965951.000,0.019768,41.270,41.280,136653.000,1.000,1.000,40.660,,0.019768,0.000,0.000,-0.000,-0.000,-0.000
79915,2014/08/18,,11,1,1311,65129010,NFX,NEWFIELD EXPLORATION CO,,NFX,211111,N,A,R,30044,0,1,1382,65129010,,,,,,,,,13.000,138.000,,,,,,,,,,,,,,,40.915,41.730,41.660,1173275.000,0.009450,41.660,41.670,136653.000,1.000,1.000,41.360,,0.009450,0.009,0.008,0.009,0.009,0.009
79915,2014/08/19,,11,1,1311,65129010,NFX,NEWFIELD EXPLORATION CO,,NFX,211111,N,A,R,30044,0,1,1382,65129010,,,,,,,,,13.000,138.000,,,,,,,,,,,,,,,41.530,42.610,41.990,1469901.000,0.007921,41.990,42.000,136653.000,1.000,1.000,41.710,,0.007921,0.005,0.005,0.003,0.003,0.005
79915,2014/08/20,,11,1,1311,65129010,NFX,NEWFIELD EXPLORATION CO,,NFX,211111,N,A,R,30044,0,1,1382,65129010,,,,,,,,,13.000,138.000,,,,,,,,,,,,,,,41.510,41.980,41.710,1419492.000,-0.006668,41.710,41.720,136653.000,1.000,1.000,41.980,,-0.006668,0.002,0.002,-0.002,-0.002,0.002
79915,2014/08/21,,11,1,1311,65129010,NFX,NEWFIELD EXPLORATION CO,,NFX,211111,N,A,R,30044,0,1,1382,65129010,,,,,,,,,13.000,138.000,,,,,,,,,,,,,,,41.560,42.650,42.490,1103275.000,0.018701,42.490,42.500,136653.000,1.000,1.000,41.820,,0.018701,0.002,0.002,0.002,0.001,0.003
79915,2014/08/22,,11,1,1311,65129010,NFX,NEWFIELD EXPLORATION CO,,NFX,211111,N,A,R,30044,0,1,1382,65129010,,,,,,,,,13.000,138.000,,,,,,,,,,,,,,,41.700,42.560,42.400,1628131.000,-0.002118,42.390,42.400,136653.000,1.000,1.000,42.260,,-0.002118,-0.001,-0.002,0.000,0.000,-0.002
79915,2014/08/25,,11,1,1311,65129010,NFX,NEWFIELD EXPLORATION CO,,NFX,211111,N,A,R,30044,0,1,1382,65129010,,,,,,,,,13.000,138.000,,,,,,,,,,,,,,,42.400,44.440,43.860,2462134.000,0.034434,43.860,43.870,136653.000,1.000,1.000,42.630,,0.034434,0.005,0.005,0.003,0.003,0.005
79915,2014/08/26,,11,1,1311,65129010,NFX,NEWFIELD EXPLORATION CO,,NFX,211111,N,A,R,30044,0,1,1382,65129010,,,,,,,,,13.000,138.000,,,,,,,,,,,,,,,43.920,44.820,44.220,1463337.000,0.008208,44.220,44.230,136653.000,1.000,1.000,44.060,,0.008208,0.002,0.002,0.004,0.004,0.001
79915,2014/08/27,,11,1,1311,65129010,NFX,NEWFIELD EXPLORATION CO,,NFX,211111,N,A,R,30044,0,1,1382,65129010,,,,,,,,,13.000,138.000,,,,,,,,,,,,,,,43.760,44.490,44.130,989453.000,-0.002035,44.130,44.140,136653.000,1.000,1.000,44.100,,-0.002035,0.001,0.000,0.001,0.001,0.000
79915,2014/08/28,,11,1,1311,65129010,NFX,NEWFIELD EXPLORATION CO,,NFX,211111,N,A,R,30044,0,1,1382,65129010,,,,,,,,,13.000,138.000,,,,,,,,,,,,,,,43.660,44.210,43.750,1614293.000,-0.008611,43.740,43.750,136653.000,1.000,1.000,44.010,,-0.008611,-0.002,-0.002,-0.002,-0.002,-0.002
79915,2014/08/29,,11,1,1311,65129010,NFX,NEWFIELD EXPLORATION CO,,NFX,211111,N,A,R,30044,0,1,1382,65129010,,,,,,,,0.000,13.000,138.000,,,,,,,,,,,,,,,43.680,44.870,44.820,2263202.000,0.024457,44.810,44.820,136653.000,1.000,1.000,43.750,,0.024457,0.004,0.004,0.005,0.005,0.003
79915,2014/09/02,,11,1,1311,65129010,NFX,NEWFIELD EXPLORATION CO,,NFX,211111,N,A,R,30044,0,1,1382,65129010,,,,,,,,,13.000,138.000,,,,,,,,,,,,,,,43.480,44.660,43.880,1550201.000,-0.020973,43.870,43.880,136653.000,1.000,1.000,44.630,,-0.020973,0.000,-0.000,0.002,0.002,-0.001
79915,2014/09/03,,11,1,1311,65129010,NFX,NEWFIELD EXPLORATION CO,,NFX,211111,N,A,R,30044,0,1,1382,65129010,,,,,,,,,13.000,138.000,,,,,,,,,,,,,,,42.600,44.180,42.780,3804921.000,-0.025068,42.770,42.780,136653.000,1.000,1.000,43.780,,-0.025068,-0.001,-0.001,-0.002,-0.002,-0.001
79915,2014/09/04,,11,1,1311,65129010,NFX,NEWFIELD EXPLORATION CO,,NFX,211111,N,A,R,30044,0,1,1382,65129010,,,,,,,,,13.000,138.000,,,,,,,,,,,,,,,41.420,43.190,41.710,3317583.000,-0.025012,41.700,41.710,136653.000,1.000,1.000,42.840,,-0.025012,-0.002,-0.002,-0.003,-0.003,-0.002
79915,2014/09/05,,11,1,1311,65129010,NFX,NEWFIELD EXPLORATION CO,,NFX,211111,N,A,R,30044,0,1,1382,65129010,,,,,,,,,13.000,138.000,,,,,,,,,,,,,,,41.230,42.190,41.960,2329607.000,0.005994,41.950,41.960,136653.000,1.000,1.000,41.860,,0.005994,0.004,0.004,0.002,0.002,0.005
79915,2014/09/08,,11,1,1311,65129010,NFX,NEWFIELD EXPLORATION CO,,NFX,211111,N,A,R,30044,0,1,1382,65129010,,,,,,,,,13.000,138.000,,,,,,,,,,,,,,,39.270,41.640,40.000,3709107.000,-0.046711,39.990,40.000,136653.000,1.000,1.000,41.640,,-0.046711,-0.003,-0.003,0.001,0.001,-0.003
79915,2014/09/09,,11,1,1311,65129010,NFX,NEWFIELD EXPLORATION CO,,NFX,211111,N,A,R,30044,0,1,1382,65129010,,,,,,,,,13.000,138.000,,,,,,,,,,,,,,,39.180,40.376,39.470,1981167.000,-0.013250,39.460,39.470,136653.000,1.000,1.000,39.970,,-0.013250,-0.006,-0.006,-0.007,-0.007,-0.007
79915,2014/09/10,,11,1,1311,65129010,NFX,NEWFIELD EXPLORATION CO,,NFX,211111,N,A,R,30044,0,1,1382,65129010,,,,,,,,,13.000,138.000,,,,,,,,,,,,,,,38.265,39.380,39.130,2990119.000,-0.008614,39.130,39.140,136653.000,1.000,1.000,39.380,,-0.008614,0.003,0.003,0.002,0.002,0.004
79915,2014/09/11,,11,1,1311,65129010,NFX,NEWFIELD EXPLORATION CO,,NFX,211111,N,A,R,30044,0,1,1382,65129010,,,,,,,,,13.000,138.000,,,,,,,,,,,,,,,38.520,39.480,39.330,2373723.000,0.005111,39.310,39.320,136653.000,1.000,1.000,38.680,,0.005111,0.001,0.001,0.002,0.001,0.001
79915,2014/09/12,,11,1,1311,65129010,NFX,NEWFIELD EXPLORATION CO,,NFX,211111,N,A,R,30044,0,1,1382,65129010,,,,,,,,,13.000,138.000,,,,,,,,,,,,,,,38.110,39.190,38.330,1452317.000,-0.025426,38.330,38.340,136653.000,1.000,1.000,39.150,,-0.025426,-0.007,-0.007,-0.006,-0.006,-0.006
79915,2014/09/15,,11,1,1311,65129010,NFX,NEWFIELD EXPLORATION CO,,NFX,211111,N,A,R,30044,0,1,1382,65129010,,,,,,,,,13.000,138.000,,,,,,,,,,,,,,,37.710,38.710,38.450,1910368.000,0.003131,38.440,38.450,136653.000,1.000,1.000,38.260,,0.003131,-0.003,-0.003,-0.008,-0.008,-0.001
79915,2014/09/16,,11,1,1311,65129010,NFX,NEWFIELD EXPLORATION CO,,NFX,211111,N,A,R,30044,0,1,1382,65129010,,,,,,,,,13.000,138.000,,,,,,,,,,,,,,,38.260,39.770,39.180,2297201.000,0.018986,39.180,39.190,136653.000,1.000,1.000,38.440,,0.018986,0.007,0.007,0.003,0.003,0.007
79915,2014/09/17,,11,1,1311,65129010,NFX,NEWFIELD EXPLORATION CO,,NFX,211111,N,A,R,30044,0,1,1382,65129010,,,,,,,,,13.000,138.000,,,,,,,,,,,,,,,38.940,39.820,39.410,2862597.000,0.005870,39.410,39.420,136653.000,1.000,1.000,39.230,,0.005870,0.001,0.001,0.001,0.001,0.001
79915,2014/09/18,,11,1,1311,65129010,NFX,NEWFIELD EXPLORATION CO,,NFX,211111,N,A,R,30044,0,1,1382,65129010,,,,,,,,,13.000,138.000,,,,,,,,,,,,,,,38.650,40.230,39.010,4541541.000,-0.010150,39.010,39.020,136653.000,1.000,1.000,39.750,,-0.010150,0.005,0.004,0.001,0.001,0.005
79915,2014/09/19,,11,1,1311,65129010,NFX,NEWFIELD EXPLORATION CO,,NFX,211111,N,A,R,30044,0,1,1382,65129010,,,,,,,,,13.000,138.000,,,,,,,,,,,,,,,38.520,39.300,38.590,2408442.000,-0.010766,38.590,38.600,136653.000,1.000,1.000,39.250,,-0.010766,-0.002,-0.002,-0.005,-0.006,-0.000
79915,2014/09/22,,11,1,1311,65129010,NFX,NEWFIELD EXPLORATION CO,,NFX,211111,N,A,R,30044,0,1,1382,65129010,,,,,,,,,13.000,138.000,,,,,,,,,,,,,,,37.350,38.570,37.730,3446858.000,-0.022286,37.720,37.730,136653.000,1.000,1.000,38.330,,-0.022286,-0.010,-0.010,-0.012,-0.012,-0.008
79915,2014/09/23,,11,1,1311,65129010,NFX,NEWFIELD EXPLORATION CO,,NFX,211111,N,A,R,30044,0,1,1382,65129010,,,,,,,,,13.000,138.000,,,,,,,,,,,,,,,37.730,39.090,38.150,2693159.000,0.011132,38.140,38.150,136653.000,1.000,1.000,37.800,,0.011132,-0.006,-0.006,-0.005,-0.005,-0.006
79915,2014/09/24,,11,1,1311,65129010,NFX,NEWFIELD EXPLORATION CO,,NFX,211111,N,A,R,30044,0,1,1382,65129010,,,,,,,,,13.000,138.000,,,,,,,,,,,,,,,37.500,39.280,39.040,2664339.000,0.023329,39.060,39.070,136653.000,1.000,1.000,38.010,,0.023329,0.007,0.007,0.004,0.004,0.008
79915,2014/09/25,,11,1,1311,65129010,NFX,NEWFIELD EXPLORATION CO,,NFX,211111,N,A,R,30044,0,1,1382,65129010,,,,,,,,,13.000,138.000,,,,,,,,,,,,,,,37.830,38.930,37.850,1882428.000,-0.030482,37.840,37.850,136653.000,1.000,1.000,38.930,,-0.030482,-0.016,-0.016,-0.012,-0.012,-0.016
79915,2014/09/26,,11,1,1311,65129010,NFX,NEWFIELD EXPLORATION CO,,NFX,211111,N,A,R,30044,0,1,1382,65129010,,,,,,,,,13.000,138.000,,,,,,,,,,,,,,,37.640,38.744,38.400,1466956.000,0.014531,38.410,38.420,136653.000,1.000,1.000,37.910,,0.014531,0.008,0.008,0.006,0.006,0.009
79915,2014/09/29,,11,1,1311,65129010,NFX,NEWFIELD EXPLORATION CO,,NFX,211111,N,A,R,30044,0,1,1382,65129010,,,,,,,,,13.000,138.000,,,,,,,,,,,,,,,37.770,38.860,38.740,2071104.000,0.008854,38.750,38.760,136653.000,1.000,1.000,37.860,,0.008854,-0.002,-0.002,-0.002,-0.002,-0.003
79915,2014/09/30,,11,1,1311,65129010,NFX,NEWFIELD EXPLORATION CO,,NFX,211111,N,A,R,30044,0,1,1382,65129010,,,,,,,,0.000,13.000,138.000,,,,,,,,,,,,,,,36.970,38.730,37.070,1938958.000,-0.043108,37.080,37.090,136653.000,1.000,1.000,38.730,,-0.043108,-0.004,-0.004,-0.006,-0.006,-0.003
79915,2014/10/01,,11,1,1311,65129010,NFX,NEWFIELD EXPLORATION CO,,NFX,211111,N,A,R,30044,0,1,1382,65129010,,,,,,,,,13.000,138.000,,,,,,,,,,,,,,,36.130,37.490,36.160,3133060.000,-0.024548,36.150,36.160,136653.000,1.000,1.000,37.140,,-0.024548,-0.013,-0.013,-0.013,-0.013,-0.013
79915,2014/10/02,,11,1,1311,65129010,NFX,NEWFIELD EXPLORATION CO,,NFX,211111,N,A,R,30044,0,1,1382,65129010,,,,,,,,,13.000,138.000,,,,,,,,,,,,,,,34.730,36.020,35.760,2986737.000,-0.011062,35.750,35.760,136653.000,1.000,1.000,35.820,,-0.011062,0.001,0.001,0.003,0.003,0.000
79915,2014/10/03,,11,1,1311,65129010,NFX,NEWFIELD EXPLORATION CO,,NFX,211111,N,A,R,30044,0,1,1382,65129010,,,,,,,,,13.000,138.000,,,,,,,,,,,,,,,34.640,35.900,35.130,3147942.000,-0.017617,35.120,35.130,136653.000,1.000,1.000,35.900,,-0.017617,0.009,0.009,0.005,0.005,0.011
79915,2014/10/06,,11,1,1311,65129010,NFX,NEWFIELD EXPLORATION CO,,NFX,211111,N,A,R,30044,0,1,1382,65129010,,,,,,,,,13.000,138.000,,,,,,,,,,,,,,,34.940,35.820,35.340,1987630.000,0.005978,35.330,35.340,136653.000,1.000,1.000,35.290,,0.005978,-0.002,-0.002,-0.004,-0.004,-0.002
79915,2014/10/07,,11,1,1311,65129010,NFX,NEWFIELD EXPLORATION CO,,NFX,211111,N,A,R,30044,0,1,1382,65129010,,,,,,,,,13.000,138.000,,,,,,,,,,,,,,,33.540,35.020,33.540,3124234.000,-0.050934,33.540,33.550,136653.000,1.000,1.000,34.860,,-0.050934,-0.015,-0.015,-0.013,-0.013,-0.015
79915,2014/10/08,,11,1,1311,65129010,NFX,NEWFIELD EXPLORATION CO,,NFX,211111,N,A,R,30044,0,1,1382,65129010,,,,,,,,,13.000,138.000,,,,,,,,,,,,,,,32.000,33.905,33.840,4322791.000,0.008945,33.840,33.850,136653.000,1.000,1.000,33.320,,0.008945,0.016,0.016,0.009,0.009,0.017
79915,2014/10/09,,11,1,1311,65129010,NFX,NEWFIELD EXPLORATION CO,,NFX,211111,N,A,R,30044,0,1,1382,65129010,,,,,,,,,13.000,138.000,,,,,,,,,,,,,,,31.500,33.300,31.680,3379194.000,-0.063830,31.680,31.690,136653.000,1.000,1.000,33.240,,-0.063830,-0.021,-0.021,-0.020,-0.020,-0.021
79915,2014/10/10,,11,1,1311,65129010,NFX,NEWFIELD EXPLORATION CO,,NFX,211111,N,A,R,30044,0,1,1382,65129010,,,,,,,,,13.000,138.000,,,,,,,,,,,,,,,30.170,31.870,30.210,4042706.000,-0.046402,30.190,30.200,136653.000,1.000,1.000,31.610,,-0.046402,-0.013,-0.013,-0.013,-0.013,-0.011
79915,2014/10/13,,11,1,1311,65129010,NFX,NEWFIELD EXPLORATION CO,,NFX,211111,N,A,R,30044,0,1,1382,65129010,,,,,,,,,13.000,138.000,,,,,,,,,,,,,,,27.800,30.760,27.850,5466086.000,-0.078120,27.840,27.850,136653.000,1.000,1.000,30.050,,-0.078120,-0.016,-0.016,-0.007,-0.007,-0.016
79915,2014/10/14,,11,1,1311,65129010,NFX,NEWFIELD EXPLORATION CO,,NFX,211111,N,A,R,30044,0,1,1382,65129010,,,,,,,,,13.000,138.000,,,,,,,,,,,,,,,26.200,28.590,26.270,6989137.000,-0.056732,26.260,26.270,136653.000,1.000,1.000,28.260,,-0.056732,0.002,0.002,0.003,0.003,0.002
79915,2014/10/15,,11,1,1311,65129010,NFX,NEWFIELD EXPLORATION CO,,NFX,211111,N,A,R,30044,0,1,1382,65129010,,,,,,,,,13.000,138.000,,,,,,,,,,,,,,,25.140,26.860,26.000,9084647.000,-0.010278,25.990,26.000,136653.000,1.000,1.000,25.710,,-0.010278,-0.005,-0.005,0.003,0.003,-0.008
79915,2014/10/16,,11,1,1311,65129010,NFX,NEWFIELD EXPLORATION CO,,NFX,211111,N,A,R,30044,0,1,1382,65129010,,,,,,,,,13.000,138.000,,,,,,,,,,,,,,,25.210,27.890,27.410,11060811.000,0.054231,27.400,27.410,136653.000,1.000,1.000,25.260,,0.054231,0.004,0.004,0.012,0.012,0.000
79915,2014/10/17,,11,1,1311,65129010,NFX,NEWFIELD EXPLORATION CO,,NFX,211111,N,A,R,30044,0,1,1382,65129010,,,,,,,,,13.000,138.000,,,,,,,,,,,,,,,26.850,28.650,27.100,5547797.000,-0.011310,27.070,27.080,136653.000,1.000,1.000,28.010,,-0.011310,0.011,0.011,0.004,0.004,0.013
79915,2014/10/20,,11,1,1311,65129010,NFX,NEWFIELD EXPLORATION CO,,NFX,211111,N,A,R,30044,0,1,1382,65129010,,,,,,,,,13.000,138.000,,,,,,,,,,,,,,,27.000,28.330,28.100,3995745.000,0.036900,28.100,28.110,136653.000,1.000,1.000,27.070,,0.036900,0.009,0.009,0.008,0.008,0.009
79915,2014/10/21,,11,1,1311,65129010,NFX,NEWFIELD EXPLORATION CO,,NFX,211111,N,A,R,30044,0,1,1382,65129010,,,,,,,,,13.000,138.000,,,,,,,,,,,,,,,28.360,29.730,29.510,3812520.000,0.050178,29.520,29.530,136653.000,1.000,1.000,28.390,,0.050178,0.019,0.019,0.013,0.013,0.020
79915,2014/10/22,,11,1,1311,65129010,NFX,NEWFIELD EXPLORATION CO,,NFX,211111,N,A,R,30044,0,1,1382,65129010,,,,,,,,,13.000,138.000,,,,,,,,,,,,,,,28.150,30.080,28.170,2939132.000,-0.045408,28.170,28.180,136653.000,1.000,1.000,29.740,,-0.045408,-0.009,-0.009,-0.009,-0.009,-0.007
79915,2014/10/23,,11,1,1311,65129010,NFX,NEWFIELD EXPLORATION CO,,NFX,211111,N,A,R,30044,0,1,1382,65129010,,,,,,,,,13.000,138.000,,,,,,,,,,,,,,,28.670,29.950,29.410,2991005.000,0.044018,29.410,29.420,136653.000,1.000,1.000,28.670,,0.044018,0.012,0.012,0.010,0.010,0.012
79915,2014/10/24,,11,1,1311,65129010,NFX,NEWFIELD EXPLORATION CO,,NFX,211111,N,A,R,30044,0,1,1382,65129010,,,,,,,,,13.000,138.000,,,,,,,,,,,,,,,28.561,29.690,29.540,3050781.000,0.004420,29.540,29.550,136653.000,1.000,1.000,29.200,,0.004420,0.006,0.006,0.002,0.002,0.007
79915,2014/10/27,,11,1,1311,65129010,NFX,NEWFIELD EXPLORATION CO,,NFX,211111,N,A,R,30044,0,1,1382,65129010,,,,,,,,,13.000,138.000,,,,,,,,,,,,,,,26.850,28.680,28.170,4330783.000,-0.046378,28.190,28.200,136653.000,1.000,1.000,28.560,,-0.046378,-0.002,-0.002,-0.004,-0.004,-0.002
79915,2014/10/28,,11,1,1311,65129010,NFX,NEWFIELD EXPLORATION CO,,NFX,211111,N,A,R,30044,0,1,1382,65129010,,,,,,,,,13.000,138.000,,,,,,,,,,,,,,,27.970,29.550,29.380,4793058.000,0.042953,29.360,29.380,136653.000,1.000,1.000,28.370,,0.042953,0.014,0.014,0.017,0.017,0.012
79915,2014/10/29,,11,1,1311,65129010,NFX,NEWFIELD EXPLORATION CO,,NFX,211111,N,A,R,30044,0,1,1382,65129010,,,,,,,,,13.000,138.000,,,,,,,,,,,,,,,30.960,34.090,32.580,9705254.000,0.108918,32.590,32.600,136653.000,1.000,1.000,30.960,,0.108918,-0.002,-0.002,-0.002,-0.002,-0.001
79915,2014/10/30,,11,1,1311,65129010,NFX,NEWFIELD EXPLORATION CO,,NFX,211111,N,A,R,30044,0,1,1382,65129010,,,,,,,,,13.000,138.000,,,,,,,,,,,,,,,31.180,33.405,31.800,5317416.000,-0.023941,31.780,31.790,136653.000,1.000,1.000,32.570,,-0.023941,0.005,0.005,0.004,0.004,0.006
79915,2014/10/31,,11,1,1311,65129010,NFX,NEWFIELD EXPLORATION CO,,NFX,211111,N,A,R,30044,0,1,1382,65129010,,,,,,,,0.000,13.000,138.000,,,,,,,,,,,,,,,30.660,32.720,32.610,3464099.000,0.025472,32.600,32.610,137229.000,1.000,1.000,32.070,,0.025472,0.012,0.012,0.009,0.009,0.012
79915,2014/11/03,,11,1,1311,65129010,NFX,NEWFIELD EXPLORATION CO,,NFX,211111,N,A,R,30044,0,1,1382,65129010,,,,,,,,,13.000,138.000,,,,,,,,,,,,,,,31.420,33.890,31.690,3451444.000,-0.028212,31.680,31.690,137229.000,1.000,1.000,32.810,,-0.028212,-0.001,-0.001,-0.002,-0.002,-0.000
79915,2014/11/04,,11,1,1311,65129010,NFX,NEWFIELD EXPLORATION CO,,NFX,211111,N,A,R,30044,0,1,1382,65129010,,,,,,,,,13.000,138.000,,,,,,,,,,,,,,,30.020,31.370,30.650,3821322.000,-0.032818,30.650,30.660,137229.000,1.000,1.000,31.020,,-0.032818,-0.005,-0.005,-0.006,-0.006,-0.003
79915,2014/11/05,,11,1,1311,65129010,NFX,NEWFIELD EXPLORATION CO,,NFX,211111,N,A,R,30044,0,1,1382,65129010,,,,,,,,,13.000,138.000,,,,,,,,,,,,,,,30.700,32.100,31.840,3635535.000,0.038825,31.820,31.830,137229.000,1.000,1.000,31.125,,0.038825,0.005,0.005,0.001,0.001,0.006
79915,2014/11/06,,11,1,1311,65129010,NFX,NEWFIELD EXPLORATION CO,,NFX,211111,N,A,R,30044,0,1,1382,65129010,,,,,,,,,13.000,138.000,,,,,,,,,,,,,,,30.820,32.510,32.500,2242856.000,0.020729,32.490,32.500,137229.000,1.000,1.000,31.460,,0.020729,0.004,0.004,0.002,0.002,0.004
79915,2014/11/07,,11,1,1311,65129010,NFX,NEWFIELD EXPLORATION CO,,NFX,211111,N,A,R,30044,0,1,1382,65129010,,,,,,,,,13.000,138.000,,,,,,,,,,,,,,,32.590,34.320,33.570,3739763.000,0.032923,33.570,33.580,137229.000,1.000,1.000,32.800,,0.032923,0.002,0.002,0.004,0.004,0.000
79915,2014/11/10,,11,1,1311,65129010,NFX,NEWFIELD EXPLORATION CO,,NFX,211111,N,A,R,30044,0,1,1382,65129010,,,,,,,,,13.000,138.000,,,,,,,,,,,,,,,33.015,34.910,33.260,3456007.000,-0.009234,33.250,33.260,137229.000,1.000,1.000,34.250,,-0.009234,0.003,0.003,0.001,0.001,0.003
79915,2014/11/11,,11,1,1311,65129010,NFX,NEWFIELD EXPLORATION CO,,NFX,211111,N,A,R,30044,0,1,1382,65129010,,,,,,,,,13.000,138.000,,,,,,,,,,,,,,,32.670,33.830,33.620,2167664.000,0.010824,33.620,33.640,137229.000,1.000,1.000,33.260,,0.010824,0.001,0.001,0.001,0.001,0.001
79915,2014/11/12,,11,1,1311,65129010,NFX,NEWFIELD EXPLORATION CO,,NFX,211111,N,A,R,30044,0,1,1382,65129010,,,,,,,,,13.000,138.000,,,,,,,,,,,,,,,32.930,33.750,33.110,2736386.000,-0.015169,33.100,33.110,137229.000,1.000,1.000,33.190,,-0.015169,0.001,0.000,0.002,0.002,-0.001
79915,2014/11/13,,11,1,1311,65129010,NFX,NEWFIELD EXPLORATION CO,,NFX,211111,N,A,R,30044,0,1,1382,65129010,,,,,,,,,13.000,138.000,,,,,,,,,,,,,,,32.100,33.290,32.900,3326093.000,-0.006342,32.870,32.880,137229.000,1.000,1.000,33.000,,-0.006342,-0.001,-0.001,-0.006,-0.006,0.001
79915,2014/11/14,,11,1,1311,65129010,NFX,NEWFIELD EXPLORATION CO,,NFX,211111,N,A,R,30044,0,1,1382,65129010,,,,,,,,,13.000,138.000,,,,,,,,,,,,,,,32.630,33.780,33.660,2295688.000,0.023100,33.660,33.670,137229.000,1.000,1.000,32.940,,0.023100,0.001,0.001,0.002,0.002,0.000
79915,2014/11/17,,11,1,1311,65129010,NFX,NEWFIELD EXPLORATION CO,,NFX,211111,N,A,R,30044,0,1,1382,65129010,,,,,,,,,13.000,138.000,,,,,,,,,,,,,,,31.860,33.400,32.500,3418248.000,-0.034462,32.500,32.510,137229.000,1.000,1.000,33.310,,-0.034462,-0.000,-0.000,-0.004,-0.004,0.001
79915,2014/11/18,,11,1,1311,65129010,NFX,NEWFIELD EXPLORATION CO,,NFX,211111,N,A,R,30044,0,1,1382,65129010,,,,,,,,,13.000,138.000,,,,,,,,,,,,,,,32.030,33.330,33.020,2138981.000,0.016000,33.010,33.020,137229.000,1.000,1.000,32.560,,0.016000,0.006,0.005,0.004,0.004,0.005
79915,2014/11/19,,11,1,1311,65129010,NFX,NEWFIELD EXPLORATION CO,,NFX,211111,N,A,R,30044,0,1,1382,65129010,,,,,,,,,13.000,138.000,,,,,,,,,,,,,,,32.390,33.350,33.120,1459623.000,0.003028,33.120,33.130,137229.000,1.000,1.000,33.270,,0.003028,-0.002,-0.002,-0.006,-0.006,-0.002
79915,2014/11/20,,11,1,1311,65129010,NFX,NEWFIELD EXPLORATION CO,,NFX,211111,N,A,R,30044,0,1,1382,65129010,,,,,,,,,13.000,138.000,,,,,,,,,,,,,,,33.040,34.625,34.600,2325441.000,0.044686,34.590,34.600,137229.000,1.000,1.000,33.110,,0.044686,0.003,0.003,0.006,0.006,0.002
79915,2014/11/21,,11,1,1311,65129010,NFX,NEWFIELD EXPLORATION CO,,NFX,211111,N,A,R,30044,0,1,1382,65129010,,,,,,,,,13.000,138.000,,,,,,,,,,,,,,,34.440,35.840,35.120,2960528.000,0.015029,35.110,35.120,137229.000,1.000,1.000,35.220,,0.015029,0.005,0.005,0.005,0.005,0.005
79915,2014/11/24,,11,1,1311,65129010,NFX,NEWFIELD EXPLORATION CO,,NFX,211111,N,A,R,30044,0,1,1382,65129010,,,,,,,,,13.000,138.000,,,,,,,,,,,,,,,34.230,35.200,34.510,1454401.000,-0.017369,34.500,34.510,137229.000,1.000,1.000,34.910,,-0.017369,0.003,0.003,0.005,0.005,0.003
79915,2014/11/25,,11,1,1311,65129010,NFX,NEWFIELD EXPLORATION CO,,NFX,211111,N,A,R,30044,0,1,1382,65129010,,,,,,,,,13.000,138.000,,,,,,,,,,,,,,,33.490,35.010,33.680,1855846.000,-0.024051,33.690,33.700,137229.000,1.000,1.000,34.720,,-0.024051,-0.000,-0.001,-0.000,-0.000,-0.001
79915,2014/11/26,,11,1,1311,65129010,NFX,NEWFIELD EXPLORATION CO,,NFX,211111,N,A,R,30044,0,1,1382,65129010,,,,,,,,,13.000,138.000,,,,,,,,,,,,,,,32.450,33.500,32.480,1891260.000,-0.035629,32.480,32.490,137229.000,1.000,1.000,33.500,,-0.035629,0.003,0.003,0.003,0.002,0.003
79915,2014/11/28,,11,1,1311,65129010,NFX,NEWFIELD EXPLORATION CO,,NFX,211111,N,A,R,30044,0,1,1382,65129010,,,,,,,,0.000,13.000,138.000,,,,,,,,,,,,,,,27.060,30.730,27.230,3859626.000,-0.161638,27.230,27.240,137229.000,1.000,1.000,30.730,,-0.161638,-0.006,-0.006,-0.013,-0.013,-0.003
79915,2014/12/01,,11,1,1311,65129010,NFX,NEWFIELD EXPLORATION CO,,NFX,211111,N,A,R,30044,0,1,1382,65129010,,,,,,,,,13.000,138.000,,,,,,,,,,,,,,,24.160,26.900,26.110,6560916.000,-0.041131,26.120,26.130,137229.000,1.000,1.000,26.900,,-0.041131,-0.009,-0.009,-0.014,-0.014,-0.007
79915,2014/12/02,,11,1,1311,65129010,NFX,NEWFIELD EXPLORATION CO,,NFX,211111,N,A,R,30044,0,1,1382,65129010,,,,,,,,,13.000,138.000,,,,,,,,,,,,,,,25.590,27.490,26.500,3914424.000,0.014937,26.490,26.500,137229.000,1.000,1.000,25.890,,0.014937,0.006,0.006,0.005,0.005,0.006
79915,2014/12/03,,11,1,1311,65129010,NFX,NEWFIELD EXPLORATION CO,,NFX,211111,N,A,R,30044,0,1,1382,65129010,,,,,,,,,13.000,138.000,,,,,,,,,,,,,,,26.490,28.060,27.190,4023421.000,0.026038,27.190,27.200,137229.000,1.000,1.000,26.770,,0.026038,0.005,0.005,0.006,0.006,0.004
79915,2014/12/04,,11,1,1311,65129010,NFX,NEWFIELD EXPLORATION CO,,NFX,211111,N,A,R,30044,0,1,1382,65129010,,,,,,,,,13.000,138.000,,,,,,,,,,,,,,,25.250,26.980,26.180,3604462.000,-0.037146,26.190,26.200,137229.000,1.000,1.000,26.330,,-0.037146,-0.002,-0.002,-0.004,-0.004,-0.001
79915,2014/12/05,,11,1,1311,65129010,NFX,NEWFIELD EXPLORATION CO,,NFX,211111,N,A,R,30044,0,1,1382,65129010,,,,,,,,,13.000,138.000,,,,,,,,,,,,,,,25.735,26.570,25.850,3218048.000,-0.012605,25.850,25.860,137229.000,1.000,1.000,26.260,,-0.012605,0.001,0.001,0.003,0.003,0.002
79915,2014/12/08,,11,1,1311,65129010,NFX,NEWFIELD EXPLORATION CO,,NFX,211111,N,A,R,30044,0,1,1382,65129010,,,,,,,,,13.000,138.000,,,,,,,,,,,,,,,23.600,25.480,23.660,4338712.000,-0.084720,23.660,23.670,137229.000,1.000,1.000,25.480,,-0.084720,-0.009,-0.010,-0.014,-0.014,-0.007
79915,2014/12/09,,11,1,1311,65129010,NFX,NEWFIELD EXPLORATION CO,,NFX,211111,N,A,R,30044,0,1,1382,65129010,,,,,,,,,13.000,138.000,,,,,,,,,,,,,,,23.530,25.379,25.340,5171085.000,0.071006,25.340,25.350,137229.000,1.000,1.000,23.610,,0.071006,0.002,0.002,0.009,0.009,-0.000
79915,2014/12/10,,11,1,1311,65129010,NFX,NEWFIELD EXPLORATION CO,,NFX,211111,N,A,R,30044,0,1,1382,65129010,,,,,,,,,13.000,138.000,,,,,,,,,,,,,,,23.520,24.690,23.980,3890022.000,-0.053670,23.970,23.980,137229.000,1.000,1.000,24.690,,-0.053670,-0.017,-0.018,-0.017,-0.017,-0.016
79915,2014/12/11,,11,1,1311,65129010,NFX,NEWFIELD EXPLORATION CO,,NFX,211111,N,A,R,30044,0,1,1382,65129010,,,,,,,,,13.000,138.000,,,,,,,,,,,,,,,23.930,24.940,24.020,3361058.000,0.001668,24.010,24.020,137229.000,1.000,1.000,24.000,,0.001668,0.004,0.004,0.002,0.001,0.005
79915,2014/12/12,,11,1,1311,65129010,NFX,NEWFIELD EXPLORATION CO,,NFX,211111,N,A,R,30044,0,1,1382,65129010,,,,,,,,,13.000,138.000,,,,,,,,,,,,,,,23.020,24.910,24.130,4170522.000,0.004579,24.140,24.150,137229.000,1.000,1.000,23.350,,0.004579,-0.015,-0.015,-0.010,-0.010,-0.016
79915,2014/12/15,,11,1,1311,65129010,NFX,NEWFIELD EXPLORATION CO,,NFX,211111,N,A,R,30044,0,1,1382,65129010,,,,,,,,,13.000,138.000,,,,,,,,,,,,,,,23.500,24.670,23.560,3507042.000,-0.023622,23.550,23.560,137229.000,1.000,1.000,24.470,,-0.023622,-0.008,-0.008,-0.011,-0.012,-0.006
79915,2014/12/16,,11,1,1311,65129010,NFX,NEWFIELD EXPLORATION CO,,NFX,211111,N,A,R,30044,0,1,1382,65129010,,,,,,,,,13.000,138.000,,,,,,,,,,,,,,,22.900,25.040,23.800,5201804.000,0.010187,23.800,23.810,137229.000,1.000,1.000,23.490,,0.010187,-0.006,-0.006,-0.001,-0.001,-0.008
79915,2014/12/17,,11,1,1311,65129010,NFX,NEWFIELD EXPLORATION CO,,NFX,211111,N,A,R,30044,0,1,1382,65129010,,,,,,,,,13.000,138.000,,,,,,,,,,,,,,,23.966,26.800,25.810,6131487.000,0.084454,25.800,25.810,137229.000,1.000,1.000,24.010,,0.084454,0.022,0.022,0.022,0.022,0.020
79915,2014/12/18,,11,1,1311,65129010,NFX,NEWFIELD EXPLORATION CO,,NFX,211111,N,A,R,30044,0,1,1382,65129010,,,,,,,,,13.000,138.000,,,,,,,,,,,,,,,25.290,27.465,26.230,4674122.000,0.016273,26.240,26.250,137229.000,1.000,1.000,26.890,,0.016273,0.022,0.021,0.015,0.015,0.024
79915,2014/12/19,,11,1,1311,65129010,NFX,NEWFIELD EXPLORATION CO,,NFX,211111,N,A,R,30044,0,1,1382,65129010,,,,,,,,,13.000,138.000,,,,,,,,,,,,,,,26.280,28.500,28.480,6795999.000,0.085780,28.440,28.450,137229.000,1.000,1.000,26.700,,0.085780,0.005,0.004,0.005,0.005,0.005
79915,2014/12/22,,11,1,1311,65129010,NFX,NEWFIELD EXPLORATION CO,,NFX,211111,N,A,R,30044,0,1,1382,65129010,,,,,,,,,13.000,138.000,,,,,,,,,,,,,,,26.330,28.050,27.470,4016927.000,-0.035463,27.460,27.470,137229.000,1.000,1.000,28.050,,-0.035463,0.003,0.003,0.002,0.001,0.004
79915,2014/12/23,,11,1,1311,65129010,NFX,NEWFIELD EXPLORATION CO,,NFX,211111,N,A,R,30044,0,1,1382,65129010,,,,,,,,,13.000,138.000,,,,,,,,,,,,,,,27.370,28.600,28.250,2493731.000,0.028395,28.240,28.250,137229.000,1.000,1.000,28.290,,0.028395,0.002,0.002,0.001,0.001,0.002
79915,2014/12/24,,11,1,1311,65129010,NFX,NEWFIELD EXPLORATION CO,,NFX,211111,N,A,R,30044,0,1,1382,65129010,,,,,,,,,13.000,138.000,,,,,,,,,,,,,,,26.950,28.030,27.860,1354440.000,-0.013805,27.860,27.870,137229.000,1.000,1.000,27.800,,-0.013805,0.001,0.000,0.002,0.002,-0.000
79915,2014/12/26,,11,1,1311,65129010,NFX,NEWFIELD EXPLORATION CO,,NFX,211111,N,A,R,30044,0,1,1382,65129010,,,,,,,,,13.000,138.000,,,,,,,,,,,,,,,26.670,28.200,26.970,2246354.000,-0.031945,26.970,26.980,137229.000,1.000,1.000,27.980,,-0.031945,0.004,0.004,0.005,0.005,0.003
79915,2014/12/29,,11,1,1311,65129010,NFX,NEWFIELD EXPLORATION CO,,NFX,211111,N,A,R,30044,0,1,1382,65129010,,,,,,,,,13.000,138.000,,,,,,,,,,,,,,,27.082,27.990,27.420,2285650.000,0.016685,27.400,27.410,137229.000,1.000,1.000,27.190,,0.016685,0.001,0.001,0.000,-0.001,0.001
79915,2014/12/30,,11,1,1311,65129010,NFX,NEWFIELD EXPLORATION CO,,NFX,211111,N,A,R,30044,0,1,1382,65129010,,,,,,,,,13.000,138.000,,,,,,,,,,,,,,,26.830,27.810,27.290,1999317.000,-0.004741,27.290,27.300,137229.000,1.000,1.000,27.190,,-0.004741,-0.004,-0.004,-0.002,-0.002,-0.005
79915,2014/12/31,,11,1,1311,65129010,NFX,NEWFIELD EXPLORATION CO,,NFX,211111,N,A,R,30044,0,1,1382,65129010,,,,,,,,0.000,13.000,138.000,,,,,,,,,,,,,,,26.260,27.650,27.120,3459778.000,-0.006229,27.120,27.130,137229.000,1.000,1.000,26.950,,-0.006229,-0.009,-0.009,-0.001,-0.001,-0.010
79915,2015/01/02,,11,1,1311,65129010,NFX,NEWFIELD EXPLORATION CO,,NFX,211111,N,A,R,30044,0,1,1382,65129010,,,,,,,,,13.000,138.000,,,,,,,,,,,,,,,26.120,27.430,26.600,4059488.000,-0.019174,26.590,26.600,137229.000,1.000,1.000,26.840,,-0.019174,-0.000,-0.000,0.001,0.001,-0.000
79915,2015/01/05,,11,1,1311,65129010,NFX,NEWFIELD EXPLORATION CO,,NFX,211111,N,A,R,30044,0,1,1382,65129010,,,,,,,,,13.000,138.000,,,,,,,,,,,,,,,24.530,26.130,24.900,4016121.000,-0.063910,24.890,24.910,137229.000,1.000,1.000,25.940,,-0.063910,-0.018,-0.018,-0.013,-0.013,-0.018
79915,2015/01/06,,11,1,1311,65129010,NFX,NEWFIELD EXPLORATION CO,,NFX,211111,N,A,R,30044,0,1,1382,65129010,,,,,,,,,13.000,138.000,,,,,,,,,,,,,,,23.830,25.130,24.600,3993140.000,-0.012048,24.590,24.600,137229.000,1.000,1.000,24.670,,-0.012048,-0.010,-0.010,-0.010,-0.010,-0.009
79915,2015/01/07,,11,1,1311,65129010,NFX,NEWFIELD EXPLORATION CO,,NFX,211111,N,A,R,30044,0,1,1382,65129010,,,,,,,,,13.000,138.000,,,,,,,,,,,,,,,23.390,25.180,23.610,4913239.000,-0.040244,23.610,23.620,137229.000,1.000,1.000,24.940,,-0.040244,0.011,0.011,0.008,0.008,0.012
79915,2015/01/08,,11,1,1311,65129010,NFX,NEWFIELD EXPLORATION CO,,NFX,211111,N,A,R,30044,0,1,1382,65129010,,,,,,,,,13.000,138.000,,,,,,,,,,,,,,,23.180,24.390,23.980,7448172.000,0.015671,23.960,23.970,137229.000,1.000,1.000,23.640,,0.015671,0.017,0.017,0.013,0.013,0.018
79915,2015/01/09,,11,1,1311,65129010,NFX,NEWFIELD EXPLORATION CO,,NFX,211111,N,A,R,30044,0,1,1382,65129010,,,,,,,,,13.000,138.000,,,,,,,,,,,,,,,23.590,24.710,24.500,4499535.000,0.021685,24.480,24.490,137229.000,1.000,1.000,24.250,,0.021685,-0.008,-0.008,-0.004,-0.004,-0.008
79915,2015/01/12,,11,1,1311,65129010,NFX,NEWFIELD EXPLORATION CO,,NFX,211111,N,A,R,30044,0,1,1382,65129010,,,,,,,,,13.000,138.000,,,,,,,,,,,,,,,22.480,24.050,22.730,3784579.000,-0.072245,22.730,22.740,137229.000,1.000,1.000,23.940,,-0.072245,-0.008,-0.008,-0.005,-0.005,-0.008
79915,2015/01/13,,11,1,1311,65129010,NFX,NEWFIELD EXPLORATION CO,,NFX,211111,N,A,R,30044,0,1,1382,65129010,,,,,,,,,13.000,138.000,,,,,,,,,,,,,,,22.500,23.310,22.900,3228549.000,0.007479,22.900,22.910,137229.000,1.000,1.000,22.770,,0.007479,-0.002,-0.002,-0.002,-0.003,-0.003
79915,2015/01/14,,11,1,1311,65129010,NFX,NEWFIELD EXPLORATION CO,,NFX,211111,N,A,R,30044,0,1,1382,65129010,,,,,,,,,13.000,138.000,,,,,,,,,,,,,,,22.310,24.235,24.190,4849829.000,0.056332,24.190,24.200,137229.000,1.000,1.000,22.620,,0.056332,-0.005,-0.005,-0.004,-0.004,-0.006
79915,2015/01/15,,11,1,1311,65129010,NFX,NEWFIELD EXPLORATION CO,,NFX,211111,N,A,R,30044,0,1,1382,65129010,,,,,,,,,13.000,138.000,,,,,,,,,,,,,,,23.480,24.960,23.500,4249042.000,-0.028524,23.510,23.520,137229.000,1.000,1.000,24.750,,-0.028524,-0.009,-0.009,-0.011,-0.011,-0.009
79915,2015/01/16,,11,1,1311,65129010,NFX,NEWFIELD EXPLORATION CO,,NFX,211111,N,A,R,30044,0,1,1382,65129010,,,,,,,,,13.000,138.000,,,,,,,,,,,,,,,23.690,25.970,25.880,4604055.000,0.101277,25.880,25.890,137229.000,1.000,1.000,23.690,,0.101277,0.014,0.014,0.012,0.012,0.013
79915,2015/01/20,,11,1,1311,65129010,NFX,NEWFIELD EXPLORATION CO,,NFX,211111,N,A,R,30044,0,1,1382,65129010,,,,,,,,,13.000,138.000,,,,,,,,,,,,,,,24.820,26.510,26.280,4659551.000,0.015456,26.280,26.290,137229.000,1.000,1.000,25.690,,0.015456,0.000,0.000,-0.003,-0.003,0.002
79915,2015/01/21,,11,1,1311,65129010,NFX,NEWFIELD EXPLORATION CO,,NFX,211111,N,A,R,30044,0,1,1382,65129010,,,,,,,,,13.000,138.000,,,,,,,,,,,,,,,26.550,28.140,28.090,5337595.000,0.068874,28.090,28.100,137229.000,1.000,1.000,26.670,,0.068874,0.005,0.004,0.001,0.001,0.005
79915,2015/01/22,,11,1,1311,65129010,NFX,NEWFIELD EXPLORATION CO,,NFX,211111,N,A,R,30044,0,1,1382,65129010,,,,,,,,,13.000,138.000,,,,,,,,,,,,,,,27.440,28.580,28.530,4997648.000,0.015664,28.530,28.540,137229.000,1.000,1.000,28.310,,0.015664,0.015,0.015,0.011,0.011,0.015
79915,2015/01/23,,11,1,1311,65129010,NFX,NEWFIELD EXPLORATION CO,,NFX,211111,N,A,R,30044,0,1,1382,65129010,,,,,,,,,13.000,138.000,,,,,,,,,,,,,,,28.270,29.570,28.490,5077583.000,-0.001402,28.490,28.500,137229.000,1.000,1.000,28.760,,-0.001402,-0.004,-0.004,-0.003,-0.003,-0.005
79915,2015/01/26,,11,1,1311,65129010,NFX,NEWFIELD EXPLORATION CO,,NFX,211111,N,A,R,30044,0,1,1382,65129010,,,,,,,,,13.000,138.000,,,,,,,,,,,,,,,27.640,28.760,28.290,3507931.000,-0.007020,28.280,28.290,137229.000,1.000,1.000,28.710,,-0.007020,0.004,0.004,0.007,0.007,0.003
79915,2015/01/27,,11,1,1311,65129010,NFX,NEWFIELD EXPLORATION CO,,NFX,211111,N,A,R,30044,0,1,1382,65129010,,,,,,,,,13.000,138.000,,,,,,,,,,,,,,,28.010,29.120,28.770,2695662.000,0.016967,28.750,28.760,137229.000,1.000,1.000,28.120,,0.016967,-0.010,-0.010,-0.001,-0.002,-0.013
79915,2015/01/28,,11,1,1311,65129010,NFX,NEWFIELD EXPLORATION CO,,NFX,211111,N,A,R,30044,0,1,1382,65129010,,,,,,,,,13.000,138.000,,,,,,,,,,,,,,,27.250,28.430,27.430,3576171.000,-0.046576,27.450,27.460,137229.000,1.000,1.000,28.430,,-0.046576,-0.014,-0.014,-0.013,-0.013,-0.013
79915,2015/01/29,,11,1,1311,65129010,NFX,NEWFIELD EXPLORATION CO,,NFX,211111,N,A,R,30044,0,1,1382,65129010,,,,,,,,,13.000,138.000,,,,,,,,,,,,,,,27.150,28.635,28.510,4304631.000,0.039373,28.500,28.510,137229.000,1.000,1.000,27.820,,0.039373,0.008,0.008,0.006,0.006,0.010
79915,2015/01/30,,11,1,1311,65129010,NFX,NEWFIELD EXPLORATION CO,,NFX,211111,N,A,R,30044,0,1,1382,65129010,,,,,,,,0.000,13.000,138.000,,,,,,,,,,,,,,,27.780,30.255,29.780,4538937.000,0.044546,29.770,29.780,137229.000,1.000,1.000,28.050,,0.044546,-0.012,-0.012,-0.010,-0.010,-0.013
79915,2015/02/02,,11,1,1311,65129010,NFX,NEWFIELD EXPLORATION CO,,NFX,211111,N,A,R,30044,0,1,1382,65129010,,,,,,,,,13.000,138.000,,,,,,,,,,,,,,,29.560,30.940,30.930,5025322.000,0.038617,30.910,30.920,137229.000,1.000,1.000,30.130,,0.038617,0.012,0.012,0.009,0.009,0.013
79915,2015/02/03,,11,1,1311,65129010,NFX,NEWFIELD EXPLORATION CO,,NFX,211111,N,A,R,30044,0,1,1382,65129010,,,,,,,,,13.000,138.000,,,,,,,,,,,,,,,31.020,32.540,32.180,6199636.000,0.040414,32.160,32.170,137229.000,1.000,1.000,31.100,,0.040414,0.015,0.015,0.015,0.015,0.014
79915,2015/02/04,,11,1,1311,65129010,NFX,NEWFIELD EXPLORATION CO,,NFX,211111,N,A,R,30044,0,1,1382,65129010,,,,,,,,,13.000,138.000,,,,,,,,,,,,,,,30.420,31.970,30.990,4398118.000,-0.036980,31.010,31.020,137229.000,1.000,1.000,31.370,,-0.036980,-0.004,-0.005,-0.005,-0.005,-0.004
79915,2015/02/05,,11,1,1311,65129010,NFX,NEWFIELD EXPLORATION CO,,NFX,211111,N,A,R,30044,0,1,1382,65129010,,,,,,,,,13.000,138.000,,,,,,,,,,,,,,,30.595,32.050,30.890,5097562.000,-0.003227,30.870,30.880,137229.000,1.000,1.000,31.660,,-0.003227,0.012,0.011,0.012,0.012,0.010
79915,2015/02/06,,11,1,1311,65129010,NFX,NEWFIELD EXPLORATION CO,,NFX,211111,N,A,R,30044,0,1,1382,65129010,,,,,,,,,13.000,138.000,,,,,,,,,,,,,,,30.320,31.480,30.790,3550344.000,-0.003237,30.780,30.790,137229.000,1.000,1.000,31.240,,-0.003237,-0.004,-0.004,-0.003,-0.003,-0.003
79915,2015/02/09,,11,1,1311,65129010,NFX,NEWFIELD EXPLORATION CO,,NFX,211111,N,A,R,30044,0,1,1382,65129010,,,,,,,,,13.000,138.000,,,,,,,,,,,,,,,30.380,31.680,30.560,3287329.000,-0.007470,30.540,30.550,137229.000,1.000,1.000,31.020,,-0.007470,-0.004,-0.004,-0.002,-0.002,-0.004
79915,2015/02/10,,11,1,1311,65129010,NFX,NEWFIELD EXPLORATION CO,,NFX,211111,N,A,R,30044,0,1,1382,65129010,,,,,,,,,13.000,138.000,,,,,,,,,,,,,,,28.960,30.330,30.180,4403049.000,-0.012435,30.180,30.190,137229.000,1.000,1.000,30.200,,-0.012435,0.009,0.009,0.002,0.002,0.011
79915,2015/02/11,,11,1,1311,65129010,NFX,NEWFIELD EXPLORATION CO,,NFX,211111,N,A,R,30044,0,1,1382,65129010,,,,,,,,,13.000,138.000,,,,,,,,,,,,,,,28.680,30.180,29.910,3085979.000,-0.008946,29.910,29.920,137229.000,1.000,1.000,29.340,,-0.008946,-0.000,-0.001,-0.001,-0.002,-0.000
79915,2015/02/12,,11,1,1311,65129010,NFX,NEWFIELD EXPLORATION CO,,NFX,211111,N,A,R,30044,0,1,1382,65129010,,,,,,,,,13.000,138.000,,,,,,,,,,,,,,,30.280,31.110,30.890,2584002.000,0.032765,30.880,30.890,137229.000,1.000,1.000,30.620,,0.032765,0.010,0.010,0.010,0.010,0.010
79915,2015/02/13,,11,1,1311,65129010,NFX,NEWFIELD EXPLORATION CO,,NFX,211111,N,A,R,30044,0,1,1382,65129010,,,,,,,,,13.000,138.000,,,,,,,,,,,,,,,31.250,32.465,32.240,4031659.000,0.043704,32.220,32.230,137229.000,1.000,1.000,31.380,,0.043704,0.005,0.005,0.007,0.007,0.004
79915,2015/02/17,,11,1,1311,65129010,NFX,NEWFIELD EXPLORATION CO,,NFX,211111,N,A,R,30044,0,1,1382,65129010,,,,,,,,,13.000,138.000,,,,,,,,,,,,,,,31.950,33.460,33.090,3995035.000,0.026365,33.090,33.100,137229.000,1.000,1.000,32.000,,0.026365,0.002,0.002,0.002,0.002,0.002
79915,2015/02/18,,11,1,1311,65129010,NFX,NEWFIELD EXPLORATION CO,,NFX,211111,N,A,R,30044,0,1,1382,65129010,,,,,,,,,13.000,138.000,,,,,,,,,,,,,,,32.080,33.210,32.850,3674729.000,-0.007253,32.850,32.860,137229.000,1.000,1.000,32.630,,-0.007253,0.000,0.000,0.002,0.002,-0.000
79915,2015/02/19,,11,1,1311,65129010,NFX,NEWFIELD EXPLORATION CO,,NFX,211111,N,A,R,30044,0,1,1382,65129010,,,,,,,,,13.000,138.000,,,,,,,,,,,,,,,31.230,33.025,32.780,2470834.000,-0.002131,32.780,32.790,137229.000,1.000,1.000,31.810,,-0.002131,-0.001,-0.001,0.000,0.000,-0.001
79915,2015/02/20,,11,1,1311,65129010,NFX,NEWFIELD EXPLORATION CO,,NFX,211111,N,A,R,30044,0,1,1382,65129010,,,,,,,,,13.000,138.000,,,,,,,,,,,,,,,31.690,33.130,32.090,2768912.000,-0.021049,32.080,32.090,137229.000,1.000,1.000,32.830,,-0.021049,0.006,0.006,0.002,0.002,0.006
79915,2015/02/23,,11,1,1311,65129010,NFX,NEWFIELD EXPLORATION CO,,NFX,211111,N,A,R,30044,0,1,1382,65129010,,,,,,,,,13.000,138.000,,,,,,,,,,,,,,,31.480,32.360,31.710,3206351.000,-0.011842,31.700,31.710,137229.000,1.000,1.000,31.590,,-0.011842,-0.001,-0.001,-0.002,-0.002,-0.000
79915,2015/02/24,,11,1,1311,65129010,NFX,NEWFIELD EXPLORATION CO,,NFX,211111,N,A,R,30044,0,1,1382,65129010,,,,,,,,,13.000,138.000,,,,,,,,,,,,,,,31.370,32.400,31.670,3360193.000,-0.001261,31.650,31.660,137229.000,1.000,1.000,32.100,,-0.001261,0.002,0.002,0.003,0.003,0.003
79915,2015/02/25,,11,1,1311,65129010,NFX,NEWFIELD EXPLORATION CO,,NFX,211111,N,A,R,30044,0,1,1382,65129010,,,,,,,,,13.000,138.000,,,,,,,,,,,,,,,31.920,36.260,36.000,9043127.000,0.136722,36.000,36.020,137229.000,1.000,1.000,31.920,,0.136722,0.001,0.001,0.003,0.003,-0.001
79915,2015/02/26,,11,1,1311,65129010,NFX,NEWFIELD EXPLORATION CO,,NFX,211111,N,A,R,30044,0,1,1382,65129010,,,,,,,,,13.000,138.000,,,,,,,,,,,,,,,32.910,33.990,33.600,22585890.000,-0.066667,33.470,33.480,137229.000,1.000,1.000,33.880,,-0.066667,-0.002,-0.002,-0.000,-0.000,-0.001
79915,2015/02/27,,11,1,1311,65129010,NFX,NEWFIELD EXPLORATION CO,,NFX,211111,N,A,R,30044,0,1,1382,65129010,,,,,,,,0.000,13.000,138.000,,,,,,,,,,,,,,,32.990,34.070,33.030,6640433.000,-0.016964,33.030,33.040,137387.000,1.000,1.000,33.810,,-0.016964,-0.003,-0.003,-0.001,-0.001,-0.003
79915,2015/03/02,,11,1,1311,65129010,NFX,NEWFIELD EXPLORATION CO,,NFX,211111,N,A,R,30044,0,1,1382,65129010,,,,,,,,,13.000,138.000,,,,,,,,,,,,,,,31.600,33.080,32.430,5177241.000,-0.018165,32.420,32.430,137387.000,1.000,1.000,32.910,,-0.018165,0.005,0.005,0.003,0.003,0.006
79915,2015/03/03,,11,1,1311,65129010,NFX,NEWFIELD EXPLORATION CO,,NFX,211111,N,A,R,30044,0,1,1382,65129010,,,,,,,,,13.000,138.000,,,,,,,,,,,,,,,32.480,33.550,32.940,3609225.000,0.015726,32.930,32.940,137387.000,1.000,1.000,32.640,,0.015726,-0.004,-0.004,-0.003,-0.003,-0.005
79915,2015/03/04,,11,1,1311,65129010,NFX,NEWFIELD EXPLORATION CO,,NFX,211111,N,A,R,30044,0,1,1382,65129010,,,,,,,,,13.000,138.000,,,,,,,,,,,,,,,31.960,33.500,33.180,4726714.000,0.007286,33.150,33.160,137387.000,1.000,1.000,33.110,,0.007286,-0.004,-0.004,-0.003,-0.003,-0.004
79915,2015/03/05,,11,1,1311,65129010,NFX,NEWFIELD EXPLORATION CO,,NFX,211111,N,A,R,30044,0,1,1382,65129010,,,,,,,,,13.000,138.000,,,,,,,,,,,,,,,32.260,33.150,32.770,2915592.000,-0.012357,32.760,32.770,137387.000,1.000,1.000,33.150,,-0.012357,0.002,0.002,0.002,0.002,0.001
79915,2015/03/06,,11,1,1311,65129010,NFX,NEWFIELD EXPLORATION CO,,NFX,211111,N,A,R,30044,0,1,1382,65129010,,,,,,,,,13.000,138.000,,,,,,,,,,,,,,,31.810,32.940,32.000,2248834.000,-0.023497,31.990,32.000,137387.000,1.000,1.000,32.310,,-0.023497,-0.014,-0.014,-0.011,-0.011,-0.014
79915,2015/03/09,,11,1,1311,65129010,NFX,NEWFIELD EXPLORATION CO,,NFX,211111,N,A,R,30044,0,1,1382,65129010,,,,,,,,,13.000,138.000,,,,,,,,,,,,,,,31.470,32.380,31.690,1920484.000,-0.009687,31.690,31.700,137387.000,1.000,1.000,31.990,,-0.009687,0.003,0.003,-0.001,-0.001,0.004
79915,2015/03/10,,11,1,1311,65129010,NFX,NEWFIELD EXPLORATION CO,,NFX,211111,N,A,R,30044,0,1,1382,65129010,,,,,,,,,13.000,138.000,,,,,,,,,,,,,,,30.860,31.730,30.960,2113100.000,-0.023036,30.960,30.970,137387.000,1.000,1.000,31.090,,-0.023036,-0.016,-0.016,-0.012,-0.012,-0.017
79915,2015/03/11,,11,1,1311,65129010,NFX,NEWFIELD EXPLORATION CO,,NFX,211111,N,A,R,30044,0,1,1382,65129010,,,,,,,,,13.000,138.000,,,,,,,,,,,,,,,30.910,31.560,31.280,1871653.000,0.010336,31.270,31.280,137387.000,1.000,1.000,31.020,,0.010336,-0.000,-0.000,0.002,0.002,-0.002
79915,2015/03/12,,11,1,1311,65129010,NFX,NEWFIELD EXPLORATION CO,,NFX,211111,N,A,R,30044,0,1,1382,65129010,,,,,,,,,13.000,138.000,,,,,,,,,,,,,,,31.030,31.690,31.100,2117848.000,-0.005754,31.100,31.110,137387.000,1.000,1.000,31.340,,-0.005754,0.012,0.012,0.010,0.009,0.013
79915,2015/03/13,,11,1,1311,65129010,NFX,NEWFIELD EXPLORATION CO,,NFX,211111,N,A,R,30044,0,1,1382,65129010,,,,,,,,,13.000,138.000,,,,,,,,,,,,,,,30.150,31.400,31.360,3598692.000,0.008360,31.360,31.370,137387.000,1.000,1.000,30.700,,0.008360,-0.006,-0.006,-0.004,-0.005,-0.006
79915,2015/03/16,,11,1,1311,65129010,NFX,NEWFIELD EXPLORATION CO,,NFX,211111,N,A,R,30044,0,1,1382,65129010,,,,,,,,,13.000,138.000,,,,,,,,,,,,,,,30.660,31.800,31.730,2310909.000,0.011798,31.730,31.740,137387.000,1.000,1.000,31.090,,0.011798,0.012,0.012,0.002,0.002,0.014
79915,2015/03/17,,11,1,1311,65129010,NFX,NEWFIELD EXPLORATION CO,,NFX,211111,N,A,R,30044,0,1,1382,65129010,,,,,,,,,13.000,138.000,,,,,,,,,,,,,,,31.400,32.100,31.570,1889096.000,-0.005043,31.560,31.570,137387.000,1.000,1.000,31.490,,-0.005043,-0.002,-0.002,0.001,0.001,-0.003
79915,2015/03/18,,11,1,1311,65129010,NFX,NEWFIELD EXPLORATION CO,,NFX,211111,N,A,R,30044,0,1,1382,65129010,,,,,,,,,13.000,138.000,,,,,,,,,,,,,,,31.070,33.740,33.370,4436554.000,0.057016,33.360,33.370,137387.000,1.000,1.000,31.120,,0.057016,0.012,0.012,0.010,0.010,0.012
79915,2015/03/19,,11,1,1311,65129010,NFX,NEWFIELD EXPLORATION CO,,NFX,211111,N,A,R,30044,0,1,1382,65129010,,,,,,,,,13.000,138.000,,,,,,,,,,,,,,,32.170,33.060,32.470,2440952.000,-0.026970,32.470,32.480,137387.000,1.000,1.000,32.460,,-0.026970,-0.005,-0.005,-0.001,-0.001,-0.005
79915,2015/03/20,,11,1,1311,65129010,NFX,NEWFIELD EXPLORATION CO,,NFX,211111,N,A,R,30044,0,1,1382,65129010,,,,,,,,,13.000,138.000,,,,,,,,,,,,,,,32.890,34.360,33.290,4875972.000,0.025254,33.290,33.300,137387.000,1.000,1.000,33.040,,0.025254,0.009,0.009,0.007,0.007,0.009
79915,2015/03/23,,11,1,1311,65129010,NFX,NEWFIELD EXPLORATION CO,,NFX,211111,N,A,R,30044,0,1,1382,65129010,,,,,,,,,13.000,138.000,,,,,,,,,,,,,,,32.650,33.750,32.650,2117912.000,-0.019225,32.650,32.660,137387.000,1.000,1.000,33.260,,-0.019225,-0.001,-0.001,0.003,0.003,-0.002
79915,2015/03/24,,11,1,1311,65129010,NFX,NEWFIELD EXPLORATION CO,,NFX,211111,N,A,R,30044,0,1,1382,65129010,,,,,,,,,13.000,138.000,,,,,,,,,,,,,,,32.120,33.040,32.940,2006812.000,0.008882,32.950,32.960,137387.000,1.000,1.000,32.570,,0.008882,-0.005,-0.005,0.000,0.000,-0.006
79915,2015/03/25,,11,1,1311,65129010,NFX,NEWFIELD EXPLORATION CO,,NFX,211111,N,A,R,30044,0,1,1382,65129010,,,,,,,,,13.000,138.000,,,,,,,,,,,,,,,33.020,34.280,33.770,2644612.000,0.025197,33.770,33.780,137387.000,1.000,1.000,33.330,,0.025197,-0.015,-0.015,-0.013,-0.013,-0.015
79915,2015/03/26,,11,1,1311,65129010,NFX,NEWFIELD EXPLORATION CO,,NFX,211111,N,A,R,30044,0,1,1382,65129010,,,,,,,,,13.000,138.000,,,,,,,,,,,,,,,33.950,35.190,34.240,3234172.000,0.013918,34.240,34.250,137387.000,1.000,1.000,34.480,,0.013918,-0.002,-0.002,-0.002,-0.002,-0.002
79915,2015/03/27,,11,1,1311,65129010,NFX,NEWFIELD EXPLORATION CO,,NFX,211111,N,A,R,30044,0,1,1382,65129010,,,,,,,,,13.000,138.000,,,,,,,,,,,,,,,33.620,34.765,34.280,2800458.000,0.001168,34.280,34.300,137387.000,1.000,1.000,33.940,,0.001168,0.002,0.002,0.002,0.002,0.002
79915,2015/03/30,,11,1,1311,65129010,NFX,NEWFIELD EXPLORATION CO,,NFX,211111,N,A,R,30044,0,1,1382,65129010,,,,,,,,,13.000,138.000,,,,,,,,,,,,,,,34.730,35.430,35.180,2686263.000,0.026254,35.160,35.170,137387.000,1.000,1.000,34.820,,0.026254,0.012,0.011,0.007,0.007,0.012
79915,2015/03/31,,11,1,1311,65129010,NFX,NEWFIELD EXPLORATION CO,,NFX,211111,N,A,R,30044,0,1,1382,65129010,,,,,,,,0.000,13.000,138.000,,,,,,,,,,,,,,,34.370,35.580,35.090,4294215.000,-0.002558,35.100,35.110,162697.000,1.000,1.000,34.690,,-0.002558,-0.007,-0.007,-0.004,-0.004,-0.009
79915,2015/04/01,,11,1,1311,65129010,NFX,NEWFIELD EXPLORATION CO,,NFX,211111,N,A,R,30044,0,1,1382,65129010,,,,,,,,,13.000,138.000,,,,,,,,,,,,,,,35.400,36.930,36.090,3474336.000,0.028498,36.090,36.100,162697.000,1.000,1.000,35.400,,0.028498,-0.003,-0.003,0.001,0.001,-0.004
79915,2015/04/02,,11,1,1311,65129010,NFX,NEWFIELD EXPLORATION CO,,NFX,211111,N,A,R,30044,0,1,1382,65129010,,,,,,,,,13.000,138.000,,,,,,,,,,,,,,,35.730,37.500,36.280,3551289.000,0.005265,36.270,36.280,162697.000,1.000,1.000,35.810,,0.005265,0.004,0.004,0.005,0.005,0.004
79915,2015/04/06,,11,1,1311,65129010,NFX,NEWFIELD EXPLORATION CO,,NFX,211111,N,A,R,30044,0,1,1382,65129010,,,,,,,,,13.000,138.000,,,,,,,,,,,,,,,36.560,38.190,37.730,3998597.000,0.039967,37.750,37.760,162697.000,1.000,1.000,36.750,,0.039967,0.007,0.007,0.006,0.006,0.007
79915,2015/04/07,,11,1,1311,65129010,NFX,NEWFIELD EXPLORATION CO,,NFX,211111,N,A,R,30044,0,1,1382,65129010,,,,,,,,,13.000,138.000,,,,,,,,,,,,,,,36.950,38.310,37.010,2723194.000,-0.019083,37.000,37.010,162697.000,1.000,1.000,37.600,,-0.019083,-0.002,-0.002,0.000,0.000,-0.002
79915,2015/04/08,,11,1,1311,65129010,NFX,NEWFIELD EXPLORATION CO,,NFX,211111,N,A,R,30044,0,1,1382,65129010,,,,,,,,,13.000,138.000,,,,,,,,,,,,,,,35.970,37.570,36.100,2657449.000,-0.024588,36.110,36.120,162697.000,1.000,1.000,37.190,,-0.024588,0.004,0.003,0.005,0.004,0.003
79915,2015/04/09,,11,1,1311,65129010,NFX,NEWFIELD EXPLORATION CO,,NFX,211111,N,A,R,30044,0,1,1382,65129010,,,,,,,,,13.000,138.000,,,,,,,,,,,,,,,36.110,37.340,37.100,2184425.000,0.027701,37.100,37.110,162697.000,1.000,1.000,36.110,,0.027701,0.003,0.003,0.001,0.001,0.004
79915,2015/04/10,,11,1,1311,65129010,NFX,NEWFIELD EXPLORATION CO,,NFX,211111,N,A,R,30044,0,1,1382,65129010,,,,,,,,,13.000,138.000,,,,,,,,,,,,,,,36.900,37.630,37.190,2260244.000,0.002426,37.190,37.200,162697.000,1.000,1.000,37.450,,0.002426,0.005,0.005,0.003,0.003,0.005
79915,2015/04/13,,11,1,1311,65129010,NFX,NEWFIELD EXPLORATION CO,,NFX,211111,N,A,R,30044,0,1,1382,65129010,,,,,,,,,13.000,138.000,,,,,,,,,,,,,,,36.390,37.700,36.560,1919093.000,-0.016940,36.570,36.580,162697.000,1.000,1.000,37.600,,-0.016940,-0.004,-0.004,-0.000,-0.001,-0.005
79915,2015/04/14,,11,1,1311,65129010,NFX,NEWFIELD EXPLORATION CO,,NFX,211111,N,A,R,30044,0,1,1382,65129010,,,,,,,,,13.000,138.000,,,,,,,,,,,,,,,36.710,37.485,37.440,1922033.000,0.024070,37.450,37.460,162697.000,1.000,1.000,36.930,,0.024070,0.002,0.002,0.003,0.003,0.002
79915,2015/04/15,,11,1,1311,65129010,NFX,NEWFIELD EXPLORATION CO,,NFX,211111,N,A,R,30044,0,1,1382,65129010,,,,,,,,,13.000,138.000,,,,,,,,,,,,,,,37.260,39.140,38.780,3707979.000,0.035791,38.780,38.790,162697.000,1.000,1.000,37.700,,0.035791,0.006,0.006,0.008,0.008,0.005
79915,2015/04/16,,11,1,1311,65129010,NFX,NEWFIELD EXPLORATION CO,,NFX,211111,N,A,R,30044,0,1,1382,65129010,,,,,,,,,13.000,138.000,,,,,,,,,,,,,,,37.990,39.260,38.750,2937850.000,-0.000774,38.730,38.740,162697.000,1.000,1.000,38.430,,-0.000774,-0.000,-0.000,0.000,0.000,-0.001
79915,2015/04/17,,11,1,1311,65129010,NFX,NEWFIELD EXPLORATION CO,,NFX,211111,N,A,R,30044,0,1,1382,65129010,,,,,,,,,13.000,138.000,,,,,,,,,,,,,,,37.920,38.750,38.480,1965884.000,-0.006968,38.480,38.490,162697.000,1.000,1.000,38.500,,-0.006968,-0.011,-0.011,-0.011,-0.011,-0.011
79915,2015/04/20,,11,1,1311,65129010,NFX,NEWFIELD EXPLORATION CO,,NFX,211111,N,A,R,30044,0,1,1382,65129010,,,,,,,,,13.000,138.000,,,,,,,,,,,,,,,38.000,39.370,38.160,2050431.000,-0.008316,38.140,38.150,162697.000,1.000,1.000,38.530,,-0.008316,0.008,0.008,0.006,0.006,0.009
79915,2015/04/21,,11,1,1311,65129010,NFX,NEWFIELD EXPLORATION CO,,NFX,211111,N,A,R,30044,0,1,1382,65129010,,,,,,,,,13.000,138.000,,,,,,,,,,,,,,,36.790,38.320,36.980,2696984.000,-0.030922,36.970,36.980,162697.000,1.000,1.000,38.080,,-0.030922,-0.001,-0.001,-0.000,-0.000,-0.001
79915,2015/04/22,,11,1,1311,65129010,NFX,NEWFIELD EXPLORATION CO,,NFX,211111,N,A,R,30044,0,1,1382,65129010,,,,,,,,,13.000,138.000,,,,,,,,,,,,,,,36.930,38.510,37.770,1753287.000,0.021363,37.750,37.760,162697.000,1.000,1.000,37.520,,0.021363,0.004,0.004,0.002,0.002,0.005
79915,2015/04/23,,11,1,1311,65129010,NFX,NEWFIELD EXPLORATION CO,,NFX,211111,N,A,R,30044,0,1,1382,65129010,,,,,,,,,13.000,138.000,,,,,,,,,,,,,,,37.610,38.830,38.040,1889908.000,0.007149,38.040,38.050,162697.000,1.000,1.000,37.610,,0.007149,0.004,0.003,0.005,0.005,0.002
79915,2015/04/24,,11,1,1311,65129010,NFX,NEWFIELD EXPLORATION CO,,NFX,211111,N,A,R,30044,0,1,1382,65129010,,,,,,,,,13.000,138.000,,,,,,,,,,,,,,,37.680,38.960,38.760,2928868.000,0.018927,38.750,38.760,162697.000,1.000,1.000,37.900,,0.018927,0.001,0.001,-0.001,-0.001,0.002
79915,2015/04/27,,11,1,1311,65129010,NFX,NEWFIELD EXPLORATION CO,,NFX,211111,N,A,R,30044,0,1,1382,65129010,,,,,,,,,13.000,138.000,,,,,,,,,,,,,,,38.160,39.460,38.180,1528474.000,-0.014964,38.180,38.190,162697.000,1.000,1.000,39.020,,-0.014964,-0.005,-0.005,-0.006,-0.006,-0.004
79915,2015/04/28,,11,1,1311,65129010,NFX,NEWFIELD EXPLORATION CO,,NFX,211111,N,A,R,30044,0,1,1382,65129010,,,,,,,,,13.000,138.000,,,,,,,,,,,,,,,37.840,39.130,39.090,2614592.000,0.023834,39.090,39.100,162697.000,1.000,1.000,38.140,,0.023834,0.002,0.002,0.003,0.003,0.003
79915,2015/04/29,,11,1,1311,65129010,NFX,NEWFIELD EXPLORATION CO,,NFX,211111,N,A,R,30044,0,1,1382,65129010,,,,,,,,,13.000,138.000,,,,,,,,,,,,,,,38.840,40.270,39.690,2263315.000,0.015349,39.670,39.680,162697.000,1.000,1.000,39.040,,0.015349,-0.004,-0.004,-0.005,-0.005,-0.004
79915,2015/04/30,,11,1,1311,65129010,NFX,NEWFIELD EXPLORATION CO,,NFX,211111,N,A,R,30044,0,1,1382,65129010,,,,,,,,0.000,13.000,138.000,,,,,,,,,,,,,,,38.520,40.180,39.240,3214058.000,-0.011338,39.250,39.260,162697.000,1.000,1.000,39.780,,-0.011338,-0.011,-0.011,-0.012,-0.012,-0.010
79915,2015/05/01,,11,1,1311,65129010,NFX,NEWFIELD EXPLORATION CO,,NFX,211111,N,A,R,30044,0,1,1382,65129010,,,,,,,,,13.000,138.000,,,,,,,,,,,,,,,38.590,39.460,38.990,1789261.000,-0.006371,38.990,39.000,162697.000,1.000,1.000,39.150,,-0.006371,0.009,0.009,0.005,0.005,0.011
79915,2015/05/04,,11,1,1311,65129010,NFX,NEWFIELD EXPLORATION CO,,NFX,211111,N,A,R,30044,0,1,1382,65129010,,,,,,,,,13.000,138.000,,,,,,,,,,,,,,,38.420,39.600,38.990,1984706.000,0.000000,38.980,38.990,162697.000,1.000,1.000,39.090,,0.000000,0.003,0.003,0.003,0.003,0.003
79915,2015/05/05,,11,1,1311,65129010,NFX,NEWFIELD EXPLORATION CO,,NFX,211111,N,A,R,30044,0,1,1382,65129010,,,,,,,,,13.000,138.000,,,,,,,,,,,,,,,36.710,39.980,36.990,5522879.000,-0.051295,36.970,36.980,162697.000,1.000,1.000,39.980,,-0.051295,-0.012,-0.012,-0.010,-0.010,-0.012
79915,2015/05/06,,11,1,1311,65129010,NFX,NEWFIELD EXPLORATION CO,,NFX,211111,N,A,R,30044,0,1,1382,65129010,,,,,,,,,13.000,138.000,,,,,,,,,,,,,,,34.780,37.530,36.050,5941397.000,-0.025412,36.060,36.070,162697.000,1.000,1.000,37.480,,-0.025412,-0.003,-0.004,-0.002,-0.003,-0.004
79915,2015/05/07,,11,1,1311,65129010,NFX,NEWFIELD EXPLORATION CO,,NFX,211111,N,A,R,30044,0,1,1382,65129010,,,,,,,,,13.000,138.000,,,,,,,,,,,,,,,34.890,36.290,35.240,4086310.000,-0.022469,35.230,35.240,162697.000,1.000,1.000,36.060,,-0.022469,0.003,0.003,0.001,0.001,0.004
79915,2015/05/08,,11,1,1311,65129010,NFX,NEWFIELD EXPLORATION CO,,NFX,211111,N,A,R,30044,0,1,1382,65129010,,,,,,,,,13.000,138.000,,,,,,,,,,,,,,,35.010,36.510,36.440,3418314.000,0.034052,36.420,36.430,162697.000,1.000,1.000,35.640,,0.034052,0.012,0.012,0.008,0.008,0.013
79915,2015/05/11,,11,1,1311,65129010,NFX,NEWFIELD EXPLORATION CO,,NFX,211111,N,A,R,30044,0,1,1382,65129010,,,,,,,,,13.000,138.000,,,,,,,,,,,,,,,35.520,36.900,35.930,2645043.000,-0.013996,35.930,35.940,162697.000,1.000,1.000,36.900,,-0.013996,-0.004,-0.004,-0.001,-0.001,-0.005
79915,2015/05/12,,11,1,1311,65129010,NFX,NEWFIELD EXPLORATION CO,,NFX,211111,N,A,R,30044,0,1,1382,65129010,,,,,,,,,13.000,138.000,,,,,,,,,,,,,,,35.620,36.540,35.950,2544730.000,0.000557,35.950,35.960,162697.000,1.000,1.000,36.020,,0.000557,-0.002,-0.002,-0.001,-0.001,-0.003
79915,2015/05/13,,11,1,1311,65129010,NFX,NEWFIELD EXPLORATION CO,,NFX,211111,N,A,R,30044,0,1,1382,65129010,,,,,,,,,13.000,138.000,,,,,,,,,,,,,,,35.000,36.320,35.340,1835202.000,-0.016968,35.330,35.340,162697.000,1.000,1.000,36.230,,-0.016968,0.000,-0.000,0.001,0.001,-0.000
79915,2015/05/14,,11,1,1311,65129010,NFX,NEWFIELD EXPLORATION CO,,NFX,211111,N,A,R,30044,0,1,1382,65129010,,,,,,,,,13.000,138.000,,,,,,,,,,,,,,,34.470,35.790,34.540,3157542.000,-0.022637,34.530,34.540,162697.000,1.000,1.000,35.450,,-0.022637,0.010,0.010,0.006,0.006,0.011
79915,2015/05/15,,11,1,1311,65129010,NFX,NEWFIELD EXPLORATION CO,,NFX,211111,N,A,R,30044,0,1,1382,65129010,,,,,,,,,13.000,138.000,,,,,,,,,,,,,,,33.960,35.770,35.540,2517900.000,0.028952,35.530,35.540,162697.000,1.000,1.000,34.420,,0.028952,0.001,0.001,0.002,0.002,0.001
79915,2015/05/18,,11,1,1311,65129010,NFX,NEWFIELD EXPLORATION CO,,NFX,211111,N,A,R,30044,0,1,1382,65129010,,,,,,,,,13.000,138.000,,,,,,,,,,,,,,,35.480,36.845,36.740,3430078.000,0.033765,36.740,36.750,162697.000,1.000,1.000,35.960,,0.033765,0.003,0.003,0.003,0.003,0.003
79915,2015/05/19,,11,1,1311,65129010,NFX,NEWFIELD EXPLORATION CO,,NFX,211111,N,A,R,30044,0,1,1382,65129010,,,,,,,,,13.000,138.000,,,,,,,,,,,,,,,35.860,37.075,36.970,3448440.000,0.006260,36.970,36.980,162697.000,1.000,1.000,36.250,,0.006260,-0.001,-0.002,-0.004,-0.004,-0.001
79915,2015/05/20,,11,1,1311,65129010,NFX,NEWFIELD EXPLORATION CO,,NFX,211111,N,A,R,30044,0,1,1382,65129010,,,,,,,,,13.000,138.000,,,,,,,,,,,,,,,36.760,38.090,37.400,3647083.000,0.011631,37.400,37.410,162697.000,1.000,1.000,37.110,,0.011631,-0.000,-0.000,0.001,0.001,-0.001
79915,2015/05/21,,11,1,1311,65129010,NFX,NEWFIELD EXPLORATION CO,,NFX,211111,N,A,R,30044,0,1,1382,65129010,,,,,,,,,13.000,138.000,,,,,,,,,,,,,,,37.700,38.450,38.290,2516239.000,0.023797,38.280,38.290,162697.000,1.000,1.000,37.700,,0.023797,0.002,0.002,0.001,0.001,0.002
79915,2015/05/22,,11,1,1311,65129010,NFX,NEWFIELD EXPLORATION CO,,NFX,211111,N,A,R,30044,0,1,1382,65129010,,,,,,,,,13.000,138.000,,,,,,,,,,,,,,,37.660,38.480,38.040,1781033.000,-0.006529,38.040,38.050,162697.000,1.000,1.000,37.830,,-0.006529,-0.002,-0.002,-0.002,-0.002,-0.002
79915,2015/05/26,,11,1,1311,65129010,NFX,NEWFIELD EXPLORATION CO,,NFX,211111,N,A,R,30044,0,1,1382,65129010,,,,,,,,,13.000,138.000,,,,,,,,,,,,,,,37.130,38.060,37.290,1333768.000,-0.019716,37.290,37.300,162697.000,1.000,1.000,37.560,,-0.019716,-0.010,-0.010,-0.009,-0.009,-0.010
79915,2015/05/27,,11,1,1311,65129010,NFX,NEWFIELD EXPLORATION CO,,NFX,211111,N,A,R,30044,0,1,1382,65129010,,,,,,,,,13.000,138.000,,,,,,,,,,,,,,,36.650,37.750,37.380,1627621.000,0.002414,37.380,37.390,162697.000,1.000,1.000,37.000,,0.002414,0.009,0.008,0.006,0.006,0.009
79915,2015/05/28,,11,1,1311,65129010,NFX,NEWFIELD EXPLORATION CO,,NFX,211111,N,A,R,30044,0,1,1382,65129010,,,,,,,,,13.000,138.000,,,,,,,,,,,,,,,36.110,37.270,36.790,1836556.000,-0.015784,36.790,36.800,162697.000,1.000,1.000,37.240,,-0.015784,-0.001,-0.001,-0.001,-0.001,-0.001
79915,2015/05/29,,11,1,1311,65129010,NFX,NEWFIELD EXPLORATION CO,,NFX,211111,N,A,R,30044,0,1,1382,65129010,,,,,,,,0.000,13.000,138.000,,,,,,,,,,,,,,,36.630,38.170,37.810,2616883.000,0.027725,37.800,37.810,162801.000,1.000,1.000,36.900,,0.027725,-0.006,-0.006,-0.003,-0.003,-0.006
79915,2015/06/01,,11,1,1311,65129010,NFX,NEWFIELD EXPLORATION CO,,NFX,211111,N,A,R,30044,0,1,1382,65129010,,,,,,,,,13.000,138.000,,,,,,,,,,,,,,,37.035,37.880,37.330,3453595.000,-0.012695,37.330,37.340,162801.000,1.000,1.000,37.880,,-0.012695,0.002,0.001,0.000,0.000,0.002
79915,2015/06/02,,11,1,1311,65129010,NFX,NEWFIELD EXPLORATION CO,,NFX,211111,N,A,R,30044,0,1,1382,65129010,,,,,,,,,13.000,138.000,,,,,,,,,,,,,,,37.210,38.080,37.370,2723727.000,0.001071,37.360,37.370,162801.000,1.000,1.000,37.640,,0.001071,0.000,0.000,0.004,0.004,-0.001
79915,2015/06/03,,11,1,1311,65129010,NFX,NEWFIELD EXPLORATION CO,,NFX,211111,N,A,R,30044,0,1,1382,65129010,,,,,,,,,13.000,138.000,,,,,,,,,,,,,,,36.195,37.710,36.260,2266226.000,-0.029703,36.270,36.280,162801.000,1.000,1.000,37.190,,-0.029703,0.003,0.003,0.005,0.004,0.002
79915,2015/06/04,,11,1,1311,65129010,NFX,NEWFIELD EXPLORATION CO,,NFX,211111,N,A,R,30044,0,1,1382,65129010,,,,,,,,,13.000,138.000,,,,,,,,,,,,,,,35.480,36.335,36.150,2152228.000,-0.003034,36.160,36.170,162801.000,1.000,1.000,36.010,,-0.003034,-0.009,-0.009,-0.007,-0.007,-0.009
79915,2015/06/05,,11,1,1311,65129010,NFX,NEWFIELD EXPLORATION CO,,NFX,211111,N,A,R,30044,0,1,1382,65129010,,,,,,,,,13.000,138.000,,,,,,,,,,,,,,,35.700,37.710,37.300,2359197.000,0.031812,37.290,37.300,162801.000,1.000,1.000,35.770,,0.031812,-0.000,-0.000,0.003,0.003,-0.001
79915,2015/06/08,,11,1,1311,65129010,NFX,NEWFIELD EXPLORATION CO,,NFX,211111,N,A,R,30044,0,1,1382,65129010,,,,,,,,,13.000,138.000,,,,,,,,,,,,,,,36.720,37.500,36.950,2538610.000,-0.009383,36.970,36.980,162801.000,1.000,1.000,37.060,,-0.009383,-0.007,-0.007,-0.004,-0.004,-0.006
79915,2015/06/09,,11,1,1311,65129010,NFX,NEWFIELD EXPLORATION CO,,NFX,211111,N,A,R,30044,0,1,1382,65129010,,,,,,,,,13.000,138.000,,,,,,,,,,,,,,,37.230,38.160,37.260,2412134.000,0.008390,37.250,37.260,162801.000,1.000,1.000,37.540,,0.008390,-0.000,-0.000,-0.002,-0.003,0.000
79915,2015/06/10,,11,1,1311,65129010,NFX,NEWFIELD EXPLORATION CO,,NFX,211111,N,A,R,30044,0,1,1382,65129010,,,,,,,,,13.000,138.000,,,,,,,,,,,,,,,37.400,38.270,37.920,1721224.000,0.017713,37.910,37.920,162801.000,1.000,1.000,37.940,,0.017713,0.012,0.011,0.009,0.009,0.012
79915,2015/06/11,,11,1,1311,65129010,NFX,NEWFIELD EXPLORATION CO,,NFX,211111,N,A,R,30044,0,1,1382,65129010,,,,,,,,,13.000,138.000,,,,,,,,,,,,,,,37.420,38.290,37.440,1354624.000,-0.012658,37.450,37.460,162801.000,1.000,1.000,38.050,,-0.012658,0.002,0.002,0.001,0.001,0.002
79915,2015/06/12,,11,1,1311,65129010,NFX,NEWFIELD EXPLORATION CO,,NFX,211111,N,A,R,30044,0,1,1382,65129010,,,,,,,,,13.000,138.000,,,,,,,,,,,,,,,36.595,37.320,36.670,2151246.000,-0.020566,36.640,36.650,162801.000,1.000,1.000,37.070,,-0.020566,-0.006,-0.006,-0.002,-0.002,-0.007
79915,2015/06/15,,11,1,1311,65129010,NFX,NEWFIELD EXPLORATION CO,,NFX,211111,N,A,R,30044,0,1,1382,65129010,,,,,,,,,13.000,138.000,,,,,,,,,,,,,,,36.070,36.790,36.370,2167335.000,-0.008181,36.370,36.380,162801.000,1.000,1.000,36.290,,-0.008181,-0.004,-0.004,-0.002,-0.002,-0.005
79915,2015/06/16,,11,1,1311,65129010,NFX,NEWFIELD EXPLORATION CO,,NFX,211111,N,A,R,30044,0,1,1382,65129010,,,,,,,,,13.000,138.000,,,,,,,,,,,,,,,36.300,37.420,37.400,1907476.000,0.028320,37.400,37.410,162801.000,1.000,1.000,36.360,,0.028320,0.005,0.005,0.002,0.002,0.006
79915,2015/06/17,,11,1,1311,65129010,NFX,NEWFIELD EXPLORATION CO,,NFX,211111,N,A,R,30044,0,1,1382,65129010,,,,,,,,,13.000,138.000,,,,,,,,,,,,,,,36.850,38.000,36.900,2507564.000,-0.013369,36.900,36.910,162801.000,1.000,1.000,37.800,,-0.013369,0.002,0.002,0.000,0.000,0.002
79915,2015/06/18,,11,1,1311,65129010,NFX,NEWFIELD EXPLORATION CO,,NFX,211111,N,A,R,30044,0,1,1382,65129010,,,,,,,,,13.000,138.000,,,,,,,,,,,,,,,37.210,38.070,37.380,2573342.000,0.013008,37.360,37.370,162801.000,1.000,1.000,37.430,,0.013008,0.009,0.009,0.006,0.006,0.010
79915,2015/06/19,,11,1,1311,65129010,NFX,NEWFIELD EXPLORATION CO,,NFX,211111,N,A,R,30044,0,1,1382,65129010,,,,,,,,,13.000,138.000,,,,,,,,,,,,,,,36.390,37.480,36.760,3770912.000,-0.016586,36.730,36.740,162801.000,1.000,1.000,37.060,,-0.016586,-0.005,-0.005,-0.003,-0.003,-0.005
79915,2015/06/22,,11,1,1311,65129010,NFX,NEWFIELD EXPLORATION CO,,NFX,211111,N,A,R,30044,0,1,1382,65129010,,,,,,,,,13.000,138.000,,,,,,,,,,,,,,,36.510,37.345,37.170,1623758.000,0.011153,37.160,37.170,162801.000,1.000,1.000,36.880,,0.011153,0.006,0.006,0.005,0.005,0.006
79915,2015/06/23,,11,1,1311,65129010,NFX,NEWFIELD EXPLORATION CO,,NFX,211111,N,A,R,30044,0,1,1382,65129010,,,,,,,,,13.000,138.000,,,,,,,,,,,,,,,37.030,38.030,37.950,2329589.000,0.020985,37.950,37.960,162801.000,1.000,1.000,37.050,,0.020985,0.001,0.001,0.003,0.003,0.001
79915,2015/06/24,,11,1,1311,65129010,NFX,NEWFIELD EXPLORATION CO,,NFX,211111,N,A,R,30044,0,1,1382,65129010,,,,,,,,,13.000,138.000,,,,,,,,,,,,,,,37.760,38.640,37.970,1537342.000,0.000527,37.980,37.990,162801.000,1.000,1.000,37.840,,0.000527,-0.007,-0.008,-0.006,-0.007,-0.007
79915,2015/06/25,,11,1,1311,65129010,NFX,NEWFIELD EXPLORATION CO,,NFX,211111,N,A,R,30044,0,1,1382,65129010,,,,,,,,,13.000,138.000,,,,,,,,,,,,,,,37.620,38.340,37.630,2688553.000,-0.008954,37.630,37.640,162801.000,1.000,1.000,38.120,,-0.008954,-0.003,-0.003,-0.003,-0.003,-0.003
79915,2015/06/26,,11,1,1311,65129010,NFX,NEWFIELD EXPLORATION CO,,NFX,211111,N,A,R,30044,0,1,1382,65129010,,,,,,,,,13.000,138.000,,,,,,,,,,,,,,,36.400,37.670,36.470,4656256.000,-0.030826,36.460,36.470,162801.000,1.000,1.000,37.480,,-0.030826,-0.001,-0.001,-0.004,-0.005,-0.000
79915,2015/06/29,,11,1,1311,65129010,NFX,NEWFIELD EXPLORATION CO,,NFX,211111,N,A,R,30044,0,1,1382,65129010,,,,,,,,,13.000,138.000,,,,,,,,,,,,,,,34.830,36.255,34.840,3675732.000,-0.044694,34.850,34.860,162801.000,1.000,1.000,35.920,,-0.044694,-0.022,-0.022,-0.021,-0.021,-0.021
79915,2015/06/30,,11,1,1311,65129010,NFX,NEWFIELD EXPLORATION CO,,NFX,211111,N,A,R,30044,0,1,1382,65129010,,,,,,,,0.000,13.000,138.000,,,,,,,,,,,,,,,35.070,36.290,36.120,2913421.000,0.036739,36.100,36.110,162801.000,1.000,1.000,35.550,,0.036739,0.003,0.003,0.004,0.004,0.003
79915,2015/07/01,,11,1,1311,65129010,NFX,NEWFIELD EXPLORATION CO,,NFX,211111,N,A,R,30044,0,1,1382,65129010,,,,,,,,,13.000,138.000,,,,,,,,,,,,,,,34.740,36.420,35.260,4699787.000,-0.023810,35.240,35.250,162801.000,1.000,1.000,36.070,,-0.023810,0.005,0.005,-0.000,-0.000,0.007
79915,2015/07/02,,11,1,1311,65129010,NFX,NEWFIELD EXPLORATION CO,,NFX,211111,N,A,R,30044,0,1,1382,65129010,,,,,,,,,13.000,138.000,,,,,,,,,,,,,,,34.890,35.940,35.040,1837805.000,-0.006239,35.010,35.030,162801.000,1.000,1.000,35.280,,-0.006239,-0.001,-0.001,-0.002,-0.002,-0.000
79915,2015/07/06,,11,1,1311,65129010,NFX,NEWFIELD EXPLORATION CO,,NFX,211111,N,A,R,30044,0,1,1382,65129010,,,,,,,,,13.000,138.000,,,,,,,,,,,,,,,33.680,34.870,34.360,3350443.000,-0.019406,34.360,34.370,162801.000,1.000,1.000,34.060,,-0.019406,-0.005,-0.005,-0.007,-0.007,-0.004
79915,2015/07/07,,11,1,1311,65129010,NFX,NEWFIELD EXPLORATION CO,,NFX,211111,N,A,R,30044,0,1,1382,65129010,,,,,,,,,13.000,138.000,,,,,,,,,,,,,,,33.510,35.810,35.630,3548223.000,0.036962,35.640,35.650,162801.000,1.000,1.000,34.370,,0.036962,0.005,0.005,-0.002,-0.002,0.006
79915,2015/07/08,,11,1,1311,65129010,NFX,NEWFIELD EXPLORATION CO,,NFX,211111,N,A,R,30044,0,1,1382,65129010,,,,,,,,,13.000,138.000,,,,,,,,,,,,,,,34.710,36.060,34.850,4665949.000,-0.021892,34.860,34.870,162801.000,1.000,1.000,35.500,,-0.021892,-0.017,-0.017,-0.017,-0.017,-0.017
79915,2015/07/09,,11,1,1311,65129010,NFX,NEWFIELD EXPLORATION CO,,NFX,211111,N,A,R,30044,0,1,1382,65129010,,,,,,,,,13.000,138.000,,,,,,,,,,,,,,,35.190,36.070,35.460,2214312.000,0.017504,35.450,35.460,162801.000,1.000,1.000,35.550,,0.017504,0.003,0.003,0.007,0.007,0.002
79915,2015/07/10,,11,1,1311,65129010,NFX,NEWFIELD EXPLORATION CO,,NFX,211111,N,A,R,30044,0,1,1382,65129010,,,,,,,,,13.000,138.000,,,,,,,,,,,,,,,35.070,36.020,35.470,2892318.000,0.000282,35.470,35.480,162801.000,1.000,1.000,35.760,,0.000282,0.013,0.013,0.012,0.012,0.012
79915,2015/07/13,,11,1,1311,65129010,NFX,NEWFIELD EXPLORATION CO,,NFX,211111,N,A,R,30044,0,1,1382,65129010,,,,,,,,,13.000,138.000,,,,,,,,,,,,,,,35.030,35.860,35.700,1845183.000,0.006484,35.680,35.690,162801.000,1.000,1.000,35.480,,0.006484,0.010,0.010,0.008,0.008,0.011
79915,2015/07/14,,11,1,1311,65129010,NFX,NEWFIELD EXPLORATION CO,,NFX,211111,N,A,R,30044,0,1,1382,65129010,,,,,,,,,13.000,138.000,,,,,,,,,,,,,,,35.510,36.770,36.530,1946014.000,0.023249,36.530,36.540,162801.000,1.000,1.000,35.590,,0.023249,0.005,0.005,0.005,0.005,0.004
79915,2015/07/15,,11,1,1311,65129010,NFX,NEWFIELD EXPLORATION CO,,NFX,211111,N,A,R,30044,0,1,1382,65129010,,,,,,,,,13.000,138.000,,,,,,,,,,,,,,,34.330,36.230,34.780,2533182.000,-0.047906,34.780,34.790,162801.000,1.000,1.000,36.070,,-0.047906,-0.002,-0.003,-0.007,-0.007,-0.001
79915,2015/07/16,,11,1,1311,65129010,NFX,NEWFIELD EXPLORATION CO,,NFX,211111,N,A,R,30044,0,1,1382,65129010,,,,,,,,,13.000,138.000,,,,,,,,,,,,,,,34.275,35.425,35.300,3357700.000,0.014951,35.280,35.290,162801.000,1.000,1.000,35.130,,0.014951,0.007,0.007,0.004,0.004,0.008
79915,2015/07/17,,11,1,1311,65129010,NFX,NEWFIELD EXPLORATION CO,,NFX,211111,N,A,R,30044,0,1,1382,65129010,,,,,,,,,13.000,138.000,,,,,,,,,,,,,,,33.840,35.170,34.140,2903399.000,-0.032861,34.130,34.140,162801.000,1.000,1.000,35.170,,-0.032861,-0.001,-0.001,-0.004,-0.004,0.001
79915,2015/07/20,,11,1,1311,65129010,NFX,NEWFIELD EXPLORATION CO,,NFX,211111,N,A,R,30044,0,1,1382,65129010,,,,,,,,,13.000,138.000,,,,,,,,,,,,,,,33.110,34.180,33.610,4855116.000,-0.015524,33.590,33.610,162801.000,1.000,1.000,34.010,,-0.015524,-0.001,-0.001,-0.009,-0.009,0.001
79915,2015/07/21,,11,1,1311,65129010,NFX,NEWFIELD EXPLORATION CO,,NFX,211111,N,A,R,30044,0,1,1382,65129010,,,,,,,,,13.000,138.000,,,,,,,,,,,,,,,33.700,34.690,33.830,3011136.000,0.006546,33.830,33.840,162801.000,1.000,1.000,33.950,,0.006546,-0.004,-0.004,-0.002,-0.002,-0.004
79915,2015/07/22,,11,1,1311,65129010,NFX,NEWFIELD EXPLORATION CO,,NFX,211111,N,A,R,30044,0,1,1382,65129010,,,,,,,,,13.000,138.000,,,,,,,,,,,,,,,33.170,34.050,33.400,3013080.000,-0.012711,33.390,33.400,162801.000,1.000,1.000,33.530,,-0.012711,-0.002,-0.002,-0.003,-0.003,-0.002
79915,2015/07/23,,11,1,1311,65129010,NFX,NEWFIELD EXPLORATION CO,,NFX,211111,N,A,R,30044,0,1,1382,65129010,,,,,,,,,13.000,138.000,,,,,,,,,,,,,,,32.670,33.920,33.720,3616328.000,0.009581,33.710,33.720,162801.000,1.000,1.000,33.460,,0.009581,-0.005,-0.006,-0.006,-0.006,-0.006
79915,2015/07/24,,11,1,1311,65129010,NFX,NEWFIELD EXPLORATION CO,,NFX,211111,N,A,R,30044,0,1,1382,65129010,,,,,,,,,13.000,138.000,,,,,,,,,,,,,,,32.500,33.760,32.780,2516531.000,-0.027877,32.790,32.800,162801.000,1.000,1.000,33.680,,-0.027877,-0.010,-0.010,-0.010,-0.010,-0.011
79915,2015/07/27,,11,1,1311,65129010,NFX,NEWFIELD EXPLORATION CO,,NFX,211111,N,A,R,30044,0,1,1382,65129010,,,,,,,,,13.000,138.000,,,,,,,,,,,,,,,30.150,32.600,30.880,7818911.000,-0.057962,30.890,30.900,162801.000,1.000,1.000,32.080,,-0.057962,-0.007,-0.007,-0.010,-0.010,-0.006
79915,2015/07/28,,11,1,1311,65129010,NFX,NEWFIELD EXPLORATION CO,,NFX,211111,N,A,R,30044,0,1,1382,65129010,,,,,,,,,13.000,138.000,,,,,,,,,,,,,,,29.840,31.810,31.530,5375790.000,0.021049,31.550,31.560,162801.000,1.000,1.000,31.040,,0.021049,0.012,0.012,0.008,0.008,0.012
79915,2015/07/29,,11,1,1311,65129010,NFX,NEWFIELD EXPLORATION CO,,NFX,211111,N,A,R,30044,0,1,1382,65129010,,,,,,,,,13.000,138.000,,,,,,,,,,,,,,,30.830,32.960,32.880,5450208.000,0.042816,32.880,32.890,162801.000,1.000,1.000,31.380,,0.042816,0.008,0.007,0.007,0.007,0.007
79915,2015/07/30,,11,1,1311,65129010,NFX,NEWFIELD EXPLORATION CO,,NFX,211111,N,A,R,30044,0,1,1382,65129010,,,,,,,,,13.000,138.000,,,,,,,,,,,,,,,32.190,33.670,33.360,4420313.000,0.014599,33.340,33.360,162801.000,1.000,1.000,32.800,,0.014599,0.001,0.001,-0.001,-0.001,0.000
79915,2015/07/31,,11,1,1311,65129010,NFX,NEWFIELD EXPLORATION CO,,NFX,211111,N,A,R,30044,0,1,1382,65129010,,,,,,,,0.000,13.000,138.000,,,,,,,,,,,,,,,32.660,33.630,32.790,3189762.000,-0.017086,32.770,32.780,162801.000,1.000,1.000,33.170,,-0.017086,-0.001,-0.001,0.003,0.003,-0.002
79915,2015/08/03,,11,1,1311,65129010,NFX,NEWFIELD EXPLORATION CO,,NFX,211111,N,A,R,30044,0,1,1382,65129010,,,,,,,,,13.000,138.000,,,,,,,,,,,,,,,32.030,33.220,32.440,4021083.000,-0.010674,32.420,32.430,162801.000,1.000,1.000,32.310,,-0.010674,-0.004,-0.004,-0.007,-0.007,-0.003
79915,2015/08/04,,11,1,1311,65129010,NFX,NEWFIELD EXPLORATION CO,,NFX,211111,N,A,R,30044,0,1,1382,65129010,,,,,,,,,13.000,138.000,,,,,,,,,,,,,,,32.240,33.380,32.650,5844794.000,0.006474,32.560,32.570,162801.000,1.000,1.000,32.630,,0.006474,-0.002,-0.002,-0.001,-0.001,-0.002
79915,2015/08/05,,11,1,1311,65129010,NFX,NEWFIELD EXPLORATION CO,,NFX,211111,N,A,R,30044,0,1,1382,65129010,,,,,,,,,13.000,138.000,,,,,,,,,,,,,,,31.530,34.230,32.550,9545032.000,-0.003063,32.520,32.530,162801.000,1.000,1.000,33.740,,-0.003063,0.003,0.002,-0.000,-0.001,0.003
79915,2015/08/06,,11,1,1311,65129010,NFX,NEWFIELD EXPLORATION CO,,NFX,211111,N,A,R,30044,0,1,1382,65129010,,,,,,,,,13.000,138.000,,,,,,,,,,,,,,,32.210,34.850,34.770,4450950.000,0.068203,34.750,34.760,162801.000,1.000,1.000,32.530,,0.068203,-0.008,-0.008,-0.006,-0.006,-0.008
79915,2015/08/07,,11,1,1311,65129010,NFX,NEWFIELD EXPLORATION CO,,NFX,211111,N,A,R,30044,0,1,1382,65129010,,,,,,,,,13.000,138.000,,,,,,,,,,,,,,,34.020,35.400,34.230,3788463.000,-0.015531,34.230,34.240,162801.000,1.000,1.000,34.620,,-0.015531,-0.003,-0.003,-0.004,-0.005,-0.003
79915,2015/08/10,,11,1,1311,65129010,NFX,NEWFIELD EXPLORATION CO,,NFX,211111,N,A,R,30044,0,1,1382,65129010,,,,,,,,,13.000,138.000,,,,,,,,,,,,,,,33.220,35.730,35.650,4710077.000,0.041484,35.630,35.640,162801.000,1.000,1.000,34.360,,0.041484,0.013,0.013,0.013,0.013,0.013
79915,2015/08/11,,11,1,1311,65129010,NFX,NEWFIELD EXPLORATION CO,,NFX,211111,N,A,R,30044,0,1,1382,65129010,,,,,,,,,13.000,138.000,,,,,,,,,,,,,,,34.300,35.450,35.360,2595626.000,-0.008135,35.370,35.380,162801.000,1.000,1.000,34.590,,-0.008135,-0.009,-0.009,-0.008,-0.008,-0.010
79915,2015/08/12,,11,1,1311,65129010,NFX,NEWFIELD EXPLORATION CO,,NFX,211111,N,A,R,30044,0,1,1382,65129010,,,,,,,,,13.000,138.000,,,,,,,,,,,,,,,35.140,36.680,36.610,3546250.000,0.035351,36.600,36.610,162801.000,1.000,1.000,35.160,,0.035351,0.001,0.000,0.001,0.001,0.001
79915,2015/08/13,,11,1,1311,65129010,NFX,NEWFIELD EXPLORATION CO,,NFX,211111,N,A,R,30044,0,1,1382,65129010,,,,,,,,,13.000,138.000,,,,,,,,,,,,,,,35.424,36.490,36.080,2385443.000,-0.014477,36.080,36.100,162801.000,1.000,1.000,36.070,,-0.014477,-0.002,-0.002,-0.003,-0.004,-0.001
79915,2015/08/14,,11,1,1311,65129010,NFX,NEWFIELD EXPLORATION CO,,NFX,211111,N,A,R,30044,0,1,1382,65129010,,,,,,,,,13.000,138.000,,,,,,,,,,,,,,,35.300,36.610,36.190,2478594.000,0.003049,36.180,36.190,162801.000,1.000,1.000,36.030,,0.003049,0.004,0.004,0.003,0.003,0.004
79915,2015/08/17,,11,1,1311,65129010,NFX,NEWFIELD EXPLORATION CO,,NFX,211111,N,A,R,30044,0,1,1382,65129010,,,,,,,,,13.000,138.000,,,,,,,,,,,,,,,35.190,36.280,35.480,2431609.000,-0.019619,35.470,35.480,162801.000,1.000,1.000,35.860,,-0.019619,0.006,0.006,0.004,0.004,0.005
79915,2015/08/18,,11,1,1311,65129010,NFX,NEWFIELD EXPLORATION CO,,NFX,211111,N,A,R,30044,0,1,1382,65129010,,,,,,,,,13.000,138.000,,,,,,,,,,,,,,,34.730,35.590,35.300,2502252.000,-0.005073,35.290,35.300,162801.000,1.000,1.000,35.370,,-0.005073,-0.004,-0.004,-0.006,-0.006,-0.003
79915,2015/08/19,,11,1,1311,65129010,NFX,NEWFIELD EXPLORATION CO,,NFX,211111,N,A,R,30044,0,1,1382,65129010,,,,,,,,,13.000,138.000,,,,,,,,,,,,,,,32.880,35.185,33.930,4245342.000,-0.038810,33.930,33.940,162801.000,1.000,1.000,34.880,,-0.038810,-0.009,-0.009,-0.008,-0.008,-0.008
79915,2015/08/20,,11,1,1311,65129010,NFX,NEWFIELD EXPLORATION CO,,NFX,211111,N,A,R,30044,0,1,1382,65129010,,,,,,,,,13.000,138.000,,,,,,,,,,,,,,,32.490,34.020,32.500,3628278.000,-0.042146,32.500,32.510,162801.000,1.000,1.000,33.820,,-0.042146,-0.022,-0.022,-0.019,-0.019,-0.021
79915,2015/08/21,,11,1,1311,65129010,NFX,NEWFIELD EXPLORATION CO,,NFX,211111,N,A,R,30044,0,1,1382,65129010,,,,,,,,,13.000,138.000,,,,,,,,,,,,,,,30.750,32.780,30.820,5342927.000,-0.051692,30.810,30.820,162801.000,1.000,1.000,32.130,,-0.051692,-0.028,-0.028,-0.016,-0.016,-0.032
79915,2015/08/24,,11,1,1311,65129010,NFX,NEWFIELD EXPLORATION CO,,NFX,211111,N,A,R,30044,0,1,1382,65129010,,,,,,,,,13.000,138.000,,,,,,,,,,,,,,,26.780,29.870,27.630,7626058.000,-0.103504,27.620,27.630,162801.000,1.000,1.000,28.840,,-0.103504,-0.039,-0.039,-0.035,-0.035,-0.039
79915,2015/08/25,,11,1,1311,65129010,NFX,NEWFIELD EXPLORATION CO,,NFX,211111,N,A,R,30044,0,1,1382,65129010,,,,,,,,,13.000,138.000,,,,,,,,,,,,,,,27.030,29.260,27.050,3463234.000,-0.020992,27.040,27.050,162801.000,1.000,1.000,29.260,,-0.020992,-0.010,-0.010,-0.000,-0.000,-0.014
79915,2015/08/26,,11,1,1311,65129010,NFX,NEWFIELD EXPLORATION CO,,NFX,211111,N,A,R,30044,0,1,1382,65129010,,,,,,,,,13.000,138.000,,,,,,,,,,,,,,,27.000,28.150,28.060,4437728.000,0.037338,28.060,28.070,162801.000,1.000,1.000,27.850,,0.037338,0.034,0.034,0.016,0.016,0.039
79915,2015/08/27,,11,1,1311,65129010,NFX,NEWFIELD EXPLORATION CO,,NFX,211111,N,A,R,30044,0,1,1382,65129010,,,,,,,,,13.000,138.000,,,,,,,,,,,,,,,28.910,31.780,30.700,5860797.000,0.094084,30.730,30.740,162801.000,1.000,1.000,29.150,,0.094084,0.024,0.024,0.023,0.023,0.024
79915,2015/08/28,,11,1,1311,65129010,NFX,NEWFIELD EXPLORATION CO,,NFX,211111,N,A,R,30044,0,1,1382,65129010,,,,,,,,,13.000,138.000,,,,,,,,,,,,,,,30.320,32.310,31.600,7266437.000,0.029316,31.570,31.580,162801.000,1.000,1.000,30.380,,0.029316,0.003,0.002,0.010,0.010,0.001
79915,2015/08/31,,11,1,1311,65129010,NFX,NEWFIELD EXPLORATION CO,,NFX,211111,N,A,R,30044,0,1,1382,65129010,,,,,,,,0.000,13.000,138.000,,,,,,,,,,,,,,,30.440,33.680,33.310,5124872.000,0.054114,33.300,33.310,162989.000,1.000,1.000,31.040,,0.054114,-0.007,-0.007,0.001,0.001,-0.008
79915,2015/09/01,,11,1,1311,65129010,NFX,NEWFIELD EXPLORATION CO,,NFX,211111,N,A,R,30044,0,1,1382,65129010,,,,,,,,,13.000,138.000,,,,,,,,,,,,,,,31.525,33.320,31.860,5759108.000,-0.043530,31.850,31.860,162989.000,1.000,1.000,32.290,,-0.043530,-0.028,-0.028,-0.020,-0.020,-0.030
79915,2015/09/02,,11,1,1311,65129010,NFX,NEWFIELD EXPLORATION CO,,NFX,211111,N,A,R,30044,0,1,1382,65129010,,,,,,,,,13.000,138.000,,,,,,,,,,,,,,,31.120,32.870,32.820,3644573.000,0.030132,32.820,32.830,162989.000,1.000,1.000,32.450,,0.030132,0.016,0.016,0.009,0.009,0.018
79915,2015/09/03,,11,1,1311,65129010,NFX,NEWFIELD EXPLORATION CO,,NFX,211111,N,A,R,30044,0,1,1382,65129010,,,,,,,,,13.000,138.000,,,,,,,,,,,,,,,32.510,34.400,33.140,3316770.000,0.009750,33.140,33.150,162989.000,1.000,1.000,33.090,,0.009750,0.002,0.002,0.002,0.002,0.001
79915,2015/09/04,,11,1,1311,65129010,NFX,NEWFIELD EXPLORATION CO,,NFX,211111,N,A,R,30044,0,1,1382,65129010,,,,,,,,,13.000,138.000,,,,,,,,,,,,,,,32.300,33.500,33.210,3122777.000,0.002112,33.210,33.220,162989.000,1.000,1.000,32.410,,0.002112,-0.014,-0.014,-0.007,-0.007,-0.015
79915,2015/09/08,,11,1,1311,65129010,NFX,NEWFIELD EXPLORATION CO,,NFX,211111,N,A,R,30044,0,1,1382,65129010,,,,,,,,,13.000,138.000,,,,,,,,,,,,,,,32.890,34.450,34.140,3828406.000,0.028004,34.120,34.130,162989.000,1.000,1.000,33.490,,0.028004,0.024,0.024,0.016,0.016,0.025
79915,2015/09/09,,11,1,1311,65129010,NFX,NEWFIELD EXPLORATION CO,,NFX,211111,N,A,R,30044,0,1,1382,65129010,,,,,,,,,13.000,138.000,,,,,,,,,,,,,,,33.790,35.760,33.950,4072181.000,-0.005565,33.950,33.960,162989.000,1.000,1.000,34.570,,-0.005565,-0.013,-0.013,-0.008,-0.008,-0.014
79915,2015/09/10,,11,1,1311,65129010,NFX,NEWFIELD EXPLORATION CO,,NFX,211111,N,A,R,30044,0,1,1382,65129010,,,,,,,,,13.000,138.000,,,,,,,,,,,,,,,33.850,34.870,34.470,4979769.000,0.015317,34.460,34.470,162989.000,1.000,1.000,34.220,,0.015317,0.004,0.004,0.003,0.003,0.005
79915,2015/09/11,,11,1,1311,65129010,NFX,NEWFIELD EXPLORATION CO,,NFX,211111,N,A,R,30044,0,1,1382,65129010,,,,,,,,,13.000,138.000,,,,,,,,,,,,,,,33.240,34.250,34.130,3908106.000,-0.009864,34.120,34.130,162989.000,1.000,1.000,33.760,,-0.009864,0.003,0.003,0.000,0.000,0.004
79915,2015/09/14,,11,1,1311,65129010,NFX,NEWFIELD EXPLORATION CO,,NFX,211111,N,A,R,30044,0,1,1382,65129010,,,,,,,,,13.000,138.000,,,,,,,,,,,,,,,33.220,33.990,33.510,2732461.000,-0.018166,33.510,33.520,162989.000,1.000,1.000,33.970,,-0.018166,-0.004,-0.004,-0.005,-0.005,-0.004
79915,2015/09/15,,11,1,1311,65129010,NFX,NEWFIELD EXPLORATION CO,,NFX,211111,N,A,R,30044,0,1,1382,65129010,,,,,,,,,13.000,138.000,,,,,,,,,,,,,,,33.430,34.360,34.010,2440724.000,0.014921,34.000,34.010,162989.000,1.000,1.000,33.700,,0.014921,0.011,0.011,0.007,0.007,0.013
79915,2015/09/16,,11,1,1311,65129010,NFX,NEWFIELD EXPLORATION CO,,NFX,211111,N,A,R,30044,0,1,1382,65129010,,,,,,,,,13.000,138.000,,,,,,,,,,,,,,,34.330,36.025,35.930,5023810.000,0.056454,35.930,35.940,162989.000,1.000,1.000,34.450,,0.056454,0.010,0.009,0.010,0.010,0.009
79915,2015/09/17,,11,1,1311,65129010,NFX,NEWFIELD EXPLORATION CO,,NFX,211111,N,A,R,30044,0,1,1382,65129010,,,,,,,,,13.000,138.000,,,,,,,,,,,,,,,35.050,36.570,35.380,4034383.000,-0.015308,35.370,35.380,162989.000,1.000,1.000,35.920,,-0.015308,-0.001,-0.001,0.004,0.004,-0.003
79915,2015/09/18,,11,1,1311,65129010,NFX,NEWFIELD EXPLORATION CO,,NFX,211111,N,A,R,30044,0,1,1382,65129010,,,,,,,,,13.000,138.000,,,,,,,,,,,,,,,33.340,34.850,33.680,4335266.000,-0.048050,33.670,33.680,162989.000,1.000,1.000,34.440,,-0.048050,-0.015,-0.015,-0.005,-0.005,-0.016
79915,2015/09/21,,11,1,1311,65129010,NFX,NEWFIELD EXPLORATION CO,,NFX,211111,N,A,R,30044,0,1,1382,65129010,,,,,,,,,13.000,138.000,,,,,,,,,,,,,,,33.280,34.250,33.670,2519546.000,-0.000297,33.670,33.680,162989.000,1.000,1.000,34.210,,-0.000297,0.003,0.003,-0.003,-0.003,0.005
79915,2015/09/22,,11,1,1311,65129010,NFX,NEWFIELD EXPLORATION CO,,NFX,211111,N,A,R,30044,0,1,1382,65129010,,,,,,,,,13.000,138.000,,,,,,,,,,,,,,,32.860,34.180,33.750,3536009.000,0.002376,33.750,33.760,162989.000,1.000,1.000,32.880,,0.002376,-0.014,-0.014,-0.014,-0.014,-0.012
79915,2015/09/23,,11,1,1311,65129010,NFX,NEWFIELD EXPLORATION CO,,NFX,211111,N,A,R,30044,0,1,1382,65129010,,,,,,,,,13.000,138.000,,,,,,,,,,,,,,,33.110,34.260,33.180,1886917.000,-0.016889,33.170,33.180,162989.000,1.000,1.000,33.920,,-0.016889,-0.004,-0.004,-0.006,-0.006,-0.002
79915,2015/09/24,,11,1,1311,65129010,NFX,NEWFIELD EXPLORATION CO,,NFX,211111,N,A,R,30044,0,1,1382,65129010,,,,,,,,,13.000,138.000,,,,,,,,,,,,,,,32.510,33.630,33.350,3112776.000,0.005124,33.340,33.350,162989.000,1.000,1.000,32.850,,0.005124,-0.004,-0.004,-0.002,-0.002,-0.003
79915,2015/09/25,,11,1,1311,65129010,NFX,NEWFIELD EXPLORATION CO,,NFX,211111,N,A,R,30044,0,1,1382,65129010,,,,,,,,,13.000,138.000,,,,,,,,,,,,,,,33.000,34.140,33.300,2824450.000,-0.001499,33.290,33.300,162989.000,1.000,1.000,33.770,,-0.001499,-0.002,-0.002,-0.010,-0.010,-0.000
79915,2015/09/28,,11,1,1311,65129010,NFX,NEWFIELD EXPLORATION CO,,NFX,211111,N,A,R,30044,0,1,1382,65129010,,,,,,,,,13.000,138.000,,,,,,,,,,,,,,,31.360,33.010,31.400,3139777.000,-0.057057,31.400,31.410,162989.000,1.000,1.000,32.820,,-0.057057,-0.027,-0.027,-0.026,-0.026,-0.026
79915,2015/09/29,,11,1,1311,65129010,NFX,NEWFIELD EXPLORATION CO,,NFX,211111,N,A,R,30044,0,1,1382,65129010,,,,,,,,,13.000,138.000,,,,,,,,,,,,,,,31.520,32.680,32.210,3132511.000,0.025796,32.210,32.220,162989.000,1.000,1.000,31.680,,0.025796,-0.001,-0.001,-0.007,-0.007,0.001
79915,2015/09/30,,11,1,1311,65129010,NFX,NEWFIELD EXPLORATION CO,,NFX,211111,N,A,R,30044,0,1,1382,65129010,,,,,,,,0.000,13.000,138.000,,,,,,,,,,,,,,,32.060,33.360,32.900,2373121.000,0.021422,32.890,32.900,162989.000,1.000,1.000,32.500,,0.021422,0.019,0.019,0.014,0.014,0.019
79915,2015/10/01,,11,1,1311,65129010,NFX,NEWFIELD EXPLORATION CO,,NFX,211111,N,A,R,30044,0,1,1382,65129010,,,,,,,,,13.000,138.000,,,,,,,,,,,,,,,33.310,34.220,33.810,3743897.000,0.027660,33.800,33.810,162989.000,1.000,1.000,33.670,,0.027660,0.002,0.002,-0.002,-0.002,0.002
79915,2015/10/02,,11,1,1311,65129010,NFX,NEWFIELD EXPLORATION CO,,NFX,211111,N,A,R,30044,0,1,1382,65129010,,,,,,,,,13.000,138.000,,,,,,,,,,,,,,,33.120,35.620,35.520,3418663.000,0.050577,35.520,35.530,162989.000,1.000,1.000,33.350,,0.050577,0.015,0.015,0.016,0.016,0.014
79915,2015/10/05,,11,1,1311,65129010,NFX,NEWFIELD EXPLORATION CO,,NFX,211111,N,A,R,30044,0,1,1382,65129010,,,,,,,,,13.000,138.000,,,,,,,,,,,,,,,35.740,36.800,36.360,4067686.000,0.023649,36.360,36.370,162989.000,1.000,1.000,35.900,,0.023649,0.019,0.019,0.021,0.021,0.018
79915,2015/10/06,,11,1,1311,65129010,NFX,NEWFIELD EXPLORATION CO,,NFX,211111,N,A,R,30044,0,1,1382,65129010,,,,,,,,,13.000,138.000,,,,,,,,,,,,,,,36.200,37.720,36.890,5769467.000,0.014576,36.880,36.890,162989.000,1.000,1.000,36.410,,0.014576,-0.003,-0.003,0.002,0.002,-0.004
79915,2015/10/07,,11,1,1311,65129010,NFX,NEWFIELD EXPLORATION CO,,NFX,211111,N,A,R,30044,0,1,1382,65129010,,,,,,,,,13.000,138.000,,,,,,,,,,,,,,,36.405,38.050,37.100,5533278.000,0.005693,37.100,37.110,162989.000,1.000,1.000,37.770,,0.005693,0.010,0.010,0.012,0.012,0.008
79915,2015/10/08,,11,1,1311,65129010,NFX,NEWFIELD EXPLORATION CO,,NFX,211111,N,A,R,30044,0,1,1382,65129010,,,,,,,,,13.000,138.000,,,,,,,,,,,,,,,36.610,38.580,38.210,3516353.000,0.029919,38.210,38.220,162989.000,1.000,1.000,37.050,,0.029919,0.009,0.009,0.009,0.009,0.009
79915,2015/10/09,,11,1,1311,65129010,NFX,NEWFIELD EXPLORATION CO,,NFX,211111,N,A,R,30044,0,1,1382,65129010,,,,,,,,,13.000,138.000,,,,,,,,,,,,,,,37.740,39.020,38.820,3415469.000,0.015964,38.820,38.830,162989.000,1.000,1.000,38.600,,0.015964,0.001,0.001,0.004,0.004,0.001
79915,2015/10/12,,11,1,1311,65129010,NFX,NEWFIELD EXPLORATION CO,,NFX,211111,N,A,R,30044,0,1,1382,65129010,,,,,,,,,13.000,138.000,,,,,,,,,,,,,,,37.810,38.920,38.350,1909397.000,-0.012107,38.340,38.350,162989.000,1.000,1.000,38.840,,-0.012107,-0.000,-0.000,-0.003,-0.003,0.001
79915,2015/10/13,,11,1,1311,65129010,NFX,NEWFIELD EXPLORATION CO,,NFX,211111,N,A,R,30044,0,1,1382,65129010,,,,,,,,,13.000,138.000,,,,,,,,,,,,,,,37.590,38.980,38.210,2436992.000,-0.003651,38.210,38.220,162989.000,1.000,1.000,37.830,,-0.003651,-0.008,-0.008,-0.009,-0.009,-0.007
79915,2015/10/14,,11,1,1311,65129010,NFX,NEWFIELD EXPLORATION CO,,NFX,211111,N,A,R,30044,0,1,1382,65129010,,,,,,,,,13.000,138.000,,,,,,,,,,,,,,,37.960,38.960,38.510,2372014.000,0.007851,38.500,38.510,162989.000,1.000,1.000,38.170,,0.007851,-0.004,-0.004,-0.003,-0.003,-0.005
79915,2015/10/15,,11,1,1311,65129010,NFX,NEWFIELD EXPLORATION CO,,NFX,211111,N,A,R,30044,0,1,1382,65129010,,,,,,,,,13.000,138.000,,,,,,,,,,,,,,,37.990,40.360,40.170,3694080.000,0.043106,40.150,40.160,162989.000,1.000,1.000,38.260,,0.043106,0.015,0.015,0.016,0.016,0.015
79915,2015/10/16,,11,1,1311,65129010,NFX,NEWFIELD EXPLORATION CO,,NFX,211111,N,A,R,30044,0,1,1382,65129010,,,,,,,,,13.000,138.000,,,,,,,,,,,,,,,39.820,41.060,40.680,3696153.000,0.012696,40.650,40.660,162989.000,1.000,1.000,40.310,,0.012696,0.003,0.003,-0.000,-0.000,0.005
79915,2015/10/19,,11,1,1311,65129010,NFX,NEWFIELD EXPLORATION CO,,NFX,211111,N,A,R,30044,0,1,1382,65129010,,,,,,,,,13.000,138.000,,,,,,,,,,,,,,,39.130,40.750,39.560,2131432.000,-0.027532,39.550,39.560,162989.000,1.000,1.000,39.640,,-0.027532,-0.001,-0.001,-0.003,-0.003,0.000
79915,2015/10/20,,11,1,1311,65129010,NFX,NEWFIELD EXPLORATION CO,,NFX,211111,N,A,R,30044,0,1,1382,65129010,,,,,,,,,13.000,138.000,,,,,,,,,,,,,,,39.300,40.670,39.980,1876820.000,0.010617,39.980,39.990,162989.000,1.000,1.000,39.540,,0.010617,-0.001,-0.001,0.001,0.001,-0.001
79915,2015/10/21,,11,1,1311,65129010,NFX,NEWFIELD EXPLORATION CO,,NFX,211111,N,A,R,30044,0,1,1382,65129010,,,,,,,,,13.000,138.000,,,,,,,,,,,,,,,38.380,39.880,38.460,3048126.000,-0.038019,38.460,38.470,162989.000,1.000,1.000,39.820,,-0.038019,-0.008,-0.008,-0.011,-0.011,-0.006
79915,2015/10/22,,11,1,1311,65129010,NFX,NEWFIELD EXPLORATION CO,,NFX,211111,N,A,R,30044,0,1,1382,65129010,,,,,,,,,13.000,138.000,,,,,,,,,,,,,,,38.725,39.860,39.160,2993745.000,0.018201,39.160,39.170,162989.000,1.000,1.000,38.860,,0.018201,0.014,0.014,0.007,0.007,0.017
79915,2015/10/23,,11,1,1311,65129010,NFX,NEWFIELD EXPLORATION CO,,NFX,211111,N,A,R,30044,0,1,1382,65129010,,,,,,,,,13.000,138.000,,,,,,,,,,,,,,,38.290,39.850,39.390,1781553.000,0.005873,39.390,39.400,162989.000,1.000,1.000,38.890,,0.005873,0.010,0.010,0.006,0.006,0.011
79915,2015/10/26,,11,1,1311,65129010,NFX,NEWFIELD EXPLORATION CO,,NFX,211111,N,A,R,30044,0,1,1382,65129010,,,,,,,,,13.000,138.000,,,,,,,,,,,,,,,38.520,39.460,39.140,2233224.000,-0.006347,39.130,39.140,162989.000,1.000,1.000,39.230,,-0.006347,-0.003,-0.003,-0.006,-0.006,-0.002
79915,2015/10/27,,11,1,1311,65129010,NFX,NEWFIELD EXPLORATION CO,,NFX,211111,N,A,R,30044,0,1,1382,65129010,,,,,,,,,13.000,138.000,,,,,,,,,,,,,,,37.980,39.240,39.190,3873952.000,0.001277,39.190,39.200,162989.000,1.000,1.000,38.250,,0.001277,-0.004,-0.004,-0.011,-0.011,-0.003
79915,2015/10/28,,11,1,1311,65129010,NFX,NEWFIELD EXPLORATION CO,,NFX,211111,N,A,R,30044,0,1,1382,65129010,,,,,,,,,13.000,138.000,,,,,,,,,,,,,,,38.560,40.650,39.860,2923245.000,0.017096,39.860,39.870,162989.000,1.000,1.000,39.370,,0.017096,0.014,0.014,0.017,0.016,0.012
79915,2015/10/29,,11,1,1311,65129010,NFX,NEWFIELD EXPLORATION CO,,NFX,211111,N,A,R,30044,0,1,1382,65129010,,,,,,,,,13.000,138.000,,,,,,,,,,,,,,,39.600,40.730,40.200,2547314.000,0.008530,40.190,40.200,162989.000,1.000,1.000,39.690,,0.008530,-0.002,-0.002,-0.006,-0.006,-0.000
79915,2015/10/30,,11,1,1311,65129010,NFX,NEWFIELD EXPLORATION CO,,NFX,211111,N,A,R,30044,0,1,1382,65129010,,,,,,,,0.000,13.000,138.000,,,,,,,,,,,,,,,39.380,41.170,40.190,2765115.000,-0.000249,40.190,40.200,162989.000,1.000,1.000,40.410,,-0.000249,-0.004,-0.004,-0.001,-0.001,-0.005
79915,2015/11/02,,11,1,1311,65129010,NFX,NEWFIELD EXPLORATION CO,,NFX,211111,N,A,R,30044,0,1,1382,65129010,,,,,,,,,13.000,138.000,,,,,,,,,,,,,,,39.660,40.700,40.320,4250552.000,0.003235,40.300,40.310,162989.000,1.000,1.000,39.870,,0.003235,0.012,0.012,0.015,0.015,0.012
79915,2015/11/03,,11,1,1311,65129010,NFX,NEWFIELD EXPLORATION CO,,NFX,211111,N,A,R,30044,0,1,1382,65129010,,,,,,,,,13.000,138.000,,,,,,,,,,,,,,,40.020,41.130,40.140,5479927.000,-0.004464,40.120,40.130,162989.000,1.000,1.000,40.800,,-0.004464,0.003,0.003,0.006,0.006,0.003
79915,2015/11/04,,11,1,1311,65129010,NFX,NEWFIELD EXPLORATION CO,,NFX,211111,N,A,R,30044,0,1,1382,65129010,,,,,,,,,13.000,138.000,,,,,,,,,,,,,,,37.370,41.340,38.300,7152889.000,-0.045840,38.290,38.300,162989.000,1.000,1.000,41.090,,-0.045840,-0.003,-0.004,-0.002,-0.002,-0.004
79915,2015/11/05,,11,1,1311,65129010,NFX,NEWFIELD EXPLORATION CO,,NFX,211111,N,A,R,30044,0,1,1382,65129010,,,,,,,,,13.000,138.000,,,,,,,,,,,,,,,37.340,39.980,38.950,4853840.000,0.016971,38.930,38.940,162989.000,1.000,1.000,38.310,,0.016971,-0.001,-0.002,-0.003,-0.003,-0.001
79915,2015/11/06,,11,1,1311,65129010,NFX,NEWFIELD EXPLORATION CO,,NFX,211111,N,A,R,30044,0,1,1382,65129010,,,,,,,,,13.000,138.000,,,,,,,,,,,,,,,38.330,39.760,39.370,2508930.000,0.010783,39.360,39.370,162989.000,1.000,1.000,38.570,,0.010783,-0.000,-0.000,0.001,0.001,-0.000
79915,2015/11/09,,11,1,1311,65129010,NFX,NEWFIELD EXPLORATION CO,,NFX,211111,N,A,R,30044,0,1,1382,65129010,,,,,,,,,13.000,138.000,,,,,,,,,,,,,,,39.060,39.860,39.450,3089063.000,0.002032,39.450,39.460,162989.000,1.000,1.000,39.350,,0.002032,-0.010,-0.010,-0.009,-0.009,-0.010
79915,2015/11/10,,11,1,1311,65129010,NFX,NEWFIELD EXPLORATION CO,,NFX,211111,N,A,R,30044,0,1,1382,65129010,,,,,,,,,13.000,138.000,,,,,,,,,,,,,,,38.920,40.250,39.670,2926957.000,0.005577,39.670,39.680,162989.000,1.000,1.000,39.160,,0.005577,0.001,0.001,-0.002,-0.003,0.002
79915,2015/11/11,,11,1,1311,65129010,NFX,NEWFIELD EXPLORATION CO,,NFX,211111,N,A,R,30044,0,1,1382,65129010,,,,,,,,,13.000,138.000,,,,,,,,,,,,,,,39.390,40.470,39.690,4904616.000,0.000504,39.670,39.680,162989.000,1.000,1.000,39.820,,0.000504,-0.004,-0.004,-0.006,-0.006,-0.003
79915,2015/11/12,,11,1,1311,65129010,NFX,NEWFIELD EXPLORATION CO,,NFX,211111,N,A,R,30044,0,1,1382,65129010,,,,,,,,,13.000,138.000,,,,,,,,,,,,,,,37.970,39.315,38.190,3544337.000,-0.037793,38.190,38.200,162989.000,1.000,1.000,38.830,,-0.037793,-0.015,-0.015,-0.014,-0.014,-0.014
79915,2015/11/13,,11,1,1311,65129010,NFX,NEWFIELD EXPLORATION CO,,NFX,211111,N,A,R,30044,0,1,1382,65129010,,,,,,,,,13.000,138.000,,,,,,,,,,,,,,,37.500,38.750,38.370,2631522.000,0.004713,38.370,38.380,162989.000,1.000,1.000,38.100,,0.004713,-0.010,-0.010,-0.006,-0.006,-0.011
79915,2015/11/16,,11,1,1311,65129010,NFX,NEWFIELD EXPLORATION CO,,NFX,211111,N,A,R,30044,0,1,1382,65129010,,,,,,,,,13.000,138.000,,,,,,,,,,,,,,,38.270,40.165,40.150,2641570.000,0.046390,40.140,40.150,162989.000,1.000,1.000,38.420,,0.046390,0.014,0.014,0.006,0.006,0.015
79915,2015/11/17,,11,1,1311,65129010,NFX,NEWFIELD EXPLORATION CO,,NFX,211111,N,A,R,30044,0,1,1382,65129010,,,,,,,,,13.000,138.000,,,,,,,,,,,,,,,39.225,40.890,40.380,3064006.000,0.005729,40.380,40.390,162989.000,1.000,1.000,39.880,,0.005729,-0.001,-0.002,-0.004,-0.004,-0.001
79915,2015/11/18,,11,1,1311,65129010,NFX,NEWFIELD EXPLORATION CO,,NFX,211111,N,A,R,30044,0,1,1382,65129010,,,,,,,,,13.000,138.000,,,,,,,,,,,,,,,39.960,41.090,41.050,2701153.000,0.016592,41.030,41.050,162989.000,1.000,1.000,40.850,,0.016592,0.015,0.015,0.010,0.009,0.016
79915,2015/11/19,,11,1,1311,65129010,NFX,NEWFIELD EXPLORATION CO,,NFX,211111,N,A,R,30044,0,1,1382,65129010,,,,,,,,,13.000,138.000,,,,,,,,,,,,,,,38.260,40.720,39.160,4360523.000,-0.046041,39.150,39.160,162989.000,1.000,1.000,40.300,,-0.046041,-0.001,-0.001,-0.001,-0.001,-0.001
79915,2015/11/20,,11,1,1311,65129010,NFX,NEWFIELD EXPLORATION CO,,NFX,211111,N,A,R,30044,0,1,1382,65129010,,,,,,,,,13.000,138.000,,,,,,,,,,,,,,,37.550,39.140,37.780,4197800.000,-0.035240,37.780,37.790,162989.000,1.000,1.000,39.140,,-0.035240,0.003,0.003,0.002,0.002,0.004
79915,2015/11/23,,11,1,1311,65129010,NFX,NEWFIELD EXPLORATION CO,,NFX,211111,N,A,R,30044,0,1,1382,65129010,,,,,,,,,13.000,138.000,,,,,,,,,,,,,,,37.470,39.180,38.470,3144586.000,0.018264,38.460,38.470,162989.000,1.000,1.000,37.720,,0.018264,-0.001,-0.001,0.002,0.002,-0.001
79915,2015/11/24,,11,1,1311,65129010,NFX,NEWFIELD EXPLORATION CO,,NFX,211111,N,A,R,30044,0,1,1382,65129010,,,,,,,,,13.000,138.000,,,,,,,,,,,,,,,38.870,40.015,39.340,2732688.000,0.022615,39.320,39.330,162989.000,1.000,1.000,38.970,,0.022615,0.002,0.002,0.006,0.006,0.001
79915,2015/11/25,,11,1,1311,65129010,NFX,NEWFIELD EXPLORATION CO,,NFX,211111,N,A,R,30044,0,1,1382,65129010,,,,,,,,,13.000,138.000,,,,,,,,,,,,,,,38.370,39.380,38.660,1514218.000,-0.017285,38.650,38.660,162989.000,1.000,1.000,38.870,,-0.017285,0.001,0.001,0.005,0.005,-0.000
79915,2015/11/27,,11,1,1311,65129010,NFX,NEWFIELD EXPLORATION CO,,NFX,211111,N,A,R,30044,0,1,1382,65129010,,,,,,,,,13.000,138.000,,,,,,,,,,,,,,,38.140,38.780,38.320,1033404.000,-0.008795,38.310,38.320,162989.000,1.000,1.000,38.310,,-0.008795,0.001,0.001,0.002,0.002,0.001
79915,2015/11/30,,11,1,1311,65129010,NFX,NEWFIELD EXPLORATION CO,,NFX,211111,N,A,R,30044,0,1,1382,65129010,,,,,,,,0.000,13.000,138.000,,,,,,,,,,,,,,,38.130,38.840,38.260,2198015.000,-0.001566,38.250,38.260,163412.000,1.000,1.000,38.620,,-0.001566,-0.004,-0.004,-0.000,-0.000,-0.005
79915,2015/12/01,,11,1,1311,65129010,NFX,NEWFIELD EXPLORATION CO,,NFX,211111,N,A,R,30044,0,1,1382,65129010,,,,,,,,,13.000,138.000,,,,,,,,,,,,,,,37.910,39.220,39.150,2776862.000,0.023262,39.150,39.160,163412.000,1.000,1.000,38.320,,0.023262,0.010,0.009,0.006,0.006,0.011
79915,2015/12/02,,11,1,1311,65129010,NFX,NEWFIELD EXPLORATION CO,,NFX,211111,N,A,R,30044,0,1,1382,65129010,,,,,,,,,13.000,138.000,,,,,,,,,,,,,,,36.790,39.010,37.170,3542553.000,-0.050575,37.180,37.190,163412.000,1.000,1.000,38.770,,-0.050575,-0.011,-0.011,-0.009,-0.010,-0.011
79915,2015/12/03,,11,1,1311,65129010,NFX,NEWFIELD EXPLORATION CO,,NFX,211111,N,A,R,30044,0,1,1382,65129010,,,,,,,,,13.000,138.000,,,,,,,,,,,,,,,36.600,38.550,36.970,4148973.000,-0.005381,36.960,36.970,163412.000,1.000,1.000,37.690,,-0.005381,-0.014,-0.014,-0.011,-0.011,-0.014
79915,2015/12/04,,11,1,1311,65129010,NFX,NEWFIELD EXPLORATION CO,,NFX,211111,N,A,R,30044,0,1,1382,65129010,,,,,,,,,13.000,138.000,,,,,,,,,,,,,,,35.580,36.670,36.160,3355199.000,-0.021910,36.150,36.160,163412.000,1.000,1.000,36.370,,-0.021910,0.016,0.016,0.004,0.004,0.021
79915,2015/12/07,,11,1,1311,65129010,NFX,NEWFIELD EXPLORATION CO,,NFX,211111,N,A,R,30044,0,1,1382,65129010,,,,,,,,,13.000,138.000,,,,,,,,,,,,,,,34.890,36.810,35.410,5560970.000,-0.020741,35.400,35.410,163412.000,1.000,1.000,35.660,,-0.020741,-0.010,-0.010,-0.016,-0.016,-0.007
79915,2015/12/08,,11,1,1311,65129010,NFX,NEWFIELD EXPLORATION CO,,NFX,211111,N,A,R,30044,0,1,1382,65129010,,,,,,,,,13.000,138.000,,,,,,,,,,,,,,,34.250,35.460,34.820,4855754.000,-0.016662,34.830,34.840,163412.000,1.000,1.000,34.480,,-0.016662,-0.006,-0.006,-0.005,-0.005,-0.006
79915,2015/12/09,,11,1,1311,65129010,NFX,NEWFIELD EXPLORATION CO,,NFX,211111,N,A,R,30044,0,1,1382,65129010,,,,,,,,,13.000,138.000,,,,,,,,,,,,,,,34.637,36.460,35.300,3120806.000,0.013785,35.290,35.300,163412.000,1.000,1.000,36.210,,0.013785,-0.007,-0.007,-0.004,-0.004,-0.008
79915,2015/12/10,,11,1,1311,65129010,NFX,NEWFIELD EXPLORATION CO,,NFX,211111,N,A,R,30044,0,1,1382,65129010,,,,,,,,,13.000,138.000,,,,,,,,,,,,,,,34.820,36.800,36.520,3006967.000,0.034561,36.520,36.540,163412.000,1.000,1.000,35.130,,0.034561,0.002,0.002,0.002,0.002,0.002
79915,2015/12/11,,11,1,1311,65129010,NFX,NEWFIELD EXPLORATION CO,,NFX,211111,N,A,R,30044,0,1,1382,65129010,,,,,,,,,13.000,138.000,,,,,,,,,,,,,,,34.995,36.280,35.260,3960557.000,-0.034502,35.250,35.260,163412.000,1.000,1.000,36.140,,-0.034502,-0.020,-0.020,-0.019,-0.020,-0.019
79915,2015/12/14,,11,1,1311,65129010,NFX,NEWFIELD EXPLORATION CO,,NFX,211111,N,A,R,30044,0,1,1382,65129010,,,,,,,,,13.000,138.000,,,,,,,,,,,,,,,33.780,35.670,34.790,3891830.000,-0.013329,34.790,34.800,163412.000,1.000,1.000,34.810,,-0.013329,0.002,0.002,-0.010,-0.010,0.005
79915,2015/12/15,,11,1,1311,65129010,NFX,NEWFIELD EXPLORATION CO,,NFX,211111,N,A,R,30044,0,1,1382,65129010,,,,,,,,,13.000,138.000,,,,,,,,,,,,,,,34.740,35.860,35.050,2815296.000,0.007473,35.040,35.050,163412.000,1.000,1.000,35.400,,0.007473,0.011,0.011,0.010,0.010,0.011
79915,2015/12/16,,11,1,1311,65129010,NFX,NEWFIELD EXPLORATION CO,,NFX,211111,N,A,R,30044,0,1,1382,65129010,,,,,,,,,13.000,138.000,,,,,,,,,,,,,,,33.830,35.440,34.440,3307443.000,-0.017404,34.420,34.440,163412.000,1.000,1.000,35.210,,-0.017404,0.015,0.015,0.013,0.013,0.015
79915,2015/12/17,,11,1,1311,65129010,NFX,NEWFIELD EXPLORATION CO,,NFX,211111,N,A,R,30044,0,1,1382,65129010,,,,,,,,,13.000,138.000,,,,,,,,,,,,,,,32.330,34.750,32.610,4474633.000,-0.053136,32.620,32.630,163412.000,1.000,1.000,34.370,,-0.053136,-0.015,-0.015,-0.008,-0.008,-0.015
79915,2015/12/18,,11,1,1311,65129010,NFX,NEWFIELD EXPLORATION CO,,NFX,211111,N,A,R,30044,0,1,1382,65129010,,,,,,,,,13.000,138.000,,,,,,,,,,,,,,,31.600,32.760,31.600,4397122.000,-0.030972,31.620,31.630,163412.000,1.000,1.000,32.540,,-0.030972,-0.015,-0.015,-0.005,-0.005,-0.018
79915,2015/12/21,,11,1,1311,65129010,NFX,NEWFIELD EXPLORATION CO,,NFX,211111,N,A,R,30044,0,1,1382,65129010,,,,,,,,,13.000,138.000,,,,,,,,,,,,,,,29.940,31.750,30.410,5210129.000,-0.037658,30.400,30.410,163412.000,1.000,1.000,31.490,,-0.037658,0.007,0.007,0.005,0.004,0.008
79915,2015/12/22,,11,1,1311,65129010,NFX,NEWFIELD EXPLORATION CO,,NFX,211111,N,A,R,30044,0,1,1382,65129010,,,,,,,,,13.000,138.000,,,,,,,,,,,,,,,29.880,30.980,30.630,4650459.000,0.007234,30.620,30.630,163412.000,1.000,1.000,30.420,,0.007234,0.009,0.009,0.008,0.008,0.009
79915,2015/12/23,,11,1,1311,65129010,NFX,NEWFIELD EXPLORATION CO,,NFX,211111,N,A,R,30044,0,1,1382,65129010,,,,,,,,,13.000,138.000,,,,,,,,,,,,,,,31.460,33.520,33.270,4235904.000,0.086190,33.260,33.270,163412.000,1.000,1.000,31.590,,0.086190,0.014,0.014,0.016,0.016,0.012
79915,2015/12/24,,11,1,1311,65129010,NFX,NEWFIELD EXPLORATION CO,,NFX,211111,N,A,R,30044,0,1,1382,65129010,,,,,,,,,13.000,138.000,,,,,,,,,,,,,,,32.540,33.530,33.090,1032774.000,-0.005410,33.090,33.100,163412.000,1.000,1.000,33.270,,-0.005410,-0.001,-0.001,0.002,0.002,-0.002
79915,2015/12/28,,11,1,1311,65129010,NFX,NEWFIELD EXPLORATION CO,,NFX,211111,N,A,R,30044,0,1,1382,65129010,,,,,,,,,13.000,138.000,,,,,,,,,,,,,,,31.460,32.570,32.340,2005973.000,-0.022665,32.340,32.350,163412.000,1.000,1.000,32.350,,-0.022665,-0.003,-0.003,-0.007,-0.008,-0.002
79915,2015/12/29,,11,1,1311,65129010,NFX,NEWFIELD EXPLORATION CO,,NFX,211111,N,A,R,30044,0,1,1382,65129010,,,,,,,,,13.000,138.000,,,,,,,,,,,,,,,31.960,33.380,32.690,2071238.000,0.010822,32.670,32.680,163412.000,1.000,1.000,33.240,,0.010822,0.010,0.010,0.006,0.005,0.011
79915,2015/12/30,,11,1,1311,65129010,NFX,NEWFIELD EXPLORATION CO,,NFX,211111,N,A,R,30044,0,1,1382,65129010,,,,,,,,,13.000,138.000,,,,,,,,,,,,,,,31.280,32.760,31.850,2733669.000,-0.025696,31.840,31.850,163412.000,1.000,1.000,31.830,,-0.025696,-0.007,-0.007,-0.007,-0.007,-0.007
79915,2015/12/31,,11,1,1311,65129010,NFX,NEWFIELD EXPLORATION CO,,NFX,211111,N,A,R,30044,0,1,1382,65129010,,,,,,,,0.000,13.000,138.000,,,,,,,,,,,,,,,31.570,33.020,32.560,2032498.000,0.022292,32.550,32.560,163412.000,1.000,1.000,31.680,,0.022292,-0.008,-0.008,-0.002,-0.002,-0.009
79915,2016/01/04,,11,1,1311,65129010,NFX,NEWFIELD EXPLORATION CO,,NFX,211111,N,A,R,30044,0,1,1382,65129010,,,,,,,,,13.000,138.000,,,,,,,,,,,,,,,31.820,33.010,32.270,3017643.000,-0.008907,32.250,32.270,163412.000,1.000,1.000,32.480,,-0.008907,-0.015,-0.015,-0.012,-0.012,-0.015
79915,2016/01/05,,11,1,1311,65129010,NFX,NEWFIELD EXPLORATION CO,,NFX,211111,N,A,R,30044,0,1,1382,65129010,,,,,,,,,13.000,138.000,,,,,,,,,,,,,,,31.810,32.680,32.490,2181117.000,0.006818,32.480,32.500,163412.000,1.000,1.000,32.370,,0.006818,0.001,0.001,0.000,0.000,0.002
79915,2016/01/06,,11,1,1311,65129010,NFX,NEWFIELD EXPLORATION CO,,NFX,211111,N,A,R,30044,0,1,1382,65129010,,,,,,,,,13.000,138.000,,,,,,,,,,,,,,,29.690,31.350,30.040,4165639.000,-0.075408,30.040,30.050,163412.000,1.000,1.000,31.350,,-0.075408,-0.014,-0.014,-0.013,-0.014,-0.013
79915,2016/01/07,,11,1,1311,65129010,NFX,NEWFIELD EXPLORATION CO,,NFX,211111,N,A,R,30044,0,1,1382,65129010,,,,,,,,,13.000,138.000,,,,,,,,,,,,,,,28.850,30.910,29.410,3902933.000,-0.020972,29.420,29.430,163412.000,1.000,1.000,29.170,,-0.020972,-0.024,-0.024,-0.025,-0.025,-0.024
79915,2016/01/08,,11,1,1311,65129010,NFX,NEWFIELD EXPLORATION CO,,NFX,211111,N,A,R,30044,0,1,1382,65129010,,,,,,,,,13.000,138.000,,,,,,,,,,,,,,,29.010,30.280,29.260,3276872.000,-0.005100,29.250,29.260,163412.000,1.000,1.000,29.700,,-0.005100,-0.011,-0.011,-0.010,-0.010,-0.011
79915,2016/01/11,,11,1,1311,65129010,NFX,NEWFIELD EXPLORATION CO,,NFX,211111,N,A,R,30044,0,1,1382,65129010,,,,,,,,,13.000,138.000,,,,,,,,,,,,,,,28.470,30.150,28.980,3775976.000,-0.009569,28.990,29.000,163412.000,1.000,1.000,29.860,,-0.009569,-0.002,-0.002,-0.011,-0.011,0.001
79915,2016/01/12,,11,1,1311,65129010,NFX,NEWFIELD EXPLORATION CO,,NFX,211111,N,A,R,30044,0,1,1382,65129010,,,,,,,,,13.000,138.000,,,,,,,,,,,,,,,28.340,29.900,29.310,3357139.000,0.011387,29.310,29.320,163412.000,1.000,1.000,29.630,,0.011387,0.006,0.006,-0.003,-0.003,0.008
79915,2016/01/13,,11,1,1311,65129010,NFX,NEWFIELD EXPLORATION CO,,NFX,211111,N,A,R,30044,0,1,1382,65129010,,,,,,,,,13.000,138.000,,,,,,,,,,,,,,,27.890,30.390,28.170,3244415.000,-0.038895,28.180,28.190,163412.000,1.000,1.000,29.720,,-0.038895,-0.026,-0.026,-0.025,-0.026,-0.025
79915,2016/01/14,,11,1,1311,65129010,NFX,NEWFIELD EXPLORATION CO,,NFX,211111,N,A,R,30044,0,1,1382,65129010,,,,,,,,,13.000,138.000,,,,,,,,,,,,,,,26.920,28.820,27.870,6595359.000,-0.010650,27.860,27.870,163412.000,1.000,1.000,28.460,,-0.010650,0.015,0.015,0.012,0.012,0.017
79915,2016/01/15,,11,1,1311,65129010,NFX,NEWFIELD EXPLORATION CO,,NFX,211111,N,A,R,30044,0,1,1382,65129010,,,,,,,,,13.000,138.000,,,,,,,,,,,,,,,25.520,27.230,26.230,6975268.000,-0.058845,26.230,26.240,163412.000,1.000,1.000,26.450,,-0.058845,-0.022,-0.022,-0.021,-0.021,-0.022
79915,2016/01/19,,11,1,1311,65129010,NFX,NEWFIELD EXPLORATION CO,,NFX,211111,N,A,R,30044,0,1,1382,65129010,,,,,,,,,13.000,138.000,,,,,,,,,,,,,,,23.700,26.570,24.370,6047849.000,-0.070911,24.360,24.370,163412.000,1.000,1.000,26.520,,-0.070911,-0.002,-0.002,-0.012,-0.012,0.001
79915,2016/01/20,,11,1,1311,65129010,NFX,NEWFIELD EXPLORATION CO,,NFX,211111,N,A,R,30044,0,1,1382,65129010,,,,,,,,,13.000,138.000,,,,,,,,,,,,,,,22.200,24.090,23.710,5275398.000,-0.027083,23.720,23.730,163412.000,1.000,1.000,23.880,,-0.027083,-0.011,-0.011,-0.006,-0.006,-0.012
79915,2016/01/21,,11,1,1311,65129010,NFX,NEWFIELD EXPLORATION CO,,NFX,211111,N,A,R,30044,0,1,1382,65129010,,,,,,,,,13.000,138.000,,,,,,,,,,,,,,,23.230,25.410,25.330,7614740.000,0.068326,25.330,25.340,163412.000,1.000,1.000,23.650,,0.068326,0.006,0.006,0.010,0.010,0.005
79915,2016/01/22,,11,1,1311,65129010,NFX,NEWFIELD EXPLORATION CO,,NFX,211111,N,A,R,30044,0,1,1382,65129010,,,,,,,,,13.000,138.000,,,,,,,,,,,,,,,25.350,27.730,26.000,7334851.000,0.026451,25.970,25.980,163412.000,1.000,1.000,26.600,,0.026451,0.022,0.022,0.024,0.024,0.020
79915,2016/01/25,,11,1,1311,65129010,NFX,NEWFIELD EXPLORATION CO,,NFX,211111,N,A,R,30044,0,1,1382,65129010,,,,,,,,,13.000,138.000,,,,,,,,,,,,,,,24.445,26.250,24.480,3294241.000,-0.058462,24.470,24.490,163412.000,1.000,1.000,25.190,,-0.058462,-0.017,-0.017,-0.016,-0.016,-0.016
79915,2016/01/26,,11,1,1311,65129010,NFX,NEWFIELD EXPLORATION CO,,NFX,211111,N,A,R,30044,0,1,1382,65129010,,,,,,,,,13.000,138.000,,,,,,,,,,,,,,,24.250,26.790,25.930,3680220.000,0.059232,25.920,25.930,163412.000,1.000,1.000,25.130,,0.059232,0.016,0.016,0.017,0.017,0.014
79915,2016/01/27,,11,1,1311,65129010,NFX,NEWFIELD EXPLORATION CO,,NFX,211111,N,A,R,30044,0,1,1382,65129010,,,,,,,,,13.000,138.000,,,,,,,,,,,,,,,25.130,27.080,26.520,6740072.000,0.022754,26.500,26.510,163412.000,1.000,1.000,25.890,,0.022754,-0.011,-0.011,-0.008,-0.008,-0.011
79915,2016/01/28,,11,1,1311,65129010,NFX,NEWFIELD EXPLORATION CO,,NFX,211111,N,A,R,30044,0,1,1382,65129010,,,,,,,,,13.000,138.000,,,,,,,,,,,,,,,26.940,28.530,27.580,4793786.000,0.039970,27.560,27.580,163412.000,1.000,1.000,28.170,,0.039970,0.005,0.005,0.003,0.003,0.006
79915,2016/01/29,,11,1,1311,65129010,NFX,NEWFIELD EXPLORATION CO,,NFX,211111,N,A,R,30044,0,1,1382,65129010,,,,,,,,0.000,13.000,138.000,,,,,,,,,,,,,,,27.740,29.220,29.070,3808634.000,0.054025,29.060,29.070,163412.000,1.000,1.000,27.870,,0.054025,0.025,0.025,0.023,0.023,0.025
79915,2016/02/01,,11,1,1311,65129010,NFX,NEWFIELD EXPLORATION CO,,NFX,211111,N,A,R,30044,0,1,1382,65129010,,,,,,,,,13.000,138.000,,,,,,,,,,,,,,,27.450,28.830,28.170,3648523.000,-0.030960,28.160,28.170,163412.000,1.000,1.000,28.240,,-0.030960,-0.000,-0.000,-0.001,-0.001,-0.000
79915,2016/02/02,,11,1,1311,65129010,NFX,NEWFIELD EXPLORATION CO,,NFX,211111,N,A,R,30044,0,1,1382,65129010,,,,,,,,,13.000,138.000,,,,,,,,,,,,,,,26.250,27.490,26.620,3599005.000,-0.055023,26.610,26.620,163412.000,1.000,1.000,27.490,,-0.055023,-0.020,-0.020,-0.019,-0.019,-0.019
79915,2016/02/03,,11,1,1311,65129010,NFX,NEWFIELD EXPLORATION CO,,NFX,211111,N,A,R,30044,0,1,1382,65129010,,,,,,,,,13.000,138.000,,,,,,,,,,,,,,,25.870,28.320,28.290,3159824.000,0.062735,28.270,28.280,163412.000,1.000,1.000,27.430,,0.062735,0.006,0.005,0.006,0.006,0.005
79915,2016/02/04,,11,1,1311,65129010,NFX,NEWFIELD EXPLORATION CO,,NFX,211111,N,A,R,30044,0,1,1382,65129010,,,,,,,,,13.000,138.000,,,,,,,,,,,,,,,27.160,29.180,27.250,3358719.000,-0.036762,27.250,27.260,163412.000,1.000,1.000,28.490,,-0.036762,0.004,0.003,0.007,0.007,0.002
79915,2016/02/05,,11,1,1311,65129010,NFX,NEWFIELD EXPLORATION CO,,NFX,211111,N,A,R,30044,0,1,1382,65129010,,,,,,,,,13.000,138.000,,,,,,,,,,,,,,,24.470,26.830,24.880,6087149.000,-0.086973,24.870,24.880,163412.000,1.000,1.000,26.820,,-0.086973,-0.020,-0.020,-0.018,-0.018,-0.018
79915,2016/02/08,,11,1,1311,65129010,NFX,NEWFIELD EXPLORATION CO,,NFX,211111,N,A,R,30044,0,1,1382,65129010,,,,,,,,,13.000,138.000,,,,,,,,,,,,,,,23.300,25.540,25.470,7424257.000,0.023714,25.490,25.500,163412.000,1.000,1.000,23.690,,0.023714,-0.017,-0.017,-0.020,-0.020,-0.014
79915,2016/02/09,,11,1,1311,65129010,NFX,NEWFIELD EXPLORATION CO,,NFX,211111,N,A,R,30044,0,1,1382,65129010,,,,,,,,,13.000,138.000,,,,,,,,,,,,,,,23.370,25.390,23.800,4402914.000,-0.065567,23.800,23.810,163412.000,1.000,1.000,25.390,,-0.065567,-0.003,-0.003,-0.010,-0.010,-0.001
79915,2016/02/10,,11,1,1311,65129010,NFX,NEWFIELD EXPLORATION CO,,NFX,211111,N,A,R,30044,0,1,1382,65129010,,,,,,,,,13.000,138.000,,,,,,,,,,,,,,,23.100,24.670,23.570,4245161.000,-0.009664,23.570,23.580,163412.000,1.000,1.000,23.780,,-0.009664,0.000,-0.000,-0.000,-0.001,-0.000
79915,2016/02/11,,11,1,1311,65129010,NFX,NEWFIELD EXPLORATION CO,,NFX,211111,N,A,R,30044,0,1,1382,65129010,,,,,,,,,13.000,138.000,,,,,,,,,,,,,,,22.360,23.880,23.660,6058479.000,0.003818,23.670,23.680,163412.000,1.000,1.000,22.880,,0.003818,-0.012,-0.012,-0.011,-0.011,-0.012
79915,2016/02/12,,11,1,1311,65129010,NFX,NEWFIELD EXPLORATION CO,,NFX,211111,N,A,R,30044,0,1,1382,65129010,,,,,,,,,13.000,138.000,,,,,,,,,,,,,,,23.640,24.910,24.170,3320544.000,0.021555,24.180,24.190,163412.000,1.000,1.000,24.110,,0.021555,0.020,0.020,0.017,0.017,0.020
79915,2016/02/16,,11,1,1311,65129010,NFX,NEWFIELD EXPLORATION CO,,NFX,211111,N,A,R,30044,0,1,1382,65129010,,,,,,,,,13.000,138.000,,,,,,,,,,,,,,,23.830,24.760,24.180,2571966.000,0.000414,24.170,24.180,163412.000,1.000,1.000,24.650,,0.000414,0.018,0.017,0.019,0.019,0.017
79915,2016/02/17,,11,1,1311,65129010,NFX,NEWFIELD EXPLORATION CO,,NFX,211111,N,A,R,30044,0,1,1382,65129010,,,,,,,,,13.000,138.000,,,,,,,,,,,,,,,22.760,24.990,24.870,5614589.000,0.028536,24.860,24.870,163412.000,1.000,1.000,24.170,,0.028536,0.018,0.018,0.020,0.020,0.016
79915,2016/02/18,,11,1,1311,65129010,NFX,NEWFIELD EXPLORATION CO,,NFX,211111,N,A,R,30044,0,1,1382,65129010,,,,,,,,,13.000,138.000,,,,,,,,,,,,,,,22.540,25.220,22.600,6222563.000,-0.091275,22.590,22.600,163412.000,1.000,1.000,25.060,,-0.091275,-0.004,-0.004,-0.003,-0.003,-0.005
79915,2016/02/19,,11,1,1311,65129010,NFX,NEWFIELD EXPLORATION CO,,NFX,211111,N,A,R,30044,0,1,1382,65129010,,,,,,,,,13.000,138.000,,,,,,,,,,,,,,,20.840,22.350,22.310,6520041.000,-0.012832,22.310,22.320,163412.000,1.000,1.000,22.050,,-0.012832,-0.000,-0.000,-0.000,-0.000,-0.000
79915,2016/02/22,,11,1,1311,65129010,NFX,NEWFIELD EXPLORATION CO,,NFX,211111,N,A,R,30044,0,1,1382,65129010,,,,,,,,,13.000,138.000,,,,,,,,,,,,,,,23.170,25.230,24.510,5316818.000,0.098611,24.510,24.520,163412.000,1.000,1.000,23.800,,0.098611,0.014,0.014,0.014,0.014,0.014
79915,2016/02/23,,11,1,1311,65129010,NFX,NEWFIELD EXPLORATION CO,,NFX,211111,N,A,R,30044,0,1,1382,65129010,,,,,,,,,13.000,138.000,,,,,,,,,,,,,,,23.320,24.470,23.340,4381666.000,-0.047736,23.340,23.350,163412.000,1.000,1.000,24.210,,-0.047736,-0.012,-0.012,-0.010,-0.010,-0.012
79915,2016/02/24,,11,1,1311,65129010,NFX,NEWFIELD EXPLORATION CO,,NFX,211111,N,A,R,30044,0,1,1382,65129010,,,,,,,,,13.000,138.000,,,,,,,,,,,,,,,22.330,23.490,23.420,4129866.000,0.003428,23.410,23.420,163412.000,1.000,1.000,22.660,,0.003428,0.005,0.005,0.005,0.005,0.004
79915,2016/02/25,,11,1,1311,65129010,NFX,NEWFIELD EXPLORATION CO,,NFX,211111,N,A,R,30044,0,1,1382,65129010,,,,,,,,,13.000,138.000,,,,,,,,,,,,,,,23.030,25.320,24.410,6504886.000,0.042272,24.410,24.420,163412.000,1.000,1.000,23.190,,0.042272,0.011,0.011,0.006,0.006,0.011
79915,2016/02/26,,11,1,1311,65129010,NFX,NEWFIELD EXPLORATION CO,,NFX,211111,N,A,R,30044,0,1,1382,65129010,,,,,,,,,13.000,138.000,,,,,,,,,,,,,,,24.830,26.500,26.030,34690268.000,0.066366,26.090,26.100,163412.000,1.000,1.000,25.830,,0.066366,0.000,0.000,0.007,0.007,-0.002
79915,2016/02/29,,11,1,1311,65129010,NFX,NEWFIELD EXPLORATION CO,,NFX,211111,N,A,R,30044,0,1,1382,65129010,,,,,,,,0.000,13.000,138.000,,,,,,,,,,,,,,,26.090,27.510,27.230,12015206.000,0.046101,27.220,27.230,163633.000,1.000,1.000,26.780,,0.046101,-0.006,-0.006,0.001,0.001,-0.008
79915,2016/03/01,,11,1,1311,65129010,NFX,NEWFIELD EXPLORATION CO,,NFX,211111,N,A,R,30044,0,1,1382,65129010,,,,,,,,,13.000,138.000,,,,,,,,,,,,,,,26.740,28.600,28.600,7236017.000,0.050312,28.550,28.570,163633.000,1.000,1.000,27.460,,0.050312,0.022,0.022,0.016,0.016,0.024
79915,2016/03/02,,11,1,1311,65129010,NFX,NEWFIELD EXPLORATION CO,,NFX,211111,N,A,R,30044,0,1,1382,65129010,,,,,,,,,13.000,138.000,,,,,,,,,,,,,,,27.430,29.070,29.010,6197202.000,0.014336,29.000,29.010,163633.000,1.000,1.000,28.200,,0.014336,0.006,0.006,0.013,0.013,0.004
79915,2016/03/03,,11,1,1311,65129010,NFX,NEWFIELD EXPLORATION CO,,NFX,211111,N,A,R,30044,0,1,1382,65129010,,,,,,,,,13.000,138.000,,,,,,,,,,,,,,,28.320,29.880,29.160,7576836.000,0.005171,29.150,29.160,163633.000,1.000,1.000,29.250,,0.005171,0.006,0.006,0.011,0.011,0.003
79915,2016/03/04,,11,1,1311,65129010,NFX,NEWFIELD EXPLORATION CO,,NFX,211111,N,A,R,30044,0,1,1382,65129010,,,,,,,,,13.000,138.000,,,,,,,,,,,,,,,29.350,31.610,30.170,8983257.000,0.034636,30.160,30.170,163633.000,1.000,1.000,29.670,,0.034636,0.004,0.004,0.009,0.009,0.003
79915,2016/03/07,,11,1,1311,65129010,NFX,NEWFIELD EXPLORATION CO,,NFX,211111,N,A,R,30044,0,1,1382,65129010,,,,,,,,,13.000,138.000,,,,,,,,,,,,,,,28.720,30.510,29.920,7826918.000,-0.008286,29.910,29.920,163633.000,1.000,1.000,30.160,,-0.008286,0.003,0.003,0.015,0.015,0.001
79915,2016/03/08,,11,1,1311,65129010,NFX,NEWFIELD EXPLORATION CO,,NFX,211111,N,A,R,30044,0,1,1382,65129010,,,,,,,,,13.000,138.000,,,,,,,,,,,,,,,27.770,29.630,28.970,5952159.000,-0.031751,28.980,28.990,163633.000,1.000,1.000,29.490,,-0.031751,-0.014,-0.014,-0.018,-0.018,-0.011
79915,2016/03/09,,11,1,1311,65129010,NFX,NEWFIELD EXPLORATION CO,,NFX,211111,N,A,R,30044,0,1,1382,65129010,,,,,,,,,13.000,138.000,,,,,,,,,,,,,,,29.220,31.170,30.640,6156383.000,0.057646,30.650,30.660,163633.000,1.000,1.000,29.690,,0.057646,0.006,0.005,0.006,0.006,0.005
79915,2016/03/10,,11,1,1311,65129010,NFX,NEWFIELD EXPLORATION CO,,NFX,211111,N,A,R,30044,0,1,1382,65129010,,,,,,,,,13.000,138.000,,,,,,,,,,,,,,,29.610,30.610,30.480,6031699.000,-0.005222,30.480,30.490,163633.000,1.000,1.000,30.570,,-0.005222,-0.001,-0.001,-0.004,-0.004,0.000
79915,2016/03/11,,11,1,1311,65129010,NFX,NEWFIELD EXPLORATION CO,,NFX,211111,N,A,R,30044,0,1,1382,65129010,,,,,,,,,13.000,138.000,,,,,,,,,,,,,,,31.120,32.495,31.840,6146815.000,0.044619,31.830,31.840,163633.000,1.000,1.000,31.320,,0.044619,0.017,0.017,0.016,0.016,0.016
79915,2016/03/14,,11,1,1311,65129010,NFX,NEWFIELD EXPLORATION CO,,NFX,211111,N,A,R,30044,0,1,1382,65129010,,,,,,,,,13.000,138.000,,,,,,,,,,,,,,,30.840,32.740,32.150,4765121.000,0.009736,32.150,32.160,163633.000,1.000,1.000,31.210,,0.009736,-0.002,-0.002,0.000,0.000,-0.001
79915,2016/03/15,,11,1,1311,65129010,NFX,NEWFIELD EXPLORATION CO,,NFX,211111,N,A,R,30044,0,1,1382,65129010,,,,,,,,,13.000,138.000,,,,,,,,,,,,,,,31.090,32.190,31.840,4501432.000,-0.009642,31.860,31.870,163633.000,1.000,1.000,31.530,,-0.009642,-0.004,-0.005,-0.013,-0.013,-0.002
79915,2016/03/16,,11,1,1311,65129010,NFX,NEWFIELD EXPLORATION CO,,NFX,211111,N,A,R,30044,0,1,1382,65129010,,,,,,,,,13.000,138.000,,,,,,,,,,,,,,,32.140,33.630,33.490,3974862.000,0.051822,33.480,33.490,163633.000,1.000,1.000,32.140,,0.051822,0.007,0.007,0.009,0.009,0.006
79915,2016/03/17,,11,1,1311,65129010,NFX,NEWFIELD EXPLORATION CO,,NFX,211111,N,A,R,30044,0,1,1382,65129010,,,,,,,,,13.000,138.000,,,,,,,,,,,,,,,32.960,34.170,33.720,4001759.000,0.006868,33.710,33.720,163633.000,1.000,1.000,33.900,,0.006868,0.008,0.008,0.012,0.012,0.007
79915,2016/03/18,,11,1,1311,65129010,NFX,NEWFIELD EXPLORATION CO,,NFX,211111,N,A,R,30044,0,1,1382,65129010,,,,,,,,,13.000,138.000,,,,,,,,,,,,,,,33.010,34.970,33.820,9145753.000,0.002966,33.790,33.800,163633.000,1.000,1.000,34.260,,0.002966,0.004,0.004,0.005,0.005,0.004
79915,2016/03/21,,11,1,1311,65129010,NFX,NEWFIELD EXPLORATION CO,,NFX,211111,N,A,R,30044,0,1,1382,65129010,,,,,,,,,13.000,138.000,,,,,,,,,,,,,,,32.710,34.210,33.480,2981483.000,-0.010053,33.470,33.480,163633.000,1.000,1.000,33.570,,-0.010053,0.001,0.000,0.001,0.001,0.001
79915,2016/03/22,,11,1,1311,65129010,NFX,NEWFIELD EXPLORATION CO,,NFX,211111,N,A,R,30044,0,1,1382,65129010,,,,,,,,,13.000,138.000,,,,,,,,,,,,,,,32.940,33.820,33.030,3319082.000,-0.013441,33.030,33.050,163633.000,1.000,1.000,33.210,,-0.013441,-0.000,-0.000,-0.000,-0.000,-0.001
79915,2016/03/23,,11,1,1311,65129010,NFX,NEWFIELD EXPLORATION CO,,NFX,211111,N,A,R,30044,0,1,1382,65129010,,,,,,,,,13.000,138.000,,,,,,,,,,,,,,,31.841,33.000,32.120,3639271.000,-0.027551,32.110,32.120,163633.000,1.000,1.000,32.820,,-0.027551,-0.009,-0.010,-0.016,-0.016,-0.006
79915,2016/03/24,,11,1,1311,65129010,NFX,NEWFIELD EXPLORATION CO,,NFX,211111,N,A,R,30044,0,1,1382,65129010,,,,,,,,,13.000,138.000,,,,,,,,,,,,,,,31.140,32.510,32.380,4605008.000,0.008095,32.380,32.390,163633.000,1.000,1.000,31.330,,0.008095,-0.000,-0.000,0.001,0.001,-0.000
79915,2016/03/28,,11,1,1311,65129010,NFX,NEWFIELD EXPLORATION CO,,NFX,211111,N,A,R,30044,0,1,1382,65129010,,,,,,,,,13.000,138.000,,,,,,,,,,,,,,,31.110,32.500,31.860,2758148.000,-0.016059,31.870,31.880,163633.000,1.000,1.000,32.500,,-0.016059,0.001,0.001,-0.001,-0.001,0.001
79915,2016/03/29,,11,1,1311,65129010,NFX,NEWFIELD EXPLORATION CO,,NFX,211111,N,A,R,30044,0,1,1382,65129010,,,,,,,,,13.000,138.000,,,,,,,,,,,,,,,31.180,32.160,32.120,2798834.000,0.008161,32.120,32.130,163633.000,1.000,1.000,31.460,,0.008161,0.011,0.011,0.013,0.013,0.009
79915,2016/03/30,,11,1,1311,65129010,NFX,NEWFIELD EXPLORATION CO,,NFX,211111,N,A,R,30044,0,1,1382,65129010,,,,,,,,,13.000,138.000,,,,,,,,,,,,,,,32.160,32.980,32.660,4521919.000,0.016812,32.670,32.680,163633.000,1.000,1.000,32.680,,0.016812,0.004,0.004,0.004,0.004,0.004
79915,2016/03/31,,11,1,1311,65129010,NFX,NEWFIELD EXPLORATION CO,,NFX,211111,N,A,R,30044,0,1,1382,65129010,,,,,,,,0.000,13.000,138.000,,,,,,,,,,,,,,,32.260,33.510,33.250,3997173.000,0.018065,33.200,33.210,198138.000,1.000,1.000,32.500,,0.018065,-0.001,-0.001,0.002,0.002,-0.002
79915,2016/04/01,,11,1,1311,65129010,NFX,NEWFIELD EXPLORATION CO,,NFX,211111,N,A,R,30044,0,1,1382,65129010,,,,,,,,,13.000,138.000,,,,,,,,,,,,,,,32.120,32.810,32.630,3053077.000,-0.018647,32.640,32.650,198138.000,1.000,1.000,32.470,,-0.018647,0.005,0.005,0.001,0.001,0.006
79915,2016/04/04,,11,1,1311,65129010,NFX,NEWFIELD EXPLORATION CO,,NFX,211111,N,A,R,30044,0,1,1382,65129010,,,,,,,,,13.000,138.000,,,,,,,,,,,,,,,31.680,33.150,31.730,2897205.000,-0.027582,31.740,31.760,198138.000,1.000,1.000,32.710,,-0.027582,-0.004,-0.005,-0.005,-0.005,-0.003
79915,2016/04/05,,11,1,1311,65129010,NFX,NEWFIELD EXPLORATION CO,,NFX,211111,N,A,R,30044,0,1,1382,65129010,,,,,,,,,13.000,138.000,,,,,,,,,,,,,,,30.880,32.170,31.610,2389864.000,-0.003782,31.610,31.620,198138.000,1.000,1.000,31.270,,-0.003782,-0.010,-0.010,-0.008,-0.008,-0.010
79915,2016/04/06,,11,1,1311,65129010,NFX,NEWFIELD EXPLORATION CO,,NFX,211111,N,A,R,30044,0,1,1382,65129010,,,,,,,,,13.000,138.000,,,,,,,,,,,,,,,31.650,33.100,33.010,2637618.000,0.044290,33.010,33.020,198138.000,1.000,1.000,31.940,,0.044290,0.011,0.011,0.011,0.011,0.011
79915,2016/04/07,,11,1,1311,65129010,NFX,NEWFIELD EXPLORATION CO,,NFX,211111,N,A,R,30044,0,1,1382,65129010,,,,,,,,,13.000,138.000,,,,,,,,,,,,,,,32.430,33.260,32.850,2816247.000,-0.004847,32.860,32.870,198138.000,1.000,1.000,32.600,,-0.004847,-0.012,-0.012,-0.009,-0.009,-0.012
79915,2016/04/08,,11,1,1311,65129010,NFX,NEWFIELD EXPLORATION CO,,NFX,211111,N,A,R,30044,0,1,1382,65129010,,,,,,,,,13.000,138.000,,,,,,,,,,,,,,,33.700,34.320,34.050,2644169.000,0.036530,34.040,34.050,198138.000,1.000,1.000,33.860,,0.036530,0.004,0.004,0.007,0.006,0.003
79915,2016/04/11,,11,1,1311,65129010,NFX,NEWFIELD EXPLORATION CO,,NFX,211111,N,A,R,30044,0,1,1382,65129010,,,,,,,,,13.000,138.000,,,,,,,,,,,,,,,34.240,34.920,34.450,2940858.000,0.011747,34.430,34.440,198138.000,1.000,1.000,34.370,,0.011747,-0.002,-0.002,0.003,0.003,-0.003
79915,2016/04/12,,11,1,1311,65129010,NFX,NEWFIELD EXPLORATION CO,,NFX,211111,N,A,R,30044,0,1,1382,65129010,,,,,,,,,13.000,138.000,,,,,,,,,,,,,,,34.100,35.890,35.670,5031310.000,0.035414,35.660,35.670,198138.000,1.000,1.000,34.750,,0.035414,0.010,0.010,0.011,0.011,0.010
79915,2016/04/13,,11,1,1311,65129010,NFX,NEWFIELD EXPLORATION CO,,NFX,211111,N,A,R,30044,0,1,1382,65129010,,,,,,,,,13.000,138.000,,,,,,,,,,,,,,,34.829,35.930,35.080,3386593.000,-0.016540,35.070,35.080,198138.000,1.000,1.000,35.460,,-0.016540,0.011,0.011,0.014,0.014,0.010
79915,2016/04/14,,11,1,1311,65129010,NFX,NEWFIELD EXPLORATION CO,,NFX,211111,N,A,R,30044,0,1,1382,65129010,,,,,,,,,13.000,138.000,,,,,,,,,,,,,,,34.790,35.580,35.520,2161155.000,0.012543,35.510,35.520,198138.000,1.000,1.000,35.130,,0.012543,-0.000,-0.001,-0.000,-0.000,0.000
79915,2016/04/15,,11,1,1311,65129010,NFX,NEWFIELD EXPLORATION CO,,NFX,211111,N,A,R,30044,0,1,1382,65129010,,,,,,,,,13.000,138.000,,,,,,,,,,,,,,,34.330,35.350,35.120,2393822.000,-0.011261,35.110,35.120,198138.000,1.000,1.000,35.330,,-0.011261,-0.001,-0.001,0.000,0.000,-0.001
79915,2016/04/18,,11,1,1311,65129010,NFX,NEWFIELD EXPLORATION CO,,NFX,211111,N,A,R,30044,0,1,1382,65129010,,,,,,,,,13.000,138.000,,,,,,,,,,,,,,,33.150,36.390,36.050,2983184.000,0.026481,36.050,36.060,198138.000,1.000,1.000,33.810,,0.026481,0.007,0.007,0.006,0.006,0.007
79915,2016/04/19,,11,1,1311,65129010,NFX,NEWFIELD EXPLORATION CO,,NFX,211111,N,A,R,30044,0,1,1382,65129010,,,,,,,,,13.000,138.000,,,,,,,,,,,,,,,36.130,36.960,36.540,2688511.000,0.013592,36.540,36.550,198138.000,1.000,1.000,36.540,,0.013592,0.004,0.004,0.006,0.006,0.003
79915,2016/04/20,,11,1,1311,65129010,NFX,NEWFIELD EXPLORATION CO,,NFX,211111,N,A,R,30044,0,1,1382,65129010,,,,,,,,,13.000,138.000,,,,,,,,,,,,,,,36.100,37.470,36.890,2182410.000,0.009579,36.900,36.910,198138.000,1.000,1.000,36.370,,0.009579,0.001,0.001,0.002,0.002,0.001
79915,2016/04/21,,11,1,1311,65129010,NFX,NEWFIELD EXPLORATION CO,,NFX,211111,N,A,R,30044,0,1,1382,65129010,,,,,,,,,13.000,138.000,,,,,,,,,,,,,,,35.975,36.986,36.090,2838399.000,-0.021686,36.090,36.100,198138.000,1.000,1.000,36.900,,-0.021686,-0.005,-0.005,-0.002,-0.002,-0.005
79915,2016/04/22,,11,1,1311,65129010,NFX,NEWFIELD EXPLORATION CO,,NFX,211111,N,A,R,30044,0,1,1382,65129010,,,,,,,,,13.000,138.000,,,,,,,,,,,,,,,36.210,37.120,36.860,3961426.000,0.021336,36.860,36.870,198138.000,1.000,1.000,36.240,,0.021336,0.002,0.002,0.006,0.006,0.000
79915,2016/04/25,,11,1,1311,65129010,NFX,NEWFIELD EXPLORATION CO,,NFX,211111,N,A,R,30044,0,1,1382,65129010,,,,,,,,,13.000,138.000,,,,,,,,,,,,,,,35.490,36.700,36.270,2384258.000,-0.016007,36.270,36.280,198138.000,1.000,1.000,36.570,,-0.016007,-0.003,-0.003,-0.005,-0.005,-0.002
79915,2016/04/26,,11,1,1311,65129010,NFX,NEWFIELD EXPLORATION CO,,NFX,211111,N,A,R,30044,0,1,1382,65129010,,,,,,,,,13.000,138.000,,,,,,,,,,,,,,,36.360,37.440,37.420,2437384.000,0.031707,37.400,37.410,198138.000,1.000,1.000,36.810,,0.031707,0.003,0.003,0.007,0.007,0.002
79915,2016/04/27,,11,1,1311,65129010,NFX,NEWFIELD EXPLORATION CO,,NFX,211111,N,A,R,30044,0,1,1382,65129010,,,,,,,,,13.000,138.000,,,,,,,,,,,,,,,37.400,38.780,38.200,3834991.000,0.020845,38.190,38.200,198138.000,1.000,1.000,37.890,,0.020845,0.003,0.003,0.005,0.005,0.002
79915,2016/04/28,,11,1,1311,65129010,NFX,NEWFIELD EXPLORATION CO,,NFX,211111,N,A,R,30044,0,1,1382,65129010,,,,,,,,,13.000,138.000,,,,,,,,,,,,,,,36.030,38.240,36.240,5322812.000,-0.051309,36.230,36.240,198138.000,1.000,1.000,37.880,,-0.051309,-0.009,-0.009,-0.005,-0.005,-0.009
79915,2016/04/29,,11,1,1311,65129010,NFX,NEWFIELD EXPLORATION CO,,NFX,211111,N,A,R,30044,0,1,1382,65129010,,,,,,,,0.000,13.000,138.000,,,,,,,,,,,,,,,34.990,37.090,36.250,3739973.000,0.000276,36.230,36.250,198138.000,1.000,1.000,36.490,,0.000276,-0.004,-0.004,-0.004,-0.004,-0.005
79915,2016/05/02,,11,1,1311,65129010,NFX,NEWFIELD EXPLORATION CO,,NFX,211111,N,A,R,30044,0,1,1382,65129010,,,,,,,,,13.000,138.000,,,,,,,,,,,,,,,35.670,37.370,37.170,4108835.000,0.025379,37.150,37.160,198138.000,1.000,1.000,36.430,,0.025379,0.007,0.007,0.002,0.002,0.008
79915,2016/05/03,,11,1,1311,65129010,NFX,NEWFIELD EXPLORATION CO,,NFX,211111,N,A,R,30044,0,1,1382,65129010,,,,,,,,,13.000,138.000,,,,,,,,,,,,,,,34.955,36.450,35.510,5031580.000,-0.044660,35.510,35.530,198138.000,1.000,1.000,36.320,,-0.044660,-0.011,-0.011,-0.013,-0.013,-0.009
79915,2016/05/04,,11,1,1311,65129010,NFX,NEWFIELD EXPLORATION CO,,NFX,211111,N,A,R,30044,0,1,1382,65129010,,,,,,,,,13.000,138.000,,,,,,,,,,,,,,,33.540,37.660,34.650,5689984.000,-0.024218,34.640,34.650,198138.000,1.000,1.000,36.530,,-0.024218,-0.006,-0.006,-0.007,-0.007,-0.006
79915,2016/05/05,,11,1,1311,65129010,NFX,NEWFIELD EXPLORATION CO,,NFX,211111,N,A,R,30044,0,1,1382,65129010,,,,,,,,,13.000,138.000,,,,,,,,,,,,,,,35.810,37.550,36.530,5158831.000,0.054257,36.480,36.490,198138.000,1.000,1.000,35.810,,0.054257,-0.000,-0.001,-0.003,-0.003,-0.000
79915,2016/05/06,,11,1,1311,65129010,NFX,NEWFIELD EXPLORATION CO,,NFX,211111,N,A,R,30044,0,1,1382,65129010,,,,,,,,,13.000,138.000,,,,,,,,,,,,,,,35.840,38.060,37.200,4458558.000,0.018341,37.200,37.210,198138.000,1.000,1.000,35.900,,0.018341,0.004,0.003,0.001,0.001,0.003
79915,2016/05/09,,11,1,1311,65129010,NFX,NEWFIELD EXPLORATION CO,,NFX,211111,N,A,R,30044,0,1,1382,65129010,,,,,,,,,13.000,138.000,,,,,,,,,,,,,,,36.060,37.310,36.830,3907355.000,-0.009946,36.840,36.850,198138.000,1.000,1.000,37.200,,-0.009946,-0.000,-0.000,-0.002,-0.002,0.001
79915,2016/05/10,,11,1,1311,65129010,NFX,NEWFIELD EXPLORATION CO,,NFX,211111,N,A,R,30044,0,1,1382,65129010,,,,,,,,,13.000,138.000,,,,,,,,,,,,,,,36.650,37.930,37.920,2513535.000,0.029595,37.910,37.920,198138.000,1.000,1.000,36.940,,0.029595,0.012,0.012,0.009,0.008,0.012
79915,2016/05/11,,11,1,1311,65129010,NFX,NEWFIELD EXPLORATION CO,,NFX,211111,N,A,R,30044,0,1,1382,65129010,,,,,,,,,13.000,138.000,,,,,,,,,,,,,,,36.850,38.294,37.620,3013780.000,-0.007911,37.620,37.630,198138.000,1.000,1.000,37.620,,-0.007911,-0.008,-0.009,-0.006,-0.006,-0.010
79915,2016/05/12,,11,1,1311,65129010,NFX,NEWFIELD EXPLORATION CO,,NFX,211111,N,A,R,30044,0,1,1382,65129010,,,,,,,,,13.000,138.000,,,,,,,,,,,,,,,37.830,39.190,38.630,3073016.000,0.026847,38.620,38.630,198138.000,1.000,1.000,38.340,,0.026847,-0.001,-0.001,-0.007,-0.007,-0.000
79915,2016/05/13,,11,1,1311,65129010,NFX,NEWFIELD EXPLORATION CO,,NFX,211111,N,A,R,30044,0,1,1382,65129010,,,,,,,,,13.000,138.000,,,,,,,,,,,,,,,38.310,39.320,38.600,3817509.000,-0.000777,38.600,38.610,198138.000,1.000,1.000,38.410,,-0.000777,-0.008,-0.008,-0.005,-0.005,-0.008
79915,2016/05/16,,11,1,1311,65129010,NFX,NEWFIELD EXPLORATION CO,,NFX,211111,N,A,R,30044,0,1,1382,65129010,,,,,,,,,13.000,138.000,,,,,,,,,,,,,,,38.890,39.930,39.200,4221968.000,0.015544,39.180,39.190,198138.000,1.000,1.000,38.960,,0.015544,0.010,0.010,0.009,0.009,0.010
79915,2016/05/17,,11,1,1311,65129010,NFX,NEWFIELD EXPLORATION CO,,NFX,211111,N,A,R,30044,0,1,1382,65129010,,,,,,,,,13.000,138.000,,,,,,,,,,,,,,,39.120,40.140,39.430,2803166.000,0.005867,39.420,39.430,198138.000,1.000,1.000,39.210,,0.005867,-0.009,-0.009,-0.008,-0.008,-0.009
79915,2016/05/18,,11,1,1311,65129010,NFX,NEWFIELD EXPLORATION CO,,NFX,211111,N,A,R,30044,0,1,1382,65129010,,,,,,,,,13.000,138.000,,,,,,,,,,,,,,,38.880,40.410,39.210,3175461.000,-0.005580,39.210,39.220,198138.000,1.000,1.000,39.520,,-0.005580,-0.001,-0.001,-0.001,-0.002,0.000
79915,2016/05/19,,11,1,1311,65129010,NFX,NEWFIELD EXPLORATION CO,,NFX,211111,N,A,R,30044,0,1,1382,65129010,,,,,,,,,13.000,138.000,,,,,,,,,,,,,,,38.190,39.760,39.710,2743152.000,0.012752,39.700,39.710,198138.000,1.000,1.000,38.480,,0.012752,-0.004,-0.004,-0.006,-0.006,-0.004
79915,2016/05/20,,11,1,1311,65129010,NFX,NEWFIELD EXPLORATION CO,,NFX,211111,N,A,R,30044,0,1,1382,65129010,,,,,,,,,13.000,138.000,,,,,,,,,,,,,,,39.450,40.760,40.630,3802590.000,0.023168,40.620,40.630,198138.000,1.000,1.000,39.850,,0.023168,0.008,0.008,0.010,0.010,0.006
79915,2016/05/23,,11,1,1311,65129010,NFX,NEWFIELD EXPLORATION CO,,NFX,211111,N,A,R,30044,0,1,1382,65129010,,,,,,,,,13.000,138.000,,,,,,,,,,,,,,,39.250,40.340,40.130,3353258.000,-0.012306,40.130,40.140,198138.000,1.000,1.000,40.140,,-0.012306,-0.002,-0.002,0.002,0.002,-0.002
79915,2016/05/24,,11,1,1311,65129010,NFX,NEWFIELD EXPLORATION CO,,NFX,211111,N,A,R,30044,0,1,1382,65129010,,,,,,,,,13.000,138.000,,,,,,,,,,,,,,,40.150,41.140,40.810,2977657.000,0.016945,40.800,40.810,198138.000,1.000,1.000,40.450,,0.016945,0.013,0.013,0.011,0.011,0.014
79915,2016/05/25,,11,1,1311,65129010,NFX,NEWFIELD EXPLORATION CO,,NFX,211111,N,A,R,30044,0,1,1382,65129010,,,,,,,,,13.000,138.000,,,,,,,,,,,,,,,40.310,41.670,41.160,2927658.000,0.008576,41.150,41.160,198138.000,1.000,1.000,41.090,,0.008576,0.007,0.007,0.008,0.008,0.007
79915,2016/05/26,,11,1,1311,65129010,NFX,NEWFIELD EXPLORATION CO,,NFX,211111,N,A,R,30044,0,1,1382,65129010,,,,,,,,,13.000,138.000,,,,,,,,,,,,,,,40.615,41.990,40.800,2315263.000,-0.008746,40.790,40.800,198138.000,1.000,1.000,41.640,,-0.008746,-0.000,-0.000,-0.001,-0.001,-0.000
79915,2016/05/27,,11,1,1311,65129010,NFX,NEWFIELD EXPLORATION CO,,NFX,211111,N,A,R,30044,0,1,1382,65129010,,,,,,,,,13.000,138.000,,,,,,,,,,,,,,,39.725,40.660,40.400,2886809.000,-0.009804,40.400,40.410,198138.000,1.000,1.000,40.660,,-0.009804,0.004,0.004,0.005,0.005,0.004
79915,2016/05/31,,11,1,1311,65129010,NFX,NEWFIELD EXPLORATION CO,,NFX,211111,N,A,R,30044,0,1,1382,65129010,,,,,,,,0.000,13.000,138.000,,,,,,,,,,,,,,,40.315,41.360,40.770,11869398.000,0.009158,40.730,40.740,198485.000,1.000,1.000,40.540,,0.009158,-0.000,-0.000,0.003,0.003,-0.001
79915,2016/06/01,,11,1,1311,65129010,NFX,NEWFIELD EXPLORATION CO,,NFX,211111,N,A,R,30044,0,1,1382,65129010,,,,,,,,,13.000,138.000,,,,,,,,,,,,,,,39.280,40.290,39.980,3632262.000,-0.019377,39.960,39.970,198485.000,1.000,1.000,40.220,,-0.019377,0.002,0.002,0.005,0.005,0.001
79915,2016/06/02,,11,1,1311,65129010,NFX,NEWFIELD EXPLORATION CO,,NFX,211111,N,A,R,30044,0,1,1382,65129010,,,,,,,,,13.000,138.000,,,,,,,,,,,,,,,39.250,40.315,40.310,2568259.000,0.008254,40.300,40.310,198485.000,1.000,1.000,39.410,,0.008254,0.004,0.004,0.004,0.004,0.003
79915,2016/06/03,,11,1,1311,65129010,NFX,NEWFIELD EXPLORATION CO,,NFX,211111,N,A,R,30044,0,1,1382,65129010,,,,,,,,,13.000,138.000,,,,,,,,,,,,,,,39.100,40.370,39.600,3111273.000,-0.017614,39.590,39.600,198485.000,1.000,1.000,40.220,,-0.017614,-0.002,-0.002,-0.000,-0.000,-0.003
79915,2016/06/06,,11,1,1311,65129010,NFX,NEWFIELD EXPLORATION CO,,NFX,211111,N,A,R,30044,0,1,1382,65129010,,,,,,,,,13.000,138.000,,,,,,,,,,,,,,,39.480,40.095,39.940,3067366.000,0.008586,39.940,39.950,198485.000,1.000,1.000,40.090,,0.008586,0.006,0.006,0.011,0.011,0.005
79915,2016/06/07,,11,1,1311,65129010,NFX,NEWFIELD EXPLORATION CO,,NFX,211111,N,A,R,30044,0,1,1382,65129010,,,,,,,,,13.000,138.000,,,,,,,,,,,,,,,40.150,42.120,41.810,4594121.000,0.046820,41.790,41.800,198485.000,1.000,1.000,40.290,,0.046820,0.002,0.002,0.004,0.004,0.001
79915,2016/06/08,,11,1,1311,65129010,NFX,NEWFIELD EXPLORATION CO,,NFX,211111,N,A,R,30044,0,1,1382,65129010,,,,,,,,,13.000,138.000,,,,,,,,,,,,,,,41.360,42.530,41.680,2888088.000,-0.003109,41.660,41.670,198485.000,1.000,1.000,42.310,,-0.003109,0.004,0.003,0.007,0.006,0.003
79915,2016/06/09,,11,1,1311,65129010,NFX,NEWFIELD EXPLORATION CO,,NFX,211111,N,A,R,30044,0,1,1382,65129010,,,,,,,,,13.000,138.000,,,,,,,,,,,,,,,40.850,41.550,41.270,2023101.000,-0.009837,41.270,41.280,198485.000,1.000,1.000,40.940,,-0.009837,-0.003,-0.003,-0.006,-0.006,-0.002
79915,2016/06/10,,11,1,1311,65129010,NFX,NEWFIELD EXPLORATION CO,,NFX,211111,N,A,R,30044,0,1,1382,65129010,,,,,,,,,13.000,138.000,,,,,,,,,,,,,,,39.505,41.110,39.860,2072158.000,-0.034165,39.850,39.860,198485.000,1.000,1.000,40.730,,-0.034165,-0.011,-0.011,-0.014,-0.014,-0.009
79915,2016/06/13,,11,1,1311,65129010,NFX,NEWFIELD EXPLORATION CO,,NFX,211111,N,A,R,30044,0,1,1382,65129010,,,,,,,,,13.000,138.000,,,,,,,,,,,,,,,39.160,40.210,39.460,2336514.000,-0.010035,39.450,39.460,198485.000,1.000,1.000,39.500,,-0.010035,-0.008,-0.008,-0.010,-0.010,-0.008
79915,2016/06/14,,11,1,1311,65129010,NFX,NEWFIELD EXPLORATION CO,,NFX,211111,N,A,R,30044,0,1,1382,65129010,,,,,,,,,13.000,138.000,,,,,,,,,,,,,,,39.220,40.850,40.820,3372917.000,0.034465,40.820,40.840,198485.000,1.000,1.000,39.380,,0.034465,-0.003,-0.003,-0.005,-0.005,-0.002
79915,2016/06/15,,11,1,1311,65129010,NFX,NEWFIELD EXPLORATION CO,,NFX,211111,N,A,R,30044,0,1,1382,65129010,,,,,,,,,13.000,138.000,,,,,,,,,,,,,,,40.015,41.020,40.420,2156620.000,-0.009799,40.420,40.430,198485.000,1.000,1.000,40.440,,-0.009799,-0.001,-0.001,0.004,0.004,-0.002
79915,2016/06/16,,11,1,1311,65129010,NFX,NEWFIELD EXPLORATION CO,,NFX,211111,N,A,R,30044,0,1,1382,65129010,,,,,,,,,13.000,138.000,,,,,,,,,,,,,,,38.490,39.810,39.130,2662944.000,-0.031915,39.110,39.130,198485.000,1.000,1.000,39.770,,-0.031915,0.002,0.002,-0.002,-0.002,0.003
79915,2016/06/17,,11,1,1311,65129010,NFX,NEWFIELD EXPLORATION CO,,NFX,211111,N,A,R,30044,0,1,1382,65129010,,,,,,,,,13.000,138.000,,,,,,,,,,,,,,,39.610,40.680,40.140,3086104.000,0.025811,40.140,40.150,198485.000,1.000,1.000,39.750,,0.025811,-0.002,-0.002,0.002,0.001,-0.003
79915,2016/06/20,,11,1,1311,65129010,NFX,NEWFIELD EXPLORATION CO,,NFX,211111,N,A,R,30044,0,1,1382,65129010,,,,,,,,,13.000,138.000,,,,,,,,,,,,,,,39.945,40.970,40.130,3963965.000,-0.000249,40.110,40.120,198485.000,1.000,1.000,40.890,,-0.000249,0.007,0.007,0.010,0.010,0.006
79915,2016/06/21,,11,1,1311,65129010,NFX,NEWFIELD EXPLORATION CO,,NFX,211111,N,A,R,30044,0,1,1382,65129010,,,,,,,,,13.000,138.000,,,,,,,,,,,,,,,39.620,40.920,40.870,2406231.000,0.018440,40.860,40.870,198485.000,1.000,1.000,39.910,,0.018440,0.002,0.002,-0.001,-0.001,0.003
79915,2016/06/22,,11,1,1311,65129010,NFX,NEWFIELD EXPLORATION CO,,NFX,211111,N,A,R,30044,0,1,1382,65129010,,,,,,,,,13.000,138.000,,,,,,,,,,,,,,,41.500,43.110,42.880,5891817.000,0.049180,42.860,42.870,198485.000,1.000,1.000,41.500,,0.049180,-0.002,-0.002,-0.002,-0.003,-0.002
79915,2016/06/23,,11,1,1311,65129010,NFX,NEWFIELD EXPLORATION CO,,NFX,211111,N,A,R,30044,0,1,1382,65129010,,,,,,,,,13.000,138.000,,,,,,,,,,,,,,,42.640,44.080,42.930,4209635.000,0.001166,42.920,42.930,198485.000,1.000,1.000,43.760,,0.001166,0.014,0.014,0.014,0.014,0.013
79915,2016/06/24,,11,1,1311,65129010,NFX,NEWFIELD EXPLORATION CO,,NFX,211111,N,A,R,30044,0,1,1382,65129010,,,,,,,,,13.000,138.000,,,,,,,,,,,,,,,40.920,42.285,41.800,5851037.000,-0.026322,41.800,41.810,198485.000,1.000,1.000,40.920,,-0.026322,-0.037,-0.037,-0.030,-0.030,-0.036
79915,2016/06/27,,11,1,1311,65129010,NFX,NEWFIELD EXPLORATION CO,,NFX,211111,N,A,R,30044,0,1,1382,65129010,,,,,,,,,13.000,138.000,,,,,,,,,,,,,,,39.935,41.560,40.410,4706992.000,-0.033254,40.400,40.410,198485.000,1.000,1.000,41.270,,-0.033254,-0.020,-0.020,-0.026,-0.026,-0.018
79915,2016/06/28,,11,1,1311,65129010,NFX,NEWFIELD EXPLORATION CO,,NFX,211111,N,A,R,30044,0,1,1382,65129010,,,,,,,,,13.000,138.000,,,,,,,,,,,,,,,41.910,43.020,42.850,3406667.000,0.060381,42.840,42.850,198485.000,1.000,1.000,42.270,,0.060381,0.018,0.018,0.019,0.019,0.018
79915,2016/06/29,,11,1,1311,65129010,NFX,NEWFIELD EXPLORATION CO,,NFX,211111,N,A,R,30044,0,1,1382,65129010,,,,,,,,,13.000,138.000,,,,,,,,,,,,,,,43.490,44.790,44.530,4534026.000,0.039207,44.510,44.530,198485.000,1.000,1.000,43.490,,0.039207,0.018,0.018,0.016,0.016,0.017
79915,2016/06/30,,11,1,1311,65129010,NFX,NEWFIELD EXPLORATION CO,,NFX,211111,N,A,R,30044,0,1,1382,65129010,,,,,,,,0.000,13.000,138.000,,,,,,,,,,,,,,,43.549,44.450,44.180,4162216.000,-0.007860,44.170,44.180,198485.000,1.000,1.000,44.400,,-0.007860,0.013,0.013,0.010,0.010,0.014
79915,2016/07/01,,11,1,1311,65129010,NFX,NEWFIELD EXPLORATION CO,,NFX,211111,N,A,R,30044,0,1,1382,65129010,,,,,,,,,13.000,138.000,,,,,,,,,,,,,,,43.280,44.460,43.870,3079154.000,-0.007017,43.860,43.870,198485.000,1.000,1.000,44.180,,-0.007017,0.003,0.003,0.008,0.008,0.002
79915,2016/07/05,,11,1,1311,65129010,NFX,NEWFIELD EXPLORATION CO,,NFX,211111,N,A,R,30044,0,1,1382,65129010,,,,,,,,,13.000,138.000,,,,,,,,,,,,,,,42.420,43.300,43.260,2582966.000,-0.013905,43.250,43.260,198485.000,1.000,1.000,43.210,,-0.013905,-0.008,-0.008,-0.011,-0.011,-0.007
79915,2016/07/06,,11,1,1311,65129010,NFX,NEWFIELD EXPLORATION CO,,NFX,211111,N,A,R,30044,0,1,1382,65129010,,,,,,,,,13.000,138.000,,,,,,,,,,,,,,,42.240,43.680,43.320,4854201.000,0.001387,43.040,43.050,198485.000,1.000,1.000,43.150,,0.001387,0.005,0.005,0.004,0.004,0.005
79915,2016/07/07,,11,1,1311,65129010,NFX,NEWFIELD EXPLORATION CO,,NFX,211111,N,A,R,30044,0,1,1382,65129010,,,,,,,,,13.000,138.000,,,,,,,,,,,,,,,42.240,44.160,42.770,2577049.000,-0.012696,42.770,42.780,198485.000,1.000,1.000,43.890,,-0.012696,-0.001,-0.001,0.001,0.001,-0.001
79915,2016/07/08,,11,1,1311,65129010,NFX,NEWFIELD EXPLORATION CO,,NFX,211111,N,A,R,30044,0,1,1382,65129010,,,,,,,,,13.000,138.000,,,,,,,,,,,,,,,42.590,43.945,43.820,1831438.000,0.024550,43.800,43.810,198485.000,1.000,1.000,43.340,,0.024550,0.015,0.015,0.017,0.017,0.015
79915,2016/07/11,,11,1,1311,65129010,NFX,NEWFIELD EXPLORATION CO,,NFX,211111,N,A,R,30044,0,1,1382,65129010,,,,,,,,,13.000,138.000,,,,,,,,,,,,,,,43.420,44.490,43.680,2937509.000,-0.003195,43.670,43.680,198485.000,1.000,1.000,44.180,,-0.003195,0.004,0.004,0.007,0.007,0.003
79915,2016/07/12,,11,1,1311,65129010,NFX,NEWFIELD EXPLORATION CO,,NFX,211111,N,A,R,30044,0,1,1382,65129010,,,,,,,,,13.000,138.000,,,,,,,,,,,,,,,44.390,45.610,45.160,2928336.000,0.033883,45.140,45.150,198485.000,1.000,1.000,44.600,,0.033883,0.008,0.008,0.011,0.011,0.007
79915,2016/07/13,,11,1,1311,65129010,NFX,NEWFIELD EXPLORATION CO,,NFX,211111,N,A,R,30044,0,1,1382,65129010,,,,,,,,,13.000,138.000,,,,,,,,,,,,,,,43.610,45.460,44.630,3281881.000,-0.011736,44.630,44.640,198485.000,1.000,1.000,45.160,,-0.011736,-0.000,-0.000,-0.002,-0.003,0.000
79915,2016/07/14,,11,1,1311,65129010,NFX,NEWFIELD EXPLORATION CO,,NFX,211111,N,A,R,30044,0,1,1382,65129010,,,,,,,,,13.000,138.000,,,,,,,,,,,,,,,44.260,45.240,44.600,2155279.000,-0.000672,44.590,44.600,198485.000,1.000,1.000,45.190,,-0.000672,0.005,0.005,0.002,0.002,0.005
79915,2016/07/15,,11,1,1311,65129010,NFX,NEWFIELD EXPLORATION CO,,NFX,211111,N,A,R,30044,0,1,1382,65129010,,,,,,,,,13.000,138.000,,,,,,,,,,,,,,,44.325,45.080,44.520,1351410.000,-0.001794,44.510,44.520,198485.000,1.000,1.000,44.840,,-0.001794,-0.001,-0.001,0.001,0.001,-0.001
79915,2016/07/18,,11,1,1311,65129010,NFX,NEWFIELD EXPLORATION CO,,NFX,211111,N,A,R,30044,0,1,1382,65129010,,,,,,,,,13.000,138.000,,,,,,,,,,,,,,,43.870,44.610,44.560,1752656.000,0.000898,44.550,44.560,198485.000,1.000,1.000,44.490,,0.000898,0.003,0.003,0.003,0.003,0.002
79915,2016/07/19,,11,1,1311,65129010,NFX,NEWFIELD EXPLORATION CO,,NFX,211111,N,A,R,30044,0,1,1382,65129010,,,,,,,,,13.000,138.000,,,,,,,,,,,,,,,43.721,44.750,43.810,1630395.000,-0.016831,43.820,43.830,198485.000,1.000,1.000,44.650,,-0.016831,-0.002,-0.002,-0.005,-0.005,-0.001
79915,2016/07/20,,11,1,1311,65129010,NFX,NEWFIELD EXPLORATION CO,,NFX,211111,N,A,R,30044,0,1,1382,65129010,,,,,,,,,13.000,138.000,,,,,,,,,,,,,,,42.870,44.550,44.420,2488278.000,0.013924,44.420,44.430,198485.000,1.000,1.000,43.380,,0.013924,0.005,0.005,0.006,0.006,0.004
79915,2016/07/21,,11,1,1311,65129010,NFX,NEWFIELD EXPLORATION CO,,NFX,211111,N,A,R,30044,0,1,1382,65129010,,,,,,,,,13.000,138.000,,,,,,,,,,,,,,,44.110,45.220,44.400,3003130.000,-0.000450,44.400,44.410,198485.000,1.000,1.000,44.310,,-0.000450,-0.003,-0.003,-0.001,-0.001,-0.004
79915,2016/07/22,,11,1,1311,65129010,NFX,NEWFIELD EXPLORATION CO,,NFX,211111,N,A,R,30044,0,1,1382,65129010,,,,,,,,,13.000,138.000,,,,,,,,,,,,,,,43.910,44.940,44.430,1879564.000,0.000676,44.420,44.430,198485.000,1.000,1.000,44.520,,0.000676,0.004,0.004,0.005,0.005,0.005
79915,2016/07/25,,11,1,1311,65129010,NFX,NEWFIELD EXPLORATION CO,,NFX,211111,N,A,R,30044,0,1,1382,65129010,,,,,,,,,13.000,138.000,,,,,,,,,,,,,,,42.020,44.110,42.660,3172061.000,-0.039838,42.670,42.680,198485.000,1.000,1.000,43.940,,-0.039838,-0.003,-0.003,-0.004,-0.004,-0.003
79915,2016/07/26,,11,1,1311,65129010,NFX,NEWFIELD EXPLORATION CO,,NFX,211111,N,A,R,30044,0,1,1382,65129010,,,,,,,,,13.000,138.000,,,,,,,,,,,,,,,42.220,43.495,43.430,2095247.000,0.018050,43.410,43.420,198485.000,1.000,1.000,42.460,,0.018050,0.002,0.002,0.004,0.004,0.000
79915,2016/07/27,,11,1,1311,65129010,NFX,NEWFIELD EXPLORATION CO,,NFX,211111,N,A,R,30044,0,1,1382,65129010,,,,,,,,,13.000,138.000,,,,,,,,,,,,,,,41.650,43.900,42.070,3258277.000,-0.031315,42.060,42.070,198485.000,1.000,1.000,43.600,,-0.031315,-0.001,-0.001,0.002,0.002,-0.001
79915,2016/07/28,,11,1,1311,65129010,NFX,NEWFIELD EXPLORATION CO,,NFX,211111,N,A,R,30044,0,1,1382,65129010,,,,,,,,,13.000,138.000,,,,,,,,,,,,,,,41.570,42.910,42.380,2140367.000,0.007369,42.370,42.380,198485.000,1.000,1.000,42.130,,0.007369,0.002,0.002,-0.000,-0.000,0.002
79915,2016/07/29,,11,1,1311,65129010,NFX,NEWFIELD EXPLORATION CO,,NFX,211111,N,A,R,30044,0,1,1382,65129010,,,,,,,,0.000,13.000,138.000,,,,,,,,,,,,,,,41.450,43.365,43.300,2136394.000,0.021708,43.290,43.300,198485.000,1.000,1.000,41.890,,0.021708,0.003,0.003,0.003,0.003,0.002
79915,2016/08/01,,11,1,1311,65129010,NFX,NEWFIELD EXPLORATION CO,,NFX,211111,N,A,R,30044,0,1,1382,65129010,,,,,,,,,13.000,138.000,,,,,,,,,,,,,,,41.140,42.950,41.290,3308338.000,-0.046420,41.290,41.310,198485.000,1.000,1.000,42.950,,-0.046420,-0.002,-0.002,-0.002,-0.002,-0.001
79915,2016/08/02,,11,1,1311,65129010,NFX,NEWFIELD EXPLORATION CO,,NFX,211111,N,A,R,30044,0,1,1382,65129010,,,,,,,,,13.000,138.000,,,,,,,,,,,,,,,40.440,41.900,41.550,4290358.000,0.006297,41.530,41.540,198485.000,1.000,1.000,41.310,,0.006297,-0.007,-0.007,-0.008,-0.008,-0.006
79915,2016/08/03,,11,1,1311,65129010,NFX,NEWFIELD EXPLORATION CO,,NFX,211111,N,A,R,30044,0,1,1382,65129010,,,,,,,,,13.000,138.000,,,,,,,,,,,,,,,40.830,44.770,44.660,7115791.000,0.074850,44.650,44.660,198485.000,1.000,1.000,40.830,,0.074850,0.004,0.004,0.007,0.007,0.003
79915,2016/08/04,,11,1,1311,65129010,NFX,NEWFIELD EXPLORATION CO,,NFX,211111,N,A,R,30044,0,1,1382,65129010,,,,,,,,,13.000,138.000,,,,,,,,,,,,,,,44.250,46.620,45.680,5344055.000,0.022839,45.670,45.680,198485.000,1.000,1.000,44.440,,0.022839,0.001,0.001,0.002,0.002,0.000
79915,2016/08/05,,11,1,1311,65129010,NFX,NEWFIELD EXPLORATION CO,,NFX,211111,N,A,R,30044,0,1,1382,65129010,,,,,,,,,13.000,138.000,,,,,,,,,,,,,,,44.340,45.740,45.280,3671211.000,-0.008757,45.230,45.240,198485.000,1.000,1.000,45.380,,-0.008757,0.008,0.008,0.008,0.008,0.009
79915,2016/08/08,,11,1,1311,65129010,NFX,NEWFIELD EXPLORATION CO,,NFX,211111,N,A,R,30044,0,1,1382,65129010,,,,,,,,,13.000,138.000,,,,,,,,,,,,,,,45.740,46.780,46.220,2945711.000,0.020760,46.220,46.230,198485.000,1.000,1.000,45.740,,0.020760,0.000,0.000,0.002,0.002,-0.001
79915,2016/08/09,,11,1,1311,65129010,NFX,NEWFIELD EXPLORATION CO,,NFX,211111,N,A,R,30044,0,1,1382,65129010,,,,,,,,,13.000,138.000,,,,,,,,,,,,,,,45.630,46.760,46.100,1983751.000,-0.002596,46.090,46.100,198485.000,1.000,1.000,46.530,,-0.002596,0.001,0.001,0.001,0.001,0.000
79915,2016/08/10,,11,1,1311,65129010,NFX,NEWFIELD EXPLORATION CO,,NFX,211111,N,A,R,30044,0,1,1382,65129010,,,,,,,,,13.000,138.000,,,,,,,,,,,,,,,45.320,46.715,45.370,2415222.000,-0.015835,45.370,45.380,198485.000,1.000,1.000,46.310,,-0.015835,-0.003,-0.003,-0.005,-0.005,-0.003
79915,2016/08/11,,11,1,1311,65129010,NFX,NEWFIELD EXPLORATION CO,,NFX,211111,N,A,R,30044,0,1,1382,65129010,,,,,,,,,13.000,138.000,,,,,,,,,,,,,,,45.600,47.485,47.210,3901912.000,0.040555,47.200,47.210,198485.000,1.000,1.000,45.760,,0.040555,0.005,0.005,0.005,0.005,0.005
79915,2016/08/12,,11,1,1311,65129010,NFX,NEWFIELD EXPLORATION CO,,NFX,211111,N,A,R,30044,0,1,1382,65129010,,,,,,,,,13.000,138.000,,,,,,,,,,,,,,,46.590,47.560,46.880,1955989.000,-0.006990,46.870,46.880,198485.000,1.000,1.000,47.400,,-0.006990,-0.000,-0.001,0.000,0.000,-0.001
79915,2016/08/15,,11,1,1311,65129010,NFX,NEWFIELD EXPLORATION CO,,NFX,211111,N,A,R,30044,0,1,1382,65129010,,,,,,,,,13.000,138.000,,,,,,,,,,,,,,,46.720,47.450,46.960,3056524.000,0.001706,46.950,46.960,198485.000,1.000,1.000,46.860,,0.001706,0.004,0.004,0.007,0.007,0.003
79915,2016/08/16,,11,1,1311,65129010,NFX,NEWFIELD EXPLORATION CO,,NFX,211111,N,A,R,30044,0,1,1382,65129010,,,,,,,,,13.000,138.000,,,,,,,,,,,,,,,45.560,46.870,46.170,2376823.000,-0.016823,46.170,46.180,198485.000,1.000,1.000,46.800,,-0.016823,-0.005,-0.006,-0.004,-0.004,-0.005
79915,2016/08/17,,11,1,1311,65129010,NFX,NEWFIELD EXPLORATION CO,,NFX,211111,N,A,R,30044,0,1,1382,65129010,,,,,,,,,13.000,138.000,,,,,,,,,,,,,,,45.270,46.260,45.940,2279940.000,-0.004982,45.930,45.940,198485.000,1.000,1.000,46.210,,-0.004982,0.001,0.001,-0.001,-0.002,0.002
79915,2016/08/18,,11,1,1311,65129010,NFX,NEWFIELD EXPLORATION CO,,NFX,211111,N,A,R,30044,0,1,1382,65129010,,,,,,,,,13.000,138.000,,,,,,,,,,,,,,,45.940,46.830,46.780,2469699.000,0.018285,46.760,46.770,198485.000,1.000,1.000,46.290,,0.018285,0.003,0.003,0.006,0.006,0.002
79915,2016/08/19,,11,1,1311,65129010,NFX,NEWFIELD EXPLORATION CO,,NFX,211111,N,A,R,30044,0,1,1382,65129010,,,,,,,,,13.000,138.000,,,,,,,,,,,,,,,45.940,46.610,46.400,1947301.000,-0.008123,46.390,46.400,198485.000,1.000,1.000,46.580,,-0.008123,-0.002,-0.002,-0.002,-0.002,-0.001
79915,2016/08/22,,11,1,1311,65129010,NFX,NEWFIELD EXPLORATION CO,,NFX,211111,N,A,R,30044,0,1,1382,65129010,,,,,,,,,13.000,138.000,,,,,,,,,,,,,,,44.940,45.760,45.040,2181557.000,-0.029310,45.040,45.050,198485.000,1.000,1.000,45.760,,-0.029310,-0.000,-0.000,0.000,0.000,-0.001
79915,2016/08/23,,11,1,1311,65129010,NFX,NEWFIELD EXPLORATION CO,,NFX,211111,N,A,R,30044,0,1,1382,65129010,,,,,,,,,13.000,138.000,,,,,,,,,,,,,,,44.830,46.320,45.720,2197249.000,0.015098,45.700,45.710,198485.000,1.000,1.000,44.950,,0.015098,0.003,0.003,0.004,0.004,0.002
79915,2016/08/24,,11,1,1311,65129010,NFX,NEWFIELD EXPLORATION CO,,NFX,211111,N,A,R,30044,0,1,1382,65129010,,,,,,,,,13.000,138.000,,,,,,,,,,,,,,,44.950,45.590,45.110,1823545.000,-0.013342,45.110,45.120,198485.000,1.000,1.000,45.310,,-0.013342,-0.006,-0.006,-0.007,-0.007,-0.005
79915,2016/08/25,,11,1,1311,65129010,NFX,NEWFIELD EXPLORATION CO,,NFX,211111,N,A,R,30044,0,1,1382,65129010,,,,,,,,,13.000,138.000,,,,,,,,,,,,,,,43.960,45.150,44.310,2951285.000,-0.017734,44.300,44.310,198485.000,1.000,1.000,45.140,,-0.017734,-0.001,-0.001,-0.000,-0.000,-0.001
79915,2016/08/26,,11,1,1311,65129010,NFX,NEWFIELD EXPLORATION CO,,NFX,211111,N,A,R,30044,0,1,1382,65129010,,,,,,,,,13.000,138.000,,,,,,,,,,,,,,,43.750,45.380,44.150,3193566.000,-0.003611,44.150,44.160,198485.000,1.000,1.000,44.530,,-0.003611,-0.002,-0.002,-0.002,-0.002,-0.002
79915,2016/08/29,,11,1,1311,65129010,NFX,NEWFIELD EXPLORATION CO,,NFX,211111,N,A,R,30044,0,1,1382,65129010,,,,,,,,,13.000,138.000,,,,,,,,,,,,,,,43.910,45.130,45.030,2131082.000,0.019932,45.020,45.030,198485.000,1.000,1.000,44.150,,0.019932,0.005,0.005,0.005,0.005,0.005
79915,2016/08/30,,11,1,1311,65129010,NFX,NEWFIELD EXPLORATION CO,,NFX,211111,N,A,R,30044,0,1,1382,65129010,,,,,,,,,13.000,138.000,,,,,,,,,,,,,,,44.190,45.680,44.570,1449511.000,-0.010215,44.560,44.570,198485.000,1.000,1.000,45.340,,-0.010215,-0.002,-0.002,-0.000,-0.000,-0.002
79915,2016/08/31,,11,1,1311,65129010,NFX,NEWFIELD EXPLORATION CO,,NFX,211111,N,A,R,30044,0,1,1382,65129010,,,,,,,,0.000,13.000,138.000,,,,,,,,,,,,,,,43.090,44.480,43.360,2347375.000,-0.027148,43.350,43.360,198604.000,1.000,1.000,44.210,,-0.027148,-0.003,-0.003,-0.004,-0.004,-0.002
79915,2016/09/01,,11,1,1311,65129010,NFX,NEWFIELD EXPLORATION CO,,NFX,211111,N,A,R,30044,0,1,1382,65129010,,,,,,,,,13.000,138.000,,,,,,,,,,,,,,,42.840,44.140,44.120,2191417.000,0.017528,44.110,44.120,198604.000,1.000,1.000,43.100,,0.017528,0.001,0.001,0.001,0.001,-0.000
79915,2016/09/02,,11,1,1311,65129010,NFX,NEWFIELD EXPLORATION CO,,NFX,211111,N,A,R,30044,0,1,1382,65129010,,,,,,,,,13.000,138.000,,,,,,,,,,,,,,,44.370,45.230,44.900,2268635.000,0.017679,44.890,44.900,198604.000,1.000,1.000,44.460,,0.017679,0.006,0.006,0.008,0.008,0.004
79915,2016/09/06,,11,1,1311,65129010,NFX,NEWFIELD EXPLORATION CO,,NFX,211111,N,A,R,30044,0,1,1382,65129010,,,,,,,,,13.000,138.000,,,,,,,,,,,,,,,44.070,45.245,44.890,1803773.000,-0.000223,44.880,44.890,198604.000,1.000,1.000,44.940,,-0.000223,0.003,0.003,0.006,0.006,0.003
79915,2016/09/07,,11,1,1311,65129010,NFX,NEWFIELD EXPLORATION CO,,NFX,211111,N,A,R,30044,0,1,1382,65129010,,,,,,,,,13.000,138.000,,,,,,,,,,,,,,,44.430,45.280,44.910,2065868.000,0.000446,44.900,44.910,198604.000,1.000,1.000,45.150,,0.000446,0.001,0.001,0.003,0.003,-0.000
79915,2016/09/08,,11,1,1311,65129010,NFX,NEWFIELD EXPLORATION CO,,NFX,211111,N,A,R,30044,0,1,1382,65129010,,,,,,,,,13.000,138.000,,,,,,,,,,,,,,,44.930,46.250,46.010,2934523.000,0.024493,46.000,46.010,198604.000,1.000,1.000,45.320,,0.024493,-0.002,-0.002,0.002,0.002,-0.002
79915,2016/09/09,,11,1,1311,65129010,NFX,NEWFIELD EXPLORATION CO,,NFX,211111,N,A,R,30044,0,1,1382,65129010,,,,,,,,,13.000,138.000,,,,,,,,,,,,,,,44.520,45.700,44.530,3339010.000,-0.032167,44.530,44.540,198604.000,1.000,1.000,45.380,,-0.032167,-0.025,-0.025,-0.023,-0.023,-0.025
79915,2016/09/12,,11,1,1311,65129010,NFX,NEWFIELD EXPLORATION CO,,NFX,211111,N,A,R,30044,0,1,1382,65129010,,,,,,,,,13.000,138.000,,,,,,,,,,,,,,,43.429,44.760,44.230,1747306.000,-0.006737,44.220,44.230,198604.000,1.000,1.000,44.040,,-0.006737,0.013,0.013,0.008,0.008,0.015
79915,2016/09/13,,11,1,1311,65129010,NFX,NEWFIELD EXPLORATION CO,,NFX,211111,N,A,R,30044,0,1,1382,65129010,,,,,,,,,13.000,138.000,,,,,,,,,,,,,,,41.970,43.570,42.080,1978435.000,-0.048609,42.080,42.090,198604.000,1.000,1.000,43.530,,-0.048609,-0.016,-0.016,-0.016,-0.016,-0.015
79915,2016/09/14,,11,1,1311,65129010,NFX,NEWFIELD EXPLORATION CO,,NFX,211111,N,A,R,30044,0,1,1382,65129010,,,,,,,,,13.000,138.000,,,,,,,,,,,,,,,40.430,42.330,40.650,3231786.000,-0.033983,40.640,40.650,198604.000,1.000,1.000,41.900,,-0.033983,-0.001,-0.001,0.000,0.000,-0.001
79915,2016/09/15,,11,1,1311,65129010,NFX,NEWFIELD EXPLORATION CO,,NFX,211111,N,A,R,30044,0,1,1382,65129010,,,,,,,,,13.000,138.000,,,,,,,,,,,,,,,40.880,42.040,41.170,2654759.000,0.012792,41.170,41.180,198604.000,1.000,1.000,40.990,,0.012792,0.010,0.010,0.008,0.008,0.010
79915,2016/09/16,,11,1,1311,65129010,NFX,NEWFIELD EXPLORATION CO,,NFX,211111,N,A,R,30044,0,1,1382,65129010,,,,,,,,,13.000,138.000,,,,,,,,,,,,,,,40.310,41.910,41.840,6041481.000,0.016274,41.840,41.850,198604.000,1.000,1.000,40.500,,0.016274,-0.004,-0.004,-0.002,-0.002,-0.004
79915,2016/09/19,,11,1,1311,65129010,NFX,NEWFIELD EXPLORATION CO,,NFX,211111,N,A,R,30044,0,1,1382,65129010,,,,,,,,,13.000,138.000,,,,,,,,,,,,,,,41.680,42.590,41.970,3306951.000,0.003107,41.970,41.980,198604.000,1.000,1.000,42.150,,0.003107,0.001,0.001,0.004,0.004,-0.000
79915,2016/09/20,,11,1,1311,65129010,NFX,NEWFIELD EXPLORATION CO,,NFX,211111,N,A,R,30044,0,1,1382,65129010,,,,,,,,,13.000,138.000,,,,,,,,,,,,,,,41.160,42.160,41.190,2012818.000,-0.018585,41.190,41.200,198604.000,1.000,1.000,41.780,,-0.018585,-0.000,-0.000,0.000,0.000,0.000
79915,2016/09/21,,11,1,1311,65129010,NFX,NEWFIELD EXPLORATION CO,,NFX,211111,N,A,R,30044,0,1,1382,65129010,,,,,,,,,13.000,138.000,,,,,,,,,,,,,,,41.550,42.430,42.390,2075025.000,0.029133,42.370,42.380,198604.000,1.000,1.000,41.930,,0.029133,0.012,0.012,0.011,0.011,0.011
79915,2016/09/22,,11,1,1311,65129010,NFX,NEWFIELD EXPLORATION CO,,NFX,211111,N,A,R,30044,0,1,1382,65129010,,,,,,,,,13.000,138.000,,,,,,,,,,,,,,,42.760,43.910,43.300,2710760.000,0.021467,43.290,43.300,198604.000,1.000,1.000,43.160,,0.021467,0.008,0.008,0.010,0.010,0.006
79915,2016/09/23,,11,1,1311,65129010,NFX,NEWFIELD EXPLORATION CO,,NFX,211111,N,A,R,30044,0,1,1382,65129010,,,,,,,,,13.000,138.000,,,,,,,,,,,,,,,41.380,43.520,41.640,1989880.000,-0.038337,41.640,41.650,198604.000,1.000,1.000,43.000,,-0.038337,-0.006,-0.006,-0.004,-0.004,-0.006
79915,2016/09/26,,11,1,1311,65129010,NFX,NEWFIELD EXPLORATION CO,,NFX,211111,N,A,R,30044,0,1,1382,65129010,,,,,,,,,13.000,138.000,,,,,,,,,,,,,,,41.020,42.020,41.090,2376368.000,-0.013208,41.070,41.080,198604.000,1.000,1.000,41.780,,-0.013208,-0.008,-0.008,-0.008,-0.008,-0.009
79915,2016/09/27,,11,1,1311,65129010,NFX,NEWFIELD EXPLORATION CO,,NFX,211111,N,A,R,30044,0,1,1382,65129010,,,,,,,,,13.000,138.000,,,,,,,,,,,,,,,39.250,40.370,39.500,2391486.000,-0.038696,39.500,39.510,198604.000,1.000,1.000,40.370,,-0.038696,0.005,0.005,0.003,0.003,0.006
79915,2016/09/28,,11,1,1311,65129010,NFX,NEWFIELD EXPLORATION CO,,NFX,211111,N,A,R,30044,0,1,1382,65129010,,,,,,,,,13.000,138.000,,,,,,,,,,,,,,,39.370,42.100,42.030,3760752.000,0.064051,42.020,42.030,198604.000,1.000,1.000,39.830,,0.064051,0.007,0.006,0.007,0.007,0.005
79915,2016/09/29,,11,1,1311,65129010,NFX,NEWFIELD EXPLORATION CO,,NFX,211111,N,A,R,30044,0,1,1382,65129010,,,,,,,,,13.000,138.000,,,,,,,,,,,,,,,41.700,43.390,42.780,4039484.000,0.017844,42.770,42.780,198604.000,1.000,1.000,42.040,,0.017844,-0.009,-0.009,-0.008,-0.009,-0.009
79915,2016/09/30,,11,1,1311,65129010,NFX,NEWFIELD EXPLORATION CO,,NFX,211111,N,A,R,30044,0,1,1382,65129010,,,,,,,,0.000,13.000,138.000,,,,,,,,,,,,,,,42.820,43.880,43.460,2232614.000,0.015895,43.450,43.460,198604.000,1.000,1.000,43.370,,0.015895,0.008,0.008,0.008,0.008,0.008
79915,2016/10/03,,11,1,1311,65129010,NFX,NEWFIELD EXPLORATION CO,,NFX,211111,N,A,R,30044,0,1,1382,65129010,,,,,,,,,13.000,138.000,,,,,,,,,,,,,,,42.390,43.480,43.180,2206418.000,-0.006443,43.170,43.180,198604.000,1.000,1.000,43.420,,-0.006443,-0.003,-0.003,-0.001,-0.001,-0.003
79915,2016/10/04,,11,1,1311,65129010,NFX,NEWFIELD EXPLORATION CO,,NFX,211111,N,A,R,30044,0,1,1382,65129010,,,,,,,,,13.000,138.000,,,,,,,,,,,,,,,41.730,43.460,42.120,2306642.000,-0.024548,42.100,42.110,198604.000,1.000,1.000,43.410,,-0.024548,-0.006,-0.006,-0.007,-0.007,-0.005
79915,2016/10/05,,11,1,1311,65129010,NFX,NEWFIELD EXPLORATION CO,,NFX,211111,N,A,R,30044,0,1,1382,65129010,,,,,,,,,13.000,138.000,,,,,,,,,,,,,,,42.490,43.890,43.310,3198428.000,0.028253,43.310,43.320,198604.000,1.000,1.000,42.990,,0.028253,0.005,0.005,0.006,0.006,0.004
79915,2016/10/06,,11,1,1311,65129010,NFX,NEWFIELD EXPLORATION CO,,NFX,211111,N,A,R,30044,0,1,1382,65129010,,,,,,,,,13.000,138.000,,,,,,,,,,,,,,,42.410,43.790,43.180,1687024.000,-0.003002,43.180,43.190,198604.000,1.000,1.000,43.540,,-0.003002,-0.001,-0.001,-0.003,-0.003,0.000
79915,2016/10/07,,11,1,1311,65129010,NFX,NEWFIELD EXPLORATION CO,,NFX,211111,N,A,R,30044,0,1,1382,65129010,,,,,,,,,13.000,138.000,,,,,,,,,,,,,,,42.630,43.640,43.160,2315693.000,-0.000463,43.160,43.170,198604.000,1.000,1.000,43.180,,-0.000463,-0.004,-0.004,-0.005,-0.005,-0.003
79915,2016/10/10,,11,1,1311,65129010,NFX,NEWFIELD EXPLORATION CO,,NFX,211111,N,A,R,30044,0,1,1382,65129010,,,,,,,,,13.000,138.000,,,,,,,,,,,,,,,43.560,44.315,43.680,2254609.000,0.012048,43.670,43.680,198604.000,1.000,1.000,43.580,,0.012048,0.006,0.006,0.007,0.007,0.005
79915,2016/10/11,,11,1,1311,65129010,NFX,NEWFIELD EXPLORATION CO,,NFX,211111,N,A,R,30044,0,1,1382,65129010,,,,,,,,,13.000,138.000,,,,,,,,,,,,,,,42.760,43.540,43.090,2420194.000,-0.013507,43.090,43.100,198604.000,1.000,1.000,43.470,,-0.013507,-0.013,-0.013,-0.013,-0.013,-0.012
79915,2016/10/12,,11,1,1311,65129010,NFX,NEWFIELD EXPLORATION CO,,NFX,211111,N,A,R,30044,0,1,1382,65129010,,,,,,,,,13.000,138.000,,,,,,,,,,,,,,,42.410,43.690,43.280,1846222.000,0.004409,43.280,43.290,198604.000,1.000,1.000,42.890,,0.004409,0.001,0.001,-0.001,-0.001,0.001
79915,2016/10/13,,11,1,1311,65129010,NFX,NEWFIELD EXPLORATION CO,,NFX,211111,N,A,R,30044,0,1,1382,65129010,,,,,,,,,13.000,138.000,,,,,,,,,,,,,,,42.340,43.460,43.140,1983370.000,-0.003235,43.130,43.140,198604.000,1.000,1.000,42.820,,-0.003235,-0.003,-0.003,-0.006,-0.007,-0.003
79915,2016/10/14,,11,1,1311,65129010,NFX,NEWFIELD EXPLORATION CO,,NFX,211111,N,A,R,30044,0,1,1382,65129010,,,,,,,,,13.000,138.000,,,,,,,,,,,,,,,42.350,43.330,42.570,2029461.000,-0.013213,42.570,42.580,198604.000,1.000,1.000,43.290,,-0.013213,-0.000,-0.000,-0.002,-0.002,0.000
79915,2016/10/17,,11,1,1311,65129010,NFX,NEWFIELD EXPLORATION CO,,NFX,211111,N,A,R,30044,0,1,1382,65129010,,,,,,,,,13.000,138.000,,,,,,,,,,,,,,,42.410,43.200,42.860,2142850.000,0.006812,42.860,42.870,198604.000,1.000,1.000,42.480,,0.006812,-0.003,-0.003,-0.003,-0.003,-0.003
79915,2016/10/18,,11,1,1311,65129010,NFX,NEWFIELD EXPLORATION CO,,NFX,211111,N,A,R,30044,0,1,1382,65129010,,,,,,,,,13.000,138.000,,,,,,,,,,,,,,,42.035,43.500,42.530,2673440.000,-0.007700,42.520,42.530,198604.000,1.000,1.000,43.480,,-0.007700,0.007,0.007,0.006,0.006,0.006
79915,2016/10/19,,11,1,1311,65129010,NFX,NEWFIELD EXPLORATION CO,,NFX,211111,N,A,R,30044,0,1,1382,65129010,,,,,,,,,13.000,138.000,,,,,,,,,,,,,,,43.100,44.530,44.180,2765091.000,0.038796,44.180,44.190,198604.000,1.000,1.000,43.120,,0.038796,0.003,0.003,0.005,0.005,0.002
79915,2016/10/20,,11,1,1311,65129010,NFX,NEWFIELD EXPLORATION CO,,NFX,211111,N,A,R,30044,0,1,1382,65129010,,,,,,,,,13.000,138.000,,,,,,,,,,,,,,,43.090,44.055,44.020,2241631.000,-0.003622,44.010,44.020,198604.000,1.000,1.000,43.570,,-0.003622,-0.002,-0.002,-0.000,-0.000,-0.001
79915,2016/10/21,,11,1,1311,65129010,NFX,NEWFIELD EXPLORATION CO,,NFX,211111,N,A,R,30044,0,1,1382,65129010,,,,,,,,,13.000,138.000,,,,,,,,,,,,,,,42.970,43.570,43.230,2020899.000,-0.017946,43.210,43.220,198604.000,1.000,1.000,43.460,,-0.017946,-0.000,-0.000,-0.001,-0.001,-0.000
79915,2016/10/24,,11,1,1311,65129010,NFX,NEWFIELD EXPLORATION CO,,NFX,211111,N,A,R,30044,0,1,1382,65129010,,,,,,,,,13.000,138.000,,,,,,,,,,,,,,,42.210,43.370,43.130,1674515.000,-0.002313,43.120,43.130,198604.000,1.000,1.000,43.170,,-0.002313,0.004,0.004,0.002,0.002,0.005
79915,2016/10/25,,11,1,1311,65129010,NFX,NEWFIELD EXPLORATION CO,,NFX,211111,N,A,R,30044,0,1,1382,65129010,,,,,,,,,13.000,138.000,,,,,,,,,,,,,,,41.830,43.070,42.000,2432679.000,-0.026200,42.000,42.010,198604.000,1.000,1.000,42.800,,-0.026200,-0.004,-0.004,-0.006,-0.006,-0.004
79915,2016/10/26,,11,1,1311,65129010,NFX,NEWFIELD EXPLORATION CO,,NFX,211111,N,A,R,30044,0,1,1382,65129010,,,,,,,,,13.000,138.000,,,,,,,,,,,,,,,40.640,42.300,42.250,3154802.000,0.005952,42.250,42.260,198604.000,1.000,1.000,41.410,,0.005952,-0.003,-0.003,-0.006,-0.006,-0.002
79915,2016/10/27,,11,1,1311,65129010,NFX,NEWFIELD EXPLORATION CO,,NFX,211111,N,A,R,30044,0,1,1382,65129010,,,,,,,,,13.000,138.000,,,,,,,,,,,,,,,41.815,42.740,41.930,2095218.000,-0.007574,41.930,41.940,198604.000,1.000,1.000,42.500,,-0.007574,-0.004,-0.004,-0.008,-0.008,-0.003
79915,2016/10/28,,11,1,1311,65129010,NFX,NEWFIELD EXPLORATION CO,,NFX,211111,N,A,R,30044,0,1,1382,65129010,,,,,,,,,13.000,138.000,,,,,,,,,,,,,,,41.110,42.800,41.390,2540562.000,-0.012879,41.390,41.400,198604.000,1.000,1.000,41.890,,-0.012879,-0.003,-0.003,-0.004,-0.004,-0.003
79915,2016/10/31,,11,1,1311,65129010,NFX,NEWFIELD EXPLORATION CO,,NFX,211111,N,A,R,30044,0,1,1382,65129010,,,,,,,,0.000,13.000,138.000,,,,,,,,,,,,,,,40.330,41.230,40.590,2875200.000,-0.019328,40.590,40.600,198604.000,1.000,1.000,41.150,,-0.019328,0.000,0.000,-0.001,-0.001,-0.000
79915,2016/11/01,,11,1,1311,65129010,NFX,NEWFIELD EXPLORATION CO,,NFX,211111,N,A,R,30044,0,1,1382,65129010,,,,,,,,,13.000,138.000,,,,,,,,,,,,,,,39.910,41.585,40.490,3743618.000,-0.002464,40.490,40.510,198604.000,1.000,1.000,40.990,,-0.002464,-0.007,-0.007,-0.007,-0.008,-0.007
79915,2016/11/02,,11,1,1311,65129010,NFX,NEWFIELD EXPLORATION CO,,NFX,211111,N,A,R,30044,0,1,1382,65129010,,,,,,,,,13.000,138.000,,,,,,,,,,,,,,,38.615,41.300,39.320,6171530.000,-0.028896,39.320,39.330,198604.000,1.000,1.000,40.850,,-0.028896,-0.008,-0.008,-0.011,-0.011,-0.007
79915,2016/11/03,,11,1,1311,65129010,NFX,NEWFIELD EXPLORATION CO,,NFX,211111,N,A,R,30044,0,1,1382,65129010,,,,,,,,,13.000,138.000,,,,,,,,,,,,,,,38.760,40.035,39.100,3707922.000,-0.005595,39.090,39.100,198604.000,1.000,1.000,39.580,,-0.005595,-0.004,-0.004,-0.007,-0.007,-0.004
79915,2016/11/04,,11,1,1311,65129010,NFX,NEWFIELD EXPLORATION CO,,NFX,211111,N,A,R,30044,0,1,1382,65129010,,,,,,,,,13.000,138.000,,,,,,,,,,,,,,,37.800,39.220,37.840,4696711.000,-0.032225,37.830,37.840,198604.000,1.000,1.000,38.960,,-0.032225,-0.001,-0.001,0.001,0.001,-0.002
79915,2016/11/07,,11,1,1311,65129010,NFX,NEWFIELD EXPLORATION CO,,NFX,211111,N,A,R,30044,0,1,1382,65129010,,,,,,,,,13.000,138.000,,,,,,,,,,,,,,,37.900,38.890,38.210,4752183.000,0.009778,38.200,38.210,198604.000,1.000,1.000,38.660,,0.009778,0.021,0.021,0.016,0.016,0.022
79915,2016/11/08,,11,1,1311,65129010,NFX,NEWFIELD EXPLORATION CO,,NFX,211111,N,A,R,30044,0,1,1382,65129010,,,,,,,,,13.000,138.000,,,,,,,,,,,,,,,37.370,38.170,37.840,5075623.000,-0.009683,37.830,37.840,198604.000,1.000,1.000,37.990,,-0.009683,0.004,0.004,0.003,0.003,0.004
79915,2016/11/09,,11,1,1311,65129010,NFX,NEWFIELD EXPLORATION CO,,NFX,211111,N,A,R,30044,0,1,1382,65129010,,,,,,,,,13.000,138.000,,,,,,,,,,,,,,,37.590,39.270,38.770,3225174.000,0.024577,38.760,38.770,198604.000,1.000,1.000,37.730,,0.024577,0.012,0.012,0.016,0.016,0.011
79915,2016/11/10,,11,1,1311,65129010,NFX,NEWFIELD EXPLORATION CO,,NFX,211111,N,A,R,30044,0,1,1382,65129010,,,,,,,,,13.000,138.000,,,,,,,,,,,,,,,38.740,40.150,38.840,4948513.000,0.001806,38.820,38.830,198604.000,1.000,1.000,38.950,,0.001806,0.002,0.002,0.006,0.006,0.002
79915,2016/11/11,,11,1,1311,65129010,NFX,NEWFIELD EXPLORATION CO,,NFX,211111,N,A,R,30044,0,1,1382,65129010,,,,,,,,,13.000,138.000,,,,,,,,,,,,,,,37.170,38.785,37.830,2259907.000,-0.026004,37.820,37.830,198604.000,1.000,1.000,38.440,,-0.026004,0.000,0.000,0.009,0.009,-0.001
79915,2016/11/14,,11,1,1311,65129010,NFX,NEWFIELD EXPLORATION CO,,NFX,211111,N,A,R,30044,0,1,1382,65129010,,,,,,,,,13.000,138.000,,,,,,,,,,,,,,,37.320,38.590,38.560,2738149.000,0.019297,38.560,38.570,198604.000,1.000,1.000,37.610,,0.019297,0.002,0.002,0.006,0.006,-0.000
79915,2016/11/15,,11,1,1311,65129010,NFX,NEWFIELD EXPLORATION CO,,NFX,211111,N,A,R,30044,0,1,1382,65129010,,,,,,,,,13.000,138.000,,,,,,,,,,,,,,,39.120,40.450,40.400,3385156.000,0.047718,40.390,40.400,198604.000,1.000,1.000,39.320,,0.047718,0.008,0.008,0.008,0.008,0.007
79915,2016/11/16,,11,1,1311,65129010,NFX,NEWFIELD EXPLORATION CO,,NFX,211111,N,A,R,30044,0,1,1382,65129010,,,,,,,,,13.000,138.000,,,,,,,,,,,,,,,39.600,40.540,40.030,1680616.000,-0.009158,40.030,40.040,198604.000,1.000,1.000,40.350,,-0.009158,-0.002,-0.002,0.002,0.002,-0.002
79915,2016/11/17,,11,1,1311,65129010,NFX,NEWFIELD EXPLORATION CO,,NFX,211111,N,A,R,30044,0,1,1382,65129010,,,,,,,,,13.000,138.000,,,,,,,,,,,,,,,39.640,41.300,39.800,2141743.000,-0.005746,39.800,39.810,198604.000,1.000,1.000,40.680,,-0.005746,0.005,0.005,0.003,0.003,0.005
79915,2016/11/18,,11,1,1311,65129010,NFX,NEWFIELD EXPLORATION CO,,NFX,211111,N,A,R,30044,0,1,1382,65129010,,,,,,,,,13.000,138.000,,,,,,,,,,,,,,,39.590,40.750,40.170,2833482.000,0.009296,40.170,40.190,198604.000,1.000,1.000,39.970,,0.009296,-0.001,-0.001,0.001,0.001,-0.002
79915,2016/11/21,,11,1,1311,65129010,NFX,NEWFIELD EXPLORATION CO,,NFX,211111,N,A,R,30044,0,1,1382,65129010,,,,,,,,,13.000,138.000,,,,,,,,,,,,,,,41.400,42.225,41.920,2136692.000,0.043565,41.910,41.920,198604.000,1.000,1.000,41.400,,0.043565,0.008,0.008,0.007,0.006,0.007
79915,2016/11/22,,11,1,1311,65129010,NFX,NEWFIELD EXPLORATION CO,,NFX,211111,N,A,R,30044,0,1,1382,65129010,,,,,,,,,13.000,138.000,,,,,,,,,,,,,,,40.400,42.280,41.410,2352268.000,-0.012166,41.400,41.410,198604.000,1.000,1.000,42.260,,-0.012166,0.003,0.003,0.004,0.004,0.002
79915,2016/11/23,,11,1,1311,65129010,NFX,NEWFIELD EXPLORATION CO,,NFX,211111,N,A,R,30044,0,1,1382,65129010,,,,,,,,,13.000,138.000,,,,,,,,,,,,,,,40.870,42.040,42.020,2122225.000,0.014731,42.010,42.020,198604.000,1.000,1.000,41.040,,0.014731,0.001,0.001,0.002,0.002,0.001
79915,2016/11/25,,11,1,1311,65129010,NFX,NEWFIELD EXPLORATION CO,,NFX,211111,N,A,R,30044,0,1,1382,65129010,,,,,,,,,13.000,138.000,,,,,,,,,,,,,,,41.020,41.860,41.270,1008509.000,-0.017849,41.250,41.260,198604.000,1.000,1.000,41.610,,-0.017849,0.004,0.004,0.004,0.004,0.004
79915,2016/11/28,,11,1,1311,65129010,NFX,NEWFIELD EXPLORATION CO,,NFX,211111,N,A,R,30044,0,1,1382,65129010,,,,,,,,,13.000,138.000,,,,,,,,,,,,,,,39.760,41.780,39.830,2321285.000,-0.034892,39.830,39.840,198604.000,1.000,1.000,41.680,,-0.034892,-0.006,-0.006,-0.006,-0.006,-0.005
79915,2016/11/29,,11,1,1311,65129010,NFX,NEWFIELD EXPLORATION CO,,NFX,211111,N,A,R,30044,0,1,1382,65129010,,,,,,,,,13.000,138.000,,,,,,,,,,,,,,,38.520,39.860,39.100,3916762.000,-0.018328,39.110,39.120,198604.000,1.000,1.000,38.840,,-0.018328,0.001,0.001,-0.002,-0.002,0.001
79915,2016/11/30,,11,1,1311,65129010,NFX,NEWFIELD EXPLORATION CO,,NFX,211111,N,A,R,30044,0,1,1382,65129010,,,,,,,,0.000,13.000,138.000,,,,,,,,,,,,,,,41.710,45.870,45.220,6983964.000,0.156522,45.210,45.220,198885.000,1.000,1.000,41.730,,0.156522,-0.002,-0.002,-0.001,-0.001,-0.003
79915,2016/12/01,,11,1,1311,65129010,NFX,NEWFIELD EXPLORATION CO,,NFX,211111,N,A,R,30044,0,1,1382,65129010,,,,,,,,,13.000,138.000,,,,,,,,,,,,,,,45.590,47.320,46.110,4224482.000,0.019682,46.100,46.110,198885.000,1.000,1.000,46.540,,0.019682,-0.004,-0.004,-0.006,-0.006,-0.004
79915,2016/12/02,,11,1,1311,65129010,NFX,NEWFIELD EXPLORATION CO,,NFX,211111,N,A,R,30044,0,1,1382,65129010,,,,,,,,,13.000,138.000,,,,,,,,,,,,,,,45.550,46.950,45.950,2605466.000,-0.003470,45.950,45.960,198885.000,1.000,1.000,45.740,,-0.003470,0.001,0.001,0.002,0.002,0.000
79915,2016/12/05,,11,1,1311,65129010,NFX,NEWFIELD EXPLORATION CO,,NFX,211111,N,A,R,30044,0,1,1382,65129010,,,,,,,,,13.000,138.000,,,,,,,,,,,,,,,45.550,46.730,45.630,1930604.000,-0.006964,45.630,45.640,198885.000,1.000,1.000,46.570,,-0.006964,0.007,0.007,0.011,0.011,0.006
79915,2016/12/06,,11,1,1311,65129010,NFX,NEWFIELD EXPLORATION CO,,NFX,211111,N,A,R,30044,0,1,1382,65129010,,,,,,,,,13.000,138.000,,,,,,,,,,,,,,,44.630,47.340,47.180,3418247.000,0.033969,47.180,47.190,198885.000,1.000,1.000,45.040,,0.033969,0.005,0.005,0.007,0.007,0.003
79915,2016/12/07,,11,1,1311,65129010,NFX,NEWFIELD EXPLORATION CO,,NFX,211111,N,A,R,30044,0,1,1382,65129010,,,,,,,,,13.000,138.000,,,,,,,,,,,,,,,46.350,47.450,46.960,2821369.000,-0.004663,46.950,46.960,198885.000,1.000,1.000,46.750,,-0.004663,0.012,0.012,0.008,0.008,0.013
79915,2016/12/08,,11,1,1311,65129010,NFX,NEWFIELD EXPLORATION CO,,NFX,211111,N,A,R,30044,0,1,1382,65129010,,,,,,,,,13.000,138.000,,,,,,,,,,,,,,,46.270,47.780,47.650,1573659.000,0.014693,47.640,47.650,198885.000,1.000,1.000,47.360,,0.014693,0.004,0.004,0.008,0.008,0.002
79915,2016/12/09,,11,1,1311,65129010,NFX,NEWFIELD EXPLORATION CO,,NFX,211111,N,A,R,30044,0,1,1382,65129010,,,,,,,,,13.000,138.000,,,,,,,,,,,,,,,47.360,48.300,47.820,1939880.000,0.003568,47.810,47.820,198885.000,1.000,1.000,47.930,,0.003568,0.004,0.004,0.002,0.002,0.006
79915,2016/12/12,,11,1,1311,65129010,NFX,NEWFIELD EXPLORATION CO,,NFX,211111,N,A,R,30044,0,1,1382,65129010,,,,,,,,,13.000,138.000,,,,,,,,,,,,,,,46.450,50.000,46.620,3903889.000,-0.025094,46.690,46.700,198885.000,1.000,1.000,49.580,,-0.025094,-0.002,-0.002,-0.006,-0.006,-0.001
79915,2016/12/13,,11,1,1311,65129010,NFX,NEWFIELD EXPLORATION CO,,NFX,211111,N,A,R,30044,0,1,1382,65129010,,,,,,,,,13.000,138.000,,,,,,,,,,,,,,,45.790,47.960,47.880,2586303.000,0.027027,47.870,47.880,198885.000,1.000,1.000,47.000,,0.027027,0.006,0.006,0.002,0.002,0.007
79915,2016/12/14,,11,1,1311,65129010,NFX,NEWFIELD EXPLORATION CO,,NFX,211111,N,A,R,30044,0,1,1382,65129010,,,,,,,,,13.000,138.000,,,,,,,,,,,,,,,45.810,47.340,45.880,1969613.000,-0.041771,45.870,45.880,198885.000,1.000,1.000,47.000,,-0.041771,-0.010,-0.010,-0.011,-0.011,-0.008
79915,2016/12/15,,11,1,1311,65129010,NFX,NEWFIELD EXPLORATION CO,,NFX,211111,N,A,R,30044,0,1,1382,65129010,,,,,,,,,13.000,138.000,,,,,,,,,,,,,,,44.580,45.310,45.120,3481211.000,-0.016565,45.100,45.120,198885.000,1.000,1.000,45.060,,-0.016565,0.004,0.004,0.002,0.002,0.004
79915,2016/12/16,,11,1,1311,65129010,NFX,NEWFIELD EXPLORATION CO,,NFX,211111,N,A,R,30044,0,1,1382,65129010,,,,,,,,,13.000,138.000,,,,,,,,,,,,,,,44.011,45.530,45.080,5362321.000,-0.000886,45.080,45.100,198885.000,1.000,1.000,45.320,,-0.000886,-0.001,-0.001,0.001,0.001,-0.002
79915,2016/12/19,2018/12/31,11,1,1382,65129010,NFX,NEWFIELD EXPLORATION CO,,NFX,211111,N,A,R,30044,0,1,1382,65129010,,,,,,,,2.000,13.000,138.000,,,,,,,,,,,,,,,44.430,45.210,45.000,1734500.000,-0.001775,44.990,45.000,198885.000,1.000,1.000,45.080,,-0.001775,0.002,0.002,0.003,0.003,0.002
79915,2016/12/20,,11,1,1382,65129010,NFX,NEWFIELD EXPLORATION CO,,NFX,211111,N,A,R,30044,0,1,1382,65129010,,,,,,,,,13.000,138.000,,,,,,,,,,,,,,,43.630,45.170,43.750,2263944.000,-0.027778,43.750,43.760,198885.000,1.000,1.000,45.170,,-0.027778,0.004,0.004,0.004,0.004,0.004
79915,2016/12/21,,11,1,1382,65129010,NFX,NEWFIELD EXPLORATION CO,,NFX,211111,N,A,R,30044,0,1,1382,65129010,,,,,,,,,13.000,138.000,,,,,,,,,,,,,,,43.160,44.210,43.480,2331852.000,-0.006171,43.480,43.490,198885.000,1.000,1.000,44.100,,-0.006171,-0.002,-0.003,-0.002,-0.003,-0.002
79915,2016/12/22,,11,1,1382,65129010,NFX,NEWFIELD EXPLORATION CO,,NFX,211111,N,A,R,30044,0,1,1382,65129010,,,,,,,,,13.000,138.000,,,,,,,,,,,,,,,42.470,43.800,42.500,2810138.000,-0.022539,42.500,42.510,198885.000,1.000,1.000,43.510,,-0.022539,-0.003,-0.003,-0.005,-0.005,-0.002
79915,2016/12/23,,11,1,1382,65129010,NFX,NEWFIELD EXPLORATION CO,,NFX,211111,N,A,R,30044,0,1,1382,65129010,,,,,,,,,13.000,138.000,,,,,,,,,,,,,,,42.110,42.710,42.400,1962750.000,-0.002353,42.370,42.380,198885.000,1.000,1.000,42.300,,-0.002353,0.002,0.002,0.005,0.005,0.001
79915,2016/12/27,,11,1,1382,65129010,NFX,NEWFIELD EXPLORATION CO,,NFX,211111,N,A,R,30044,0,1,1382,65129010,,,,,,,,,13.000,138.000,,,,,,,,,,,,,,,42.000,42.680,42.270,1486564.000,-0.003066,42.250,42.270,198885.000,1.000,1.000,42.660,,-0.003066,0.003,0.003,0.003,0.003,0.002
79915,2016/12/28,,11,1,1382,65129010,NFX,NEWFIELD EXPLORATION CO,,NFX,211111,N,A,R,30044,0,1,1382,65129010,,,,,,,,,13.000,138.000,,,,,,,,,,,,,,,41.550,42.470,41.660,1369407.000,-0.014431,41.650,41.660,198885.000,1.000,1.000,42.390,,-0.014431,-0.008,-0.008,-0.007,-0.008,-0.008
79915,2016/12/29,,11,1,1382,65129010,NFX,NEWFIELD EXPLORATION CO,,NFX,211111,N,A,R,30044,0,1,1382,65129010,,,,,,,,,13.000,138.000,,,,,,,,,,,,,,,40.955,41.700,41.240,1915957.000,-0.010082,41.230,41.240,198885.000,1.000,1.000,41.510,,-0.010082,0.001,0.001,0.001,0.001,-0.000
79915,2016/12/30,,11,1,1382,65129010,NFX,NEWFIELD EXPLORATION CO,,NFX,211111,N,A,R,30044,0,1,1382,65129010,,,,,,,,0.000,13.000,138.000,,,,,,,,,,,,,,,40.000,41.420,40.500,3276171.000,-0.017944,40.500,40.510,198885.000,1.000,1.000,41.200,,-0.017944,-0.004,-0.004,-0.002,-0.002,-0.005
79915,2017/01/03,,11,1,1382,65129010,NFX,NEWFIELD EXPLORATION CO,,NFX,211111,N,A,R,30044,0,1,1382,65129010,,,,,,,,,13.000,138.000,,,,,,,,,,,,,,,41.040,42.250,42.160,3974706.000,0.040988,42.140,42.160,198885.000,1.000,1.000,41.450,,0.040988,0.008,0.008,0.009,0.009,0.008
79915,2017/01/04,,11,1,1382,65129010,NFX,NEWFIELD EXPLORATION CO,,NFX,211111,N,A,R,30044,0,1,1382,65129010,,,,,,,,,13.000,138.000,,,,,,,,,,,,,,,41.760,43.100,42.490,3092206.000,0.007827,42.490,42.500,198885.000,1.000,1.000,41.960,,0.007827,0.009,0.008,0.013,0.013,0.006
79915,2017/01/05,,11,1,1382,65129010,NFX,NEWFIELD EXPLORATION CO,,NFX,211111,N,A,R,30044,0,1,1382,65129010,,,,,,,,,13.000,138.000,,,,,,,,,,,,,,,41.890,43.090,42.980,2563015.000,0.011532,42.980,42.990,198885.000,1.000,1.000,42.750,,0.011532,-0.001,-0.001,-0.001,-0.001,-0.001
79915,2017/01/06,,11,1,1382,65129010,NFX,NEWFIELD EXPLORATION CO,,NFX,211111,N,A,R,30044,0,1,1382,65129010,,,,,,,,,13.000,138.000,,,,,,,,,,,,,,,42.870,43.640,42.970,2070422.000,-0.000233,42.970,42.980,198885.000,1.000,1.000,43.070,,-0.000233,0.002,0.002,-0.001,-0.001,0.004
79915,2017/01/09,,11,1,1382,65129010,NFX,NEWFIELD EXPLORATION CO,,NFX,211111,N,A,R,30044,0,1,1382,65129010,,,,,,,,,13.000,138.000,,,,,,,,,,,,,,,41.790,42.740,42.320,2141831.000,-0.015127,42.320,42.330,198885.000,1.000,1.000,42.490,,-0.015127,-0.004,-0.004,-0.003,-0.003,-0.004
79915,2017/01/10,,11,1,1382,65129010,NFX,NEWFIELD EXPLORATION CO,,NFX,211111,N,A,R,30044,0,1,1382,65129010,,,,,,,,,13.000,138.000,,,,,,,,,,,,,,,41.450,42.450,41.610,2203369.000,-0.016777,41.610,41.620,198885.000,1.000,1.000,42.400,,-0.016777,0.001,0.001,0.006,0.006,0.000
79915,2017/01/11,,11,1,1382,65129010,NFX,NEWFIELD EXPLORATION CO,,NFX,211111,N,A,R,30044,0,1,1382,65129010,,,,,,,,,13.000,138.000,,,,,,,,,,,,,,,41.460,42.300,42.150,1748583.000,0.012978,42.140,42.150,198885.000,1.000,1.000,41.870,,0.012978,0.003,0.003,0.003,0.003,0.003
79915,2017/01/12,,11,1,1382,65129010,NFX,NEWFIELD EXPLORATION CO,,NFX,211111,N,A,R,30044,0,1,1382,65129010,,,,,,,,,13.000,138.000,,,,,,,,,,,,,,,42.190,43.100,42.500,1596809.000,0.008304,42.510,42.520,198885.000,1.000,1.000,42.650,,0.008304,-0.003,-0.003,-0.003,-0.003,-0.002
79915,2017/01/13,,11,1,1382,65129010,NFX,NEWFIELD EXPLORATION CO,,NFX,211111,N,A,R,30044,0,1,1382,65129010,,,,,,,,,13.000,138.000,,,,,,,,,,,,,,,41.635,42.240,41.900,1570744.000,-0.014118,41.890,41.900,198885.000,1.000,1.000,42.240,,-0.014118,0.003,0.003,0.005,0.005,0.002
79915,2017/01/17,,11,1,1382,65129010,NFX,NEWFIELD EXPLORATION CO,,NFX,211111,N,A,R,30044,0,1,1382,65129010,,,,,,,,,13.000,138.000,,,,,,,,,,,,,,,42.020,43.000,42.110,1651026.000,0.005012,42.110,42.120,198885.000,1.000,1.000,42.570,,0.005012,-0.004,-0.004,-0.005,-0.005,-0.003
79915,2017/01/18,,11,1,1382,65129010,NFX,NEWFIELD EXPLORATION CO,,NFX,211111,N,A,R,30044,0,1,1382,65129010,,,,,,,,,13.000,138.000,,,,,,,,,,,,,,,41.320,42.110,41.670,1688365.000,-0.010449,41.670,41.680,198885.000,1.000,1.000,41.630,,-0.010449,0.001,0.001,0.000,0.000,0.002
79915,2017/01/19,,11,1,1382,65129010,NFX,NEWFIELD EXPLORATION CO,,NFX,211111,N,A,R,30044,0,1,1382,65129010,,,,,,,,,13.000,138.000,,,,,,,,,,,,,,,41.310,42.090,41.620,1379523.000,-0.001200,41.610,41.620,198885.000,1.000,1.000,41.770,,-0.001200,-0.004,-0.004,-0.005,-0.005,-0.004
79915,2017/01/20,,11,1,1382,65129010,NFX,NEWFIELD EXPLORATION CO,,NFX,211111,N,A,R,30044,0,1,1382,65129010,,,,,,,,,13.000,138.000,,,,,,,,,,,,,,,41.640,42.770,41.820,1430835.000,0.004805,41.810,41.820,198885.000,1.000,1.000,42.120,,0.004805,0.004,0.004,0.004,0.004,0.003
79915,2017/01/23,,11,1,1382,65129010,NFX,NEWFIELD EXPLORATION CO,,NFX,211111,N,A,R,30044,0,1,1382,65129010,,,,,,,,,13.000,138.000,,,,,,,,,,,,,,,40.870,41.544,41.160,1609234.000,-0.015782,41.160,41.170,198885.000,1.000,1.000,41.350,,-0.015782,-0.002,-0.002,-0.002,-0.002,-0.003
79915,2017/01/24,,11,1,1382,65129010,NFX,NEWFIELD EXPLORATION CO,,NFX,211111,N,A,R,30044,0,1,1382,65129010,,,,,,,,,13.000,138.000,,,,,,,,,,,,,,,41.110,42.630,42.420,2054590.000,0.030612,42.410,42.420,198885.000,1.000,1.000,41.610,,0.030612,0.008,0.008,0.010,0.010,0.007
79915,2017/01/25,,11,1,1382,65129010,NFX,NEWFIELD EXPLORATION CO,,NFX,211111,N,A,R,30044,0,1,1382,65129010,,,,,,,,,13.000,138.000,,,,,,,,,,,,,,,42.260,42.905,42.500,1613530.000,0.001886,42.480,42.490,198885.000,1.000,1.000,42.450,,0.001886,0.008,0.008,0.008,0.008,0.008
79915,2017/01/26,,11,1,1382,65129010,NFX,NEWFIELD EXPLORATION CO,,NFX,211111,N,A,R,30044,0,1,1382,65129010,,,,,,,,,13.000,138.000,,,,,,,,,,,,,,,42.000,43.010,42.160,1889119.000,-0.008000,42.150,42.160,198885.000,1.000,1.000,42.690,,-0.008000,-0.001,-0.001,-0.003,-0.003,-0.001
79915,2017/01/27,,11,1,1382,65129010,NFX,NEWFIELD EXPLORATION CO,,NFX,211111,N,A,R,30044,0,1,1382,65129010,,,,,,,,,13.000,138.000,,,,,,,,,,,,,,,41.440,42.145,41.780,1078320.000,-0.009013,41.750,41.760,198885.000,1.000,1.000,41.890,,-0.009013,-0.002,-0.002,-0.001,-0.001,-0.001
79915,2017/01/30,,11,1,1382,65129010,NFX,NEWFIELD EXPLORATION CO,,NFX,211111,N,A,R,30044,0,1,1382,65129010,,,,,,,,,13.000,138.000,,,,,,,,,,,,,,,39.780,41.630,40.120,2100961.000,-0.039732,40.120,40.130,198885.000,1.000,1.000,41.630,,-0.039732,-0.007,-0.007,-0.010,-0.010,-0.006
79915,2017/01/31,,11,1,1382,65129010,NFX,NEWFIELD EXPLORATION CO,,NFX,211111,N,A,R,30044,0,1,1382,65129010,,,,,,,,0.000,13.000,138.000,,,,,,,,,,,,,,,39.476,40.200,40.080,1867212.000,-0.000997,40.080,40.090,198885.000,1.000,1.000,40.070,,-0.000997,0.001,0.001,0.004,0.004,-0.001
79915,2017/02/01,,11,1,1382,65129010,NFX,NEWFIELD EXPLORATION CO,,NFX,211111,N,A,R,30044,0,1,1382,65129010,,,,,,,,,13.000,138.000,,,,,,,,,,,,,,,39.310,40.500,39.890,1770275.000,-0.004741,39.880,39.890,198885.000,1.000,1.000,40.440,,-0.004741,0.000,0.000,0.001,0.001,0.000
79915,2017/02/02,,11,1,1382,65129010,NFX,NEWFIELD EXPLORATION CO,,NFX,211111,N,A,R,30044,0,1,1382,65129010,,,,,,,,,13.000,138.000,,,,,,,,,,,,,,,39.260,40.670,40.510,1775580.000,0.015543,40.500,40.510,198885.000,1.000,1.000,39.900,,0.015543,0.001,0.001,0.001,0.001,0.001
79915,2017/02/03,,11,1,1382,65129010,NFX,NEWFIELD EXPLORATION CO,,NFX,211111,N,A,R,30044,0,1,1382,65129010,,,,,,,,,13.000,138.000,,,,,,,,,,,,,,,40.460,41.840,41.630,2926772.000,0.027648,41.620,41.630,198885.000,1.000,1.000,40.460,,0.027648,0.008,0.008,0.008,0.008,0.007
79915,2017/02/06,,11,1,1382,65129010,NFX,NEWFIELD EXPLORATION CO,,NFX,211111,N,A,R,30044,0,1,1382,65129010,,,,,,,,,13.000,138.000,,,,,,,,,,,,,,,40.500,41.770,40.710,2964035.000,-0.022099,40.700,40.710,198885.000,1.000,1.000,41.680,,-0.022099,-0.003,-0.003,-0.003,-0.003,-0.002
79915,2017/02/07,,11,1,1382,65129010,NFX,NEWFIELD EXPLORATION CO,,NFX,211111,N,A,R,30044,0,1,1382,65129010,,,,,,,,,13.000,138.000,,,,,,,,,,,,,,,38.880,40.260,39.020,2541701.000,-0.041513,39.000,39.010,198885.000,1.000,1.000,40.190,,-0.041513,-0.001,-0.001,-0.002,-0.002,0.000
79915,2017/02/08,,11,1,1382,65129010,NFX,NEWFIELD EXPLORATION CO,,NFX,211111,N,A,R,30044,0,1,1382,65129010,,,,,,,,,13.000,138.000,,,,,,,,,,,,,,,37.950,39.800,39.560,2160115.000,0.013839,39.560,39.570,198885.000,1.000,1.000,38.560,,0.013839,0.001,0.001,0.000,-0.000,0.001
79915,2017/02/09,,11,1,1382,65129010,NFX,NEWFIELD EXPLORATION CO,,NFX,211111,N,A,R,30044,0,1,1382,65129010,,,,,,,,,13.000,138.000,,,,,,,,,,,,,,,40.050,40.975,40.910,2034776.000,0.034125,40.900,40.910,198885.000,1.000,1.000,40.080,,0.034125,0.006,0.006,0.008,0.008,0.006
79915,2017/02/10,,11,1,1382,65129010,NFX,NEWFIELD EXPLORATION CO,,NFX,211111,N,A,R,30044,0,1,1382,65129010,,,,,,,,,13.000,138.000,,,,,,,,,,,,,,,41.499,42.220,41.770,1954515.000,0.021022,41.760,41.770,198885.000,1.000,1.000,41.520,,0.021022,0.004,0.004,0.006,0.006,0.004
79915,2017/02/13,,11,1,1382,65129010,NFX,NEWFIELD EXPLORATION CO,,NFX,211111,N,A,R,30044,0,1,1382,65129010,,,,,,,,,13.000,138.000,,,,,,,,,,,,,,,41.420,42.140,42.000,2009178.000,0.005506,41.970,41.980,198885.000,1.000,1.000,41.620,,0.005506,0.005,0.004,0.003,0.003,0.005
79915,2017/02/14,,11,1,1382,65129010,NFX,NEWFIELD EXPLORATION CO,,NFX,211111,N,A,R,30044,0,1,1382,65129010,,,,,,,,,13.000,138.000,,,,,,,,,,,,,,,41.870,43.740,43.670,3397366.000,0.039762,43.660,43.670,198885.000,1.000,1.000,42.330,,0.039762,0.004,0.004,0.002,0.002,0.004
79915,2017/02/15,,11,1,1382,65129010,NFX,NEWFIELD EXPLORATION CO,,NFX,211111,N,A,R,30044,0,1,1382,65129010,,,,,,,,,13.000,138.000,,,,,,,,,,,,,,,42.810,43.560,43.170,1963409.000,-0.011450,43.160,43.170,198885.000,1.000,1.000,43.310,,-0.011450,0.005,0.005,0.004,0.004,0.005
79915,2017/02/16,,11,1,1382,65129010,NFX,NEWFIELD EXPLORATION CO,,NFX,211111,N,A,R,30044,0,1,1382,65129010,,,,,,,,,13.000,138.000,,,,,,,,,,,,,,,42.100,43.310,42.140,1684660.000,-0.023859,42.140,42.150,198885.000,1.000,1.000,43.310,,-0.023859,-0.001,-0.001,-0.002,-0.002,-0.001
79915,2017/02/17,,11,1,1382,65129010,NFX,NEWFIELD EXPLORATION CO,,NFX,211111,N,A,R,30044,0,1,1382,65129010,,,,,,,,,13.000,138.000,,,,,,,,,,,,,,,41.760,42.640,41.820,1966959.000,-0.007594,41.810,41.820,198885.000,1.000,1.000,41.950,,-0.007594,0.002,0.002,0.001,0.001,0.002
79915,2017/02/21,,11,1,1382,65129010,NFX,NEWFIELD EXPLORATION CO,,NFX,211111,N,A,R,30044,0,1,1382,65129010,,,,,,,,,13.000,138.000,,,,,,,,,,,,,,,42.180,42.930,42.490,2874036.000,0.016021,42.480,42.490,198885.000,1.000,1.000,42.350,,0.016021,0.006,0.006,0.004,0.004,0.006
79915,2017/02/22,,11,1,1382,65129010,NFX,NEWFIELD EXPLORATION CO,,NFX,211111,N,A,R,30044,0,1,1382,65129010,,,,,,,,,13.000,138.000,,,,,,,,,,,,,,,38.010,40.820,39.070,12555337.000,-0.080490,39.030,39.040,198885.000,1.000,1.000,39.110,,-0.080490,-0.002,-0.002,-0.004,-0.004,-0.001
79915,2017/02/23,,11,1,1382,65129010,NFX,NEWFIELD EXPLORATION CO,,NFX,211111,N,A,R,30044,0,1,1382,65129010,,,,,,,,,13.000,138.000,,,,,,,,,,,,,,,37.400,39.961,37.840,5961583.000,-0.031482,37.830,37.840,198885.000,1.000,1.000,39.760,,-0.031482,-0.001,-0.001,-0.004,-0.004,0.000
79915,2017/02/24,,11,1,1382,65129010,NFX,NEWFIELD EXPLORATION CO,,NFX,211111,N,A,R,30044,0,1,1382,65129010,,,,,,,,,13.000,138.000,,,,,,,,,,,,,,,36.470,37.890,36.740,4269860.000,-0.029070,36.720,36.730,198885.000,1.000,1.000,37.410,,-0.029070,0.000,0.000,-0.002,-0.002,0.001
79915,2017/02/27,,11,1,1382,65129010,NFX,NEWFIELD EXPLORATION CO,,NFX,211111,N,A,R,30044,0,1,1382,65129010,,,,,,,,,13.000,138.000,,,,,,,,,,,,,,,36.720,37.350,36.790,3353863.000,0.001361,36.780,36.790,198885.000,1.000,1.000,37.090,,0.001361,0.002,0.002,0.006,0.005,0.001
79915,2017/02/28,,11,1,1382,65129010,NFX,NEWFIELD EXPLORATION CO,,NFX,211111,N,A,R,30044,0,1,1382,65129010,,,,,,,,0.000,13.000,138.000,,,,,,,,,,,,,,,36.185,36.910,36.460,3560338.000,-0.008970,36.460,36.470,198963.000,1.000,1.000,36.450,,-0.008970,-0.005,-0.005,-0.009,-0.009,-0.003
79915,2017/03/01,,11,1,1382,65129010,NFX,NEWFIELD EXPLORATION CO,,NFX,211111,N,A,R,30044,0,1,1382,65129010,,,,,,,,,13.000,138.000,,,,,,,,,,,,,,,36.180,37.160,36.740,5567418.000,0.007680,36.730,36.740,198963.000,1.000,1.000,36.970,,0.007680,0.013,0.013,0.011,0.011,0.014
79915,2017/03/02,,11,1,1382,65129010,NFX,NEWFIELD EXPLORATION CO,,NFX,211111,N,A,R,30044,0,1,1382,65129010,,,,,,,,,13.000,138.000,,,,,,,,,,,,,,,36.408,37.170,36.770,3843165.000,0.000817,36.760,36.770,198963.000,1.000,1.000,36.530,,0.000817,-0.007,-0.007,-0.008,-0.008,-0.006
79915,2017/03/03,,11,1,1382,65129010,NFX,NEWFIELD EXPLORATION CO,,NFX,211111,N,A,R,30044,0,1,1382,65129010,,,,,,,,,13.000,138.000,,,,,,,,,,,,,,,36.510,37.200,36.570,1710345.000,-0.005439,36.570,36.580,198963.000,1.000,1.000,36.920,,-0.005439,0.001,0.001,0.000,0.000,0.001
79915,2017/03/06,,11,1,1382,65129010,NFX,NEWFIELD EXPLORATION CO,,NFX,211111,N,A,R,30044,0,1,1382,65129010,,,,,,,,,13.000,138.000,,,,,,,,,,,,,,,36.090,36.550,36.190,2998707.000,-0.010391,36.180,36.190,198963.000,1.000,1.000,36.550,,-0.010391,-0.004,-0.004,-0.006,-0.006,-0.003
79915,2017/03/07,,11,1,1382,65129010,NFX,NEWFIELD EXPLORATION CO,,NFX,211111,N,A,R,30044,0,1,1382,65129010,,,,,,,,,13.000,138.000,,,,,,,,,,,,,,,35.700,36.750,35.860,4318126.000,-0.009118,35.850,35.860,198963.000,1.000,1.000,36.440,,-0.009118,-0.003,-0.003,-0.005,-0.005,-0.003
79915,2017/03/08,,11,1,1382,65129010,NFX,NEWFIELD EXPLORATION CO,,NFX,211111,N,A,R,30044,0,1,1382,65129010,,,,,,,,,13.000,138.000,,,,,,,,,,,,,,,33.890,35.950,33.920,5523308.000,-0.054099,33.920,33.930,198963.000,1.000,1.000,35.590,,-0.054099,-0.003,-0.004,-0.004,-0.004,-0.002
79915,2017/03/09,,11,1,1382,65129010,NFX,NEWFIELD EXPLORATION CO,,NFX,211111,N,A,R,30044,0,1,1382,65129010,,,,,,,,,13.000,138.000,,,,,,,,,,,,,,,33.480,34.670,34.570,3411216.000,0.019163,34.560,34.570,198963.000,1.000,1.000,33.720,,0.019163,-0.000,-0.000,-0.003,-0.004,0.001
79915,2017/03/10,,11,1,1382,65129010,NFX,NEWFIELD EXPLORATION CO,,NFX,211111,N,A,R,30044,0,1,1382,65129010,,,,,,,,,13.000,138.000,,,,,,,,,,,,,,,33.980,35.010,34.310,2629956.000,-0.007521,34.320,34.330,198963.000,1.000,1.000,34.920,,-0.007521,0.003,0.003,0.003,0.003,0.003
79915,2017/03/13,,11,1,1382,65129010,NFX,NEWFIELD EXPLORATION CO,,NFX,211111,N,A,R,30044,0,1,1382,65129010,,,,,,,,,13.000,138.000,,,,,,,,,,,,,,,34.140,34.780,34.510,3001391.000,0.005829,34.530,34.540,198963.000,1.000,1.000,34.320,,0.005829,0.002,0.001,0.005,0.005,0.000
79915,2017/03/14,,11,1,1382,65129010,NFX,NEWFIELD EXPLORATION CO,,NFX,211111,N,A,R,30044,0,1,1382,65129010,,,,,,,,,13.000,138.000,,,,,,,,,,,,,,,33.070,34.440,34.390,5009040.000,-0.003477,34.380,34.390,198963.000,1.000,1.000,33.880,,-0.003477,-0.004,-0.004,-0.006,-0.006,-0.003
79915,2017/03/15,,11,1,1382,65129010,NFX,NEWFIELD EXPLORATION CO,,NFX,211111,N,A,R,30044,0,1,1382,65129010,,,,,,,,,13.000,138.000,,,,,,,,,,,,,,,34.250,35.270,35.120,2855120.000,0.021227,35.120,35.130,198963.000,1.000,1.000,34.970,,0.021227,0.010,0.010,0.012,0.012,0.008
79915,2017/03/16,,11,1,1382,65129010,NFX,NEWFIELD EXPLORATION CO,,NFX,211111,N,A,R,30044,0,1,1382,65129010,,,,,,,,,13.000,138.000,,,,,,,,,,,,,,,34.610,35.600,34.880,2386549.000,-0.006834,34.870,34.880,198963.000,1.000,1.000,35.320,,-0.006834,-0.001,-0.001,0.003,0.003,-0.002
79915,2017/03/17,,11,1,1382,65129010,NFX,NEWFIELD EXPLORATION CO,,NFX,211111,N,A,R,30044,0,1,1382,65129010,,,,,,,,,13.000,138.000,,,,,,,,,,,,,,,34.340,35.260,34.480,4201087.000,-0.011468,34.480,34.490,198963.000,1.000,1.000,34.970,,-0.011468,-0.001,-0.001,0.002,0.002,-0.001
79915,2017/03/20,,11,1,1382,65129010,NFX,NEWFIELD EXPLORATION CO,,NFX,211111,N,A,R,30044,0,1,1382,65129010,,,,,,,,,13.000,138.000,,,,,,,,,,,,,,,33.650,34.595,34.510,3267198.000,0.000870,34.500,34.510,198963.000,1.000,1.000,34.110,,0.000870,-0.002,-0.002,-0.002,-0.002,-0.002
79915,2017/03/21,,11,1,1382,65129010,NFX,NEWFIELD EXPLORATION CO,,NFX,211111,N,A,R,30044,0,1,1382,65129010,,,,,,,,,13.000,138.000,,,,,,,,,,,,,,,33.700,34.790,34.050,2602214.000,-0.013329,34.050,34.060,198963.000,1.000,1.000,34.670,,-0.013329,-0.014,-0.014,-0.016,-0.016,-0.012
79915,2017/03/22,,11,1,1382,65129010,NFX,NEWFIELD EXPLORATION CO,,NFX,211111,N,A,R,30044,0,1,1382,65129010,,,,,,,,,13.000,138.000,,,,,,,,,,,,,,,33.270,34.040,33.360,2601621.000,-0.020264,33.360,33.370,198963.000,1.000,1.000,33.860,,-0.020264,0.002,0.002,-0.002,-0.002,0.002
79915,2017/03/23,,11,1,1382,65129010,NFX,NEWFIELD EXPLORATION CO,,NFX,211111,N,A,R,30044,0,1,1382,65129010,,,,,,,,,13.000,138.000,,,,,,,,,,,,,,,33.120,33.750,33.500,3314474.000,0.004197,33.500,33.510,198963.000,1.000,1.000,33.260,,0.004197,0.000,0.000,0.004,0.004,-0.001
79915,2017/03/24,,11,1,1382,65129010,NFX,NEWFIELD EXPLORATION CO,,NFX,211111,N,A,R,30044,0,1,1382,65129010,,,,,,,,,13.000,138.000,,,,,,,,,,,,,,,33.160,33.760,33.500,2238858.000,0.000000,33.490,33.500,198963.000,1.000,1.000,33.720,,0.000000,-0.000,-0.000,0.001,0.001,-0.001
79915,2017/03/27,,11,1,1382,65129010,NFX,NEWFIELD EXPLORATION CO,,NFX,211111,N,A,R,30044,0,1,1382,65129010,,,,,,,,,13.000,138.000,,,,,,,,,,,,,,,33.000,34.720,34.450,4546032.000,0.028358,34.440,34.450,198963.000,1.000,1.000,33.120,,0.028358,-0.000,-0.000,0.003,0.003,-0.001
79915,2017/03/28,,11,1,1382,65129010,NFX,NEWFIELD EXPLORATION CO,,NFX,211111,N,A,R,30044,0,1,1382,65129010,,,,,,,,,13.000,138.000,,,,,,,,,,,,,,,34.620,35.850,35.740,3366181.000,0.037446,35.740,35.750,198963.000,1.000,1.000,34.620,,0.037446,0.007,0.007,0.006,0.006,0.007
79915,2017/03/29,,11,1,1382,65129010,NFX,NEWFIELD EXPLORATION CO,,NFX,211111,N,A,R,30044,0,1,1382,65129010,,,,,,,,,13.000,138.000,,,,,,,,,,,,,,,35.520,37.240,36.300,3331745.000,0.015669,36.290,36.300,198963.000,1.000,1.000,35.580,,0.015669,0.002,0.002,0.006,0.005,0.001
79915,2017/03/30,,11,1,1382,65129010,NFX,NEWFIELD EXPLORATION CO,,NFX,211111,N,A,R,30044,0,1,1382,65129010,,,,,,,,,13.000,138.000,,,,,,,,,,,,,,,36.170,37.110,36.710,5335053.000,0.011295,36.700,36.710,198963.000,1.000,1.000,36.570,,0.011295,0.003,0.003,0.003,0.003,0.003
79915,2017/03/31,,11,1,1382,65129010,NFX,NEWFIELD EXPLORATION CO,,NFX,211111,N,A,R,30044,0,1,1382,65129010,,,,,,,,0.000,13.000,138.000,,,,,,,,,,,,,,,36.200,37.220,36.910,2990475.000,0.005448,36.920,36.930,198966.000,1.000,1.000,36.290,,0.005448,-0.001,-0.001,0.002,0.002,-0.002
79915,2017/04/03,,11,1,1382,65129010,NFX,NEWFIELD EXPLORATION CO,,NFX,211111,N,A,R,30044,0,1,1382,65129010,,,,,,,,,13.000,138.000,,,,,,,,,,,,,,,36.070,36.930,36.660,2334788.000,-0.006773,36.660,36.670,198966.000,1.000,1.000,36.880,,-0.006773,-0.003,-0.003,-0.006,-0.006,-0.002
79915,2017/04/04,,11,1,1382,65129010,NFX,NEWFIELD EXPLORATION CO,,NFX,211111,N,A,R,30044,0,1,1382,65129010,,,,,,,,,13.000,138.000,,,,,,,,,,,,,,,36.320,37.150,37.140,2129898.000,0.013093,37.120,37.130,198966.000,1.000,1.000,36.830,,0.013093,0.001,0.001,-0.002,-0.002,0.001
79915,2017/04/05,,11,1,1382,65129010,NFX,NEWFIELD EXPLORATION CO,,NFX,211111,N,A,R,30044,0,1,1382,65129010,,,,,,,,,13.000,138.000,,,,,,,,,,,,,,,36.110,37.610,36.170,2764351.000,-0.026117,36.160,36.170,198966.000,1.000,1.000,37.610,,-0.026117,-0.004,-0.004,-0.007,-0.007,-0.003
79915,2017/04/06,,11,1,1382,65129010,NFX,NEWFIELD EXPLORATION CO,,NFX,211111,N,A,R,30044,0,1,1382,65129010,,,,,,,,,13.000,138.000,,,,,,,,,,,,,,,36.400,37.030,36.790,1779439.000,0.017141,36.780,36.790,198966.000,1.000,1.000,36.530,,0.017141,0.004,0.003,0.006,0.006,0.002
79915,2017/04/07,,11,1,1382,65129010,NFX,NEWFIELD EXPLORATION CO,,NFX,211111,N,A,R,30044,0,1,1382,65129010,,,,,,,,,13.000,138.000,,,,,,,,,,,,,,,36.310,37.020,36.350,2294655.000,-0.011960,36.340,36.350,198966.000,1.000,1.000,36.910,,-0.011960,-0.001,-0.001,0.000,0.000,-0.001
79915,2017/04/10,,11,1,1382,65129010,NFX,NEWFIELD EXPLORATION CO,,NFX,211111,N,A,R,30044,0,1,1382,65129010,,,,,,,,,13.000,138.000,,,,,,,,,,,,,,,36.480,36.915,36.740,1519846.000,0.010729,36.730,36.740,198966.000,1.000,1.000,36.580,,0.010729,0.001,0.001,0.002,0.002,0.001
79915,2017/04/11,,11,1,1382,65129010,NFX,NEWFIELD EXPLORATION CO,,NFX,211111,N,A,R,30044,0,1,1382,65129010,,,,,,,,,13.000,138.000,,,,,,,,,,,,,,,36.310,37.150,37.010,1554226.000,0.007349,37.000,37.010,198966.000,1.000,1.000,36.680,,0.007349,-0.000,-0.000,0.003,0.003,-0.001
79915,2017/04/12,,11,1,1382,65129010,NFX,NEWFIELD EXPLORATION CO,,NFX,211111,N,A,R,30044,0,1,1382,65129010,,,,,,,,,13.000,138.000,,,,,,,,,,,,,,,36.005,37.430,36.200,2179422.000,-0.021886,36.190,36.200,198966.000,1.000,1.000,36.940,,-0.021886,-0.005,-0.005,-0.006,-0.006,-0.004
79915,2017/04/13,,11,1,1382,65129010,NFX,NEWFIELD EXPLORATION CO,,NFX,211111,N,A,R,30044,0,1,1382,65129010,,,,,,,,,13.000,138.000,,,,,,,,,,,,,,,35.270,36.600,35.390,2433158.000,-0.022376,35.390,35.400,198966.000,1.000,1.000,36.330,,-0.022376,-0.007,-0.007,-0.006,-0.006,-0.007
79915,2017/04/17,,11,1,1382,65129010,NFX,NEWFIELD EXPLORATION CO,,NFX,211111,N,A,R,30044,0,1,1382,65129010,,,,,,,,,13.000,138.000,,,,,,,,,,,,,,,35.130,36.010,35.950,2332298.000,0.015824,35.960,35.970,198966.000,1.000,1.000,35.390,,0.015824,0.009,0.009,0.006,0.006,0.009
79915,2017/04/18,,11,1,1382,65129010,NFX,NEWFIELD EXPLORATION CO,,NFX,211111,N,A,R,30044,0,1,1382,65129010,,,,,,,,,13.000,138.000,,,,,,,,,,,,,,,35.450,36.510,35.790,2265120.000,-0.004451,35.780,35.790,198966.000,1.000,1.000,35.660,,-0.004451,-0.003,-0.003,-0.003,-0.003,-0.003
79915,2017/04/19,,11,1,1382,65129010,NFX,NEWFIELD EXPLORATION CO,,NFX,211111,N,A,R,30044,0,1,1382,65129010,,,,,,,,,13.000,138.000,,,,,,,,,,,,,,,34.410,35.990,34.550,3837739.000,-0.034647,34.540,34.550,198966.000,1.000,1.000,35.760,,-0.034647,-0.001,-0.001,0.000,0.000,-0.002
79915,2017/04/20,,11,1,1382,65129010,NFX,NEWFIELD EXPLORATION CO,,NFX,211111,N,A,R,30044,0,1,1382,65129010,,,,,,,,,13.000,138.000,,,,,,,,,,,,,,,34.590,35.335,34.900,2054469.000,0.010130,34.900,34.910,198966.000,1.000,1.000,34.680,,0.010130,0.008,0.008,0.007,0.007,0.008
79915,2017/04/21,,11,1,1382,65129010,NFX,NEWFIELD EXPLORATION CO,,NFX,211111,N,A,R,30044,0,1,1382,65129010,,,,,,,,,13.000,138.000,,,,,,,,,,,,,,,34.400,35.130,34.870,1842042.000,-0.000860,34.870,34.880,198966.000,1.000,1.000,34.760,,-0.000860,-0.003,-0.003,-0.002,-0.002,-0.003
79915,2017/04/24,,11,1,1382,65129010,NFX,NEWFIELD EXPLORATION CO,,NFX,211111,N,A,R,30044,0,1,1382,65129010,,,,,,,,,13.000,138.000,,,,,,,,,,,,,,,34.810,35.540,35.120,2041707.000,0.007169,35.120,35.130,198966.000,1.000,1.000,35.440,,0.007169,0.011,0.011,0.008,0.008,0.011
79915,2017/04/25,,11,1,1382,65129010,NFX,NEWFIELD EXPLORATION CO,,NFX,211111,N,A,R,30044,0,1,1382,65129010,,,,,,,,,13.000,138.000,,,,,,,,,,,,,,,34.930,35.925,35.880,2039389.000,0.021640,35.870,35.880,198966.000,1.000,1.000,35.170,,0.021640,0.006,0.006,0.006,0.006,0.006
79915,2017/04/26,,11,1,1382,65129010,NFX,NEWFIELD EXPLORATION CO,,NFX,211111,N,A,R,30044,0,1,1382,65129010,,,,,,,,,13.000,138.000,,,,,,,,,,,,,,,35.420,36.510,35.650,1741785.000,-0.006410,35.640,35.650,198966.000,1.000,1.000,35.530,,-0.006410,-0.000,-0.000,0.004,0.004,-0.000
79915,2017/04/27,,11,1,1382,65129010,NFX,NEWFIELD EXPLORATION CO,,NFX,211111,N,A,R,30044,0,1,1382,65129010,,,,,,,,,13.000,138.000,,,,,,,,,,,,,,,34.090,35.350,35.040,2151698.000,-0.017111,35.040,35.050,198966.000,1.000,1.000,35.260,,-0.017111,-0.000,-0.000,-0.002,-0.002,0.001
79915,2017/04/28,,11,1,1382,65129010,NFX,NEWFIELD EXPLORATION CO,,NFX,211111,N,A,R,30044,0,1,1382,65129010,,,,,,,,0.000,13.000,138.000,,,,,,,,,,,,,,,34.565,35.460,34.620,2289653.000,-0.011986,34.610,34.620,198966.000,1.000,1.000,35.460,,-0.011986,-0.003,-0.003,-0.004,-0.004,-0.002
79915,2017/05/01,,11,1,1382,65129010,NFX,NEWFIELD EXPLORATION CO,,NFX,211111,N,A,R,30044,0,1,1382,65129010,,,,,,,,,13.000,138.000,,,,,,,,,,,,,,,34.440,35.060,34.610,1732415.000,-0.000289,34.610,34.620,198966.000,1.000,1.000,34.570,,-0.000289,0.002,0.002,0.001,0.001,0.002
79915,2017/05/02,,11,1,1382,65129010,NFX,NEWFIELD EXPLORATION CO,,NFX,211111,N,A,R,30044,0,1,1382,65129010,,,,,,,,,13.000,138.000,,,,,,,,,,,,,,,33.850,35.140,34.020,4037813.000,-0.017047,34.020,34.060,198966.000,1.000,1.000,34.850,,-0.017047,0.000,0.000,-0.002,-0.002,0.001
79915,2017/05/03,,11,1,1382,65129010,NFX,NEWFIELD EXPLORATION CO,,NFX,211111,N,A,R,30044,0,1,1382,65129010,,,,,,,,,13.000,138.000,,,,,,,,,,,,,,,34.110,37.000,35.530,4802335.000,0.044386,35.520,35.530,198966.000,1.000,1.000,36.540,,0.044386,-0.003,-0.003,-0.005,-0.005,-0.001
79915,2017/05/04,,11,1,1382,65129010,NFX,NEWFIELD EXPLORATION CO,,NFX,211111,N,A,R,30044,0,1,1382,65129010,,,,,,,,,13.000,138.000,,,,,,,,,,,,,,,33.310,34.810,33.650,5634011.000,-0.052913,33.650,33.660,198966.000,1.000,1.000,34.810,,-0.052913,-0.001,-0.001,-0.005,-0.005,0.001
79915,2017/05/05,,11,1,1382,65129010,NFX,NEWFIELD EXPLORATION CO,,NFX,211111,N,A,R,30044,0,1,1382,65129010,,,,,,,,,13.000,138.000,,,,,,,,,,,,,,,33.410,34.855,34.590,3445004.000,0.027935,34.580,34.590,198966.000,1.000,1.000,33.860,,0.027935,0.006,0.006,0.006,0.006,0.004
79915,2017/05/08,,11,1,1382,65129010,NFX,NEWFIELD EXPLORATION CO,,NFX,211111,N,A,R,30044,0,1,1382,65129010,,,,,,,,,13.000,138.000,,,,,,,,,,,,,,,34.360,35.170,34.890,2879639.000,0.008673,34.890,34.900,198966.000,1.000,1.000,34.820,,0.008673,-0.001,-0.001,-0.001,-0.001,0.000
79915,2017/05/09,,11,1,1382,65129010,NFX,NEWFIELD EXPLORATION CO,,NFX,211111,N,A,R,30044,0,1,1382,65129010,,,,,,,,,13.000,138.000,,,,,,,,,,,,,,,33.870,35.070,34.050,3328024.000,-0.024076,34.050,34.060,198966.000,1.000,1.000,35.040,,-0.024076,-0.001,-0.001,0.001,0.000,-0.001
79915,2017/05/10,,11,1,1382,65129010,NFX,NEWFIELD EXPLORATION CO,,NFX,211111,N,A,R,30044,0,1,1382,65129010,,,,,,,,,13.000,138.000,,,,,,,,,,,,,,,34.400,35.610,35.280,3444624.000,0.036123,35.280,35.290,198966.000,1.000,1.000,34.840,,0.036123,0.003,0.002,0.004,0.004,0.001
79915,2017/05/11,,11,1,1382,65129010,NFX,NEWFIELD EXPLORATION CO,,NFX,211111,N,A,R,30044,0,1,1382,65129010,,,,,,,,,13.000,138.000,,,,,,,,,,,,,,,34.600,35.460,34.650,2863413.000,-0.017857,34.650,34.660,198966.000,1.000,1.000,35.300,,-0.017857,-0.003,-0.003,-0.003,-0.003,-0.002
79915,2017/05/12,,11,1,1382,65129010,NFX,NEWFIELD EXPLORATION CO,,NFX,211111,N,A,R,30044,0,1,1382,65129010,,,,,,,,,13.000,138.000,,,,,,,,,,,,,,,34.070,34.840,34.760,2320521.000,0.003175,34.750,34.760,198966.000,1.000,1.000,34.490,,0.003175,-0.002,-0.002,-0.002,-0.002,-0.001
79915,2017/05/15,,11,1,1382,65129010,NFX,NEWFIELD EXPLORATION CO,,NFX,211111,N,A,R,30044,0,1,1382,65129010,,,,,,,,,13.000,138.000,,,,,,,,,,,,,,,34.960,35.990,35.140,2044184.000,0.010932,35.140,35.150,198966.000,1.000,1.000,35.740,,0.010932,0.006,0.006,0.006,0.006,0.005
79915,2017/05/16,,11,1,1382,65129010,NFX,NEWFIELD EXPLORATION CO,,NFX,211111,N,A,R,30044,0,1,1382,65129010,,,,,,,,,13.000,138.000,,,,,,,,,,,,,,,34.425,35.450,34.590,2486789.000,-0.015652,34.580,34.590,198966.000,1.000,1.000,35.280,,-0.015652,-0.000,-0.001,-0.001,-0.001,-0.001
79915,2017/05/17,,11,1,1382,65129010,NFX,NEWFIELD EXPLORATION CO,,NFX,211111,N,A,R,30044,0,1,1382,65129010,,,,,,,,,13.000,138.000,,,,,,,,,,,,,,,33.590,35.020,33.820,4218251.000,-0.022261,33.830,33.840,198966.000,1.000,1.000,34.120,,-0.022261,-0.018,-0.018,-0.017,-0.017,-0.018
79915,2017/05/18,,11,1,1382,65129010,NFX,NEWFIELD EXPLORATION CO,,NFX,211111,N,A,R,30044,0,1,1382,65129010,,,,,,,,,13.000,138.000,,,,,,,,,,,,,,,33.320,34.120,33.660,2126740.000,-0.004731,33.650,33.660,198966.000,1.000,1.000,33.400,,-0.004731,0.003,0.003,-0.000,-0.000,0.004
79915,2017/05/19,,11,1,1382,65129010,NFX,NEWFIELD EXPLORATION CO,,NFX,211111,N,A,R,30044,0,1,1382,65129010,,,,,,,,,13.000,138.000,,,,,,,,,,,,,,,33.760,34.630,34.530,2685343.000,0.025847,34.520,34.530,198966.000,1.000,1.000,33.910,,0.025847,0.008,0.008,0.008,0.008,0.007
79915,2017/05/22,,11,1,1382,65129010,NFX,NEWFIELD EXPLORATION CO,,NFX,211111,N,A,R,30044,0,1,1382,65129010,,,,,,,,,13.000,138.000,,,,,,,,,,,,,,,33.810,34.700,33.840,1510448.000,-0.019983,33.830,33.840,198966.000,1.000,1.000,34.660,,-0.019983,0.005,0.005,0.004,0.004,0.005
79915,2017/05/23,,11,1,1382,65129010,NFX,NEWFIELD EXPLORATION CO,,NFX,211111,N,A,R,30044,0,1,1382,65129010,,,,,,,,,13.000,138.000,,,,,,,,,,,,,,,33.480,34.030,33.780,2322469.000,-0.001773,33.770,33.780,198966.000,1.000,1.000,33.830,,-0.001773,0.002,0.002,0.001,0.001,0.002
79915,2017/05/24,,11,1,1382,65129010,NFX,NEWFIELD EXPLORATION CO,,NFX,211111,N,A,R,30044,0,1,1382,65129010,,,,,,,,,13.000,138.000,,,,,,,,,,,,,,,33.510,34.410,33.710,2260945.000,-0.002072,33.700,33.710,198966.000,1.000,1.000,33.780,,-0.002072,0.002,0.002,0.001,0.001,0.002
79915,2017/05/25,,11,1,1382,65129010,NFX,NEWFIELD EXPLORATION CO,,NFX,211111,N,A,R,30044,0,1,1382,65129010,,,,,,,,,13.000,138.000,,,,,,,,,,,,,,,32.390,34.390,32.640,2082865.000,-0.031741,32.640,32.650,198966.000,1.000,1.000,33.350,,-0.031741,0.003,0.003,0.000,0.000,0.004
79915,2017/05/26,,11,1,1382,65129010,NFX,NEWFIELD EXPLORATION CO,,NFX,211111,N,A,R,30044,0,1,1382,65129010,,,,,,,,,13.000,138.000,,,,,,,,,,,,,,,32.400,33.150,33.080,1795617.000,0.013480,33.070,33.080,198966.000,1.000,1.000,32.800,,0.013480,0.000,0.000,0.000,0.000,0.000
79915,2017/05/30,,11,1,1382,65129010,NFX,NEWFIELD EXPLORATION CO,,NFX,211111,N,A,R,30044,0,1,1382,65129010,,,,,,,,,13.000,138.000,,,,,,,,,,,,,,,32.400,33.120,32.640,3031866.000,-0.013301,32.640,32.650,198966.000,1.000,1.000,33.120,,-0.013301,-0.002,-0.002,-0.005,-0.006,-0.001
79915,2017/05/31,,11,1,1382,65129010,NFX,NEWFIELD EXPLORATION CO,,NFX,211111,N,A,R,30044,0,1,1382,65129010,,,,,,,,0.000,13.000,138.000,,,,,,,,,,,,,,,31.860,32.930,32.480,3465936.000,-0.004902,32.470,32.480,199195.000,1.000,1.000,32.170,,-0.004902,-0.000,-0.000,-0.001,-0.001,-0.000
79915,2017/06/01,,11,1,1382,65129010,NFX,NEWFIELD EXPLORATION CO,,NFX,211111,N,A,R,30044,0,1,1382,65129010,,,,,,,,,13.000,138.000,,,,,,,,,,,,,,,32.210,33.040,32.460,1982211.000,-0.000616,32.430,32.440,199195.000,1.000,1.000,32.660,,-0.000616,0.009,0.009,0.011,0.011,0.008
79915,2017/06/02,,11,1,1382,65129010,NFX,NEWFIELD EXPLORATION CO,,NFX,211111,N,A,R,30044,0,1,1382,65129010,,,,,,,,,13.000,138.000,,,,,,,,,,,,,,,30.760,32.140,30.830,3132687.000,-0.050216,30.820,30.830,199195.000,1.000,1.000,32.120,,-0.050216,0.003,0.003,0.004,0.004,0.004
79915,2017/06/05,,11,1,1382,65129010,NFX,NEWFIELD EXPLORATION CO,,NFX,211111,N,A,R,30044,0,1,1382,65129010,,,,,,,,,13.000,138.000,,,,,,,,,,,,,,,30.110,30.850,30.490,2938930.000,-0.011028,30.490,30.500,199195.000,1.000,1.000,30.500,,-0.011028,-0.002,-0.002,-0.004,-0.004,-0.001
79915,2017/06/06,,11,1,1382,65129010,NFX,NEWFIELD EXPLORATION CO,,NFX,211111,N,A,R,30044,0,1,1382,65129010,,,,,,,,,13.000,138.000,,,,,,,,,,,,,,,30.070,31.125,31.060,3268266.000,0.018695,31.040,31.050,199195.000,1.000,1.000,30.400,,0.018695,-0.002,-0.002,-0.001,-0.001,-0.003
79915,2017/06/07,,11,1,1382,65129010,NFX,NEWFIELD EXPLORATION CO,,NFX,211111,N,A,R,30044,0,1,1382,65129010,,,,,,,,,13.000,138.000,,,,,,,,,,,,,,,28.750,30.960,28.900,4014981.000,-0.069543,28.880,28.890,199195.000,1.000,1.000,30.740,,-0.069543,0.001,0.001,-0.001,-0.001,0.002
79915,2017/06/08,,11,1,1382,65129010,NFX,NEWFIELD EXPLORATION CO,,NFX,211111,N,A,R,30044,0,1,1382,65129010,,,,,,,,,13.000,138.000,,,,,,,,,,,,,,,28.690,29.350,28.860,4009810.000,-0.001384,28.850,28.860,199195.000,1.000,1.000,28.690,,-0.001384,0.002,0.002,0.006,0.006,0.000
79915,2017/06/09,,11,1,1382,65129010,NFX,NEWFIELD EXPLORATION CO,,NFX,211111,N,A,R,30044,0,1,1382,65129010,,,,,,,,,13.000,138.000,,,,,,,,,,,,,,,28.910,30.280,30.060,4810624.000,0.041580,30.050,30.060,199195.000,1.000,1.000,28.950,,0.041580,-0.001,-0.001,0.002,0.002,-0.001
79915,2017/06/12,,11,1,1382,65129010,NFX,NEWFIELD EXPLORATION CO,,NFX,211111,N,A,R,30044,0,1,1382,65129010,,,,,,,,,13.000,138.000,,,,,,,,,,,,,,,30.010,30.960,30.370,3689410.000,0.010313,30.360,30.370,199195.000,1.000,1.000,30.550,,0.010313,-0.001,-0.001,-0.001,-0.001,-0.001
79915,2017/06/13,,11,1,1382,65129010,NFX,NEWFIELD EXPLORATION CO,,NFX,211111,N,A,R,30044,0,1,1382,65129010,,,,,,,,,13.000,138.000,,,,,,,,,,,,,,,30.130,31.120,31.110,2801212.000,0.024366,31.090,31.110,199195.000,1.000,1.000,30.360,,0.024366,0.005,0.005,0.006,0.005,0.005
79915,2017/06/14,,11,1,1382,65129010,NFX,NEWFIELD EXPLORATION CO,,NFX,211111,N,A,R,30044,0,1,1382,65129010,,,,,,,,,13.000,138.000,,,,,,,,,,,,,,,29.580,30.930,30.060,4252755.000,-0.033751,30.030,30.040,199195.000,1.000,1.000,30.910,,-0.033751,-0.002,-0.002,-0.004,-0.004,-0.001
79915,2017/06/15,,11,1,1382,65129010,NFX,NEWFIELD EXPLORATION CO,,NFX,211111,N,A,R,30044,0,1,1382,65129010,,,,,,,,,13.000,138.000,,,,,,,,,,,,,,,29.180,30.650,29.410,2965360.000,-0.021623,29.410,29.420,199195.000,1.000,1.000,29.890,,-0.021623,-0.003,-0.003,-0.005,-0.005,-0.002
79915,2017/06/16,,11,1,1382,65129010,NFX,NEWFIELD EXPLORATION CO,,NFX,211111,N,A,R,30044,0,1,1382,65129010,,,,,,,,,13.000,138.000,,,,,,,,,,,,,,,28.860,29.680,29.330,3462791.000,-0.002720,29.320,29.330,199195.000,1.000,1.000,29.680,,-0.002720,0.001,0.000,-0.000,-0.000,0.000
79915,2017/06/19,,11,1,1382,65129010,NFX,NEWFIELD EXPLORATION CO,,NFX,211111,N,A,R,30044,0,1,1382,65129010,,,,,,,,,13.000,138.000,,,,,,,,,,,,,,,29.160,29.560,29.240,2293064.000,-0.003069,29.240,29.250,199195.000,1.000,1.000,29.330,,-0.003069,0.008,0.008,0.006,0.006,0.008
79915,2017/06/20,,11,1,1382,65129010,NFX,NEWFIELD EXPLORATION CO,,NFX,211111,N,A,R,30044,0,1,1382,65129010,,,,,,,,,13.000,138.000,,,,,,,,,,,,,,,28.150,29.540,29.120,3601635.000,-0.004104,29.120,29.130,199195.000,1.000,1.000,28.690,,-0.004104,-0.008,-0.008,-0.007,-0.007,-0.007
79915,2017/06/21,,11,1,1382,65129010,NFX,NEWFIELD EXPLORATION CO,,NFX,211111,N,A,R,30044,0,1,1382,65129010,,,,,,,,,13.000,138.000,,,,,,,,,,,,,,,27.460,29.180,27.830,4129618.000,-0.044299,27.830,27.840,199195.000,1.000,1.000,28.830,,-0.044299,-0.001,-0.001,-0.002,-0.002,-0.001
79915,2017/06/22,,11,1,1382,65129010,NFX,NEWFIELD EXPLORATION CO,,NFX,211111,N,A,R,30044,0,1,1382,65129010,,,,,,,,,13.000,138.000,,,,,,,,,,,,,,,27.380,28.230,27.560,4308390.000,-0.009702,27.560,27.570,199195.000,1.000,1.000,27.820,,-0.009702,0.001,0.001,0.005,0.005,-0.000
79915,2017/06/23,,11,1,1382,65129010,NFX,NEWFIELD EXPLORATION CO,,NFX,211111,N,A,R,30044,0,1,1382,65129010,,,,,,,,,13.000,138.000,,,,,,,,,,,,,,,27.250,27.940,27.540,6876701.000,-0.000726,27.540,27.550,199195.000,1.000,1.000,27.650,,-0.000726,0.003,0.003,0.006,0.006,0.002
79915,2017/06/26,,11,1,1382,65129010,NFX,NEWFIELD EXPLORATION CO,,NFX,211111,N,A,R,30044,0,1,1382,65129010,,,,,,,,,13.000,138.000,,,,,,,,,,,,,,,27.380,28.220,27.660,2024607.000,0.004357,27.650,27.660,199195.000,1.000,1.000,27.700,,0.004357,0.001,0.001,0.004,0.004,0.000
79915,2017/06/27,,11,1,1382,65129010,NFX,NEWFIELD EXPLORATION CO,,NFX,211111,N,A,R,30044,0,1,1382,65129010,,,,,,,,,13.000,138.000,,,,,,,,,,,,,,,27.335,28.040,27.400,3314165.000,-0.009400,27.400,27.410,199195.000,1.000,1.000,27.830,,-0.009400,-0.007,-0.008,-0.006,-0.006,-0.008
79915,2017/06/28,,11,1,1382,65129010,NFX,NEWFIELD EXPLORATION CO,,NFX,211111,N,A,R,30044,0,1,1382,65129010,,,,,,,,,13.000,138.000,,,,,,,,,,,,,,,27.220,28.040,27.560,2920665.000,0.005839,27.560,27.570,199195.000,1.000,1.000,27.460,,0.005839,0.010,0.010,0.010,0.009,0.009
79915,2017/06/29,,11,1,1382,65129010,NFX,NEWFIELD EXPLORATION CO,,NFX,211111,N,A,R,30044,0,1,1382,65129010,,,,,,,,,13.000,138.000,,,,,,,,,,,,,,,27.690,29.040,28.600,6937273.000,0.037736,28.600,28.610,199195.000,1.000,1.000,27.720,,0.037736,-0.008,-0.008,-0.004,-0.005,-0.009
79915,2017/06/30,,11,1,1382,65129010,NFX,NEWFIELD EXPLORATION CO,,NFX,211111,N,A,R,30044,0,1,1382,65129010,,,,,,,,0.000,13.000,138.000,,,,,,,,,,,,,,,27.950,28.920,28.460,4172111.000,-0.004895,28.450,28.460,199195.000,1.000,1.000,28.770,,-0.004895,0.001,0.001,0.001,0.001,0.002
79915,2017/07/03,,11,1,1382,65129010,NFX,NEWFIELD EXPLORATION CO,,NFX,211111,N,A,R,30044,0,1,1382,65129010,,,,,,,,,13.000,138.000,,,,,,,,,,,,,,,28.420,29.610,29.390,2043406.000,0.032677,29.400,29.410,199195.000,1.000,1.000,28.500,,0.032677,0.003,0.003,0.005,0.005,0.002
79915,2017/07/05,,11,1,1382,65129010,NFX,NEWFIELD EXPLORATION CO,,NFX,211111,N,A,R,30044,0,1,1382,65129010,,,,,,,,,13.000,138.000,,,,,,,,,,,,,,,27.440,29.210,27.530,4211736.000,-0.063287,27.530,27.540,199195.000,1.000,1.000,29.210,,-0.063287,0.000,-0.000,-0.004,-0.004,0.001
79915,2017/07/06,,11,1,1382,65129010,NFX,NEWFIELD EXPLORATION CO,,NFX,211111,N,A,R,30044,0,1,1382,65129010,,,,,,,,,13.000,138.000,,,,,,,,,,,,,,,26.150,27.810,26.240,4122622.000,-0.046858,26.240,26.250,199195.000,1.000,1.000,27.600,,-0.046858,-0.009,-0.010,-0.009,-0.009,-0.009
79915,2017/07/07,,11,1,1382,65129010,NFX,NEWFIELD EXPLORATION CO,,NFX,211111,N,A,R,30044,0,1,1382,65129010,,,,,,,,,13.000,138.000,,,,,,,,,,,,,,,25.460,26.200,26.090,3402638.000,-0.005716,26.100,26.110,199195.000,1.000,1.000,26.010,,-0.005716,0.006,0.006,0.005,0.005,0.006
79915,2017/07/10,,11,1,1382,65129010,NFX,NEWFIELD EXPLORATION CO,,NFX,211111,N,A,R,30044,0,1,1382,65129010,,,,,,,,,13.000,138.000,,,,,,,,,,,,,,,25.890,26.500,26.360,3458002.000,0.010349,26.370,26.380,199195.000,1.000,1.000,25.960,,0.010349,0.000,0.000,-0.001,-0.001,0.001
79915,2017/07/11,,11,1,1382,65129010,NFX,NEWFIELD EXPLORATION CO,,NFX,211111,N,A,R,30044,0,1,1382,65129010,,,,,,,,,13.000,138.000,,,,,,,,,,,,,,,26.240,27.180,26.830,2547806.000,0.017830,26.830,26.840,199195.000,1.000,1.000,26.430,,0.017830,0.000,0.000,0.001,0.001,-0.001
79915,2017/07/12,,11,1,1382,65129010,NFX,NEWFIELD EXPLORATION CO,,NFX,211111,N,A,R,30044,0,1,1382,65129010,,,,,,,,,13.000,138.000,,,,,,,,,,,,,,,26.455,27.500,26.600,2731305.000,-0.008572,26.600,26.610,199195.000,1.000,1.000,27.260,,-0.008572,0.008,0.008,0.007,0.007,0.007
79915,2017/07/13,,11,1,1382,65129010,NFX,NEWFIELD EXPLORATION CO,,NFX,211111,N,A,R,30044,0,1,1382,65129010,,,,,,,,,13.000,138.000,,,,,,,,,,,,,,,26.350,26.880,26.670,3073670.000,0.002632,26.660,26.670,199195.000,1.000,1.000,26.540,,0.002632,0.002,0.002,0.002,0.002,0.002
79915,2017/07/14,,11,1,1382,65129010,NFX,NEWFIELD EXPLORATION CO,,NFX,211111,N,A,R,30044,0,1,1382,65129010,,,,,,,,,13.000,138.000,,,,,,,,,,,,,,,26.520,27.170,27.040,3450864.000,0.013873,27.050,27.060,199195.000,1.000,1.000,26.710,,0.013873,0.005,0.005,0.004,0.004,0.005
79915,2017/07/17,,11,1,1382,65129010,NFX,NEWFIELD EXPLORATION CO,,NFX,211111,N,A,R,30044,0,1,1382,65129010,,,,,,,,,13.000,138.000,,,,,,,,,,,,,,,26.870,27.340,26.900,2372756.000,-0.005178,26.900,26.910,199195.000,1.000,1.000,26.900,,-0.005178,0.000,-0.000,0.001,0.001,-0.000
79915,2017/07/18,,11,1,1382,65129010,NFX,NEWFIELD EXPLORATION CO,,NFX,211111,N,A,R,30044,0,1,1382,65129010,,,,,,,,,13.000,138.000,,,,,,,,,,,,,,,25.900,27.200,26.190,2953990.000,-0.026394,26.190,26.200,199195.000,1.000,1.000,27.140,,-0.026394,0.000,0.000,-0.002,-0.002,0.001
79915,2017/07/19,,11,1,1382,65129010,NFX,NEWFIELD EXPLORATION CO,,NFX,211111,N,A,R,30044,0,1,1382,65129010,,,,,,,,,13.000,138.000,,,,,,,,,,,,,,,26.050,27.890,27.880,3659101.000,0.064528,27.870,27.880,199195.000,1.000,1.000,26.110,,0.064528,0.006,0.006,0.006,0.006,0.005
79915,2017/07/20,,11,1,1382,65129010,NFX,NEWFIELD EXPLORATION CO,,NFX,211111,N,A,R,30044,0,1,1382,65129010,,,,,,,,,13.000,138.000,,,,,,,,,,,,,,,26.760,28.180,26.800,4810304.000,-0.038737,26.800,26.810,199195.000,1.000,1.000,28.100,,-0.038737,0.000,-0.000,0.000,0.000,-0.000
79915,2017/07/21,,11,1,1382,65129010,NFX,NEWFIELD EXPLORATION CO,,NFX,211111,N,A,R,30044,0,1,1382,65129010,,,,,,,,,13.000,138.000,,,,,,,,,,,,,,,26.250,26.925,26.490,3143914.000,-0.011567,26.490,26.500,199195.000,1.000,1.000,26.790,,-0.011567,-0.001,-0.001,-0.002,-0.002,-0.000
79915,2017/07/24,,11,1,1382,65129010,NFX,NEWFIELD EXPLORATION CO,,NFX,211111,N,A,R,30044,0,1,1382,65129010,,,,,,,,,13.000,138.000,,,,,,,,,,,,,,,26.480,26.970,26.660,2283626.000,0.006418,26.660,26.670,199195.000,1.000,1.000,26.560,,0.006418,-0.000,-0.000,-0.000,-0.000,-0.001
79915,2017/07/25,,11,1,1382,65129010,NFX,NEWFIELD EXPLORATION CO,,NFX,211111,N,A,R,30044,0,1,1382,65129010,,,,,,,,,13.000,138.000,,,,,,,,,,,,,,,27.080,28.180,27.840,2867064.000,0.044261,27.830,27.840,199195.000,1.000,1.000,27.160,,0.044261,0.003,0.003,0.004,0.004,0.003
79915,2017/07/26,,11,1,1382,65129010,NFX,NEWFIELD EXPLORATION CO,,NFX,211111,N,A,R,30044,0,1,1382,65129010,,,,,,,,,13.000,138.000,,,,,,,,,,,,,,,27.720,28.770,27.990,3657571.000,0.005388,27.970,27.980,199195.000,1.000,1.000,28.120,,0.005388,-0.000,-0.000,-0.000,-0.000,0.000
79915,2017/07/27,,11,1,1382,65129010,NFX,NEWFIELD EXPLORATION CO,,NFX,211111,N,A,R,30044,0,1,1382,65129010,,,,,,,,,13.000,138.000,,,,,,,,,,,,,,,27.750,28.525,28.490,2352653.000,0.017864,28.490,28.500,199195.000,1.000,1.000,27.940,,0.017864,-0.002,-0.002,-0.005,-0.005,-0.001
79915,2017/07/28,,11,1,1382,65129010,NFX,NEWFIELD EXPLORATION CO,,NFX,211111,N,A,R,30044,0,1,1382,65129010,,,,,,,,,13.000,138.000,,,,,,,,,,,,,,,28.320,29.290,28.660,3129743.000,0.005967,28.670,28.680,199195.000,1.000,1.000,28.430,,0.005967,-0.001,-0.001,-0.001,-0.001,-0.001
79915,2017/07/31,,11,1,1382,65129010,NFX,NEWFIELD EXPLORATION CO,,NFX,211111,N,A,R,30044,0,1,1382,65129010,,,,,,,,0.000,13.000,138.000,,,,,,,,,,,,,,,28.260,29.070,28.730,4345237.000,0.002442,28.730,28.740,199319.000,1.000,1.000,28.570,,0.002442,-0.001,-0.001,-0.001,-0.001,-0.001
79915,2017/08/01,,11,1,1382,65129010,NFX,NEWFIELD EXPLORATION CO,,NFX,211111,N,A,R,30044,0,1,1382,65129010,,,,,,,,,13.000,138.000,,,,,,,,,,,,,,,27.805,28.840,28.220,3926598.000,-0.017751,28.220,28.230,199319.000,1.000,1.000,28.750,,-0.017751,0.002,0.002,-0.000,-0.000,0.002
79915,2017/08/02,,11,1,1382,65129010,NFX,NEWFIELD EXPLORATION CO,,NFX,211111,N,A,R,30044,0,1,1382,65129010,,,,,,,,,13.000,138.000,,,,,,,,,,,,,,,25.510,27.490,26.700,7932488.000,-0.053862,26.690,26.700,199319.000,1.000,1.000,27.490,,-0.053862,-0.001,-0.001,-0.007,-0.007,0.000
79915,2017/08/03,,11,1,1382,65129010,NFX,NEWFIELD EXPLORATION CO,,NFX,211111,N,A,R,30044,0,1,1382,65129010,,,,,,,,,13.000,138.000,,,,,,,,,,,,,,,26.090,27.070,26.380,4583173.000,-0.011985,26.390,26.400,199319.000,1.000,1.000,26.700,,-0.011985,-0.002,-0.002,-0.004,-0.004,-0.002
79915,2017/08/04,,11,1,1382,65129010,NFX,NEWFIELD EXPLORATION CO,,NFX,211111,N,A,R,30044,0,1,1382,65129010,,,,,,,,,13.000,138.000,,,,,,,,,,,,,,,26.400,27.880,27.830,2823443.000,0.054966,27.820,27.830,199319.000,1.000,1.000,26.430,,0.054966,0.002,0.002,0.003,0.003,0.002
79915,2017/08/07,,11,1,1382,65129010,NFX,NEWFIELD EXPLORATION CO,,NFX,211111,N,A,R,30044,0,1,1382,65129010,,,,,,,,,13.000,138.000,,,,,,,,,,,,,,,26.290,27.610,26.440,3863791.000,-0.049946,26.450,26.460,199319.000,1.000,1.000,27.540,,-0.049946,0.001,0.001,0.000,0.000,0.002
79915,2017/08/08,,11,1,1382,65129010,NFX,NEWFIELD EXPLORATION CO,,NFX,211111,N,A,R,30044,0,1,1382,65129010,,,,,,,,,13.000,138.000,,,,,,,,,,,,,,,26.230,27.650,26.340,4916726.000,-0.003782,26.340,26.350,199319.000,1.000,1.000,26.230,,-0.003782,-0.003,-0.003,-0.004,-0.004,-0.002
79915,2017/08/09,,11,1,1382,65129010,NFX,NEWFIELD EXPLORATION CO,,NFX,211111,N,A,R,30044,0,1,1382,65129010,,,,,,,,,13.000,138.000,,,,,,,,,,,,,,,26.140,26.890,26.600,2601664.000,0.009871,26.590,26.600,199319.000,1.000,1.000,26.510,,0.009871,-0.001,-0.002,-0.006,-0.007,-0.000
79915,2017/08/10,,11,1,1382,65129010,NFX,NEWFIELD EXPLORATION CO,,NFX,211111,N,A,R,30044,0,1,1382,65129010,,,,,,,,,13.000,138.000,,,,,,,,,,,,,,,26.220,27.090,26.260,2306996.000,-0.012782,26.260,26.270,199319.000,1.000,1.000,26.800,,-0.012782,-0.014,-0.015,-0.014,-0.015,-0.014
79915,2017/08/11,,11,1,1382,65129010,NFX,NEWFIELD EXPLORATION CO,,NFX,211111,N,A,R,30044,0,1,1382,65129010,,,,,,,,,13.000,138.000,,,,,,,,,,,,,,,25.700,26.400,25.920,2854991.000,-0.012947,25.910,25.920,199319.000,1.000,1.000,26.200,,-0.012947,0.002,0.001,0.001,0.001,0.001
79915,2017/08/14,,11,1,1382,65129010,NFX,NEWFIELD EXPLORATION CO,,NFX,211111,N,A,R,30044,0,1,1382,65129010,,,,,,,,,13.000,138.000,,,,,,,,,,,,,,,25.720,26.205,25.810,2815200.000,-0.004244,25.800,25.810,199319.000,1.000,1.000,25.980,,-0.004244,0.010,0.010,0.011,0.010,0.010
79915,2017/08/15,,11,1,1382,65129010,NFX,NEWFIELD EXPLORATION CO,,NFX,211111,N,A,R,30044,0,1,1382,65129010,,,,,,,,,13.000,138.000,,,,,,,,,,,,,,,25.030,25.800,25.490,2884427.000,-0.012398,25.490,25.500,199319.000,1.000,1.000,25.710,,-0.012398,-0.001,-0.002,-0.006,-0.006,-0.000
79915,2017/08/16,,11,1,1382,65129010,NFX,NEWFIELD EXPLORATION CO,,NFX,211111,N,A,R,30044,0,1,1382,65129010,,,,,,,,,13.000,138.000,,,,,,,,,,,,,,,25.020,25.820,25.190,2136569.000,-0.011769,25.180,25.190,199319.000,1.000,1.000,25.620,,-0.011769,0.002,0.002,0.002,0.002,0.001
79915,2017/08/17,,11,1,1382,65129010,NFX,NEWFIELD EXPLORATION CO,,NFX,211111,N,A,R,30044,0,1,1382,65129010,,,,,,,,,13.000,138.000,,,,,,,,,,,,,,,24.940,25.690,24.970,2471887.000,-0.008734,24.980,24.990,199319.000,1.000,1.000,25.110,,-0.008734,-0.015,-0.015,-0.011,-0.011,-0.015
79915,2017/08/18,,11,1,1382,65129010,NFX,NEWFIELD EXPLORATION CO,,NFX,211111,N,A,R,30044,0,1,1382,65129010,,,,,,,,,13.000,138.000,,,,,,,,,,,,,,,24.910,25.730,25.310,2837719.000,0.013616,25.300,25.310,199319.000,1.000,1.000,25.010,,0.013616,-0.001,-0.001,0.002,0.002,-0.002
79915,2017/08/21,,11,1,1382,65129010,NFX,NEWFIELD EXPLORATION CO,,NFX,211111,N,A,R,30044,0,1,1382,65129010,,,,,,,,,13.000,138.000,,,,,,,,,,,,,,,24.410,25.360,24.510,2409377.000,-0.031608,24.510,24.520,199319.000,1.000,1.000,25.250,,-0.031608,0.001,0.001,-0.002,-0.002,0.001
79915,2017/08/22,,11,1,1382,65129010,NFX,NEWFIELD EXPLORATION CO,,NFX,211111,N,A,R,30044,0,1,1382,65129010,,,,,,,,,13.000,138.000,,,,,,,,,,,,,,,24.620,25.020,24.750,2748813.000,0.009792,24.740,24.750,199319.000,1.000,1.000,24.620,,0.009792,0.009,0.009,0.006,0.006,0.010
79915,2017/08/23,,11,1,1382,65129010,NFX,NEWFIELD EXPLORATION CO,,NFX,211111,N,A,R,30044,0,1,1382,65129010,,,,,,,,,13.000,138.000,,,,,,,,,,,,,,,24.590,25.220,24.930,2701494.000,0.007273,24.920,24.930,199319.000,1.000,1.000,24.720,,0.007273,-0.002,-0.002,0.001,0.001,-0.003
79915,2017/08/24,,11,1,1382,65129010,NFX,NEWFIELD EXPLORATION CO,,NFX,211111,N,A,R,30044,0,1,1382,65129010,,,,,,,,,13.000,138.000,,,,,,,,,,,,,,,24.700,25.240,25.090,1993524.000,0.006418,25.080,25.090,199319.000,1.000,1.000,24.770,,0.006418,-0.001,-0.001,0.003,0.003,-0.002
79915,2017/08/25,,11,1,1382,65129010,NFX,NEWFIELD EXPLORATION CO,,NFX,211111,N,A,R,30044,0,1,1382,65129010,,,,,,,,,13.000,138.000,,,,,,,,,,,,,,,25.060,25.435,25.310,2622597.000,0.008768,25.300,25.310,199319.000,1.000,1.000,25.200,,0.008768,0.002,0.002,0.005,0.005,0.002
79915,2017/08/28,,11,1,1382,65129010,NFX,NEWFIELD EXPLORATION CO,,NFX,211111,N,A,R,30044,0,1,1382,65129010,,,,,,,,,13.000,138.000,,,,,,,,,,,,,,,24.820,25.440,25.390,2680456.000,0.003161,25.380,25.390,199319.000,1.000,1.000,25.210,,0.003161,0.000,0.000,0.001,0.001,0.000
79915,2017/08/29,,11,1,1382,65129010,NFX,NEWFIELD EXPLORATION CO,,NFX,211111,N,A,R,30044,0,1,1382,65129010,,,,,,,,,13.000,138.000,,,,,,,,,,,,,,,24.685,25.460,25.430,2092886.000,0.001575,25.420,25.430,199319.000,1.000,1.000,25.090,,0.001575,0.001,0.001,0.002,0.002,0.001
79915,2017/08/30,,11,1,1382,65129010,NFX,NEWFIELD EXPLORATION CO,,NFX,211111,N,A,R,30044,0,1,1382,65129010,,,,,,,,,13.000,138.000,,,,,,,,,,,,,,,25.030,25.920,25.510,2264572.000,0.003146,25.500,25.510,199319.000,1.000,1.000,25.240,,0.003146,0.005,0.004,0.004,0.003,0.005
79915,2017/08/31,,11,1,1382,65129010,NFX,NEWFIELD EXPLORATION CO,,NFX,211111,N,A,R,30044,0,1,1382,65129010,,,,,,,,0.000,13.000,138.000,,,,,,,,,,,,,,,25.600,26.320,26.130,3086086.000,0.024304,26.120,26.130,199319.000,1.000,1.000,25.730,,0.024304,0.007,0.007,0.007,0.007,0.006
79915,2017/09/01,,11,1,1382,65129010,NFX,NEWFIELD EXPLORATION CO,,NFX,211111,N,A,R,30044,0,1,1382,65129010,,,,,,,,,13.000,138.000,,,,,,,,,,,,,,,25.880,26.440,26.100,2990301.000,-0.001148,26.090,26.100,199319.000,1.000,1.000,26.180,,-0.001148,0.003,0.003,0.006,0.006,0.002
79915,2017/09/05,,11,1,1382,65129010,NFX,NEWFIELD EXPLORATION CO,,NFX,211111,N,A,R,30044,0,1,1382,65129010,,,,,,,,,13.000,138.000,,,,,,,,,,,,,,,25.570,26.600,25.950,2945151.000,-0.005747,25.950,25.960,199319.000,1.000,1.000,26.390,,-0.005747,-0.008,-0.008,-0.006,-0.006,-0.008
79915,2017/09/06,,11,1,1382,65129010,NFX,NEWFIELD EXPLORATION CO,,NFX,211111,N,A,R,30044,0,1,1382,65129010,,,,,,,,,13.000,138.000,,,,,,,,,,,,,,,26.150,26.720,26.440,3834512.000,0.018882,26.430,26.440,199319.000,1.000,1.000,26.210,,0.018882,0.003,0.003,0.003,0.003,0.003
79915,2017/09/07,,11,1,1382,65129010,NFX,NEWFIELD EXPLORATION CO,,NFX,211111,N,A,R,30044,0,1,1382,65129010,,,,,,,,,13.000,138.000,,,,,,,,,,,,,,,25.780,26.400,26.220,2552713.000,-0.008321,26.210,26.220,199319.000,1.000,1.000,26.310,,-0.008321,-0.000,-0.000,0.001,0.001,-0.000
79915,2017/09/08,,11,1,1382,65129010,NFX,NEWFIELD EXPLORATION CO,,NFX,211111,N,A,R,30044,0,1,1382,65129010,,,,,,,,,13.000,138.000,,,,,,,,,,,,,,,24.470,26.190,24.800,3485100.000,-0.054157,24.780,24.800,199319.000,1.000,1.000,26.120,,-0.054157,-0.001,-0.001,-0.001,-0.001,-0.001
79915,2017/09/11,,11,1,1382,65129010,NFX,NEWFIELD EXPLORATION CO,,NFX,211111,N,A,R,30044,0,1,1382,65129010,,,,,,,,,13.000,138.000,,,,,,,,,,,,,,,24.730,25.351,25.130,2074404.000,0.013306,25.120,25.130,199319.000,1.000,1.000,24.950,,0.013306,0.010,0.010,0.009,0.009,0.011
79915,2017/09/12,,11,1,1382,65129010,NFX,NEWFIELD EXPLORATION CO,,NFX,211111,N,A,R,30044,0,1,1382,65129010,,,,,,,,,13.000,138.000,,,,,,,,,,,,,,,24.970,26.200,25.820,2352863.000,0.027457,25.810,25.820,199319.000,1.000,1.000,25.150,,0.027457,0.004,0.004,0.004,0.004,0.003
79915,2017/09/13,,11,1,1382,65129010,NFX,NEWFIELD EXPLORATION CO,,NFX,211111,N,A,R,30044,0,1,1382,65129010,,,,,,,,,13.000,138.000,,,,,,,,,,,,,,,25.850,27.160,26.840,3367230.000,0.039504,26.830,26.840,199319.000,1.000,1.000,25.850,,0.039504,0.001,0.001,0.003,0.003,0.001
79915,2017/09/14,,11,1,1382,65129010,NFX,NEWFIELD EXPLORATION CO,,NFX,211111,N,A,R,30044,0,1,1382,65129010,,,,,,,,,13.000,138.000,,,,,,,,,,,,,,,26.900,27.530,27.210,3481998.000,0.013785,27.200,27.210,199319.000,1.000,1.000,27.040,,0.013785,-0.000,-0.001,0.000,-0.000,-0.001
79915,2017/09/15,,11,1,1382,65129010,NFX,NEWFIELD EXPLORATION CO,,NFX,211111,N,A,R,30044,0,1,1382,65129010,,,,,,,,,13.000,138.000,,,,,,,,,,,,,,,26.870,27.395,27.110,3628368.000,-0.003675,27.100,27.110,199319.000,1.000,1.000,27.210,,-0.003675,0.002,0.002,0.002,0.002,0.002
79915,2017/09/18,,11,1,1382,65129010,NFX,NEWFIELD EXPLORATION CO,,NFX,211111,N,A,R,30044,0,1,1382,65129010,,,,,,,,,13.000,138.000,,,,,,,,,,,,,,,26.870,27.735,27.690,3106068.000,0.021394,27.700,27.710,199319.000,1.000,1.000,26.880,,0.021394,0.002,0.002,0.003,0.003,0.001
79915,2017/09/19,,11,1,1382,65129010,NFX,NEWFIELD EXPLORATION CO,,NFX,211111,N,A,R,30044,0,1,1382,65129010,,,,,,,,,13.000,138.000,,,,,,,,,,,,,,,27.490,27.960,27.800,1914405.000,0.003973,27.790,27.800,199319.000,1.000,1.000,27.710,,0.003973,0.001,0.001,0.000,0.000,0.001
79915,2017/09/20,,11,1,1382,65129010,NFX,NEWFIELD EXPLORATION CO,,NFX,211111,N,A,R,30044,0,1,1382,65129010,,,,,,,,,13.000,138.000,,,,,,,,,,,,,,,27.930,29.010,28.660,2863314.000,0.030935,28.660,28.670,199319.000,1.000,1.000,28.030,,0.030935,0.001,0.001,0.002,0.002,0.001
79915,2017/09/21,,11,1,1382,65129010,NFX,NEWFIELD EXPLORATION CO,,NFX,211111,N,A,R,30044,0,1,1382,65129010,,,,,,,,,13.000,138.000,,,,,,,,,,,,,,,28.210,28.650,28.470,1943525.000,-0.006629,28.460,28.470,199319.000,1.000,1.000,28.550,,-0.006629,-0.003,-0.003,-0.001,-0.001,-0.003
79915,2017/09/22,,11,1,1382,65129010,NFX,NEWFIELD EXPLORATION CO,,NFX,211111,N,A,R,30044,0,1,1382,65129010,,,,,,,,,13.000,138.000,,,,,,,,,,,,,,,28.270,28.850,28.820,1849629.000,0.012294,28.810,28.820,199319.000,1.000,1.000,28.340,,0.012294,0.001,0.001,0.004,0.004,0.001
79915,2017/09/25,,11,1,1382,65129010,NFX,NEWFIELD EXPLORATION CO,,NFX,211111,N,A,R,30044,0,1,1382,65129010,,,,,,,,,13.000,138.000,,,,,,,,,,,,,,,28.960,29.720,29.520,3024121.000,0.024289,29.510,29.520,199319.000,1.000,1.000,29.060,,0.024289,-0.002,-0.002,-0.001,-0.001,-0.002
79915,2017/09/26,,11,1,1382,65129010,NFX,NEWFIELD EXPLORATION CO,,NFX,211111,N,A,R,30044,0,1,1382,65129010,,,,,,,,,13.000,138.000,,,,,,,,,,,,,,,29.240,29.810,29.590,2105150.000,0.002371,29.590,29.600,199319.000,1.000,1.000,29.320,,0.002371,0.000,0.000,0.002,0.002,0.000
79915,2017/09/27,,11,1,1382,65129010,NFX,NEWFIELD EXPLORATION CO,,NFX,211111,N,A,R,30044,0,1,1382,65129010,,,,,,,,,13.000,138.000,,,,,,,,,,,,,,,28.990,29.840,29.780,2707912.000,0.006421,29.770,29.780,199319.000,1.000,1.000,29.700,,0.006421,0.005,0.005,0.008,0.008,0.004
79915,2017/09/28,,11,1,1382,65129010,NFX,NEWFIELD EXPLORATION CO,,NFX,211111,N,A,R,30044,0,1,1382,65129010,,,,,,,,,13.000,138.000,,,,,,,,,,,,,,,29.280,30.050,29.550,3196576.000,-0.007723,29.550,29.560,199319.000,1.000,1.000,29.660,,-0.007723,0.002,0.001,0.002,0.002,0.001
79915,2017/09/29,,11,1,1382,65129010,NFX,NEWFIELD EXPLORATION CO,,NFX,211111,N,A,R,30044,0,1,1382,65129010,,,,,,,,0.000,13.000,138.000,,,,,,,,,,,,,,,29.085,29.710,29.670,1817088.000,0.004061,29.660,29.670,199319.000,1.000,1.000,29.370,,0.004061,0.003,0.003,0.003,0.003,0.004
79915,2017/10/02,,11,1,1382,65129010,NFX,NEWFIELD EXPLORATION CO,,NFX,211111,N,A,R,30044,0,1,1382,65129010,,,,,,,,,13.000,138.000,,,,,,,,,,,,,,,28.890,30.050,29.990,2857331.000,0.010785,29.980,29.990,199319.000,1.000,1.000,29.160,,0.010785,0.005,0.004,0.007,0.007,0.004
79915,2017/10/03,,11,1,1382,65129010,NFX,NEWFIELD EXPLORATION CO,,NFX,211111,N,A,R,30044,0,1,1382,65129010,,,,,,,,,13.000,138.000,,,,,,,,,,,,,,,29.970,30.420,30.370,3099836.000,0.012671,30.360,30.370,199319.000,1.000,1.000,30.130,,0.012671,0.002,0.002,0.003,0.003,0.002
79915,2017/10/04,,11,1,1382,65129010,NFX,NEWFIELD EXPLORATION CO,,NFX,211111,N,A,R,30044,0,1,1382,65129010,,,,,,,,,13.000,138.000,,,,,,,,,,,,,,,29.990,30.680,30.300,1952336.000,-0.002305,30.300,30.310,199319.000,1.000,1.000,30.440,,-0.002305,0.001,0.001,0.001,0.001,0.001
79915,2017/10/05,,11,1,1382,65129010,NFX,NEWFIELD EXPLORATION CO,,NFX,211111,N,A,R,30044,0,1,1382,65129010,,,,,,,,,13.000,138.000,,,,,,,,,,,,,,,30.230,30.690,30.470,1596935.000,0.005611,30.460,30.470,199319.000,1.000,1.000,30.350,,0.005611,0.005,0.005,0.004,0.004,0.006
79915,2017/10/06,,11,1,1382,65129010,NFX,NEWFIELD EXPLORATION CO,,NFX,211111,N,A,R,30044,0,1,1382,65129010,,,,,,,,,13.000,138.000,,,,,,,,,,,,,,,30.070,30.490,30.250,2893542.000,-0.007220,30.240,30.250,199319.000,1.000,1.000,30.220,,-0.007220,-0.001,-0.001,-0.001,-0.001,-0.001
79915,2017/10/09,,11,1,1382,65129010,NFX,NEWFIELD EXPLORATION CO,,NFX,211111,N,A,R,30044,0,1,1382,65129010,,,,,,,,,13.000,138.000,,,,,,,,,,,,,,,29.850,30.400,29.990,1814341.000,-0.008595,29.980,29.990,199319.000,1.000,1.000,30.250,,-0.008595,-0.002,-0.002,-0.002,-0.002,-0.002
79915,2017/10/10,,11,1,1382,65129010,NFX,NEWFIELD EXPLORATION CO,,NFX,211111,N,A,R,30044,0,1,1382,65129010,,,,,,,,,13.000,138.000,,,,,,,,,,,,,,,29.910,30.610,30.160,3021605.000,0.005669,30.150,30.160,199319.000,1.000,1.000,30.410,,0.005669,0.003,0.003,0.003,0.003,0.002
79915,2017/10/11,,11,1,1382,65129010,NFX,NEWFIELD EXPLORATION CO,,NFX,211111,N,A,R,30044,0,1,1382,65129010,,,,,,,,,13.000,138.000,,,,,,,,,,,,,,,29.870,30.350,30.230,3217179.000,0.002321,30.220,30.230,199319.000,1.000,1.000,30.250,,0.002321,0.002,0.002,0.001,0.001,0.002
79915,2017/10/12,,11,1,1382,65129010,NFX,NEWFIELD EXPLORATION CO,,NFX,211111,N,A,R,30044,0,1,1382,65129010,,,,,,,,,13.000,138.000,,,,,,,,,,,,,,,29.530,30.030,29.780,1926486.000,-0.014886,29.770,29.780,199319.000,1.000,1.000,29.800,,-0.014886,-0.002,-0.002,-0.002,-0.003,-0.002
79915,2017/10/13,,11,1,1382,65129010,NFX,NEWFIELD EXPLORATION CO,,NFX,211111,N,A,R,30044,0,1,1382,65129010,,,,,,,,,13.000,138.000,,,,,,,,,,,,,,,29.440,30.140,29.650,2606542.000,-0.004365,29.650,29.660,199319.000,1.000,1.000,30.040,,-0.004365,0.001,0.001,0.000,0.000,0.001
79915,2017/10/16,,11,1,1382,65129010,NFX,NEWFIELD EXPLORATION CO,,NFX,211111,N,A,R,30044,0,1,1382,65129010,,,,,,,,,13.000,138.000,,,,,,,,,,,,,,,29.890,30.770,30.020,2831208.000,0.012479,30.000,30.010,199319.000,1.000,1.000,29.950,,0.012479,0.001,0.001,-0.002,-0.002,0.002
79915,2017/10/17,,11,1,1382,65129010,NFX,NEWFIELD EXPLORATION CO,,NFX,211111,N,A,R,30044,0,1,1382,65129010,,,,,,,,,13.000,138.000,,,,,,,,,,,,,,,29.555,30.330,30.220,2645125.000,0.006662,30.220,30.230,199319.000,1.000,1.000,30.110,,0.006662,-0.000,-0.000,-0.003,-0.003,0.001
79915,2017/10/18,,11,1,1382,65129010,NFX,NEWFIELD EXPLORATION CO,,NFX,211111,N,A,R,30044,0,1,1382,65129010,,,,,,,,,13.000,138.000,,,,,,,,,,,,,,,29.630,30.500,29.650,1885911.000,-0.018862,29.650,29.660,199319.000,1.000,1.000,30.270,,-0.018862,0.001,0.001,0.001,0.001,0.001
79915,2017/10/19,,11,1,1382,65129010,NFX,NEWFIELD EXPLORATION CO,,NFX,211111,N,A,R,30044,0,1,1382,65129010,,,,,,,,,13.000,138.000,,,,,,,,,,,,,,,29.100,29.830,29.270,3191993.000,-0.012816,29.260,29.270,199319.000,1.000,1.000,29.360,,-0.012816,-0.000,-0.000,-0.002,-0.002,0.000
79915,2017/10/20,,11,1,1382,65129010,NFX,NEWFIELD EXPLORATION CO,,NFX,211111,N,A,R,30044,0,1,1382,65129010,,,,,,,,,13.000,138.000,,,,,,,,,,,,,,,29.200,29.835,29.780,2973371.000,0.017424,29.760,29.770,199319.000,1.000,1.000,29.460,,0.017424,0.004,0.004,0.003,0.003,0.005
79915,2017/10/23,,11,1,1382,65129010,NFX,NEWFIELD EXPLORATION CO,,NFX,211111,N,A,R,30044,0,1,1382,65129010,,,,,,,,,13.000,138.000,,,,,,,,,,,,,,,28.510,29.905,28.520,2967308.000,-0.042310,28.520,28.530,199319.000,1.000,1.000,29.830,,-0.042310,-0.004,-0.004,-0.006,-0.006,-0.004
79915,2017/10/24,,11,1,1382,65129010,NFX,NEWFIELD EXPLORATION CO,,NFX,211111,N,A,R,30044,0,1,1382,65129010,,,,,,,,,13.000,138.000,,,,,,,,,,,,,,,28.570,29.110,28.810,2642783.000,0.010168,28.820,28.830,199319.000,1.000,1.000,28.830,,0.010168,0.002,0.002,0.000,0.000,0.002
79915,2017/10/25,,11,1,1382,65129010,NFX,NEWFIELD EXPLORATION CO,,NFX,211111,N,A,R,30044,0,1,1382,65129010,,,,,,,,,13.000,138.000,,,,,,,,,,,,,,,28.320,29.081,28.820,2779200.000,0.000347,28.810,28.820,199319.000,1.000,1.000,28.650,,0.000347,-0.005,-0.005,-0.005,-0.005,-0.005
79915,2017/10/26,,11,1,1382,65129010,NFX,NEWFIELD EXPLORATION CO,,NFX,211111,N,A,R,30044,0,1,1382,65129010,,,,,,,,,13.000,138.000,,,,,,,,,,,,,,,28.060,29.110,29.070,2199870.000,0.008675,29.070,29.080,199319.000,1.000,1.000,28.760,,0.008675,0.001,0.001,-0.000,-0.000,0.001
79915,2017/10/27,,11,1,1382,65129010,NFX,NEWFIELD EXPLORATION CO,,NFX,211111,N,A,R,30044,0,1,1382,65129010,,,,,,,,,13.000,138.000,,,,,,,,,,,,,,,28.830,30.140,30.100,3349922.000,0.035432,30.100,30.110,199319.000,1.000,1.000,28.910,,0.035432,0.008,0.008,0.004,0.004,0.008
79915,2017/10/30,,11,1,1382,65129010,NFX,NEWFIELD EXPLORATION CO,,NFX,211111,N,A,R,30044,0,1,1382,65129010,,,,,,,,,13.000,138.000,,,,,,,,,,,,,,,29.880,30.520,30.090,3095051.000,-0.000332,30.080,30.090,199319.000,1.000,1.000,30.250,,-0.000332,-0.003,-0.003,-0.005,-0.005,-0.003
79915,2017/10/31,,11,1,1382,65129010,NFX,NEWFIELD EXPLORATION CO,,NFX,211111,N,A,R,30044,0,1,1382,65129010,,,,,,,,0.000,13.000,138.000,,,,,,,,,,,,,,,29.940,31.150,30.790,4769673.000,0.023264,30.790,30.800,199619.000,1.000,1.000,30.060,,0.023264,0.002,0.002,0.004,0.004,0.001
79915,2017/11/01,,11,1,1382,65129010,NFX,NEWFIELD EXPLORATION CO,,NFX,211111,N,A,R,30044,0,1,1382,65129010,,,,,,,,,13.000,138.000,,,,,,,,,,,,,,,30.310,31.970,30.900,7466652.000,0.003573,30.900,30.910,199619.000,1.000,1.000,31.910,,0.003573,0.001,0.001,-0.002,-0.002,0.002
79915,2017/11/02,,11,1,1382,65129010,NFX,NEWFIELD EXPLORATION CO,,NFX,211111,N,A,R,30044,0,1,1382,65129010,,,,,,,,,13.000,138.000,,,,,,,,,,,,,,,29.065,31.140,29.490,4317779.000,-0.045631,29.480,29.490,199619.000,1.000,1.000,30.860,,-0.045631,0.000,0.000,0.001,0.001,0.000
79915,2017/11/03,,11,1,1382,65129010,NFX,NEWFIELD EXPLORATION CO,,NFX,211111,N,A,R,30044,0,1,1382,65129010,,,,,,,,,13.000,138.000,,,,,,,,,,,,,,,29.430,30.945,30.660,3517128.000,0.039674,30.650,30.660,199619.000,1.000,1.000,29.450,,0.039674,0.003,0.003,0.001,0.001,0.003
79915,2017/11/06,,11,1,1382,65129010,NFX,NEWFIELD EXPLORATION CO,,NFX,211111,N,A,R,30044,0,1,1382,65129010,,,,,,,,,13.000,138.000,,,,,,,,,,,,,,,30.860,33.100,33.070,4894918.000,0.078604,33.060,33.070,199619.000,1.000,1.000,30.960,,0.078604,0.002,0.002,0.004,0.004,0.001
79915,2017/11/07,,11,1,1382,65129010,NFX,NEWFIELD EXPLORATION CO,,NFX,211111,N,A,R,30044,0,1,1382,65129010,,,,,,,,,13.000,138.000,,,,,,,,,,,,,,,32.480,33.240,32.860,3577068.000,-0.006350,32.850,32.860,199619.000,1.000,1.000,33.020,,-0.006350,-0.002,-0.002,-0.007,-0.007,-0.000
79915,2017/11/08,,11,1,1382,65129010,NFX,NEWFIELD EXPLORATION CO,,NFX,211111,N,A,R,30044,0,1,1382,65129010,,,,,,,,,13.000,138.000,,,,,,,,,,,,,,,31.950,32.860,32.280,2300125.000,-0.017651,32.280,32.290,199619.000,1.000,1.000,32.710,,-0.017651,0.001,0.001,0.000,0.000,0.001
79915,2017/11/09,,11,1,1382,65129010,NFX,NEWFIELD EXPLORATION CO,,NFX,211111,N,A,R,30044,0,1,1382,65129010,,,,,,,,,13.000,138.000,,,,,,,,,,,,,,,31.920,33.310,32.990,2077004.000,0.021995,32.990,33.000,199619.000,1.000,1.000,32.060,,0.021995,-0.004,-0.004,-0.001,-0.002,-0.004
79915,2017/11/10,,11,1,1382,65129010,NFX,NEWFIELD EXPLORATION CO,,NFX,211111,N,A,R,30044,0,1,1382,65129010,,,,,,,,,13.000,138.000,,,,,,,,,,,,,,,32.470,33.330,33.310,2648913.000,0.009700,33.300,33.310,199619.000,1.000,1.000,32.830,,0.009700,-0.000,-0.001,0.000,0.000,-0.001
79915,2017/11/13,,11,1,1382,65129010,NFX,NEWFIELD EXPLORATION CO,,NFX,211111,N,A,R,30044,0,1,1382,65129010,,,,,,,,,13.000,138.000,,,,,,,,,,,,,,,32.030,33.280,32.090,3122196.000,-0.036626,32.090,32.100,199619.000,1.000,1.000,33.220,,-0.036626,0.000,0.000,-0.002,-0.002,0.001
79915,2017/11/14,,11,1,1382,65129010,NFX,NEWFIELD EXPLORATION CO,,NFX,211111,N,A,R,30044,0,1,1382,65129010,,,,,,,,,13.000,138.000,,,,,,,,,,,,,,,29.770,31.960,29.820,4928662.000,-0.070739,29.810,29.820,199619.000,1.000,1.000,31.960,,-0.070739,-0.003,-0.003,-0.004,-0.005,-0.002
79915,2017/11/15,,11,1,1382,65129010,NFX,NEWFIELD EXPLORATION CO,,NFX,211111,N,A,R,30044,0,1,1382,65129010,,,,,,,,,13.000,138.000,,,,,,,,,,,,,,,28.991,29.880,29.570,2954721.000,-0.008384,29.560,29.570,199619.000,1.000,1.000,29.400,,-0.008384,-0.005,-0.005,-0.003,-0.003,-0.006
79915,2017/11/16,,11,1,1382,65129010,NFX,NEWFIELD EXPLORATION CO,,NFX,211111,N,A,R,30044,0,1,1382,65129010,,,,,,,,,13.000,138.000,,,,,,,,,,,,,,,29.350,29.870,29.440,1665462.000,-0.004396,29.440,29.450,199619.000,1.000,1.000,29.620,,-0.004396,0.009,0.009,0.012,0.012,0.008
79915,2017/11/17,,11,1,1382,65129010,NFX,NEWFIELD EXPLORATION CO,,NFX,211111,N,A,R,30044,0,1,1382,65129010,,,,,,,,,13.000,138.000,,,,,,,,,,,,,,,29.720,30.370,30.300,1814926.000,0.029212,30.290,30.300,199619.000,1.000,1.000,29.740,,0.029212,-0.001,-0.001,0.005,0.005,-0.003
79915,2017/11/20,,11,1,1382,65129010,NFX,NEWFIELD EXPLORATION CO,,NFX,211111,N,A,R,30044,0,1,1382,65129010,,,,,,,,,13.000,138.000,,,,,,,,,,,,,,,29.190,30.185,30.010,1435052.000,-0.009571,30.010,30.020,199619.000,1.000,1.000,30.090,,-0.009571,0.002,0.002,0.003,0.003,0.001
79915,2017/11/21,,11,1,1382,65129010,NFX,NEWFIELD EXPLORATION CO,,NFX,211111,N,A,R,30044,0,1,1382,65129010,,,,,,,,,13.000,138.000,,,,,,,,,,,,,,,29.671,30.500,30.180,1917986.000,0.005665,30.170,30.180,199619.000,1.000,1.000,30.290,,0.005665,0.007,0.007,0.005,0.005,0.007
79915,2017/11/22,,11,1,1382,65129010,NFX,NEWFIELD EXPLORATION CO,,NFX,211111,N,A,R,30044,0,1,1382,65129010,,,,,,,,,13.000,138.000,,,,,,,,,,,,,,,30.540,30.920,30.660,1238552.000,0.015905,30.660,30.670,199619.000,1.000,1.000,30.670,,0.015905,-0.000,-0.000,0.003,0.003,-0.001
79915,2017/11/24,,11,1,1382,65129010,NFX,NEWFIELD EXPLORATION CO,,NFX,211111,N,A,R,30044,0,1,1382,65129010,,,,,,,,,13.000,138.000,,,,,,,,,,,,,,,30.620,31.110,30.740,589218.000,0.002609,30.720,30.730,199619.000,1.000,1.000,30.980,,0.002609,0.002,0.002,0.003,0.003,0.002
79915,2017/11/27,,11,1,1382,65129010,NFX,NEWFIELD EXPLORATION CO,,NFX,211111,N,A,R,30044,0,1,1382,65129010,,,,,,,,,13.000,138.000,,,,,,,,,,,,,,,29.690,30.600,29.690,1742166.000,-0.034157,29.720,29.730,199619.000,1.000,1.000,30.540,,-0.034157,-0.002,-0.002,-0.003,-0.003,-0.000
79915,2017/11/28,,11,1,1382,65129010,NFX,NEWFIELD EXPLORATION CO,,NFX,211111,N,A,R,30044,0,1,1382,65129010,,,,,,,,,13.000,138.000,,,,,,,,,,,,,,,29.420,30.020,29.920,1073007.000,0.007747,29.910,29.920,199619.000,1.000,1.000,29.650,,0.007747,0.009,0.009,0.006,0.006,0.010
79915,2017/11/29,,11,1,1382,65129010,NFX,NEWFIELD EXPLORATION CO,,NFX,211111,N,A,R,30044,0,1,1382,65129010,,,,,,,,,13.000,138.000,,,,,,,,,,,,,,,29.530,30.440,30.100,1520597.000,0.006016,30.090,30.100,199619.000,1.000,1.000,29.920,,0.006016,-0.001,-0.001,-0.000,-0.000,-0.000
79915,2017/11/30,,11,1,1382,65129010,NFX,NEWFIELD EXPLORATION CO,,NFX,211111,N,A,R,30044,0,1,1382,65129010,,,,,,,,0.000,13.000,138.000,,,,,,,,,,,,,,,30.350,31.170,30.930,2411822.000,0.027575,30.920,30.930,199619.000,1.000,1.000,30.480,,0.027575,0.007,0.007,0.002,0.002,0.008
79915,2017/12/01,,11,1,1382,65129010,NFX,NEWFIELD EXPLORATION CO,,NFX,211111,N,A,R,30044,0,1,1382,65129010,,,,,,,,,13.000,138.000,,,,,,,,,,,,,,,31.080,32.305,31.880,2315377.000,0.030714,31.880,31.890,199619.000,1.000,1.000,31.290,,0.030714,-0.001,-0.001,-0.001,-0.001,-0.002
79915,2017/12/04,,11,1,1382,65129010,NFX,NEWFIELD EXPLORATION CO,,NFX,211111,N,A,R,30044,0,1,1382,65129010,,,,,,,,,13.000,138.000,,,,,,,,,,,,,,,31.300,32.210,31.400,1945836.000,-0.015056,31.390,31.400,199619.000,1.000,1.000,31.850,,-0.015056,-0.002,-0.002,-0.002,-0.002,-0.001
79915,2017/12/05,,11,1,1382,65129010,NFX,NEWFIELD EXPLORATION CO,,NFX,211111,N,A,R,30044,0,1,1382,65129010,,,,,,,,,13.000,138.000,,,,,,,,,,,,,,,30.500,31.260,30.560,1968000.000,-0.026752,30.560,30.570,199619.000,1.000,1.000,31.180,,-0.026752,-0.004,-0.004,-0.005,-0.005,-0.004
79915,2017/12/06,,11,1,1382,65129010,NFX,NEWFIELD EXPLORATION CO,,NFX,211111,N,A,R,30044,0,1,1382,65129010,,,,,,,,,13.000,138.000,,,,,,,,,,,,,,,28.420,30.300,28.440,2815975.000,-0.069372,28.440,28.450,199619.000,1.000,1.000,30.260,,-0.069372,-0.001,-0.001,-0.006,-0.006,-0.000
79915,2017/12/07,,11,1,1382,65129010,NFX,NEWFIELD EXPLORATION CO,,NFX,211111,N,A,R,30044,0,1,1382,65129010,,,,,,,,,13.000,138.000,,,,,,,,,,,,,,,28.050,29.000,28.860,1896408.000,0.014768,28.850,28.860,199619.000,1.000,1.000,28.500,,0.014768,0.004,0.004,0.005,0.005,0.003
79915,2017/12/08,,11,1,1382,65129010,NFX,NEWFIELD EXPLORATION CO,,NFX,211111,N,A,R,30044,0,1,1382,65129010,,,,,,,,,13.000,138.000,,,,,,,,,,,,,,,29.150,30.090,29.390,2781178.000,0.018364,29.380,29.390,199619.000,1.000,1.000,29.310,,0.018364,0.005,0.005,0.003,0.003,0.006
79915,2017/12/11,,11,1,1382,65129010,NFX,NEWFIELD EXPLORATION CO,,NFX,211111,N,A,R,30044,0,1,1382,65129010,,,,,,,,,13.000,138.000,,,,,,,,,,,,,,,29.470,30.580,30.360,2253181.000,0.033004,30.350,30.360,199619.000,1.000,1.000,29.470,,0.033004,0.003,0.003,0.002,0.001,0.003
79915,2017/12/12,,11,1,1382,65129010,NFX,NEWFIELD EXPLORATION CO,,NFX,211111,N,A,R,30044,0,1,1382,65129010,,,,,,,,,13.000,138.000,,,,,,,,,,,,,,,29.770,30.570,30.240,1887195.000,-0.003953,30.230,30.240,199619.000,1.000,1.000,30.570,,-0.003953,0.001,0.001,-0.002,-0.002,0.002
79915,2017/12/13,,11,1,1382,65129010,NFX,NEWFIELD EXPLORATION CO,,NFX,211111,N,A,R,30044,0,1,1382,65129010,,,,,,,,,13.000,138.000,,,,,,,,,,,,,,,29.025,30.300,29.070,2078790.000,-0.038690,29.060,29.070,199619.000,1.000,1.000,30.300,,-0.038690,0.001,0.001,0.004,0.004,-0.000
79915,2017/12/14,,11,1,1382,65129010,NFX,NEWFIELD EXPLORATION CO,,NFX,211111,N,A,R,30044,0,1,1382,65129010,,,,,,,,,13.000,138.000,,,,,,,,,,,,,,,28.620,29.300,28.630,1719488.000,-0.015136,28.630,28.640,199619.000,1.000,1.000,28.970,,-0.015136,-0.004,-0.005,-0.005,-0.005,-0.004
79915,2017/12/15,,11,1,1382,65129010,NFX,NEWFIELD EXPLORATION CO,,NFX,211111,N,A,R,30044,0,1,1382,65129010,,,,,,,,,13.000,138.000,,,,,,,,,,,,,,,27.770,29.060,27.810,3607497.000,-0.028641,27.810,27.820,199619.000,1.000,1.000,29.050,,-0.028641,0.008,0.008,0.007,0.007,0.009
79915,2017/12/18,,11,1,1382,65129010,NFX,NEWFIELD EXPLORATION CO,,NFX,211111,N,A,R,30044,0,1,1382,65129010,,,,,,,,,13.000,138.000,,,,,,,,,,,,,,,27.960,28.950,28.740,2451434.000,0.033441,28.740,28.750,199619.000,1.000,1.000,28.110,,0.033441,0.007,0.007,0.009,0.009,0.005
79915,2017/12/19,,11,1,1382,65129010,NFX,NEWFIELD EXPLORATION CO,,NFX,211111,N,A,R,30044,0,1,1382,65129010,,,,,,,,,13.000,138.000,,,,,,,,,,,,,,,28.840,29.980,29.840,2737407.000,0.038274,29.830,29.840,199619.000,1.000,1.000,29.040,,0.038274,-0.003,-0.004,-0.004,-0.004,-0.003
79915,2017/12/20,,11,1,1382,65129010,NFX,NEWFIELD EXPLORATION CO,,NFX,211111,N,A,R,30044,0,1,1382,65129010,,,,,,,,,13.000,138.000,,,,,,,,,,,,,,,29.480,30.480,30.430,1910396.000,0.019772,30.440,30.450,199619.000,1.000,1.000,30.120,,0.019772,-0.000,-0.000,0.003,0.003,-0.001
79915,2017/12/21,,11,1,1382,65129010,NFX,NEWFIELD EXPLORATION CO,,NFX,211111,N,A,R,30044,0,1,1382,65129010,,,,,,,,,13.000,138.000,,,,,,,,,,,,,,,29.890,31.210,31.010,3090131.000,0.019060,31.010,31.020,199619.000,1.000,1.000,30.310,,0.019060,0.003,0.002,0.005,0.004,0.002
79915,2017/12/22,,11,1,1382,65129010,NFX,NEWFIELD EXPLORATION CO,,NFX,211111,N,A,R,30044,0,1,1382,65129010,,,,,,,,,13.000,138.000,,,,,,,,,,,,,,,30.640,31.760,31.460,1321811.000,0.014511,31.460,31.470,199619.000,1.000,1.000,31.000,,0.014511,-0.000,-0.000,0.000,0.000,-0.000
79915,2017/12/26,,11,1,1382,65129010,NFX,NEWFIELD EXPLORATION CO,,NFX,211111,N,A,R,30044,0,1,1382,65129010,,,,,,,,,13.000,138.000,,,,,,,,,,,,,,,31.390,32.350,32.190,1209664.000,0.023204,32.180,32.190,199619.000,1.000,1.000,31.600,,0.023204,-0.000,-0.000,0.002,0.002,-0.001
79915,2017/12/27,,11,1,1382,65129010,NFX,NEWFIELD EXPLORATION CO,,NFX,211111,N,A,R,30044,0,1,1382,65129010,,,,,,,,,13.000,138.000,,,,,,,,,,,,,,,31.640,32.130,31.820,1267157.000,-0.011494,31.820,31.830,199619.000,1.000,1.000,32.060,,-0.011494,0.001,0.001,0.001,0.001,0.001
79915,2017/12/28,,11,1,1382,65129010,NFX,NEWFIELD EXPLORATION CO,,NFX,211111,N,A,R,30044,0,1,1382,65129010,,,,,,,,,13.000,138.000,,,,,,,,,,,,,,,31.600,32.130,31.980,1480667.000,0.005028,31.970,31.980,199619.000,1.000,1.000,31.880,,0.005028,0.003,0.002,0.003,0.003,0.002
79915,2017/12/29,,11,1,1382,65129010,NFX,NEWFIELD EXPLORATION CO,,NFX,211111,N,A,R,30044,0,1,1382,65129010,,,,,,,,0.000,13.000,138.000,,,,,,,,,,,,,,,31.520,32.260,31.530,1133396.000,-0.014071,31.530,31.540,199619.000,1.000,1.000,32.240,,-0.014071,-0.005,-0.005,-0.003,-0.003,-0.005
79915,2018/01/02,,11,1,1382,65129010,NFX,NEWFIELD EXPLORATION CO,,NFX,211111,N,A,R,30044,0,1,1382,65129010,,,,,,,,,13.000,138.000,,,,,,,,,,,,,,,31.810,32.910,32.900,2408374.000,0.043451,32.890,32.900,199619.000,1.000,1.000,31.840,,0.043451,0.008,0.008,0.011,0.011,0.008
79915,2018/01/03,,11,1,1382,65129010,NFX,NEWFIELD EXPLORATION CO,,NFX,211111,N,A,R,30044,0,1,1382,65129010,,,,,,,,,13.000,138.000,,,,,,,,,,,,,,,32.920,33.580,33.100,3967329.000,0.006079,33.100,33.110,199619.000,1.000,1.000,33.000,,0.006079,0.006,0.006,0.005,0.005,0.006
79915,2018/01/04,,11,1,1382,65129010,NFX,NEWFIELD EXPLORATION CO,,NFX,211111,N,A,R,30044,0,1,1382,65129010,,,,,,,,,13.000,138.000,,,,,,,,,,,,,,,33.020,33.970,33.840,3462188.000,0.022357,33.830,33.840,199619.000,1.000,1.000,33.720,,0.022357,0.004,0.004,0.005,0.005,0.004
79915,2018/01/05,,11,1,1382,65129010,NFX,NEWFIELD EXPLORATION CO,,NFX,211111,N,A,R,30044,0,1,1382,65129010,,,,,,,,,13.000,138.000,,,,,,,,,,,,,,,33.060,34.015,33.920,3217955.000,0.002364,33.910,33.920,199619.000,1.000,1.000,33.550,,0.002364,0.006,0.006,0.004,0.004,0.007
79915,2018/01/08,,11,1,1382,65129010,NFX,NEWFIELD EXPLORATION CO,,NFX,211111,N,A,R,30044,0,1,1382,65129010,,,,,,,,,13.000,138.000,,,,,,,,,,,,,,,33.660,34.935,34.800,3041924.000,0.025943,34.790,34.800,199619.000,1.000,1.000,33.890,,0.025943,0.002,0.002,0.001,0.001,0.002
79915,2018/01/09,,11,1,1382,65129010,NFX,NEWFIELD EXPLORATION CO,,NFX,211111,N,A,R,30044,0,1,1382,65129010,,,,,,,,,13.000,138.000,,,,,,,,,,,,,,,34.400,35.200,34.520,2124811.000,-0.008046,34.510,34.520,199619.000,1.000,1.000,34.890,,-0.008046,0.001,0.001,-0.002,-0.002,0.001
79915,2018/01/10,,11,1,1382,65129010,NFX,NEWFIELD EXPLORATION CO,,NFX,211111,N,A,R,30044,0,1,1382,65129010,,,,,,,,,13.000,138.000,,,,,,,,,,,,,,,33.945,35.040,34.030,2135996.000,-0.014195,34.020,34.030,199619.000,1.000,1.000,34.710,,-0.014195,-0.001,-0.001,0.000,0.000,-0.001
79915,2018/01/11,,11,1,1382,65129010,NFX,NEWFIELD EXPLORATION CO,,NFX,211111,N,A,R,30044,0,1,1382,65129010,,,,,,,,,13.000,138.000,,,,,,,,,,,,,,,33.980,35.150,34.600,2212221.000,0.016750,34.580,34.590,199619.000,1.000,1.000,34.250,,0.016750,0.008,0.008,0.012,0.012,0.007
79915,2018/01/12,,11,1,1382,65129010,NFX,NEWFIELD EXPLORATION CO,,NFX,211111,N,A,R,30044,0,1,1382,65129010,,,,,,,,,13.000,138.000,,,,,,,,,,,,,,,34.060,34.820,34.750,2046538.000,0.004335,34.740,34.750,199619.000,1.000,1.000,34.630,,0.004335,0.006,0.006,0.004,0.004,0.007
79915,2018/01/16,,11,1,1382,65129010,NFX,NEWFIELD EXPLORATION CO,,NFX,211111,N,A,R,30044,0,1,1382,65129010,,,,,,,,,13.000,138.000,,,,,,,,,,,,,,,34.080,35.120,34.100,1926615.000,-0.018705,34.100,34.110,199619.000,1.000,1.000,34.950,,-0.018705,-0.004,-0.004,-0.007,-0.007,-0.004
79915,2018/01/17,,11,1,1382,65129010,NFX,NEWFIELD EXPLORATION CO,,NFX,211111,N,A,R,30044,0,1,1382,65129010,,,,,,,,,13.000,138.000,,,,,,,,,,,,,,,33.760,34.700,34.330,2186744.000,0.006745,34.330,34.340,199619.000,1.000,1.000,34.330,,0.006745,0.009,0.009,0.005,0.005,0.009
79915,2018/01/18,,11,1,1382,65129010,NFX,NEWFIELD EXPLORATION CO,,NFX,211111,N,A,R,30044,0,1,1382,65129010,,,,,,,,,13.000,138.000,,,,,,,,,,,,,,,33.700,34.400,33.740,2243593.000,-0.017186,33.720,33.730,199619.000,1.000,1.000,34.330,,-0.017186,-0.002,-0.002,-0.003,-0.003,-0.002
79915,2018/01/19,,11,1,1382,65129010,NFX,NEWFIELD EXPLORATION CO,,NFX,211111,N,A,R,30044,0,1,1382,65129010,,,,,,,,,13.000,138.000,,,,,,,,,,,,,,,33.000,33.480,33.320,3670246.000,-0.012448,33.310,33.320,199619.000,1.000,1.000,33.460,,-0.012448,0.005,0.005,0.007,0.007,0.004
79915,2018/01/22,,11,1,1382,65129010,NFX,NEWFIELD EXPLORATION CO,,NFX,211111,N,A,R,30044,0,1,1382,65129010,,,,,,,,,13.000,138.000,,,,,,,,,,,,,,,33.470,34.150,34.140,1629794.000,0.024610,34.140,34.150,199619.000,1.000,1.000,33.760,,0.024610,0.008,0.008,0.005,0.005,0.008
79915,2018/01/23,,11,1,1382,65129010,NFX,NEWFIELD EXPLORATION CO,,NFX,211111,N,A,R,30044,0,1,1382,65129010,,,,,,,,,13.000,138.000,,,,,,,,,,,,,,,33.675,34.340,33.860,1893867.000,-0.008201,33.850,33.860,199619.000,1.000,1.000,34.050,,-0.008201,0.003,0.003,0.003,0.003,0.002
79915,2018/01/24,,11,1,1382,65129010,NFX,NEWFIELD EXPLORATION CO,,NFX,211111,N,A,R,30044,0,1,1382,65129010,,,,,,,,,13.000,138.000,,,,,,,,,,,,,,,33.630,34.400,34.130,2431250.000,0.007974,34.120,34.130,199619.000,1.000,1.000,34.020,,0.007974,-0.001,-0.001,-0.002,-0.002,-0.001
79915,2018/01/25,,11,1,1382,65129010,NFX,NEWFIELD EXPLORATION CO,,NFX,211111,N,A,R,30044,0,1,1382,65129010,,,,,,,,,13.000,138.000,,,,,,,,,,,,,,,33.680,34.580,33.810,3444678.000,-0.009376,33.800,33.810,199619.000,1.000,1.000,34.320,,-0.009376,0.000,0.000,-0.000,-0.000,0.001
79915,2018/01/26,,11,1,1382,65129010,NFX,NEWFIELD EXPLORATION CO,,NFX,211111,N,A,R,30044,0,1,1382,65129010,,,,,,,,,13.000,138.000,,,,,,,,,,,,,,,33.510,34.020,33.960,2071192.000,0.004436,33.950,33.960,199619.000,1.000,1.000,33.810,,0.004436,0.010,0.010,0.005,0.005,0.012
79915,2018/01/29,,11,1,1382,65129010,NFX,NEWFIELD EXPLORATION CO,,NFX,211111,N,A,R,30044,0,1,1382,65129010,,,,,,,,,13.000,138.000,,,,,,,,,,,,,,,33.235,34.360,33.330,3558375.000,-0.018551,33.310,33.320,199619.000,1.000,1.000,33.750,,-0.018551,-0.007,-0.007,-0.008,-0.008,-0.007
79915,2018/01/30,,11,1,1382,65129010,NFX,NEWFIELD EXPLORATION CO,,NFX,211111,N,A,R,30044,0,1,1382,65129010,,,,,,,,,13.000,138.000,,,,,,,,,,,,,,,31.460,32.790,31.670,3581755.000,-0.049805,31.670,31.680,199619.000,1.000,1.000,32.680,,-0.049805,-0.010,-0.010,-0.010,-0.010,-0.011
79915,2018/01/31,,11,1,1382,65129010,NFX,NEWFIELD EXPLORATION CO,,NFX,211111,N,A,R,30044,0,1,1382,65129010,,,,,,,,0.000,13.000,138.000,,,,,,,,,,,,,,,31.440,32.320,31.660,2634464.000,-0.000316,31.650,31.660,199619.000,1.000,1.000,31.910,,-0.000316,0.000,0.000,-0.003,-0.003,0.000
79915,2018/02/01,,11,1,1382,65129010,NFX,NEWFIELD EXPLORATION CO,,NFX,211111,N,A,R,30044,0,1,1382,65129010,,,,,,,,,13.000,138.000,,,,,,,,,,,,,,,31.598,32.280,32.060,2256601.000,0.012634,32.060,32.070,199619.000,1.000,1.000,31.750,,0.012634,-0.000,-0.000,-0.001,-0.001,-0.001
79915,2018/02/02,,11,1,1382,65129010,NFX,NEWFIELD EXPLORATION CO,,NFX,211111,N,A,R,30044,0,1,1382,65129010,,,,,,,,,13.000,138.000,,,,,,,,,,,,,,,30.310,31.870,30.360,3736398.000,-0.053026,30.360,30.370,199619.000,1.000,1.000,31.660,,-0.053026,-0.021,-0.021,-0.019,-0.019,-0.021
79915,2018/02/05,,11,1,1382,65129010,NFX,NEWFIELD EXPLORATION CO,,NFX,211111,N,A,R,30044,0,1,1382,65129010,,,,,,,,,13.000,138.000,,,,,,,,,,,,,,,29.280,30.640,29.410,4250786.000,-0.031291,29.410,29.420,199619.000,1.000,1.000,30.000,,-0.031291,-0.038,-0.038,-0.028,-0.028,-0.041
79915,2018/02/06,,11,1,1382,65129010,NFX,NEWFIELD EXPLORATION CO,,NFX,211111,N,A,R,30044,0,1,1382,65129010,,,,,,,,,13.000,138.000,,,,,,,,,,,,,,,28.650,30.130,29.640,3701765.000,0.007820,29.640,29.650,199619.000,1.000,1.000,28.900,,0.007820,0.015,0.015,0.008,0.008,0.017
79915,2018/02/07,,11,1,1382,65129010,NFX,NEWFIELD EXPLORATION CO,,NFX,211111,N,A,R,30044,0,1,1382,65129010,,,,,,,,,13.000,138.000,,,,,,,,,,,,,,,28.460,29.930,28.530,3800172.000,-0.037449,28.520,28.530,199619.000,1.000,1.000,29.570,,-0.037449,-0.004,-0.004,-0.000,-0.001,-0.005
79915,2018/02/08,,11,1,1382,65129010,NFX,NEWFIELD EXPLORATION CO,,NFX,211111,N,A,R,30044,0,1,1382,65129010,,,,,,,,,13.000,138.000,,,,,,,,,,,,,,,26.340,28.840,26.380,3909500.000,-0.075359,26.380,26.390,199619.000,1.000,1.000,28.570,,-0.075359,-0.035,-0.035,-0.023,-0.023,-0.038
79915,2018/02/09,,11,1,1382,65129010,NFX,NEWFIELD EXPLORATION CO,,NFX,211111,N,A,R,30044,0,1,1382,65129010,,,,,,,,,13.000,138.000,,,,,,,,,,,,,,,24.560,26.790,25.980,5406616.000,-0.015163,25.970,25.980,199619.000,1.000,1.000,26.600,,-0.015163,0.012,0.012,0.002,0.002,0.015
79915,2018/02/12,,11,1,1382,65129010,NFX,NEWFIELD EXPLORATION CO,,NFX,211111,N,A,R,30044,0,1,1382,65129010,,,,,,,,,13.000,138.000,,,,,,,,,,,,,,,26.250,27.330,26.780,3838653.000,0.030793,26.770,26.780,199619.000,1.000,1.000,26.440,,0.030793,0.013,0.013,0.011,0.011,0.014
79915,2018/02/13,,11,1,1382,65129010,NFX,NEWFIELD EXPLORATION CO,,NFX,211111,N,A,R,30044,0,1,1382,65129010,,,,,,,,,13.000,138.000,,,,,,,,,,,,,,,26.010,26.780,26.110,2816644.000,-0.025019,26.110,26.120,199619.000,1.000,1.000,26.440,,-0.025019,0.003,0.003,0.003,0.003,0.003
79915,2018/02/14,,11,1,1382,65129010,NFX,NEWFIELD EXPLORATION CO,,NFX,211111,N,A,R,30044,0,1,1382,65129010,,,,,,,,,13.000,138.000,,,,,,,,,,,,,,,25.410,26.780,26.730,3524933.000,0.023746,26.720,26.730,199619.000,1.000,1.000,25.700,,0.023746,0.014,0.014,0.013,0.013,0.013
79915,2018/02/15,,11,1,1382,65129010,NFX,NEWFIELD EXPLORATION CO,,NFX,211111,N,A,R,30044,0,1,1382,65129010,,,,,,,,,13.000,138.000,,,,,,,,,,,,,,,25.045,26.870,25.690,4520733.000,-0.038908,25.690,25.700,199619.000,1.000,1.000,26.870,,-0.038908,0.011,0.011,0.007,0.007,0.012
79915,2018/02/16,,11,1,1382,65129010,NFX,NEWFIELD EXPLORATION CO,,NFX,211111,N,A,R,30044,0,1,1382,65129010,,,,,,,,,13.000,138.000,,,,,,,,,,,,,,,25.510,26.570,25.900,4352675.000,0.008174,25.890,25.900,199619.000,1.000,1.000,25.560,,0.008174,0.000,0.000,0.001,0.001,0.000
79915,2018/02/20,,11,1,1382,65129010,NFX,NEWFIELD EXPLORATION CO,,NFX,211111,N,A,R,30044,0,1,1382,65129010,,,,,,,,,13.000,138.000,,,,,,,,,,,,,,,25.555,26.400,25.730,5699220.000,-0.006564,25.720,25.730,199619.000,1.000,1.000,26.030,,-0.006564,-0.006,-0.006,-0.007,-0.007,-0.006
79915,2018/02/21,,11,1,1382,65129010,NFX,NEWFIELD EXPLORATION CO,,NFX,211111,N,A,R,30044,0,1,1382,65129010,,,,,,,,,13.000,138.000,,,,,,,,,,,,,,,23.100,25.020,23.200,13105350.000,-0.098329,23.190,23.200,199619.000,1.000,1.000,24.330,,-0.098329,-0.004,-0.004,-0.000,-0.000,-0.005
79915,2018/02/22,,11,1,1382,65129010,NFX,NEWFIELD EXPLORATION CO,,NFX,211111,N,A,R,30044,0,1,1382,65129010,,,,,,,,,13.000,138.000,,,,,,,,,,,,,,,22.960,24.230,23.460,7312432.000,0.011207,23.450,23.460,199619.000,1.000,1.000,23.600,,0.011207,0.000,0.000,-0.001,-0.002,0.001
79915,2018/02/23,,11,1,1382,65129010,NFX,NEWFIELD EXPLORATION CO,,NFX,211111,N,A,R,30044,0,1,1382,65129010,,,,,,,,,13.000,138.000,,,,,,,,,,,,,,,23.560,24.700,24.660,6302475.000,0.051151,24.650,24.660,199619.000,1.000,1.000,23.670,,0.051151,0.015,0.015,0.010,0.010,0.016
79915,2018/02/26,,11,1,1382,65129010,NFX,NEWFIELD EXPLORATION CO,,NFX,211111,N,A,R,30044,0,1,1382,65129010,,,,,,,,,13.000,138.000,,,,,,,,,,,,,,,24.410,25.060,24.860,4971429.000,0.008110,24.860,24.870,199619.000,1.000,1.000,24.750,,0.008110,0.010,0.010,0.006,0.006,0.012
79915,2018/02/27,,11,1,1382,65129010,NFX,NEWFIELD EXPLORATION CO,,NFX,211111,N,A,R,30044,0,1,1382,65129010,,,,,,,,,13.000,138.000,,,,,,,,,,,,,,,24.230,25.010,24.240,4065338.000,-0.024940,24.250,24.260,199619.000,1.000,1.000,24.740,,-0.024940,-0.013,-0.013,-0.012,-0.012,-0.013
79915,2018/02/28,,11,1,1382,65129010,NFX,NEWFIELD EXPLORATION CO,,NFX,211111,N,A,R,30044,0,1,1382,65129010,,,,,,,,0.000,13.000,138.000,,,,,,,,,,,,,,,23.310,24.620,23.330,5292428.000,-0.037541,23.320,23.330,199722.000,1.000,1.000,24.360,,-0.037541,-0.011,-0.011,-0.010,-0.010,-0.011
79915,2018/03/01,,11,1,1382,65129010,NFX,NEWFIELD EXPLORATION CO,,NFX,211111,N,A,R,30044,0,1,1382,65129010,,,,,,,,,13.000,138.000,,,,,,,,,,,,,,,23.240,23.940,23.350,4548183.000,0.000857,23.340,23.350,199722.000,1.000,1.000,23.400,,0.000857,-0.011,-0.011,-0.004,-0.004,-0.013
79915,2018/03/02,,11,1,1382,65129010,NFX,NEWFIELD EXPLORATION CO,,NFX,211111,N,A,R,30044,0,1,1382,65129010,,,,,,,,,13.000,138.000,,,,,,,,,,,,,,,23.050,24.010,23.960,3771395.000,0.026124,23.950,23.960,199722.000,1.000,1.000,23.300,,0.026124,0.006,0.006,0.010,0.009,0.005
79915,2018/03/05,,11,1,1382,65129010,NFX,NEWFIELD EXPLORATION CO,,NFX,211111,N,A,R,30044,0,1,1382,65129010,,,,,,,,,13.000,138.000,,,,,,,,,,,,,,,23.880,24.620,24.380,3728369.000,0.017529,24.370,24.380,199722.000,1.000,1.000,23.950,,0.017529,0.010,0.010,0.008,0.008,0.011
79915,2018/03/06,,11,1,1382,65129010,NFX,NEWFIELD EXPLORATION CO,,NFX,211111,N,A,R,30044,0,1,1382,65129010,,,,,,,,,13.000,138.000,,,,,,,,,,,,,,,23.170,24.710,23.200,5575638.000,-0.048400,23.200,23.210,199722.000,1.000,1.000,24.670,,-0.048400,0.004,0.004,0.006,0.006,0.003
79915,2018/03/07,,11,1,1382,65129010,NFX,NEWFIELD EXPLORATION CO,,NFX,211111,N,A,R,30044,0,1,1382,65129010,,,,,,,,,13.000,138.000,,,,,,,,,,,,,,,22.720,23.630,22.940,5428250.000,-0.011207,22.940,22.950,199722.000,1.000,1.000,23.010,,-0.011207,0.000,0.000,0.002,0.002,-0.000
79915,2018/03/08,,11,1,1382,65129010,NFX,NEWFIELD EXPLORATION CO,,NFX,211111,N,A,R,30044,0,1,1382,65129010,,,,,,,,,13.000,138.000,,,,,,,,,,,,,,,22.930,23.610,23.510,4133467.000,0.024847,23.500,23.510,199722.000,1.000,1.000,23.100,,0.024847,0.004,0.003,0.002,0.002,0.004
79915,2018/03/09,,11,1,1382,65129010,NFX,NEWFIELD EXPLORATION CO,,NFX,211111,N,A,R,30044,0,1,1382,65129010,,,,,,,,,13.000,138.000,,,,,,,,,,,,,,,23.260,23.930,23.370,3630249.000,-0.005955,23.370,23.380,199722.000,1.000,1.000,23.810,,-0.005955,0.016,0.016,0.011,0.011,0.017
79915,2018/03/12,,11,1,1382,65129010,NFX,NEWFIELD EXPLORATION CO,,NFX,211111,N,A,R,30044,0,1,1382,65129010,,,,,,,,,13.000,138.000,,,,,,,,,,,,,,,23.150,23.660,23.300,2957627.000,-0.002995,23.300,23.310,199722.000,1.000,1.000,23.310,,-0.002995,-0.000,-0.000,0.003,0.003,-0.001
79915,2018/03/13,,11,1,1382,65129010,NFX,NEWFIELD EXPLORATION CO,,NFX,211111,N,A,R,30044,0,1,1382,65129010,,,,,,,,,13.000,138.000,,,,,,,,,,,,,,,23.300,23.810,23.500,4011856.000,0.008584,23.500,23.510,199722.000,1.000,1.000,23.420,,0.008584,-0.006,-0.006,-0.004,-0.004,-0.006
79915,2018/03/14,,11,1,1382,65129010,NFX,NEWFIELD EXPLORATION CO,,NFX,211111,N,A,R,30044,0,1,1382,65129010,,,,,,,,,13.000,138.000,,,,,,,,,,,,,,,23.420,23.810,23.540,3185820.000,0.001702,23.540,23.550,199722.000,1.000,1.000,23.520,,0.001702,-0.005,-0.005,-0.003,-0.003,-0.006
79915,2018/03/15,,11,1,1382,65129010,NFX,NEWFIELD EXPLORATION CO,,NFX,211111,N,A,R,30044,0,1,1382,65129010,,,,,,,,,13.000,138.000,,,,,,,,,,,,,,,23.580,24.200,23.770,4615244.000,0.009771,23.770,23.780,199722.000,1.000,1.000,23.720,,0.009771,-0.002,-0.002,-0.004,-0.004,-0.001
79915,2018/03/16,,11,1,1382,65129010,NFX,NEWFIELD EXPLORATION CO,,NFX,211111,N,A,R,30044,0,1,1382,65129010,,,,,,,,,13.000,138.000,,,,,,,,,,,,,,,23.640,24.681,24.270,6411568.000,0.021035,24.270,24.280,199722.000,1.000,1.000,23.890,,0.021035,0.002,0.002,0.005,0.005,0.002
79915,2018/03/19,,11,1,1382,65129010,NFX,NEWFIELD EXPLORATION CO,,NFX,211111,N,A,R,30044,0,1,1382,65129010,,,,,,,,,13.000,138.000,,,,,,,,,,,,,,,23.020,24.160,23.160,4676057.000,-0.045736,23.160,23.170,199722.000,1.000,1.000,23.930,,-0.045736,-0.013,-0.013,-0.009,-0.009,-0.014
79915,2018/03/20,,11,1,1382,65129010,NFX,NEWFIELD EXPLORATION CO,,NFX,211111,N,A,R,30044,0,1,1382,65129010,,,,,,,,,13.000,138.000,,,,,,,,,,,,,,,23.350,23.880,23.400,3640184.000,0.010363,23.410,23.420,199722.000,1.000,1.000,23.380,,0.010363,0.001,0.001,-0.001,-0.001,0.001
79915,2018/03/21,,11,1,1382,65129010,NFX,NEWFIELD EXPLORATION CO,,NFX,211111,N,A,R,30044,0,1,1382,65129010,,,,,,,,,13.000,138.000,,,,,,,,,,,,,,,23.540,25.040,24.800,6133832.000,0.059829,24.810,24.820,199722.000,1.000,1.000,23.590,,0.059829,0.000,0.000,0.005,0.005,-0.002
79915,2018/03/22,,11,1,1382,65129010,NFX,NEWFIELD EXPLORATION CO,,NFX,211111,N,A,R,30044,0,1,1382,65129010,,,,,,,,,13.000,138.000,,,,,,,,,,,,,,,24.240,24.870,24.260,5994826.000,-0.021774,24.260,24.270,199722.000,1.000,1.000,24.520,,-0.021774,-0.024,-0.024,-0.015,-0.016,-0.025
79915,2018/03/23,,11,1,1382,65129010,NFX,NEWFIELD EXPLORATION CO,,NFX,211111,N,A,R,30044,0,1,1382,65129010,,,,,,,,,13.000,138.000,,,,,,,,,,,,,,,24.120,25.290,24.360,5351639.000,0.004122,24.360,24.370,199722.000,1.000,1.000,24.390,,0.004122,-0.019,-0.019,-0.013,-0.013,-0.021
79915,2018/03/26,,11,1,1382,65129010,NFX,NEWFIELD EXPLORATION CO,,NFX,211111,N,A,R,30044,0,1,1382,65129010,,,,,,,,,13.000,138.000,,,,,,,,,,,,,,,24.085,24.820,24.630,6034184.000,0.011084,24.640,24.650,199722.000,1.000,1.000,24.710,,0.011084,0.024,0.024,0.011,0.011,0.027
79915,2018/03/27,,11,1,1382,65129010,NFX,NEWFIELD EXPLORATION CO,,NFX,211111,N,A,R,30044,0,1,1382,65129010,,,,,,,,,13.000,138.000,,,,,,,,,,,,,,,23.520,24.960,23.670,4423416.000,-0.038977,23.660,23.670,199722.000,1.000,1.000,24.670,,-0.038977,-0.017,-0.017,-0.012,-0.012,-0.017
79915,2018/03/28,,11,1,1382,65129010,NFX,NEWFIELD EXPLORATION CO,,NFX,211111,N,A,R,30044,0,1,1382,65129010,,,,,,,,,13.000,138.000,,,,,,,,,,,,,,,23.255,24.090,23.410,3358532.000,-0.010984,23.400,23.410,199722.000,1.000,1.000,23.810,,-0.010984,-0.003,-0.003,-0.003,-0.004,-0.003
79915,2018/03/29,,11,1,1382,65129010,NFX,NEWFIELD EXPLORATION CO,,NFX,211111,N,A,R,30044,0,1,1382,65129010,,,,,,,,0.000,13.000,138.000,,,,,,,,,,,,,,,23.530,24.510,24.420,3449644.000,0.043144,24.430,24.440,199722.000,1.000,1.000,23.550,,0.043144,0.013,0.013,0.009,0.009,0.014
79915,2018/04/02,,11,1,1382,65129010,NFX,NEWFIELD EXPLORATION CO,,NFX,211111,N,A,R,30044,0,1,1382,65129010,,,,,,,,,13.000,138.000,,,,,,,,,,,,,,,23.015,24.280,23.580,4103113.000,-0.034398,23.580,23.590,199722.000,1.000,1.000,24.280,,-0.034398,-0.021,-0.021,-0.016,-0.016,-0.022
79915,2018/04/03,,11,1,1382,65129010,NFX,NEWFIELD EXPLORATION CO,,NFX,211111,N,A,R,30044,0,1,1382,65129010,,,,,,,,,13.000,138.000,,,,,,,,,,,,,,,23.244,24.360,24.340,3662884.000,0.032231,24.340,24.350,199722.000,1.000,1.000,23.750,,0.032231,0.012,0.011,0.007,0.007,0.013
79915,2018/04/04,,11,1,1382,65129010,NFX,NEWFIELD EXPLORATION CO,,NFX,211111,N,A,R,30044,0,1,1382,65129010,,,,,,,,,13.000,138.000,,,,,,,,,,,,,,,23.480,24.020,23.810,3979430.000,-0.021775,23.820,23.830,199722.000,1.000,1.000,23.690,,-0.021775,0.010,0.010,0.009,0.009,0.012
79915,2018/04/05,,11,1,1382,65129010,NFX,NEWFIELD EXPLORATION CO,,NFX,211111,N,A,R,30044,0,1,1382,65129010,,,,,,,,,13.000,138.000,,,,,,,,,,,,,,,23.940,24.945,24.660,4398162.000,0.035699,24.660,24.670,199722.000,1.000,1.000,24.010,,0.035699,0.007,0.007,0.007,0.007,0.007
79915,2018/04/06,,11,1,1382,65129010,NFX,NEWFIELD EXPLORATION CO,,NFX,211111,N,A,R,30044,0,1,1382,65129010,,,,,,,,,13.000,138.000,,,,,,,,,,,,,,,23.790,24.880,24.250,4231750.000,-0.016626,24.240,24.250,199722.000,1.000,1.000,24.450,,-0.016626,-0.020,-0.020,-0.013,-0.013,-0.022
79915,2018/04/09,,11,1,1382,65129010,NFX,NEWFIELD EXPLORATION CO,,NFX,211111,N,A,R,30044,0,1,1382,65129010,,,,,,,,,13.000,138.000,,,,,,,,,,,,,,,24.250,25.040,24.450,3923654.000,0.008247,24.440,24.450,199722.000,1.000,1.000,24.420,,0.008247,0.003,0.003,0.001,0.001,0.003
79915,2018/04/10,,11,1,1382,65129010,NFX,NEWFIELD EXPLORATION CO,,NFX,211111,N,A,R,30044,0,1,1382,65129010,,,,,,,,,13.000,138.000,,,,,,,,,,,,,,,24.890,26.330,25.930,5832852.000,0.060532,25.930,25.940,199722.000,1.000,1.000,24.890,,0.060532,0.016,0.016,0.014,0.014,0.017
79915,2018/04/11,,11,1,1382,65129010,NFX,NEWFIELD EXPLORATION CO,,NFX,211111,N,A,R,30044,0,1,1382,65129010,,,,,,,,,13.000,138.000,,,,,,,,,,,,,,,25.800,26.800,26.620,4715834.000,0.026610,26.610,26.620,199722.000,1.000,1.000,25.930,,0.026610,-0.004,-0.004,0.002,0.002,-0.006
79915,2018/04/12,,11,1,1382,65129010,NFX,NEWFIELD EXPLORATION CO,,NFX,211111,N,A,R,30044,0,1,1382,65129010,,,,,,,,,13.000,138.000,,,,,,,,,,,,,,,25.480,26.660,26.010,6007327.000,-0.022915,26.010,26.020,199722.000,1.000,1.000,26.620,,-0.022915,0.007,0.007,0.004,0.004,0.008
79915,2018/04/13,,11,1,1382,65129010,NFX,NEWFIELD EXPLORATION CO,,NFX,211111,N,A,R,30044,0,1,1382,65129010,,,,,,,,,13.000,138.000,,,,,,,,,,,,,,,25.820,26.380,25.890,4059237.000,-0.004614,25.880,25.890,199722.000,1.000,1.000,26.110,,-0.004614,-0.003,-0.003,-0.002,-0.002,-0.003
79915,2018/04/16,,11,1,1382,65129010,NFX,NEWFIELD EXPLORATION CO,,NFX,211111,N,A,R,30044,0,1,1382,65129010,,,,,,,,,13.000,138.000,,,,,,,,,,,,,,,25.590,26.060,26.000,3431100.000,0.004249,25.990,26.000,199722.000,1.000,1.000,25.800,,0.004249,0.008,0.008,0.005,0.005,0.008
79915,2018/04/17,,11,1,1382,65129010,NFX,NEWFIELD EXPLORATION CO,,NFX,211111,N,A,R,30044,0,1,1382,65129010,,,,,,,,,13.000,138.000,,,,,,,,,,,,,,,25.640,26.480,26.340,2988975.000,0.013077,26.330,26.340,199722.000,1.000,1.000,25.870,,0.013077,0.010,0.010,0.008,0.008,0.011
79915,2018/04/18,,11,1,1382,65129010,NFX,NEWFIELD EXPLORATION CO,,NFX,211111,N,A,R,30044,0,1,1382,65129010,,,,,,,,,13.000,138.000,,,,,,,,,,,,,,,26.930,28.370,27.890,6332660.000,0.058846,27.890,27.900,199722.000,1.000,1.000,27.010,,0.058846,0.002,0.002,0.003,0.003,0.001
79915,2018/04/19,,11,1,1382,65129010,NFX,NEWFIELD EXPLORATION CO,,NFX,211111,N,A,R,30044,0,1,1382,65129010,,,,,,,,,13.000,138.000,,,,,,,,,,,,,,,27.523,28.310,28.110,4296015.000,0.007888,28.100,28.110,199722.000,1.000,1.000,28.130,,0.007888,-0.005,-0.005,-0.005,-0.005,-0.006
79915,2018/04/20,,11,1,1382,65129010,NFX,NEWFIELD EXPLORATION CO,,NFX,211111,N,A,R,30044,0,1,1382,65129010,,,,,,,,,13.000,138.000,,,,,,,,,,,,,,,27.290,28.080,27.910,3256744.000,-0.007115,27.910,27.920,199722.000,1.000,1.000,27.910,,-0.007115,-0.007,-0.007,-0.005,-0.005,-0.009
79915,2018/04/23,,11,1,1382,65129010,NFX,NEWFIELD EXPLORATION CO,,NFX,211111,N,A,R,30044,0,1,1382,65129010,,,,,,,,,13.000,138.000,,,,,,,,,,,,,,,27.580,28.560,28.370,2880313.000,0.016482,28.380,28.390,199722.000,1.000,1.000,27.730,,0.016482,-0.000,-0.000,-0.003,-0.003,0.000
79915,2018/04/24,,11,1,1382,65129010,NFX,NEWFIELD EXPLORATION CO,,NFX,211111,N,A,R,30044,0,1,1382,65129010,,,,,,,,,13.000,138.000,,,,,,,,,,,,,,,27.990,28.750,28.420,3423374.000,0.001762,28.410,28.420,199722.000,1.000,1.000,28.560,,0.001762,-0.011,-0.011,-0.005,-0.005,-0.013
79915,2018/04/25,,11,1,1382,65129010,NFX,NEWFIELD EXPLORATION CO,,NFX,211111,N,A,R,30044,0,1,1382,65129010,,,,,,,,,13.000,138.000,,,,,,,,,,,,,,,27.960,29.520,29.380,4461724.000,0.033779,29.370,29.380,199722.000,1.000,1.000,28.300,,0.033779,0.001,0.001,-0.001,-0.001,0.002
79915,2018/04/26,,11,1,1382,65129010,NFX,NEWFIELD EXPLORATION CO,,NFX,211111,N,A,R,30044,0,1,1382,65129010,,,,,,,,,13.000,138.000,,,,,,,,,,,,,,,29.055,29.580,29.550,2865747.000,0.005786,29.550,29.560,199722.000,1.000,1.000,29.510,,0.005786,0.009,0.009,0.005,0.005,0.010
79915,2018/04/27,,11,1,1382,65129010,NFX,NEWFIELD EXPLORATION CO,,NFX,211111,N,A,R,30044,0,1,1382,65129010,,,,,,,,,13.000,138.000,,,,,,,,,,,,,,,29.150,29.820,29.560,3077026.000,0.000338,29.550,29.560,199722.000,1.000,1.000,29.450,,0.000338,0.001,0.001,0.001,0.001,0.001
79915,2018/04/30,,11,1,1382,65129010,NFX,NEWFIELD EXPLORATION CO,,NFX,211111,N,A,R,30044,0,1,1382,65129010,,,,,,,,0.000,13.000,138.000,,,,,,,,,,,,,,,29.430,30.390,29.800,5101508.000,0.008119,29.800,29.810,199743.000,1.000,1.000,29.500,,0.008119,-0.007,-0.007,-0.005,-0.005,-0.008
79915,2018/05/01,,11,1,1382,65129010,NFX,NEWFIELD EXPLORATION CO,,NFX,211111,N,A,R,30044,0,1,1382,65129010,,,,,,,,,13.000,138.000,,,,,,,,,,,,,,,29.300,30.325,30.080,4981953.000,0.009396,30.130,30.140,199743.000,1.000,1.000,29.510,,0.009396,0.002,0.002,0.002,0.001,0.003
79915,2018/05/02,,11,1,1382,65129010,NFX,NEWFIELD EXPLORATION CO,,NFX,211111,N,A,R,30044,0,1,1382,65129010,,,,,,,,,13.000,138.000,,,,,,,,,,,,,,,27.060,29.540,27.890,9115217.000,-0.072806,27.880,27.890,199743.000,1.000,1.000,29.530,,-0.072806,-0.006,-0.006,0.003,0.003,-0.007
79915,2018/05/03,,11,1,1382,65129010,NFX,NEWFIELD EXPLORATION CO,,NFX,211111,N,A,R,30044,0,1,1382,65129010,,,,,,,,,13.000,138.000,,,,,,,,,,,,,,,26.670,28.000,26.880,4733720.000,-0.036214,26.870,26.880,199743.000,1.000,1.000,27.680,,-0.036214,-0.002,-0.002,-0.004,-0.004,-0.002
79915,2018/05/04,,11,1,1382,65129010,NFX,NEWFIELD EXPLORATION CO,,NFX,211111,N,A,R,30044,0,1,1382,65129010,,,,,,,,,13.000,138.000,,,,,,,,,,,,,,,26.550,27.420,27.340,6143208.000,0.017113,27.320,27.330,199743.000,1.000,1.000,26.890,,0.017113,0.012,0.012,0.009,0.009,0.013
79915,2018/05/07,,11,1,1382,65129010,NFX,NEWFIELD EXPLORATION CO,,NFX,211111,N,A,R,30044,0,1,1382,65129010,,,,,,,,,13.000,138.000,,,,,,,,,,,,,,,27.030,28.160,27.340,5019413.000,0.000000,27.310,27.320,199743.000,1.000,1.000,27.670,,0.000000,0.004,0.004,0.005,0.005,0.003
79915,2018/05/08,,11,1,1382,65129010,NFX,NEWFIELD EXPLORATION CO,,NFX,211111,N,A,R,30044,0,1,1382,65129010,,,,,,,,,13.000,138.000,,,,,,,,,,,,,,,26.450,27.890,27.870,5506791.000,0.019386,27.860,27.870,199743.000,1.000,1.000,27.260,,0.019386,0.000,0.000,0.001,0.001,-0.000
79915,2018/05/09,,11,1,1382,65129010,NFX,NEWFIELD EXPLORATION CO,,NFX,211111,N,A,R,30044,0,1,1382,65129010,,,,,,,,,13.000,138.000,,,,,,,,,,,,,,,28.050,29.270,28.190,4761394.000,0.011482,28.190,28.200,199743.000,1.000,1.000,28.480,,0.011482,0.009,0.009,0.005,0.005,0.010
79915,2018/05/10,,11,1,1382,65129010,NFX,NEWFIELD EXPLORATION CO,,NFX,211111,N,A,R,30044,0,1,1382,65129010,,,,,,,,,13.000,138.000,,,,,,,,,,,,,,,27.657,28.430,28.090,3155506.000,-0.003547,28.080,28.090,199743.000,1.000,1.000,28.200,,-0.003547,0.009,0.008,0.005,0.005,0.009
79915,2018/05/11,,11,1,1382,65129010,NFX,NEWFIELD EXPLORATION CO,,NFX,211111,N,A,R,30044,0,1,1382,65129010,,,,,,,,,13.000,138.000,,,,,,,,,,,,,,,27.800,28.330,27.950,2008866.000,-0.004984,27.940,27.950,199743.000,1.000,1.000,28.100,,-0.004984,0.002,0.001,0.001,0.001,0.002
79915,2018/05/14,,11,1,1382,65129010,NFX,NEWFIELD EXPLORATION CO,,NFX,211111,N,A,R,30044,0,1,1382,65129010,,,,,,,,,13.000,138.000,,,,,,,,,,,,,,,28.060,28.900,28.680,2960842.000,0.026118,28.670,28.680,199743.000,1.000,1.000,28.160,,0.026118,0.001,0.001,0.001,0.001,0.001
79915,2018/05/15,,11,1,1382,65129010,NFX,NEWFIELD EXPLORATION CO,,NFX,211111,N,A,R,30044,0,1,1382,65129010,,,,,,,,,13.000,138.000,,,,,,,,,,,,,,,28.270,29.130,29.110,3156085.000,0.014993,29.110,29.120,199743.000,1.000,1.000,28.680,,0.014993,-0.006,-0.006,-0.002,-0.002,-0.007
79915,2018/05/16,,11,1,1382,65129010,NFX,NEWFIELD EXPLORATION CO,,NFX,211111,N,A,R,30044,0,1,1382,65129010,,,,,,,,,13.000,138.000,,,,,,,,,,,,,,,28.617,29.090,28.950,2600138.000,-0.005496,28.940,28.950,199743.000,1.000,1.000,29.070,,-0.005496,0.005,0.005,0.005,0.005,0.004
79915,2018/05/17,,11,1,1382,65129010,NFX,NEWFIELD EXPLORATION CO,,NFX,211111,N,A,R,30044,0,1,1382,65129010,,,,,,,,,13.000,138.000,,,,,,,,,,,,,,,29.080,29.665,29.340,3581289.000,0.013471,29.330,29.340,199743.000,1.000,1.000,29.320,,0.013471,0.000,0.000,0.004,0.004,-0.001
79915,2018/05/18,,11,1,1382,65129010,NFX,NEWFIELD EXPLORATION CO,,NFX,211111,N,A,R,30044,0,1,1382,65129010,,,,,,,,,13.000,138.000,,,,,,,,,,,,,,,28.920,29.460,28.990,2272317.000,-0.011929,28.980,28.990,199743.000,1.000,1.000,29.340,,-0.011929,-0.002,-0.002,0.000,0.000,-0.003
79915,2018/05/21,,11,1,1382,65129010,NFX,NEWFIELD EXPLORATION CO,,NFX,211111,N,A,R,30044,0,1,1382,65129010,,,,,,,,,13.000,138.000,,,,,,,,,,,,,,,29.220,30.280,30.150,2709664.000,0.040014,30.150,30.160,199743.000,1.000,1.000,29.360,,0.040014,0.007,0.007,0.004,0.004,0.007
79915,2018/05/22,,11,1,1382,65129010,NFX,NEWFIELD EXPLORATION CO,,NFX,211111,N,A,R,30044,0,1,1382,65129010,,,,,,,,,13.000,138.000,,,,,,,,,,,,,,,29.580,30.980,29.720,3673397.000,-0.014262,29.730,29.740,199743.000,1.000,1.000,30.280,,-0.014262,-0.003,-0.003,-0.003,-0.003,-0.003
79915,2018/05/23,,11,1,1382,65129010,NFX,NEWFIELD EXPLORATION CO,,NFX,211111,N,A,R,30044,0,1,1382,65129010,,,,,,,,,13.000,138.000,,,,,,,,,,,,,,,28.980,29.780,29.430,3270317.000,-0.009758,29.410,29.420,199743.000,1.000,1.000,29.530,,-0.009758,0.002,0.002,0.000,0.000,0.003
79915,2018/05/24,,11,1,1382,65129010,NFX,NEWFIELD EXPLORATION CO,,NFX,211111,N,A,R,30044,0,1,1382,65129010,,,,,,,,,13.000,138.000,,,,,,,,,,,,,,,28.630,29.505,29.170,2617501.000,-0.008835,29.180,29.190,199743.000,1.000,1.000,29.000,,-0.008835,-0.002,-0.002,-0.001,-0.001,-0.002
79915,2018/05/25,,11,1,1382,65129010,NFX,NEWFIELD EXPLORATION CO,,NFX,211111,N,A,R,30044,0,1,1382,65129010,,,,,,,,,13.000,138.000,,,,,,,,,,,,,,,27.350,28.300,28.010,3573163.000,-0.039767,28.010,28.020,199743.000,1.000,1.000,28.300,,-0.039767,-0.002,-0.002,-0.001,-0.001,-0.002
79915,2018/05/29,,11,1,1382,65129010,NFX,NEWFIELD EXPLORATION CO,,NFX,211111,N,A,R,30044,0,1,1382,65129010,,,,,,,,,13.000,138.000,,,,,,,,,,,,,,,27.470,28.190,27.900,3431199.000,-0.003927,27.890,27.900,199743.000,1.000,1.000,27.520,,-0.003927,-0.010,-0.010,-0.005,-0.005,-0.012
79915,2018/05/30,,11,1,1382,65129010,NFX,NEWFIELD EXPLORATION CO,,NFX,211111,N,A,R,30044,0,1,1382,65129010,,,,,,,,,13.000,138.000,,,,,,,,,,,,,,,28.170,29.660,29.390,3531794.000,0.053405,29.380,29.390,199743.000,1.000,1.000,28.210,,0.053405,0.013,0.013,0.010,0.010,0.013
79915,2018/05/31,,11,1,1382,65129010,NFX,NEWFIELD EXPLORATION CO,,NFX,211111,N,A,R,30044,0,1,1382,65129010,,,,,,,,0.000,13.000,138.000,,,,,,,,,,,,,,,29.000,30.050,29.240,4467000.000,-0.005104,29.240,29.250,199726.000,1.000,1.000,29.210,,-0.005104,-0.007,-0.007,-0.003,-0.003,-0.007
79915,2018/06/01,,11,1,1382,65129010,NFX,NEWFIELD EXPLORATION CO,,NFX,211111,N,A,R,30044,0,1,1382,65129010,,,,,,,,,13.000,138.000,,,,,,,,,,,,,,,29.110,30.390,29.950,3670043.000,0.024282,29.930,29.940,199726.000,1.000,1.000,29.400,,0.024282,0.010,0.010,0.006,0.006,0.011
79915,2018/06/04,,11,1,1382,65129010,NFX,NEWFIELD EXPLORATION CO,,NFX,211111,N,A,R,30044,0,1,1382,65129010,,,,,,,,,13.000,138.000,,,,,,,,,,,,,,,28.120,30.440,28.200,4810121.000,-0.058431,28.200,28.210,199726.000,1.000,1.000,30.060,,-0.058431,0.005,0.005,0.002,0.002,0.004
79915,2018/06/05,,11,1,1382,65129010,NFX,NEWFIELD EXPLORATION CO,,NFX,211111,N,A,R,30044,0,1,1382,65129010,,,,,,,,,13.000,138.000,,,,,,,,,,,,,,,27.760,28.640,28.160,4376045.000,-0.001418,28.160,28.170,199726.000,1.000,1.000,28.000,,-0.001418,0.001,0.001,0.004,0.004,0.001
79915,2018/06/06,,11,1,1382,65129010,NFX,NEWFIELD EXPLORATION CO,,NFX,211111,N,A,R,30044,0,1,1382,65129010,,,,,,,,,13.000,138.000,,,,,,,,,,,,,,,27.870,28.680,28.300,2535473.000,0.004972,28.300,28.310,199726.000,1.000,1.000,28.300,,0.004972,0.008,0.008,0.004,0.004,0.009
79915,2018/06/07,,11,1,1382,65129010,NFX,NEWFIELD EXPLORATION CO,,NFX,211111,N,A,R,30044,0,1,1382,65129010,,,,,,,,,13.000,138.000,,,,,,,,,,,,,,,28.456,29.200,28.870,2809059.000,0.020141,28.860,28.870,199726.000,1.000,1.000,28.490,,0.020141,-0.001,-0.001,-0.001,-0.001,-0.001
79915,2018/06/08,,11,1,1382,65129010,NFX,NEWFIELD EXPLORATION CO,,NFX,211111,N,A,R,30044,0,1,1382,65129010,,,,,,,,,13.000,138.000,,,,,,,,,,,,,,,28.360,29.180,29.150,2092495.000,0.009699,29.140,29.150,199726.000,1.000,1.000,28.850,,0.009699,0.003,0.003,0.002,0.002,0.003
79915,2018/06/11,,11,1,1382,65129010,NFX,NEWFIELD EXPLORATION CO,,NFX,211111,N,A,R,30044,0,1,1382,65129010,,,,,,,,,13.000,138.000,,,,,,,,,,,,,,,29.140,30.480,30.100,2477260.000,0.032590,30.090,30.100,199726.000,1.000,1.000,29.330,,0.032590,0.002,0.002,0.003,0.003,0.001
79915,2018/06/12,,11,1,1382,65129010,NFX,NEWFIELD EXPLORATION CO,,NFX,211111,N,A,R,30044,0,1,1382,65129010,,,,,,,,,13.000,138.000,,,,,,,,,,,,,,,29.430,30.300,29.880,2947464.000,-0.007309,29.870,29.880,199726.000,1.000,1.000,30.080,,-0.007309,0.002,0.002,0.002,0.002,0.002
79915,2018/06/13,,11,1,1382,65129010,NFX,NEWFIELD EXPLORATION CO,,NFX,211111,N,A,R,30044,0,1,1382,65129010,,,,,,,,,13.000,138.000,,,,,,,,,,,,,,,29.520,30.470,30.000,2639355.000,0.004016,30.000,30.010,199726.000,1.000,1.000,29.860,,0.004016,-0.004,-0.004,-0.003,-0.003,-0.004
79915,2018/06/14,,11,1,1382,65129010,NFX,NEWFIELD EXPLORATION CO,,NFX,211111,N,A,R,30044,0,1,1382,65129010,,,,,,,,,13.000,138.000,,,,,,,,,,,,,,,29.140,30.365,29.200,2415712.000,-0.026667,29.190,29.200,199726.000,1.000,1.000,30.290,,-0.026667,0.003,0.002,0.002,0.002,0.002
79915,2018/06/15,,11,1,1382,65129010,NFX,NEWFIELD EXPLORATION CO,,NFX,211111,N,A,R,30044,0,1,1382,65129010,,,,,,,,,13.000,138.000,,,,,,,,,,,,,,,27.830,29.110,27.880,4742125.000,-0.045206,27.870,27.880,199726.000,1.000,1.000,28.930,,-0.045206,-0.002,-0.002,-0.002,-0.002,-0.001
79915,2018/06/18,,11,1,1382,65129010,NFX,NEWFIELD EXPLORATION CO,,NFX,211111,N,A,R,30044,0,1,1382,65129010,,,,,,,,,13.000,138.000,,,,,,,,,,,,,,,27.860,29.355,28.750,3568839.000,0.031205,28.740,28.750,199726.000,1.000,1.000,27.880,,0.031205,-0.001,-0.001,0.001,0.001,-0.002
79915,2018/06/19,,11,1,1382,65129010,NFX,NEWFIELD EXPLORATION CO,,NFX,211111,N,A,R,30044,0,1,1382,65129010,,,,,,,,,13.000,138.000,,,,,,,,,,,,,,,27.505,29.370,29.180,2156704.000,0.014957,29.170,29.180,199726.000,1.000,1.000,28.170,,0.014957,-0.004,-0.004,-0.003,-0.003,-0.004
79915,2018/06/20,,11,1,1382,65129010,NFX,NEWFIELD EXPLORATION CO,,NFX,211111,N,A,R,30044,0,1,1382,65129010,,,,,,,,,13.000,138.000,,,,,,,,,,,,,,,29.210,30.090,29.940,2403598.000,0.026045,29.940,29.950,199726.000,1.000,1.000,29.470,,0.026045,0.003,0.003,0.006,0.005,0.002
79915,2018/06/21,,11,1,1382,65129010,NFX,NEWFIELD EXPLORATION CO,,NFX,211111,N,A,R,30044,0,1,1382,65129010,,,,,,,,,13.000,138.000,,,,,,,,,,,,,,,29.125,29.900,29.230,2114021.000,-0.023714,29.220,29.230,199726.000,1.000,1.000,29.710,,-0.023714,-0.007,-0.007,-0.008,-0.008,-0.006
79915,2018/06/22,,11,1,1382,65129010,NFX,NEWFIELD EXPLORATION CO,,NFX,211111,N,A,R,30044,0,1,1382,65129010,,,,,,,,,13.000,138.000,,,,,,,,,,,,,,,30.370,31.090,30.750,4518410.000,0.052001,30.740,30.750,199726.000,1.000,1.000,30.370,,0.052001,0.002,0.002,0.004,0.004,0.002
79915,2018/06/25,,11,1,1382,65129010,NFX,NEWFIELD EXPLORATION CO,,NFX,211111,N,A,R,30044,0,1,1382,65129010,,,,,,,,,13.000,138.000,,,,,,,,,,,,,,,29.561,31.060,29.680,2748927.000,-0.034797,29.680,29.690,199726.000,1.000,1.000,30.790,,-0.034797,-0.014,-0.014,-0.012,-0.012,-0.014
79915,2018/06/26,,11,1,1382,65129010,NFX,NEWFIELD EXPLORATION CO,,NFX,211111,N,A,R,30044,0,1,1382,65129010,,,,,,,,,13.000,138.000,,,,,,,,,,,,,,,29.410,30.370,30.220,2897620.000,0.018194,30.220,30.230,199726.000,1.000,1.000,29.840,,0.018194,0.003,0.003,0.004,0.004,0.002
79915,2018/06/27,,11,1,1382,65129010,NFX,NEWFIELD EXPLORATION CO,,NFX,211111,N,A,R,30044,0,1,1382,65129010,,,,,,,,,13.000,138.000,,,,,,,,,,,,,,,30.570,31.350,30.670,3424308.000,0.014891,30.660,30.670,199726.000,1.000,1.000,30.750,,0.014891,-0.010,-0.010,-0.011,-0.011,-0.009
79915,2018/06/28,,11,1,1382,65129010,NFX,NEWFIELD EXPLORATION CO,,NFX,211111,N,A,R,30044,0,1,1382,65129010,,,,,,,,,13.000,138.000,,,,,,,,,,,,,,,29.860,30.780,30.300,2672415.000,-0.012064,30.290,30.300,199726.000,1.000,1.000,30.660,,-0.012064,0.006,0.005,0.001,0.001,0.006
79915,2018/06/29,,11,1,1382,65129010,NFX,NEWFIELD EXPLORATION CO,,NFX,211111,N,A,R,30044,0,1,1382,65129010,,,,,,,,0.000,13.000,138.000,,,,,,,,,,,,,,,30.180,31.070,30.250,2859006.000,-0.001650,30.250,30.260,199726.000,1.000,1.000,30.270,,-0.001650,0.002,0.002,0.003,0.003,0.001
79915,2018/07/02,,11,1,1382,65129010,NFX,NEWFIELD EXPLORATION CO,,NFX,211111,N,A,R,30044,0,1,1382,65129010,,,,,,,,,13.000,138.000,,,,,,,,,,,,,,,29.335,29.980,29.680,2276298.000,-0.018843,29.670,29.680,199726.000,1.000,1.000,29.820,,-0.018843,0.002,0.002,0.001,0.001,0.003
79915,2018/07/03,,11,1,1382,65129010,NFX,NEWFIELD EXPLORATION CO,,NFX,211111,N,A,R,30044,0,1,1382,65129010,,,,,,,,,13.000,138.000,,,,,,,,,,,,,,,29.570,30.920,29.970,2155289.000,0.009771,29.970,29.980,199726.000,1.000,1.000,30.420,,0.009771,-0.003,-0.003,0.003,0.003,-0.005
79915,2018/07/05,,11,1,1382,65129010,NFX,NEWFIELD EXPLORATION CO,,NFX,211111,N,A,R,30044,0,1,1382,65129010,,,,,,,,,13.000,138.000,,,,,,,,,,,,,,,29.405,30.220,29.970,1995938.000,0.000000,29.960,29.970,199726.000,1.000,1.000,30.150,,0.000000,0.009,0.008,0.007,0.007,0.009
79915,2018/07/06,,11,1,1382,65129010,NFX,NEWFIELD EXPLORATION CO,,NFX,211111,N,A,R,30044,0,1,1382,65129010,,,,,,,,,13.000,138.000,,,,,,,,,,,,,,,29.520,30.380,30.220,2009422.000,0.008342,30.210,30.220,199726.000,1.000,1.000,29.670,,0.008342,0.008,0.008,0.006,0.006,0.008
79915,2018/07/09,,11,1,1382,65129010,NFX,NEWFIELD EXPLORATION CO,,NFX,211111,N,A,R,30044,0,1,1382,65129010,,,,,,,,,13.000,138.000,,,,,,,,,,,,,,,30.130,30.790,30.770,1903299.000,0.018200,30.770,30.780,199726.000,1.000,1.000,30.470,,0.018200,0.008,0.008,0.006,0.006,0.009
79915,2018/07/10,,11,1,1382,65129010,NFX,NEWFIELD EXPLORATION CO,,NFX,211111,N,A,R,30044,0,1,1382,65129010,,,,,,,,,13.000,138.000,,,,,,,,,,,,,,,30.540,31.464,30.770,2579907.000,0.000000,30.760,30.770,199726.000,1.000,1.000,31.100,,0.000000,0.002,0.002,-0.002,-0.002,0.003
79915,2018/07/11,,11,1,1382,65129010,NFX,NEWFIELD EXPLORATION CO,,NFX,211111,N,A,R,30044,0,1,1382,65129010,,,,,,,,,13.000,138.000,,,,,,,,,,,,,,,29.650,31.000,29.720,3045816.000,-0.034124,29.720,29.730,199726.000,1.000,1.000,30.450,,-0.034124,-0.007,-0.007,-0.007,-0.007,-0.007
79915,2018/07/12,,11,1,1382,65129010,NFX,NEWFIELD EXPLORATION CO,,NFX,211111,N,A,R,30044,0,1,1382,65129010,,,,,,,,,13.000,138.000,,,,,,,,,,,,,,,29.450,30.110,29.710,1523092.000,-0.000336,29.710,29.720,199726.000,1.000,1.000,29.870,,-0.000336,0.008,0.008,0.004,0.004,0.009
79915,2018/07/13,,11,1,1382,65129010,NFX,NEWFIELD EXPLORATION CO,,NFX,211111,N,A,R,30044,0,1,1382,65129010,,,,,,,,,13.000,138.000,,,,,,,,,,,,,,,29.710,30.720,30.100,2502753.000,0.013127,30.090,30.100,199726.000,1.000,1.000,29.790,,0.013127,0.001,0.001,-0.001,-0.001,0.001
79915,2018/07/16,,11,1,1382,65129010,NFX,NEWFIELD EXPLORATION CO,,NFX,211111,N,A,R,30044,0,1,1382,65129010,,,,,,,,,13.000,138.000,,,,,,,,,,,,,,,28.700,29.755,29.090,2407725.000,-0.033555,29.080,29.090,199726.000,1.000,1.000,29.450,,-0.033555,-0.002,-0.002,-0.005,-0.005,-0.001
79915,2018/07/17,,11,1,1382,65129010,NFX,NEWFIELD EXPLORATION CO,,NFX,211111,N,A,R,30044,0,1,1382,65129010,,,,,,,,,13.000,138.000,,,,,,,,,,,,,,,28.500,29.080,28.850,1735132.000,-0.008250,28.830,28.840,199726.000,1.000,1.000,28.870,,-0.008250,0.004,0.004,0.003,0.003,0.004
79915,2018/07/18,,11,1,1382,65129010,NFX,NEWFIELD EXPLORATION CO,,NFX,211111,N,A,R,30044,0,1,1382,65129010,,,,,,,,,13.000,138.000,,,,,,,,,,,,,,,27.980,28.800,28.720,3925329.000,-0.004506,28.710,28.720,199726.000,1.000,1.000,28.320,,-0.004506,0.002,0.002,0.002,0.002,0.002
79915,2018/07/19,,11,1,1382,65129010,NFX,NEWFIELD EXPLORATION CO,,NFX,211111,N,A,R,30044,0,1,1382,65129010,,,,,,,,,13.000,138.000,,,,,,,,,,,,,,,28.680,29.430,29.330,2412881.000,0.021240,29.330,29.340,199726.000,1.000,1.000,28.760,,0.021240,-0.002,-0.003,0.001,0.001,-0.004
79915,2018/07/20,,11,1,1382,65129010,NFX,NEWFIELD EXPLORATION CO,,NFX,211111,N,A,R,30044,0,1,1382,65129010,,,,,,,,,13.000,138.000,,,,,,,,,,,,,,,28.575,29.370,28.650,2745139.000,-0.023184,28.650,28.660,199726.000,1.000,1.000,29.340,,-0.023184,-0.001,-0.001,-0.001,-0.001,-0.001
79915,2018/07/23,,11,1,1382,65129010,NFX,NEWFIELD EXPLORATION CO,,NFX,211111,N,A,R,30044,0,1,1382,65129010,,,,,,,,,13.000,138.000,,,,,,,,,,,,,,,28.140,29.180,28.190,3078140.000,-0.016056,28.180,28.190,199726.000,1.000,1.000,28.900,,-0.016056,0.001,0.001,-0.001,-0.001,0.002
79915,2018/07/24,,11,1,1382,65129010,NFX,NEWFIELD EXPLORATION CO,,NFX,211111,N,A,R,30044,0,1,1382,65129010,,,,,,,,,13.000,138.000,,,,,,,,,,,,,,,28.110,28.760,28.340,3072575.000,0.005321,28.330,28.340,199726.000,1.000,1.000,28.280,,0.005321,0.002,0.002,-0.004,-0.004,0.005
79915,2018/07/25,,11,1,1382,65129010,NFX,NEWFIELD EXPLORATION CO,,NFX,211111,N,A,R,30044,0,1,1382,65129010,,,,,,,,,13.000,138.000,,,,,,,,,,,,,,,27.690,28.310,28.110,2562436.000,-0.008116,28.110,28.120,199726.000,1.000,1.000,28.310,,-0.008116,0.008,0.008,0.003,0.003,0.009
79915,2018/07/26,,11,1,1382,65129010,NFX,NEWFIELD EXPLORATION CO,,NFX,211111,N,A,R,30044,0,1,1382,65129010,,,,,,,,,13.000,138.000,,,,,,,,,,,,,,,27.905,28.350,28.190,1956603.000,0.002846,28.180,28.190,199726.000,1.000,1.000,28.270,,0.002846,-0.002,-0.002,0.002,0.002,-0.003
79915,2018/07/27,,11,1,1382,65129010,NFX,NEWFIELD EXPLORATION CO,,NFX,211111,N,A,R,30044,0,1,1382,65129010,,,,,,,,,13.000,138.000,,,,,,,,,,,,,,,27.490,28.300,27.550,2704523.000,-0.022703,27.550,27.560,199726.000,1.000,1.000,27.670,,-0.022703,-0.008,-0.008,-0.011,-0.011,-0.007
79915,2018/07/30,,11,1,1382,65129010,NFX,NEWFIELD EXPLORATION CO,,NFX,211111,N,A,R,30044,0,1,1382,65129010,,,,,,,,,13.000,138.000,,,,,,,,,,,,,,,27.950,28.850,28.660,2300582.000,0.040290,28.660,28.670,199726.000,1.000,1.000,27.950,,0.040290,-0.006,-0.006,-0.004,-0.004,-0.006
79915,2018/07/31,,11,1,1382,65129010,NFX,NEWFIELD EXPLORATION CO,,NFX,211111,N,A,R,30044,0,1,1382,65129010,,,,,,,,0.000,13.000,138.000,,,,,,,,,,,,,,,28.090,28.880,28.720,2333811.000,0.002093,28.710,28.720,199857.000,1.000,1.000,28.650,,0.002093,0.006,0.005,0.005,0.005,0.005
79915,2018/08/01,,11,1,1382,65129010,NFX,NEWFIELD EXPLORATION CO,,NFX,211111,N,A,R,30044,0,1,1382,65129010,,,,,,,,,13.000,138.000,,,,,,,,,,,,,,,26.820,29.130,28.680,6738032.000,-0.001393,28.610,28.620,199857.000,1.000,1.000,28.580,,-0.001393,-0.001,-0.001,-0.002,-0.002,-0.001
79915,2018/08/02,,11,1,1382,65129010,NFX,NEWFIELD EXPLORATION CO,,NFX,211111,N,A,R,30044,0,1,1382,65129010,,,,,,,,,13.000,138.000,,,,,,,,,,,,,,,27.920,28.750,27.960,3533210.000,-0.025105,27.960,27.970,199857.000,1.000,1.000,28.380,,-0.025105,0.006,0.005,0.002,0.002,0.005
79915,2018/08/03,,11,1,1382,65129010,NFX,NEWFIELD EXPLORATION CO,,NFX,211111,N,A,R,30044,0,1,1382,65129010,,,,,,,,,13.000,138.000,,,,,,,,,,,,,,,26.895,27.990,27.500,3152887.000,-0.016452,27.490,27.500,199857.000,1.000,1.000,27.820,,-0.016452,0.003,0.003,-0.001,-0.001,0.005
79915,2018/08/06,,11,1,1382,65129010,NFX,NEWFIELD EXPLORATION CO,,NFX,211111,N,A,R,30044,0,1,1382,65129010,,,,,,,,,13.000,138.000,,,,,,,,,,,,,,,27.510,28.335,28.160,2159742.000,0.024000,28.150,28.160,199857.000,1.000,1.000,27.610,,0.024000,0.004,0.004,0.003,0.003,0.004
79915,2018/08/07,,11,1,1382,65129010,NFX,NEWFIELD EXPLORATION CO,,NFX,211111,N,A,R,30044,0,1,1382,65129010,,,,,,,,,13.000,138.000,,,,,,,,,,,,,,,28.120,29.160,28.410,2139087.000,0.008878,28.410,28.420,199857.000,1.000,1.000,28.450,,0.008878,0.002,0.002,0.002,0.002,0.003
79915,2018/08/08,,11,1,1382,65129010,NFX,NEWFIELD EXPLORATION CO,,NFX,211111,N,A,R,30044,0,1,1382,65129010,,,,,,,,,13.000,138.000,,,,,,,,,,,,,,,27.320,28.270,27.950,2381339.000,-0.016191,27.950,27.960,199857.000,1.000,1.000,28.140,,-0.016191,-0.000,-0.000,-0.001,-0.001,-0.000
79915,2018/08/09,,11,1,1382,65129010,NFX,NEWFIELD EXPLORATION CO,,NFX,211111,N,A,R,30044,0,1,1382,65129010,,,,,,,,,13.000,138.000,,,,,,,,,,,,,,,27.360,28.050,27.510,2018610.000,-0.015742,27.500,27.510,199857.000,1.000,1.000,27.960,,-0.015742,-0.000,-0.001,0.002,0.002,-0.001
79915,2018/08/10,,11,1,1382,65129010,NFX,NEWFIELD EXPLORATION CO,,NFX,211111,N,A,R,30044,0,1,1382,65129010,,,,,,,,,13.000,138.000,,,,,,,,,,,,,,,27.290,28.040,27.880,2289625.000,0.013450,27.880,27.890,199857.000,1.000,1.000,27.440,,0.013450,-0.006,-0.007,-0.005,-0.005,-0.007
79915,2018/08/13,,11,1,1382,65129010,NFX,NEWFIELD EXPLORATION CO,,NFX,211111,N,A,R,30044,0,1,1382,65129010,,,,,,,,,13.000,138.000,,,,,,,,,,,,,,,26.950,27.960,26.990,2004697.000,-0.031923,26.980,26.990,199857.000,1.000,1.000,27.780,,-0.031923,-0.005,-0.005,-0.006,-0.006,-0.004
79915,2018/08/14,,11,1,1382,65129010,NFX,NEWFIELD EXPLORATION CO,,NFX,211111,N,A,R,30044,0,1,1382,65129010,,,,,,,,,13.000,138.000,,,,,,,,,,,,,,,26.850,27.560,26.890,2152855.000,-0.003705,26.890,26.900,199857.000,1.000,1.000,27.420,,-0.003705,0.007,0.006,0.004,0.004,0.006
79915,2018/08/15,,11,1,1382,65129010,NFX,NEWFIELD EXPLORATION CO,,NFX,211111,N,A,R,30044,0,1,1382,65129010,,,,,,,,,13.000,138.000,,,,,,,,,,,,,,,25.260,26.625,25.880,2926897.000,-0.037560,25.880,25.890,199857.000,1.000,1.000,26.580,,-0.037560,-0.009,-0.009,-0.012,-0.013,-0.008
79915,2018/08/16,,11,1,1382,65129010,NFX,NEWFIELD EXPLORATION CO,,NFX,211111,N,A,R,30044,0,1,1382,65129010,,,,,,,,,13.000,138.000,,,,,,,,,,,,,,,25.854,26.370,25.910,2200453.000,0.001159,25.910,25.920,199857.000,1.000,1.000,26.070,,0.001159,0.008,0.008,0.007,0.007,0.008
79915,2018/08/17,,11,1,1382,65129010,NFX,NEWFIELD EXPLORATION CO,,NFX,211111,N,A,R,30044,0,1,1382,65129010,,,,,,,,,13.000,138.000,,,,,,,,,,,,,,,25.795,26.415,26.360,2285885.000,0.017368,26.350,26.360,199857.000,1.000,1.000,26.030,,0.017368,0.004,0.004,0.004,0.004,0.003
79915,2018/08/20,,11,1,1382,65129010,NFX,NEWFIELD EXPLORATION CO,,NFX,211111,N,A,R,30044,0,1,1382,65129010,,,,,,,,,13.000,138.000,,,,,,,,,,,,,,,26.260,26.630,26.340,1728916.000,-0.000759,26.330,26.340,199857.000,1.000,1.000,26.260,,-0.000759,0.003,0.003,0.004,0.004,0.002
79915,2018/08/21,,11,1,1382,65129010,NFX,NEWFIELD EXPLORATION CO,,NFX,211111,N,A,R,30044,0,1,1382,65129010,,,,,,,,,13.000,138.000,,,,,,,,,,,,,,,26.670,27.090,26.900,1636673.000,0.021260,26.890,26.900,199857.000,1.000,1.000,26.690,,0.021260,0.003,0.003,0.006,0.006,0.002
79915,2018/08/22,,11,1,1382,65129010,NFX,NEWFIELD EXPLORATION CO,,NFX,211111,N,A,R,30044,0,1,1382,65129010,,,,,,,,,13.000,138.000,,,,,,,,,,,,,,,27.150,27.630,27.490,1569654.000,0.021933,27.480,27.490,199857.000,1.000,1.000,27.150,,0.021933,0.001,0.001,0.004,0.004,-0.000
79915,2018/08/23,,11,1,1382,65129010,NFX,NEWFIELD EXPLORATION CO,,NFX,211111,N,A,R,30044,0,1,1382,65129010,,,,,,,,,13.000,138.000,,,,,,,,,,,,,,,26.937,27.550,27.440,1815185.000,-0.001819,27.430,27.440,199857.000,1.000,1.000,27.290,,-0.001819,-0.002,-0.002,-0.003,-0.003,-0.002
79915,2018/08/24,,11,1,1382,65129010,NFX,NEWFIELD EXPLORATION CO,,NFX,211111,N,A,R,30044,0,1,1382,65129010,,,,,,,,,13.000,138.000,,,,,,,,,,,,,,,27.760,28.280,27.860,1853444.000,0.015306,27.850,27.860,199857.000,1.000,1.000,27.840,,0.015306,0.006,0.006,0.006,0.006,0.006
79915,2018/08/27,,11,1,1382,65129010,NFX,NEWFIELD EXPLORATION CO,,NFX,211111,N,A,R,30044,0,1,1382,65129010,,,,,,,,,13.000,138.000,,,,,,,,,,,,,,,27.805,28.200,27.870,1624027.000,0.000359,27.870,27.880,199857.000,1.000,1.000,27.920,,0.000359,0.007,0.007,0.004,0.004,0.008
79915,2018/08/28,,11,1,1382,65129010,NFX,NEWFIELD EXPLORATION CO,,NFX,211111,N,A,R,30044,0,1,1382,65129010,,,,,,,,,13.000,138.000,,,,,,,,,,,,,,,27.410,28.100,27.470,1599216.000,-0.014352,27.470,27.480,199857.000,1.000,1.000,27.890,,-0.014352,0.000,-0.000,0.001,0.000,0.000
79915,2018/08/29,,11,1,1382,65129010,NFX,NEWFIELD EXPLORATION CO,,NFX,211111,N,A,R,30044,0,1,1382,65129010,,,,,,,,,13.000,138.000,,,,,,,,,,,,,,,27.550,27.950,27.740,1784586.000,0.009829,27.730,27.740,199857.000,1.000,1.000,27.730,,0.009829,0.005,0.005,0.005,0.005,0.006
79915,2018/08/30,,11,1,1382,65129010,NFX,NEWFIELD EXPLORATION CO,,NFX,211111,N,A,R,30044,0,1,1382,65129010,,,,,,,,,13.000,138.000,,,,,,,,,,,,,,,27.285,27.900,27.560,2832455.000,-0.006489,27.560,27.570,199857.000,1.000,1.000,27.840,,-0.006489,-0.004,-0.005,-0.004,-0.004,-0.004
79915,2018/08/31,,11,1,1382,65129010,NFX,NEWFIELD EXPLORATION CO,,NFX,211111,N,A,R,30044,0,1,1382,65129010,,,,,,,,0.000,13.000,138.000,,,,,,,,,,,,,,,27.020,27.410,27.280,2620511.000,-0.010160,27.280,27.290,199857.000,1.000,1.000,27.380,,-0.010160,0.000,0.000,0.003,0.003,0.000
79915,2018/09/04,,11,1,1382,65129010,NFX,NEWFIELD EXPLORATION CO,,NFX,211111,N,A,R,30044,0,1,1382,65129010,,,,,,,,,13.000,138.000,,,,,,,,,,,,,,,26.885,27.760,27.090,1970944.000,-0.006965,27.080,27.090,199857.000,1.000,1.000,27.420,,-0.006965,-0.002,-0.002,-0.003,-0.003,-0.002
79915,2018/09/05,,11,1,1382,65129010,NFX,NEWFIELD EXPLORATION CO,,NFX,211111,N,A,R,30044,0,1,1382,65129010,,,,,,,,,13.000,138.000,,,,,,,,,,,,,,,26.700,27.745,27.620,2229702.000,0.019564,27.610,27.620,199857.000,1.000,1.000,26.840,,0.019564,-0.004,-0.004,-0.004,-0.004,-0.003
79915,2018/09/06,,11,1,1382,65129010,NFX,NEWFIELD EXPLORATION CO,,NFX,211111,N,A,R,30044,0,1,1382,65129010,,,,,,,,,13.000,138.000,,,,,,,,,,,,,,,26.575,27.530,26.660,2264609.000,-0.034757,26.660,26.670,199857.000,1.000,1.000,27.530,,-0.034757,-0.004,-0.004,-0.005,-0.005,-0.004
79915,2018/09/07,,11,1,1382,65129010,NFX,NEWFIELD EXPLORATION CO,,NFX,211111,N,A,R,30044,0,1,1382,65129010,,,,,,,,,13.000,138.000,,,,,,,,,,,,,,,25.950,26.500,26.380,2344826.000,-0.010503,26.380,26.390,199857.000,1.000,1.000,26.370,,-0.010503,-0.002,-0.002,-0.002,-0.002,-0.002
79915,2018/09/10,,11,1,1382,65129010,NFX,NEWFIELD EXPLORATION CO,,NFX,211111,N,A,R,30044,0,1,1382,65129010,,,,,,,,,13.000,138.000,,,,,,,,,,,,,,,26.350,26.760,26.400,1899673.000,0.000758,26.390,26.400,199857.000,1.000,1.000,26.510,,0.000758,0.002,0.002,0.001,0.001,0.002
79915,2018/09/11,,11,1,1382,65129010,NFX,NEWFIELD EXPLORATION CO,,NFX,211111,N,A,R,30044,0,1,1382,65129010,,,,,,,,,13.000,138.000,,,,,,,,,,,,,,,26.320,27.015,26.760,2650702.000,0.013636,26.740,26.750,199857.000,1.000,1.000,26.350,,0.013636,0.003,0.003,0.000,0.000,0.004
79915,2018/09/12,,11,1,1382,65129010,NFX,NEWFIELD EXPLORATION CO,,NFX,211111,N,A,R,30044,0,1,1382,65129010,,,,,,,,,13.000,138.000,,,,,,,,,,,,,,,26.810,27.250,27.010,2495816.000,0.009342,27.020,27.030,199857.000,1.000,1.000,26.990,,0.009342,0.001,0.001,0.001,0.001,0.000
79915,2018/09/13,,11,1,1382,65129010,NFX,NEWFIELD EXPLORATION CO,,NFX,211111,N,A,R,30044,0,1,1382,65129010,,,,,,,,,13.000,138.000,,,,,,,,,,,,,,,26.230,27.000,26.640,3619673.000,-0.013699,26.630,26.640,199857.000,1.000,1.000,26.900,,-0.013699,0.004,0.004,0.001,0.001,0.005
79915,2018/09/14,,11,1,1382,65129010,NFX,NEWFIELD EXPLORATION CO,,NFX,211111,N,A,R,30044,0,1,1382,65129010,,,,,,,,,13.000,138.000,,,,,,,,,,,,,,,26.690,27.495,27.210,1926742.000,0.021396,27.200,27.210,199857.000,1.000,1.000,26.690,,0.021396,0.001,0.001,-0.000,-0.000,0.000
79915,2018/09/17,,11,1,1382,65129010,NFX,NEWFIELD EXPLORATION CO,,NFX,211111,N,A,R,30044,0,1,1382,65129010,,,,,,,,,13.000,138.000,,,,,,,,,,,,,,,26.980,27.590,27.020,1531152.000,-0.006983,27.010,27.020,199857.000,1.000,1.000,27.330,,-0.006983,-0.006,-0.006,-0.005,-0.005,-0.006
79915,2018/09/18,,11,1,1382,65129010,NFX,NEWFIELD EXPLORATION CO,,NFX,211111,N,A,R,30044,0,1,1382,65129010,,,,,,,,,13.000,138.000,,,,,,,,,,,,,,,27.340,27.740,27.690,1878344.000,0.024796,27.680,27.690,199857.000,1.000,1.000,27.340,,0.024796,0.005,0.005,0.005,0.005,0.005
79915,2018/09/19,,11,1,1382,65129010,NFX,NEWFIELD EXPLORATION CO,,NFX,211111,N,A,R,30044,0,1,1382,65129010,,,,,,,,,13.000,138.000,,,,,,,,,,,,,,,27.720,29.050,28.910,2548743.000,0.044059,28.900,28.910,199857.000,1.000,1.000,27.730,,0.044059,0.001,0.001,0.001,0.001,0.001
79915,2018/09/20,,11,1,1382,65129010,NFX,NEWFIELD EXPLORATION CO,,NFX,211111,N,A,R,30044,0,1,1382,65129010,,,,,,,,,13.000,138.000,,,,,,,,,,,,,,,28.380,29.360,28.440,2261940.000,-0.016257,28.440,28.450,199857.000,1.000,1.000,29.270,,-0.016257,0.008,0.008,0.009,0.009,0.008
79915,2018/09/21,,11,1,1382,65129010,NFX,NEWFIELD EXPLORATION CO,,NFX,211111,N,A,R,30044,0,1,1382,65129010,,,,,,,,,13.000,138.000,,,,,,,,,,,,,,,28.310,29.140,29.030,3086513.000,0.020745,29.040,29.050,199857.000,1.000,1.000,28.530,,0.020745,-0.001,-0.001,-0.001,-0.001,-0.000
79915,2018/09/24,,11,1,1382,65129010,NFX,NEWFIELD EXPLORATION CO,,NFX,211111,N,A,R,30044,0,1,1382,65129010,,,,,,,,,13.000,138.000,,,,,,,,,,,,,,,29.370,30.140,29.770,2769832.000,0.025491,29.760,29.770,199857.000,1.000,1.000,29.480,,0.025491,-0.004,-0.004,-0.002,-0.002,-0.004
79915,2018/09/25,,11,1,1382,65129010,NFX,NEWFIELD EXPLORATION CO,,NFX,211111,N,A,R,30044,0,1,1382,65129010,,,,,,,,,13.000,138.000,,,,,,,,,,,,,,,29.200,30.100,29.250,2629856.000,-0.017467,29.240,29.250,199857.000,1.000,1.000,29.980,,-0.017467,-0.001,-0.001,0.001,0.001,-0.001
79915,2018/09/26,,11,1,1382,65129010,NFX,NEWFIELD EXPLORATION CO,,NFX,211111,N,A,R,30044,0,1,1382,65129010,,,,,,,,,13.000,138.000,,,,,,,,,,,,,,,28.570,29.240,28.620,1803193.000,-0.021538,28.610,28.620,199857.000,1.000,1.000,28.960,,-0.021538,-0.004,-0.004,-0.005,-0.005,-0.003
79915,2018/09/27,,11,1,1382,65129010,NFX,NEWFIELD EXPLORATION CO,,NFX,211111,N,A,R,30044,0,1,1382,65129010,,,,,,,,,13.000,138.000,,,,,,,,,,,,,,,28.880,29.390,29.270,2650046.000,0.022711,29.260,29.270,199857.000,1.000,1.000,29.050,,0.022711,0.002,0.002,0.000,0.000,0.003
79915,2018/09/28,,11,1,1382,65129010,NFX,NEWFIELD EXPLORATION CO,,NFX,211111,N,A,R,30044,0,1,1382,65129010,,,,,,,,0.000,13.000,138.000,,,,,,,,,,,,,,,28.750,29.530,28.830,3255251.000,-0.015032,28.820,28.830,199857.000,1.000,1.000,29.210,,-0.015032,0.000,-0.000,0.001,0.001,-0.000
79915,2018/10/01,,11,1,1382,65129010,NFX,NEWFIELD EXPLORATION CO,,NFX,211111,N,A,R,30044,0,1,1382,65129010,,,,,,,,,13.000,138.000,,,,,,,,,,,,,,,28.575,29.130,29.000,2632389.000,0.005897,28.990,29.000,199857.000,1.000,1.000,28.940,,0.005897,0.002,0.002,-0.003,-0.003,0.004
79915,2018/10/02,,11,1,1382,65129010,NFX,NEWFIELD EXPLORATION CO,,NFX,211111,N,A,R,30044,0,1,1382,65129010,,,,,,,,,13.000,138.000,,,,,,,,,,,,,,,28.500,29.170,28.560,2586648.000,-0.015172,28.560,28.570,199857.000,1.000,1.000,29.100,,-0.015172,-0.002,-0.002,-0.005,-0.005,-0.000
79915,2018/10/03,,11,1,1382,65129010,NFX,NEWFIELD EXPLORATION CO,,NFX,211111,N,A,R,30044,0,1,1382,65129010,,,,,,,,,13.000,138.000,,,,,,,,,,,,,,,28.470,29.630,29.520,3403719.000,0.033613,29.510,29.520,199857.000,1.000,1.000,28.650,,0.033613,0.002,0.002,0.006,0.006,0.001
79915,2018/10/04,,11,1,1382,65129010,NFX,NEWFIELD EXPLORATION CO,,NFX,211111,N,A,R,30044,0,1,1382,65129010,,,,,,,,,13.000,138.000,,,,,,,,,,,,,,,28.420,29.470,28.520,2365527.000,-0.033875,28.510,28.520,199857.000,1.000,1.000,29.390,,-0.033875,-0.009,-0.009,-0.012,-0.012,-0.008
79915,2018/10/05,,11,1,1382,65129010,NFX,NEWFIELD EXPLORATION CO,,NFX,211111,N,A,R,30044,0,1,1382,65129010,,,,,,,,,13.000,138.000,,,,,,,,,,,,,,,28.010,28.800,28.320,2789059.000,-0.007013,28.310,28.320,199857.000,1.000,1.000,28.490,,-0.007013,-0.006,-0.006,-0.007,-0.007,-0.006
79915,2018/10/08,,11,1,1382,65129010,NFX,NEWFIELD EXPLORATION CO,,NFX,211111,N,A,R,30044,0,1,1382,65129010,,,,,,,,,13.000,138.000,,,,,,,,,,,,,,,27.580,28.120,27.940,2714806.000,-0.013418,27.940,27.950,199857.000,1.000,1.000,28.060,,-0.013418,-0.001,-0.001,-0.003,-0.003,-0.000
79915,2018/10/09,,11,1,1382,65129010,NFX,NEWFIELD EXPLORATION CO,,NFX,211111,N,A,R,30044,0,1,1382,65129010,,,,,,,,,13.000,138.000,,,,,,,,,,,,,,,27.800,28.520,28.120,2579995.000,0.006442,28.120,28.130,199857.000,1.000,1.000,28.080,,0.006442,-0.002,-0.002,-0.004,-0.004,-0.001
79915,2018/10/10,,11,1,1382,65129010,NFX,NEWFIELD EXPLORATION CO,,NFX,211111,N,A,R,30044,0,1,1382,65129010,,,,,,,,,13.000,138.000,,,,,,,,,,,,,,,26.610,28.150,26.620,3770849.000,-0.053343,26.620,26.630,199857.000,1.000,1.000,28.100,,-0.053343,-0.031,-0.031,-0.023,-0.023,-0.033
79915,2018/10/11,,11,1,1382,65129010,NFX,NEWFIELD EXPLORATION CO,,NFX,211111,N,A,R,30044,0,1,1382,65129010,,,,,,,,,13.000,138.000,,,,,,,,,,,,,,,25.070,26.500,25.180,4250372.000,-0.054095,25.170,25.180,199857.000,1.000,1.000,26.480,,-0.054095,-0.019,-0.019,-0.013,-0.013,-0.021
79915,2018/10/12,,11,1,1382,65129010,NFX,NEWFIELD EXPLORATION CO,,NFX,211111,N,A,R,30044,0,1,1382,65129010,,,,,,,,,13.000,138.000,,,,,,,,,,,,,,,24.810,25.710,25.200,3634817.000,0.000794,25.170,25.180,199857.000,1.000,1.000,25.710,,0.000794,0.012,0.012,0.006,0.006,0.014
79915,2018/10/15,,11,1,1382,65129010,NFX,NEWFIELD EXPLORATION CO,,NFX,211111,N,A,R,30044,0,1,1382,65129010,,,,,,,,,13.000,138.000,,,,,,,,,,,,,,,24.880,25.630,25.260,2649653.000,0.002381,25.250,25.260,199857.000,1.000,1.000,25.300,,0.002381,-0.004,-0.004,0.002,0.001,-0.006
79915,2018/10/16,,11,1,1382,65129010,NFX,NEWFIELD EXPLORATION CO,,NFX,211111,N,A,R,30044,0,1,1382,65129010,,,,,,,,,13.000,138.000,,,,,,,,,,,,,,,25.060,25.650,25.340,2800362.000,0.003167,25.320,25.330,199857.000,1.000,1.000,25.420,,0.003167,0.021,0.021,0.017,0.017,0.021
79915,2018/10/17,,11,1,1382,65129010,NFX,NEWFIELD EXPLORATION CO,,NFX,211111,N,A,R,30044,0,1,1382,65129010,,,,,,,,,13.000,138.000,,,,,,,,,,,,,,,24.080,25.285,24.540,3632500.000,-0.031571,24.530,24.540,199857.000,1.000,1.000,25.240,,-0.031571,-0.001,-0.001,-0.002,-0.002,-0.000
79915,2018/10/18,,11,1,1382,65129010,NFX,NEWFIELD EXPLORATION CO,,NFX,211111,N,A,R,30044,0,1,1382,65129010,,,,,,,,,13.000,138.000,,,,,,,,,,,,,,,23.650,24.270,23.940,4199377.000,-0.024450,23.930,23.940,199857.000,1.000,1.000,24.190,,-0.024450,-0.015,-0.015,-0.012,-0.012,-0.014
79915,2018/10/19,,11,1,1382,65129010,NFX,NEWFIELD EXPLORATION CO,,NFX,211111,N,A,R,30044,0,1,1382,65129010,,,,,,,,,13.000,138.000,,,,,,,,,,,,,,,23.450,24.500,23.620,3079711.000,-0.013367,23.610,23.620,199857.000,1.000,1.000,23.960,,-0.013367,-0.002,-0.002,-0.005,-0.005,-0.000
79915,2018/10/22,,11,1,1382,65129010,NFX,NEWFIELD EXPLORATION CO,,NFX,211111,N,A,R,30044,0,1,1382,65129010,,,,,,,,,13.000,138.000,,,,,,,,,,,,,,,22.685,23.620,22.910,3750650.000,-0.030059,22.900,22.910,199857.000,1.000,1.000,23.620,,-0.030059,-0.004,-0.004,-0.004,-0.004,-0.004
79915,2018/10/23,,11,1,1382,65129010,NFX,NEWFIELD EXPLORATION CO,,NFX,211111,N,A,R,30044,0,1,1382,65129010,,,,,,,,,13.000,138.000,,,,,,,,,,,,,,,21.880,22.745,22.430,4764882.000,-0.020952,22.430,22.440,199857.000,1.000,1.000,22.320,,-0.020952,-0.006,-0.006,-0.008,-0.008,-0.006
79915,2018/10/24,,11,1,1382,65129010,NFX,NEWFIELD EXPLORATION CO,,NFX,211111,N,A,R,30044,0,1,1382,65129010,,,,,,,,,13.000,138.000,,,,,,,,,,,,,,,20.565,22.770,20.640,6257018.000,-0.079804,20.610,20.620,199857.000,1.000,1.000,22.660,,-0.079804,-0.031,-0.031,-0.026,-0.026,-0.031
79915,2018/10/25,,11,1,1382,65129010,NFX,NEWFIELD EXPLORATION CO,,NFX,211111,N,A,R,30044,0,1,1382,65129010,,,,,,,,,13.000,138.000,,,,,,,,,,,,,,,20.365,21.080,20.660,4588988.000,0.000969,20.650,20.660,199857.000,1.000,1.000,21.000,,0.000969,0.017,0.017,0.011,0.011,0.019
79915,2018/10/26,,11,1,1382,65129010,NFX,NEWFIELD EXPLORATION CO,,NFX,211111,N,A,R,30044,0,1,1382,65129010,,,,,,,,,13.000,138.000,,,,,,,,,,,,,,,19.820,20.520,20.050,3235804.000,-0.029526,20.040,20.050,199857.000,1.000,1.000,20.310,,-0.029526,-0.016,-0.016,-0.009,-0.009,-0.017
79915,2018/10/29,,11,1,1382,65129010,NFX,NEWFIELD EXPLORATION CO,,NFX,211111,N,A,R,30044,0,1,1382,65129010,,,,,,,,,13.000,138.000,,,,,,,,,,,,,,,18.670,20.440,19.100,5320407.000,-0.047381,19.100,19.110,199857.000,1.000,1.000,20.060,,-0.047381,-0.007,-0.007,-0.007,-0.007,-0.007
79915,2018/10/30,,11,1,1382,65129010,NFX,NEWFIELD EXPLORATION CO,,NFX,211111,N,A,R,30044,0,1,1382,65129010,,,,,,,,,13.000,138.000,,,,,,,,,,,,,,,18.780,19.480,19.430,4913662.000,0.017277,19.430,19.440,199857.000,1.000,1.000,18.930,,0.017277,0.016,0.015,0.011,0.011,0.016
79915,2018/10/31,,11,1,1382,65129010,NFX,NEWFIELD EXPLORATION CO,,NFX,211111,N,A,R,30044,0,1,1382,65129010,,,,,,,,0.000,13.000,138.000,,,,,,,,,,,,,,,19.770,20.570,20.200,7415363.000,0.039629,20.210,20.220,200340.000,1.000,1.000,19.800,,0.039629,0.010,0.010,0.008,0.008,0.011
79915,2018/11/01,,11,1,1382,65129010,NFX,NEWFIELD EXPLORATION CO,,NFX,211111,N,A,R,30044,0,1,1382,65129010,,,,,,,,,13.000,138.000,,,,,,,,,,,,,,,21.510,23.540,23.460,37244198.000,0.161386,23.450,23.460,200340.000,1.000,1.000,22.840,,0.161386,0.013,0.013,0.019,0.019,0.011
79915,2018/11/02,,11,1,1382,65129010,NFX,NEWFIELD EXPLORATION CO,,NFX,211111,N,A,R,30044,0,1,1382,65129010,,,,,,,,,13.000,138.000,,,,,,,,,,,,,,,21.740,23.610,21.870,17282848.000,-0.067775,21.860,21.870,200340.000,1.000,1.000,23.050,,-0.067775,-0.005,-0.005,0.001,0.001,-0.006
79915,2018/11/05,,11,1,1382,65129010,NFX,NEWFIELD EXPLORATION CO,,NFX,211111,N,A,R,30044,0,1,1382,65129010,,,,,,,,,13.000,138.000,,,,,,,,,,,,,,,22.070,22.840,22.500,9049260.000,0.028807,22.490,22.500,200340.000,1.000,1.000,22.390,,0.028807,0.004,0.004,0.002,0.002,0.006
79915,2018/11/06,,11,1,1382,65129010,NFX,NEWFIELD EXPLORATION CO,,NFX,211111,N,A,R,30044,0,1,1382,65129010,,,,,,,,,13.000,138.000,,,,,,,,,,,,,,,22.060,22.810,22.140,8315891.000,-0.016000,22.130,22.140,200340.000,1.000,1.000,22.600,,-0.016000,0.006,0.006,0.004,0.003,0.006
79915,2018/11/07,,11,1,1382,65129010,NFX,NEWFIELD EXPLORATION CO,,NFX,211111,N,A,R,30044,0,1,1382,65129010,,,,,,,,,13.000,138.000,,,,,,,,,,,,,,,21.380,22.830,21.890,12249971.000,-0.011292,21.890,21.900,200340.000,1.000,1.000,22.790,,-0.011292,0.019,0.019,0.011,0.011,0.021
79915,2018/11/08,,11,1,1382,65129010,NFX,NEWFIELD EXPLORATION CO,,NFX,211111,N,A,R,30044,0,1,1382,65129010,,,,,,,,,13.000,138.000,,,,,,,,,,,,,,,21.520,22.490,21.670,11559610.000,-0.010050,21.670,21.680,200340.000,1.000,1.000,21.680,,-0.010050,-0.003,-0.003,-0.003,-0.003,-0.003
79915,2018/11/09,,11,1,1382,65129010,NFX,NEWFIELD EXPLORATION CO,,NFX,211111,N,A,R,30044,0,1,1382,65129010,,,,,,,,,13.000,138.000,,,,,,,,,,,,,,,20.960,22.150,21.830,8867211.000,0.007383,21.820,21.830,200340.000,1.000,1.000,21.150,,0.007383,-0.010,-0.010,-0.012,-0.013,-0.009
79915,2018/11/12,,11,1,1382,65129010,NFX,NEWFIELD EXPLORATION CO,,NFX,211111,N,A,R,30044,0,1,1382,65129010,,,,,,,,,13.000,138.000,,,,,,,,,,,,,,,20.720,22.170,20.750,8539897.000,-0.049473,20.750,20.760,200340.000,1.000,1.000,22.100,,-0.049473,-0.019,-0.019,-0.016,-0.016,-0.020
79915,2018/11/13,,11,1,1382,65129010,NFX,NEWFIELD EXPLORATION CO,,NFX,211111,N,A,R,30044,0,1,1382,65129010,,,,,,,,,13.000,138.000,,,,,,,,,,,,,,,20.140,21.080,20.410,11486990.000,-0.016386,20.400,20.410,200340.000,1.000,1.000,20.620,,-0.016386,-0.001,-0.001,-0.002,-0.002,-0.001
79915,2018/11/14,,11,1,1382,65129010,NFX,NEWFIELD EXPLORATION CO,,NFX,211111,N,A,R,30044,0,1,1382,65129010,,,,,,,,,13.000,138.000,,,,,,,,,,,,,,,18.960,21.080,19.460,11022109.000,-0.046546,19.460,19.470,200340.000,1.000,1.000,20.990,,-0.046546,-0.007,-0.007,-0.006,-0.006,-0.008
79915,2018/11/15,,11,1,1382,65129010,NFX,NEWFIELD EXPLORATION CO,,NFX,211111,N,A,R,30044,0,1,1382,65129010,,,,,,,,,13.000,138.000,,,,,,,,,,,,,,,19.150,19.730,19.710,8683726.000,0.012847,19.700,19.710,200340.000,1.000,1.000,19.300,,0.012847,0.011,0.011,0.008,0.008,0.011
79915,2018/11/16,,11,1,1382,65129010,NFX,NEWFIELD EXPLORATION CO,,NFX,211111,N,A,R,30044,0,1,1382,65129010,,,,,,,,,13.000,138.000,,,,,,,,,,,,,,,18.390,19.980,19.000,8529640.000,-0.036022,18.990,19.000,200340.000,1.000,1.000,19.870,,-0.036022,0.002,0.002,0.000,0.000,0.002
79915,2018/11/19,,11,1,1382,65129010,NFX,NEWFIELD EXPLORATION CO,,NFX,211111,N,A,R,30044,0,1,1382,65129010,,,,,,,,,13.000,138.000,,,,,,,,,,,,,,,18.680,19.640,19.320,7949731.000,0.016842,19.350,19.360,200340.000,1.000,1.000,18.750,,0.016842,-0.017,-0.017,-0.013,-0.013,-0.017
79915,2018/11/20,,11,1,1382,65129010,NFX,NEWFIELD EXPLORATION CO,,NFX,211111,N,A,R,30044,0,1,1382,65129010,,,,,,,,,13.000,138.000,,,,,,,,,,,,,,,17.610,18.820,17.680,7981103.000,-0.084886,17.670,17.680,200340.000,1.000,1.000,18.820,,-0.084886,-0.018,-0.018,-0.016,-0.016,-0.018
79915,2018/11/21,,11,1,1382,65129010,NFX,NEWFIELD EXPLORATION CO,,NFX,211111,N,A,R,30044,0,1,1382,65129010,,,,,,,,,13.000,138.000,,,,,,,,,,,,,,,17.820,18.830,18.580,5994297.000,0.050905,18.570,18.580,200340.000,1.000,1.000,17.860,,0.050905,0.006,0.006,0.012,0.011,0.003
79915,2018/11/23,,11,1,1382,65129010,NFX,NEWFIELD EXPLORATION CO,,NFX,211111,N,A,R,30044,0,1,1382,65129010,,,,,,,,,13.000,138.000,,,,,,,,,,,,,,,17.630,18.270,18.020,2778403.000,-0.030140,18.010,18.030,200340.000,1.000,1.000,17.660,,-0.030140,-0.006,-0.006,-0.001,-0.001,-0.007
79915,2018/11/26,,11,1,1382,65129010,NFX,NEWFIELD EXPLORATION CO,,NFX,211111,N,A,R,30044,0,1,1382,65129010,,,,,,,,,13.000,138.000,,,,,,,,,,,,,,,17.730,18.540,17.760,7316469.000,-0.014428,17.770,17.780,200340.000,1.000,1.000,18.330,,-0.014428,0.015,0.015,0.005,0.005,0.016
79915,2018/11/27,,11,1,1382,65129010,NFX,NEWFIELD EXPLORATION CO,,NFX,211111,N,A,R,30044,0,1,1382,65129010,,,,,,,,,13.000,138.000,,,,,,,,,,,,,,,16.960,17.750,17.050,5567449.000,-0.039978,17.050,17.060,200340.000,1.000,1.000,17.670,,-0.039978,0.001,0.000,-0.005,-0.005,0.003
79915,2018/11/28,,11,1,1382,65129010,NFX,NEWFIELD EXPLORATION CO,,NFX,211111,N,A,R,30044,0,1,1382,65129010,,,,,,,,,13.000,138.000,,,,,,,,,,,,,,,16.730,17.600,17.490,5318525.000,0.025806,17.480,17.490,200340.000,1.000,1.000,17.010,,0.025806,0.022,0.022,0.016,0.016,0.023
79915,2018/11/29,,11,1,1382,65129010,NFX,NEWFIELD EXPLORATION CO,,NFX,211111,N,A,R,30044,0,1,1382,65129010,,,,,,,,,13.000,138.000,,,,,,,,,,,,,,,17.350,17.860,17.550,4270527.000,0.003431,17.560,17.570,200340.000,1.000,1.000,17.650,,0.003431,-0.002,-0.002,-0.000,-0.000,-0.002
79915,2018/11/30,,11,1,1382,65129010,NFX,NEWFIELD EXPLORATION CO,,NFX,211111,N,A,R,30044,0,1,1382,65129010,,,,,,,,0.000,13.000,138.000,,,,,,,,,,,,,,,16.740,17.350,16.950,18391005.000,-0.034188,16.960,16.970,200357.000,1.000,1.000,17.340,,-0.034188,0.007,0.007,0.001,0.001,0.008
79915,2018/12/03,,11,1,1382,65129010,NFX,NEWFIELD EXPLORATION CO,,NFX,211111,N,A,R,30044,0,1,1382,65129010,,,,,,,,,13.000,138.000,,,,,,,,,,,,,,,17.580,18.090,17.840,9084634.000,0.052507,17.840,17.850,200357.000,1.000,1.000,17.710,,0.052507,0.011,0.011,0.010,0.010,0.011
79915,2018/12/04,,11,1,1382,65129010,NFX,NEWFIELD EXPLORATION CO,,NFX,211111,N,A,R,30044,0,1,1382,65129010,,,,,,,,,13.000,138.000,,,,,,,,,,,,,,,17.220,17.900,17.230,7017203.000,-0.034193,17.230,17.240,200357.000,1.000,1.000,17.880,,-0.034193,-0.032,-0.032,-0.027,-0.027,-0.032
79915,2018/12/06,,11,1,1382,65129010,NFX,NEWFIELD EXPLORATION CO,,NFX,211111,N,A,R,30044,0,1,1382,65129010,,,,,,,,,13.000,138.000,,,,,,,,,,,,,,,16.130,16.830,16.810,10528883.000,-0.024376,16.810,16.820,200357.000,1.000,1.000,16.710,,-0.024376,-0.002,-0.002,-0.006,-0.007,-0.002
79915,2018/12/07,,11,1,1382,65129010,NFX,NEWFIELD EXPLORATION CO,,NFX,211111,N,A,R,30044,0,1,1382,65129010,,,,,,,,,13.000,138.000,,,,,,,,,,,,,,,16.390,17.470,16.440,5184267.000,-0.022011,16.430,16.440,200357.000,1.000,1.000,17.430,,-0.022011,-0.021,-0.021,-0.012,-0.012,-0.023
79915,2018/12/10,,11,1,1382,65129010,NFX,NEWFIELD EXPLORATION CO,,NFX,211111,N,A,R,30044,0,1,1382,65129010,,,,,,,,,13.000,138.000,,,,,,,,,,,,,,,15.370,16.410,15.610,5836000.000,-0.050487,15.620,15.630,200357.000,1.000,1.000,16.100,,-0.050487,-0.000,-0.000,-0.007,-0.007,0.002
79915,2018/12/11,,11,1,1382,65129010,NFX,NEWFIELD EXPLORATION CO,,NFX,211111,N,A,R,30044,0,1,1382,65129010,,,,,,,,,13.000,138.000,,,,,,,,,,,,,,,15.310,16.110,15.580,4244719.000,-0.001922,15.590,15.600,200357.000,1.000,1.000,15.960,,-0.001922,-0.001,-0.001,-0.003,-0.003,-0.000
79915,2018/12/12,,11,1,1382,65129010,NFX,NEWFIELD EXPLORATION CO,,NFX,211111,N,A,R,30044,0,1,1382,65129010,,,,,,,,,13.000,138.000,,,,,,,,,,,,,,,15.800,16.560,15.950,7589143.000,0.023748,15.950,15.960,200357.000,1.000,1.000,15.850,,0.023748,0.006,0.006,0.007,0.007,0.005
79915,2018/12/13,,11,1,1382,65129010,NFX,NEWFIELD EXPLORATION CO,,NFX,211111,N,A,R,30044,0,1,1382,65129010,,,,,,,,,13.000,138.000,,,,,,,,,,,,,,,15.500,16.020,15.740,4497784.000,-0.013166,15.730,15.740,200357.000,1.000,1.000,15.960,,-0.013166,-0.002,-0.002,-0.009,-0.009,-0.000
79915,2018/12/14,,11,1,1382,65129010,NFX,NEWFIELD EXPLORATION CO,,NFX,211111,N,A,R,30044,0,1,1382,65129010,,,,,,,,,13.000,138.000,,,,,,,,,,,,,,,14.650,15.610,14.700,5769407.000,-0.066074,14.700,14.710,200357.000,1.000,1.000,15.520,,-0.066074,-0.017,-0.017,-0.013,-0.013,-0.019
79915,2018/12/17,,11,1,1382,65129010,NFX,NEWFIELD EXPLORATION CO,,NFX,211111,N,A,R,30044,0,1,1382,65129010,,,,,,,,,13.000,138.000,,,,,,,,,,,,,,,14.405,14.990,14.580,7078999.000,-0.008163,14.570,14.580,200357.000,1.000,1.000,14.600,,-0.008163,-0.021,-0.021,-0.021,-0.021,-0.021
79915,2018/12/18,,11,1,1382,65129010,NFX,NEWFIELD EXPLORATION CO,,NFX,211111,N,A,R,30044,0,1,1382,65129010,,,,,,,,,13.000,138.000,,,,,,,,,,,,,,,14.000,14.690,14.060,6704957.000,-0.035665,14.050,14.060,200357.000,1.000,1.000,14.610,,-0.035665,-0.000,-0.000,-0.005,-0.005,0.000
79915,2018/12/19,,11,1,1382,65129010,NFX,NEWFIELD EXPLORATION CO,,NFX,211111,N,A,R,30044,0,1,1382,65129010,,,,,,,,,13.000,138.000,,,,,,,,,,,,,,,14.040,15.040,14.470,9191033.000,0.029161,14.470,14.480,200357.000,1.000,1.000,14.070,,0.029161,-0.015,-0.015,-0.013,-0.014,-0.015
79915,2018/12/20,,11,1,1382,65129010,NFX,NEWFIELD EXPLORATION CO,,NFX,211111,N,A,R,30044,0,1,1382,65129010,,,,,,,,,13.000,138.000,,,,,,,,,,,,,,,13.880,14.900,13.900,6035907.000,-0.039392,13.890,13.900,200357.000,1.000,1.000,14.090,,-0.039392,-0.015,-0.015,-0.018,-0.018,-0.016
79915,2018/12/21,,11,1,1382,65129010,NFX,NEWFIELD EXPLORATION CO,,NFX,211111,N,A,R,30044,0,1,1382,65129010,,,,,,,,,13.000,138.000,,,,,,,,,,,,,,,13.455,14.200,13.560,10581816.000,-0.024460,13.570,13.580,200357.000,1.000,1.000,13.790,,-0.024460,-0.021,-0.021,-0.019,-0.019,-0.021
79915,2018/12/24,,11,1,1382,65129010,NFX,NEWFIELD EXPLORATION CO,,NFX,211111,N,A,R,30044,0,1,1382,65129010,,,,,,,,,13.000,138.000,,,,,,,,,,,,,,,12.910,13.590,12.920,2574577.000,-0.047198,12.930,12.940,200357.000,1.000,1.000,13.310,,-0.047198,-0.024,-0.024,-0.014,-0.015,-0.027
79915,2018/12/26,,11,1,1382,65129010,NFX,NEWFIELD EXPLORATION CO,,NFX,211111,N,A,R,30044,0,1,1382,65129010,,,,,,,,,13.000,138.000,,,,,,,,,,,,,,,12.450,14.655,14.540,7776082.000,0.125387,14.570,14.590,200357.000,1.000,1.000,12.970,,0.125387,0.047,0.047,0.031,0.031,0.050
79915,2018/12/27,,11,1,1382,65129010,NFX,NEWFIELD EXPLORATION CO,,NFX,211111,N,A,R,30044,0,1,1382,65129010,,,,,,,,,13.000,138.000,,,,,,,,,,,,,,,13.840,14.540,14.500,5314131.000,-0.002751,14.500,14.510,200357.000,1.000,1.000,14.300,,-0.002751,0.007,0.007,0.001,0.000,0.009
79915,2018/12/28,,11,1,1382,65129010,NFX,NEWFIELD EXPLORATION CO,,NFX,211111,N,A,R,30044,0,1,1382,65129010,,,,,,,,,13.000,138.000,,,,,,,,,,,,,,,14.070,14.920,14.330,4973294.000,-0.011724,14.320,14.330,200357.000,1.000,1.000,14.580,,-0.011724,0.000,-0.000,0.009,0.009,-0.001
79915,2018/12/31,,11,1,1382,65129010,NFX,NEWFIELD EXPLORATION CO,,NFX,211111,N,A,R,30044,0,1,1382,65129010,,0.000,,100.000,,,,0.000,13.000,138.000,,,,,,,0,A,0.000,A,,,,,14.195,14.780,14.660,3959912.000,0.023029,14.650,14.660,200357.000,1.000,1.000,14.470,,0.023029,0.008,0.008,0.006,0.006,0.008
